<?xml version="1.0" encoding="utf-8"?>
<COLLADA xmlns="http://www.collada.org/2005/11/COLLADASchema" version="1.4.1" xmlns:xsi="http://www.w3.org/2001/XMLSchema-instance">
  <asset>
    <contributor>
      <author>Blender User</author>
      <authoring_tool>Blender 4.5.3 LTS commit date:2025-09-08, commit time:12:46, hash:67807e1800cc</authoring_tool>
    </contributor>
    <created>2025-11-26T11:28:46</created>
    <modified>2025-11-26T11:28:46</modified>
    <unit name="meter" meter="1"/>
    <up_axis>Z_UP</up_axis>
  </asset>
  <library_images/>
  <library_geometries>
    <geometry id="camera_mount_left-mesh" name="camera_mount_left">
      <mesh>
        <source id="camera_mount_left-mesh-positions">
          <float_array id="camera_mount_left-mesh-positions-array" count="14685">-26.42007 18.03182 36.6 -23.81128 21.35949 21.6 -23.81128 21.35949 36.6 -20.78642 24.31405 21.6 -20.78642 24.31405 36.6 -17.39834 26.8439 21.6 -17.39834 26.8439 36.6 -13.70623 28.90485 21.6 -13.70623 28.90485 36.6 -28.11065 15.26219 20.75644 -28.11732 15.24987 21.74909 -28.11563 15.25299 20.67892 -28.11732 15.24987 20.6 -28.10234 15.2775 20.83342 -28.09074 15.29882 20.90902 -28.1192 15.24642 21.84547 -28.05795 15.35887 21.05399 -28.13307 15.2208 22.03059 -28.1255 15.23478 21.95144 -28.01292 15.44085 21.18779 -28.12448 15.23666 21.93827 -28.12326 15.23893 21.92116 -28.1584 15.17388 22.20541 -28.15014 15.18921 22.15664 -27.95652 15.54277 21.30711 -28.1444 15.19984 22.11902 -28.13432 15.21848 22.04168 -28.22705 15.04577 22.4956 -28.21368 15.07081 22.44871 -27.88987 15.66209 21.40902 -28.20899 15.07959 22.43149 -28.19548 15.10485 22.37918 -28.19285 15.10974 22.36853 -28.1748 15.1434 22.28928 -28.1679 15.15625 22.25567 -28.2362 15.02857 22.52614 -27.81433 15.79589 21.49101 -28.25813 14.98729 22.59485 -27.73152 15.94086 21.55106 -27.64328 16.09344 21.58769 -27.55163 16.24987 21.6 -26.42007 18.03182 21.6 -28.25985 14.98405 22.6 -28.56726 14.38918 22.6 -28.56726 14.38918 36.6 -29.4037 12.59153 22.6 -30.2153 10.49519 36.6 -30.2153 10.49519 22.6 -30.40347 9.936758 22.6 -31.33541 6.417873 36.6 -31.16415 7.203854 22.6 -31.90806 2.228451 36.6 -31.67976 4.41431 22.6 -31.33541 6.417873 22.6 -31.92321 -1.999901 22.6 -31.96148 -1.246691 22.6 -31.92321 -1.999901 36.6 -31.94622 1.590061 22.6 -31.90806 2.228451 22.6 -31.72538 -4.073643 22.6 -31.38061 -6.193321 36.6 -31.38061 -6.193321 22.6 -31.2398 -6.868568 22.6 -30.28974 -10.27856 36.6 -30.50856 -9.609493 22.6 -28.66964 -14.18426 36.6 -29.53738 -12.27487 22.6 -30.28974 -10.27856 22.6 -28.05619 -15.36234 21.40902 -28.12118 -15.24302 21.30711 -26.54864 -17.8422 36.6 -27.98254 -15.49614 21.49101 -27.72634 -15.95013 21.6 -27.81571 -15.79369 21.58769 -27.90177 -15.64111 21.55106 -28.27793 -14.95013 21.74227 -28.2798 -14.9466 21.83928 -28.28404 -14.93859 21.91837 -28.28504 -14.93665 21.93268 -28.28662 -14.93368 21.95283 -28.29356 -14.92054 22.02541 -28.29457 -14.91862 22.0345 -28.3048 -14.89919 22.11453 -28.32765 -14.85569 22.24985 -28.33494 -14.84177 22.28604 -28.3101 -14.88912 22.1499 -28.31871 -14.87273 22.20167 -28.35189 -14.80936 22.36195 -28.35287 -14.80748 22.36606 -28.36805 -14.77836 22.42653 -28.37368 -14.76754 22.44764 -28.38528 -14.74523 22.48924 -28.39596 -14.72465 22.52561 -28.26333 -14.97773 20.83333 -28.27142 -14.96244 20.75644 -28.27629 -14.95324 20.67882 -28.27793 -14.95013 20.6 -28.17617 -15.14111 21.18779 -28.22006 -15.05912 21.05399 -28.25201 -14.99907 20.90902 -28.41761 -14.6828 22.59485 -28.41931 -14.67954 22.6 -28.66964 -14.18426 22.6 -26.54864 -17.8422 21.6 -23.96376 -21.18848 36.6 -23.96376 -21.18848 21.6 -20.96014 -24.16465 36.6 -20.96014 -24.16465 21.6 -17.5903 -26.71871 36.6 -17.5903 -26.71871 21.6 -13.91305 -28.80607 36.6 -13.91305 -28.80607 21.6 -9.992643 -30.39026 36.6 -9.992643 -30.39026 21.6 -3.413418 -30.5046 21.6 0.007343292 -30.68665 21.6 0.007343292 -29.10013 21.6 -2.870846 -28.95744 21.6 -5.720837 -28.53077 21.6 -6.792644 -29.94278 21.6 -9.992643 -27.85978 21.6 -13.82495 -25.60242 21.6 -16.28938 -24.10877 21.6 -18.59399 -22.37869 21.6 -20.71618 -20.42915 21.6 -22.63516 -18.27927 21.6 -24.33207 -15.95013 21.6 -6.792644 -28.80846 21.6 -8.514645 -27.82432 21.6 -11.22486 -26.845 21.6 -3.992657 71.02823 22.24515 -3.992657 70.74404 22.29388 0.007343292 70.74404 22.29388 -3.992657 70.59987 22.3 0.007343292 70.45571 22.29388 -3.992657 70.45571 22.29388 0.007343292 70.17151 22.24515 -3.992657 70.17151 22.24515 0.007343292 69.89965 22.14909 -3.992657 69.89965 22.14909 0.007343292 69.64792 22.00847 -3.992657 69.64792 22.00847 0.007343292 69.42357 21.82733 -3.992657 69.42357 21.82733 0.007343292 69.23308 21.61088 -3.992657 69.23308 21.61088 0.007343292 69.0819 21.36535 -3.992657 69.0819 21.36535 0.007343292 68.9744 21.0978 -3.992657 68.9744 21.0978 0.007343292 68.91364 20.81594 -3.992657 68.91364 20.81594 0.007343292 68.90142 20.52786 -3.992657 68.90142 20.52786 0.007343292 68.93802 20.24185 -3.992657 68.93802 20.24185 0.007343292 69.02246 19.96615 -3.992657 69.02246 19.96615 0.007343292 69.15227 19.70868 -3.992657 69.15227 19.70868 0.007343292 69.32373 19.47686 -3.992657 69.32373 19.47686 0.007343292 69.53189 19.27734 -3.992657 69.53189 19.27734 0.007343292 69.7708 19.11588 -3.992657 69.7708 19.11588 0.007343292 70.03354 18.99711 -3.992657 70.03354 18.99711 0.007343292 70.31256 18.92446 -3.992657 70.31256 18.92446 0.007343292 70.59987 18.9 -3.992657 70.59987 18.9 0.007343292 70.88718 18.92446 -3.992657 70.88718 18.92446 0.007343292 71.16622 18.99711 -3.992657 71.16622 18.99711 0.007343292 71.42896 19.11588 -3.992657 71.42896 19.11588 0.007343292 71.66785 19.27734 -3.992657 71.66785 19.27734 0.007343292 71.87601 19.47686 -3.992657 71.87601 19.47686 0.007343292 72.04747 19.70868 -3.992657 72.04747 19.70868 0.007343292 72.17729 19.96615 -3.992657 72.17729 19.96615 0.007343292 72.26172 20.24185 -3.992657 72.26172 20.24185 0.007343292 72.29834 20.52786 -3.992657 72.29834 20.52786 0.007343292 72.2861 20.81594 -3.992657 72.2861 20.81594 0.007343292 72.22536 21.0978 -3.992657 72.22536 21.0978 0.007343292 72.11785 21.36535 -3.992657 72.11785 21.36535 0.007343292 71.96666 21.61088 -3.992657 71.96666 21.61088 0.007343292 71.77617 21.82733 -3.992657 71.77617 21.82733 0.007343292 71.55184 22.00847 -3.992657 71.55184 22.00847 0.007343292 71.30011 22.14909 -3.992657 71.30011 22.14909 0.007343292 71.02823 22.24515 -9.992643 103.3239 15.77897 -9.992643 103.9048 14.18294 -10.27995 103.301 15.77061 -10.27995 103.8819 14.17457 -10.55899 103.2327 15.74576 -10.55899 103.8136 14.14972 -10.82173 103.1211 15.70514 -10.82173 103.702 14.1091 -11.06062 102.9694 15.64991 -11.06062 103.5503 14.05388 -11.26879 102.7819 15.58167 -11.26879 103.3628 13.98564 -11.44024 102.564 15.50239 -11.44024 103.1449 13.90636 -11.57006 102.3221 15.41433 -11.57006 102.903 13.81829 -11.65449 102.063 15.32003 -11.65449 102.6439 13.724 -11.69111 101.7943 15.22221 -11.69111 102.3752 13.62618 -11.67887 101.5236 15.12368 -11.67887 102.1045 13.52765 -11.61813 101.2587 15.02728 -11.61813 101.8396 13.43125 -11.51062 101.0073 14.93577 -11.51062 101.5882 13.33974 -11.35945 100.7766 14.8518 -11.35945 101.3575 13.25576 -11.16894 100.5732 14.77777 -11.16894 101.1541 13.18173 -10.94461 100.4029 14.71581 -10.94461 100.9838 13.11978 -10.69288 100.2708 14.66772 -10.69288 100.8517 13.07169 -10.42102 100.1805 14.63486 -10.42102 100.7614 13.03883 -10.13682 100.1347 14.6182 -10.13682 100.7156 13.02217 -9.848478 100.1347 14.6182 -9.848478 100.7156 13.02217 -9.564283 100.1805 14.63486 -9.564283 100.7614 13.03883 -9.292416 100.2708 14.66772 -9.292416 100.8517 13.07169 -9.040693 100.4029 14.71581 -9.040693 100.9838 13.11978 -8.816357 100.5732 14.77777 -8.816357 101.1541 13.18173 -8.625851 100.7766 14.8518 -8.625851 101.3575 13.25576 -8.474667 101.0073 14.93577 -8.474667 101.5882 13.33974 -8.36717 101.2587 15.02728 -8.36717 101.8396 13.43125 -8.306425 101.5236 15.12368 -8.306425 102.1045 13.52765 -8.294186 101.7943 15.22221 -8.294186 102.3752 13.62618 -8.330807 102.063 15.32003 -8.330807 102.6439 13.724 -8.415234 102.3221 15.41433 -8.415234 102.903 13.81829 -8.545057 102.564 15.50239 -8.545057 103.1449 13.90636 -8.716505 102.7819 15.58167 -8.716505 103.3628 13.98564 -8.924679 102.9694 15.64991 -8.924679 103.5503 14.05388 -9.163572 103.1211 15.70514 -9.163572 103.702 14.1091 -9.426313 103.2327 15.74576 -9.426313 103.8136 14.14972 -9.705349 103.301 15.77061 -9.705349 103.8819 14.17457 -10.99266 30.79817 21.6 -11.0657 30.72729 21.6 -10.99266 26.94074 21.6 -12.3124 29.70948 21.6 -13.58732 25.72914 21.6 -16.05035 24.26838 21.6 -18.35788 22.57261 21.6 -20.48755 20.65826 21.6 -22.41877 18.54386 21.6 -24.13281 16.24987 21.6 0.007343292 -29.10013 36.6 0.007343292 -30.68665 36.6 -2.936642 -28.95083 36.6 -3.413418 -30.5046 36.6 -5.850445 -28.50444 36.6 -7.992657 70.7085 36.6 0.007343292 70.7085 36.6 -7.992657 37.93959 36.6 0.007343292 29.09987 36.6 -8.122159 36.3354 36.6 -14.11494 -25.44361 36.6 -11.46841 -26.7418 36.6 -9.992643 -27.85978 36.6 -8.704113 -27.76558 36.6 -6.792644 -28.80846 36.6 -6.792644 -29.94278 36.6 -21.08412 20.04881 36.6 -18.94758 22.07974 36.6 -16.61656 23.88409 36.6 -14.11494 25.44336 36.6 -11.46841 26.74154 36.6 -12.3124 29.70948 36.6 -8.704113 27.76532 36.6 -11.0657 30.72729 36.6 -5.850445 28.50419 36.6 -9.99841 31.93191 36.6 -2.936642 28.95057 36.6 -9.138195 33.29215 36.6 -8.507336 34.77276 36.6 -23.00422 17.81216 36.6 -24.6882 15.39273 36.6 -26.11876 12.81534 36.6 -27.28123 10.10646 36.6 -16.61656 -23.88434 36.6 -18.94758 -22.07999 36.6 -21.08412 -20.04906 36.6 -28.16369 7.293865 36.6 -28.75708 4.406422 36.6 -29.05529 1.473766 36.6 -29.05529 -1.474016 36.6 -28.75708 -4.406675 36.6 -28.16369 -7.294115 36.6 -27.28123 -10.10671 36.6 -26.11876 -12.8156 36.6 -24.6882 -15.39298 36.6 -23.00422 -17.81241 36.6 -24.61371 14.55198 21.00786 -25.83636 12.24987 12.1 -26.00813 11.88074 12.1 0.007343292 -28.60013 22.1 0.007343292 -28.60013 36.1 -2.821392 -28.45989 22.1 -2.886059 -28.45339 36.1 -4.062862 -28.30902 22.1 -4.062862 -28.30902 36.1 -5.622417 -28.04055 22.1 -5.749783 -28.01468 36.1 -8.050198 -27.44162 22.1 -8.050198 -27.44162 36.1 -8.368206 -27.34624 22.1 -8.554426 -27.28851 36.1 -11.03187 -26.38375 22.1 -11.27122 -26.28232 36.1 -11.87352 -26.0156 22.1 -11.87352 -26.0156 36.1 -13.58728 -25.16252 22.1 -13.87228 -25.00644 36.1 -15.45497 -24.05998 22.1 -15.45497 -24.05998 36.1 -16.00937 -23.69453 22.1 -16.33093 -23.47396 36.1 -18.27438 -21.99418 22.1 -18.6219 -21.70061 36.1 -18.72166 -21.61456 22.1 -18.72166 -21.61456 36.1 -20.36012 -20.07813 22.1 -20.72172 -19.70458 36.1 -21.60708 -18.72915 22.1 -21.60708 -18.72915 36.1 -22.24611 -17.96519 22.1 -22.60884 -17.50636 36.1 -23.91388 -15.67607 22.1 -24.0525 -15.46245 36.1 -24.08333 -15.41439 22.07619 -24.26388 -15.1285 36.1 -25.97645 -11.95013 12.1 -25.66986 -12.5954 36.1 -26.00813 -11.88099 12.1 -24.58427 -14.60191 21.62737 -24.49629 -14.74908 21.76635 -24.77905 -14.26877 21.04683 -24.7581 -14.3051 21.15149 -25.97645 -11.95013 2.500006 -24.81746 -14.20184 0.5000019 -24.81746 -14.20184 20.6 -24.81537 -14.20549 20.7055 -24.80922 -14.21625 20.80918 -24.79907 -14.23393 20.91125 -24.7039 -14.39853 21.34855 -24.67019 -14.45623 21.44232 -24.36844 -14.95943 21.91085 -24.25013 -15.15052 22.00145 -26.68493 -10.27057 2.500006 -26.68493 -10.27057 0.5000019 -25.82609 -12.27178 0.5000019 -26.00813 -11.88099 36.1 -26.81236 -9.933056 36.1 -27.43415 -8.057678 12.1 -28.26284 -4.330961 36.1 -28.30154 -4.07033 12.1 -27.67965 -7.168789 36.1 -27.43415 -8.057678 36.1 -28.30154 -4.07033 36.1 -28.55593 -1.448692 36.1 -28.59265 -1.25885e-4 12.1 -28.59265 -1.25885e-4 36.1 -28.55593 1.448437 36.1 -28.30154 4.07008 12.1 -27.67965 7.168537 36.1 -27.43415 8.057423 12.1 -28.26284 4.330708 36.1 -28.30154 4.07008 36.1 -25.83636 12.24987 2.500006 -24.64644 14.49644 0.5000019 -25.68333 12.56765 0.5000019 -24.62785 14.52802 20.90884 -24.64375 14.50102 20.71821 -24.64644 14.49644 20.6 -24.12178 15.35388 21.96241 -24.25528 15.14203 21.84063 -26.00813 11.88074 36.1 -24.36967 14.95717 21.68932 -24.38484 14.93242 21.66491 -24.47264 14.78804 21.4956 -24.54168 14.67315 21.3121 -24.57237 14.62169 21.20506 -26.81236 9.932806 36.1 -27.43415 8.057423 36.1 -26.00813 11.88074 0.5000019 -26.56961 10.56517 0.5000019 -26.56961 10.56517 2.500006 -25.66986 12.59515 36.1 -24.26388 15.12825 36.1 -24.0616 15.44803 22.00258 -24.0525 15.4622 36.1 -23.89715 15.7013 22.07475 -23.71803 15.97066 22.1 -22.03344 18.22523 22.1 -22.60884 17.50611 36.1 -21.60708 18.72889 22.1 -21.60708 18.72889 36.1 -20.1354 20.3033 22.1 -20.72172 19.70433 36.1 -18.72166 21.61432 22.1 -18.72166 21.61432 36.1 -18.6219 21.70036 36.1 -18.04232 22.18477 22.1 -16.33093 23.47371 36.1 -8.872419 27.18644 21.49634 -8.050198 27.44137 36.1 -8.431973 27.32638 21.13512 -8.06947 27.43571 20.72382 -9.359083 27.02264 21.77642 -9.883709 26.83506 21.97252 -8.554426 27.28826 36.1 -10.44719 26.62059 22.08116 -11.27122 26.28207 36.1 -10.80365 26.47783 22.1 -11.87352 26.01535 36.1 -11.87352 26.01535 22.1 -13.87228 25.00619 36.1 -13.35374 25.28705 22.1 -15.45497 24.05973 36.1 -15.45497 24.05973 22.1 -15.77444 23.8514 22.1 -4.062862 28.30877 3.600001 -7.363781 27.63366 3.600001 -7.363781 27.63366 18.6 -7.404629 27.62274 19.13774 -7.523708 27.59051 19.6548 -4.062862 28.30877 36.1 -7.546459 27.58429 19.72544 -7.756893 27.5258 20.22479 -5.749783 28.01443 36.1 0.007343292 28.59987 36.1 0.007343292 28.59987 3.600001 -2.886059 28.45314 36.1 0.007343292 -28.80623 21.6955 0.007343292 -28.87313 21.6545 0.007343292 -28.94562 21.62448 0.007343292 -29.02191 21.60616 0.007343292 -28.65462 36.32699 0.007343292 -28.6246 36.25451 0.007343292 -28.60628 36.17822 0.007343292 -28.65462 21.87301 0.007343292 -28.69562 21.80611 0.007343292 -28.6246 21.9455 0.007343292 -28.60628 22.02179 0.007343292 -28.74657 21.74645 0.007343292 -29.02191 36.59384 0.007343292 -28.94562 36.57553 0.007343292 -28.74657 36.45355 0.007343292 -28.87313 36.54551 0.007343292 -28.80623 36.50451 0.007343292 -28.69562 36.39389 0.007343292 83.59987 3.600001 0.007343292 71.6482 35.94202 0.007343292 70.86061 36.58836 0.007343292 71.0092 36.55372 0.007343292 71.15079 36.49687 0.007343292 71.28208 36.41915 0.007343292 71.40001 36.32236 0.007343292 71.58522 36.08099 0.007343292 71.50185 36.20876 0.007343292 28.60603 36.17822 0.007343292 28.62435 36.25451 0.007343292 29.02166 36.59384 0.007343292 28.94536 36.57553 0.007343292 81.60857 8.877639 0.007343292 81.7265 8.780854 0.007343292 81.85779 8.703132 0.007343292 81.99938 8.646287 0.007343292 82.14797 8.611642 0.007343292 121.46 22.37996 0.007343292 123.067 17.96485 0.007343292 83.59987 8.600006 0.007343292 82.30008 8.600006 0.007343292 28.65437 36.32699 0.007343292 28.69537 36.39389 0.007343292 28.74632 36.45355 0.007343292 28.80598 36.50451 0.007343292 28.87288 36.54551 0.007343292 81.36038 9.257985 0.007343292 81.42336 9.119015 0.007343292 81.50673 8.991243 -7.992657 28.11677 18.6 -7.992657 28.11677 3.600001 -7.992657 37.93959 18.6 -7.992657 80.59987 3.600001 -7.992657 67.9554 19.53736 -7.992657 67.81385 19.99957 -7.992657 68.05504 21.88309 -7.992657 68.30849 22.29471 -7.992657 73.4473 20.47905 -7.992657 73.38591 19.99957 -7.992657 80.59987 11.34748 -7.992657 73.24436 19.53736 -7.992657 69.88173 23.35804 -7.992657 70.35817 23.43974 -7.992657 71.98981 18.11191 -7.992657 71.54932 17.9128 -7.992657 71.08153 17.791 -7.992657 70.59987 17.75 -7.992657 70.86061 36.58836 -7.992657 73.02674 19.10573 -7.992657 72.73929 18.71708 -7.992657 72.39029 18.3826 -7.992657 70.11823 17.791 -7.992657 69.65042 17.9128 -7.992657 69.20995 18.11191 -7.992657 68.80945 18.3826 -7.992657 68.46047 18.71708 -7.992657 68.17302 19.10573 -7.992657 67.75244 20.47905 -7.992657 67.77295 20.962 -7.992657 67.8748 21.43455 -7.992657 70.84157 23.43974 -7.992657 71.31801 23.35804 -7.992657 71.6482 35.94202 -7.992657 71.77379 23.197 -7.992657 68.62784 22.65758 -7.992657 69.00394 22.96126 -7.992657 69.42597 23.197 -7.992657 71.40001 36.32236 -7.992657 71.28208 36.41915 -7.992657 72.1958 22.96126 -7.992657 72.5719 22.65758 -7.992657 72.89127 22.29471 -7.992657 73.14472 21.88309 -7.992657 73.32495 21.43455 -7.992657 73.42679 20.962 -7.992657 71.50185 36.20876 -7.992657 71.15079 36.49687 -7.992657 71.0092 36.55372 -7.992657 71.58522 36.08099 -10.06559 83.45304 3.600001 -10.52334 83.56293 3.600001 -10.99266 83.59987 3.600001 -9.630674 83.27289 3.600001 -9.22929 83.02693 3.600001 -8.871335 82.72119 3.600001 -8.565594 82.36322 3.600001 -8.319622 81.96184 3.600001 -8.139477 81.52692 3.600001 -8.029583 81.06917 3.600001 -7.985729 28.03391 3.600001 -7.965176 27.95334 3.600001 -7.445629 27.61899 3.600001 -7.528774 27.61808 3.600001 -7.763226 27.69631 3.600001 -7.6898 27.65728 3.600001 -7.829174 27.74697 3.600001 -7.885799 27.80785 3.600001 -7.93156 27.87729 3.600001 -7.610928 27.63096 3.600001 -14.99266 83.59987 8.600006 -10.99266 83.59987 8.600006 -14.99266 83.59987 3.600001 -7.124157 102.5079 10.48197 -7.313869 102.0643 10.32049 -12.98996 103.4531 10.82597 -12.92532 103.9274 10.9986 -20.99264 117.4288 15.91273 -12.77632 104.3845 11.165 -12.54724 104.8115 11.3204 -9.485653 106.112 11.79373 -8.993223 105.9915 11.74987 -8.529568 105.7945 11.67819 -8.107983 105.5268 11.58074 -12.96835 102.9754 10.6521 -20.99264 89.59987 5.783826 -12.86116 102.5079 10.48197 -17.7166 122.4525 17.74118 -18.51936 121.9902 17.57293 -10.99206 105.9915 11.74987 -7.580654 101.6571 10.1723 -7.916836 101.2982 10.04165 -8.312726 100.9978 9.932326 -12.06846 101.2982 10.04165 -12.40464 101.6571 10.1723 -12.67143 102.0643 10.32049 -12.24467 105.1959 11.46032 -11.87732 105.5268 11.58074 -20.91879 118.3108 16.23375 -11.45573 105.7945 11.67819 -20.69899 119.1711 16.54687 -9.992643 106.1525 11.80848 -14.99266 123.067 17.96485 -10.49965 106.112 11.79373 -15.93126 122.9976 17.93958 -16.84675 122.791 17.86441 -19.23529 121.4156 17.3638 -19.84675 120.7428 17.11894 -20.33868 119.9885 16.84437 -7.740627 105.1959 11.46032 -7.438061 104.8115 11.3204 -7.208981 104.3845 11.165 -8.756939 100.7646 9.847453 -9.236706 100.6053 9.789476 -7.059978 103.9274 10.9986 -6.995357 103.4531 10.82597 -7.016949 102.9754 10.6521 -11.67257 100.9978 9.932326 -20.91879 88.66126 5.442202 -11.22836 100.7646 9.847453 -9.738232 100.5245 9.760065 -10.24707 100.5245 9.760065 -10.74858 100.6053 9.789476 -15.93126 83.67374 3.62689 -16.84675 83.89353 3.706887 -20.69899 87.74578 5.10899 -20.33868 86.87593 4.792393 -19.84675 86.07317 4.500202 -19.23529 85.35723 4.239626 -18.51936 84.74578 4.017077 -17.7166 84.25383 3.838025 -14.99266 121.46 22.37996 -20.99264 89.59987 10.78382 -20.99264 115.8219 20.32784 -15.93126 121.3906 22.3547 -20.69899 117.5641 20.96198 -20.33868 118.3815 21.25948 -19.84675 119.1359 21.53404 -19.23529 119.8086 21.77891 -18.51936 120.3832 21.98804 -20.91879 116.7039 20.64886 -17.7166 120.8455 22.15629 -16.84675 121.1841 22.27952 -18.51936 84.74578 9.017078 -17.7166 84.25383 8.838026 -16.84675 83.89353 8.706888 -15.93126 83.67374 8.626891 -20.91879 88.66126 10.4422 -20.69899 87.74578 10.10898 -19.23529 85.35723 9.239629 -19.84675 86.07317 9.500206 -20.33868 86.87593 9.792391 -7.580654 100.631 12.99137 -7.313869 101.0382 13.13957 -7.124157 101.4819 13.30105 -7.016949 101.9493 13.47117 -6.995357 102.427 13.64505 -7.059978 102.9013 13.81767 -7.208981 103.3585 13.98408 -7.438061 103.7854 14.13947 -7.740627 104.1699 14.27939 -8.107983 104.5007 14.39982 -8.529568 104.7685 14.49727 -8.993223 104.9654 14.56895 -9.485653 105.0859 14.61281 -9.992643 105.1265 14.62756 -10.49965 105.0859 14.61281 -10.99206 104.9654 14.56895 -11.45573 104.7685 14.49727 -11.87732 104.5007 14.39982 -12.24467 104.1699 14.27939 -12.54724 103.7854 14.13947 -12.77632 103.3585 13.98408 -12.92532 102.9013 13.81767 -12.98996 102.427 13.64505 -12.96835 101.9493 13.47117 -12.86116 101.4819 13.30105 -12.67143 101.0382 13.13957 -12.40464 100.631 12.99137 -12.06846 100.2721 12.86073 -11.67257 99.97173 12.7514 -11.22836 99.73854 12.66653 -10.74858 99.57926 12.60855 -10.24707 99.49845 12.57914 -9.738232 99.49845 12.57914 -9.236706 99.57926 12.60855 -8.756939 99.73854 12.66653 -8.312726 99.97173 12.7514 -7.916836 100.2721 12.86073 -3.992657 69.88173 23.35804 -3.992657 70.35817 23.43974 -3.992657 70.59987 23.45 -3.992657 70.84157 23.43974 -3.992657 71.31801 23.35804 -3.992657 71.77379 23.197 -3.992657 72.1958 22.96126 -3.992657 72.5719 22.65758 -3.992657 72.89127 22.29471 -3.992657 73.14472 21.88309 -3.992657 73.32495 21.43455 -3.992657 73.42679 20.962 -3.992657 73.4473 20.47905 -3.992657 73.38591 19.99957 -3.992657 73.24436 19.53736 -3.992657 73.02674 19.10573 -3.992657 72.73929 18.71708 -3.992657 72.39029 18.3826 -3.992657 71.98981 18.11191 -3.992657 71.54932 17.9128 -3.992657 71.08153 17.791 -3.992657 70.59987 17.75 -3.992657 70.11823 17.791 -3.992657 69.65042 17.9128 -3.992657 69.20995 18.11191 -3.992657 68.80945 18.3826 -3.992657 68.46047 18.71708 -3.992657 68.17302 19.10573 -3.992657 67.9554 19.53736 -3.992657 67.81385 19.99957 -3.992657 67.75244 20.47905 -3.992657 67.77295 20.962 -3.992657 67.8748 21.43455 -3.992657 68.05504 21.88309 -3.992657 68.30849 22.29471 -3.992657 68.62784 22.65758 -3.992657 69.00394 22.96126 -3.992657 69.42597 23.197 -8.029142 81.06635 10.06584 -8.090649 81.36038 9.257985 -10.52334 83.56293 8.600006 -10.06559 83.45304 8.600006 -8.520947 82.30008 8.600006 -8.565594 82.36322 8.600006 -8.871335 82.72119 8.600006 -9.22929 83.02693 8.600006 -9.630674 83.27289 8.600006 -8.212231 81.7265 8.780854 -8.269117 81.85779 8.703132 -8.339094 81.99938 8.646287 -8.422941 82.14797 8.611642 -8.132992 81.50673 8.991243 -8.139036 81.52556 8.967459 -8.167309 81.60857 8.877639 -8.107876 81.42336 9.119015 -8.028271 28.10566 19.06093 -7.992672 37.92205 18.60961 -8.029554 37.08128 19.06911 -8.040127 36.96633 19.1316 -8.132122 28.07286 19.50412 -8.139019 36.23489 19.52564 -8.209652 35.86763 19.72025 -8.151974 28.06653 19.56466 -8.318403 35.40802 19.95955 -8.319668 28.01222 19.96207 -8.499525 34.79626 20.26863 -8.335493 28.00702 19.99268 -8.507275 34.77293 20.28016 -8.564802 34.60558 20.36226 -8.565777 27.92984 20.3636 -8.759626 34.09886 20.6034 -8.608105 27.91536 20.42042 -8.868986 33.84585 20.71898 -8.871595 27.82301 20.72158 -8.924252 27.80411 20.77296 -9.202314 33.17199 21.00723 -9.229748 27.69153 21.02738 -9.308378 27.66174 21.08259 -9.627804 32.4597 21.27155 -9.631283 27.53583 21.27334 -9.727795 32.31 21.32033 -9.855314 32.12721 21.37606 -9.7328 27.49507 21.32265 -10.06074 31.84986 21.45159 -10.06631 27.3571 21.45341 -10.40617 31.42458 21.54212 -10.19033 27.3042 21.49073 -10.51963 31.29474 21.56248 -10.52415 27.15749 21.56319 -10.68176 27.08599 21.58385 -25.25146 -14.95013 20.6 -34.14265 -14.95013 3.000006 -25.25146 -14.95013 0.5000019 -34.14265 -14.95013 0.5000019 -28.79472 -14.95013 21.31242 -28.57192 -14.95013 21.45457 -29.65312 -14.95013 21.1 -33.64265 -14.95013 21.1 -34.14265 -14.95013 20.6 -34.13648 -14.95013 20.67822 -29.36087 -14.95013 21.12315 -29.08184 -14.95013 21.19031 -29.04672 -14.95013 21.20215 -28.5097 -14.95013 21.50391 -28.33418 -14.95013 21.67454 -34.11817 -14.95013 20.75451 -34.08814 -14.95013 20.827 -33.72086 -14.95013 21.09385 -33.99621 -14.95013 20.95355 -33.93653 -14.95013 21.00451 -34.04716 -14.95013 20.89389 -33.86964 -14.95013 21.04551 -33.79716 -14.95013 21.07553 -25.98231 -11.95013 2.572872 -26.0793 -11.95013 2.7911 -26.03505 -11.95013 2.724535 -26.00332 -11.95013 2.654345 -25.99951 -11.95013 2.643265 -25.98321 -11.95013 2.578236 -26.451 -11.95013 2.995335 -26.44 -11.95013 2.993852 -26.35844 -11.95013 2.976179 -26.27743 -11.95013 2.94587 -26.1985 -11.95013 2.901413 -26.1362 -11.95013 2.852328 -34.14265 -11.95013 12.1 -34.14265 -11.95013 3.000006 -26.52578 -11.95013 3.000006 -34.14265 12.24987 12.1 -25.84028 12.24987 2.559372 -34.14265 12.24987 3.000006 -26.38862 12.24987 3.000006 -26.29318 12.24987 2.992458 -25.84318 12.24987 2.578222 -25.84434 12.24987 2.58465 -25.86332 12.24987 2.654173 -25.8939 12.24987 2.722048 -25.89666 12.24987 2.727009 -25.91009 12.24987 2.749413 -25.94207 12.24987 2.79399 -25.95701 12.24987 2.811723 -25.99843 12.24987 2.85364 -26.01542 12.24987 2.868361 -26.03505 12.24987 2.883911 -26.06439 12.24987 2.904594 -26.10818 12.24987 2.930596 -26.13827 12.24987 2.945557 -26.19073 12.24987 2.966717 -26.20213 12.24987 2.970554 -26.21824 12.24987 2.975546 -34.14265 15.24987 0.5000019 -25.07747 15.24987 0.5000019 -34.14265 15.24987 3.000006 -25.07747 15.24987 20.6 -29.20999 15.24987 21.12337 -29.50508 15.24987 21.1 -33.64265 15.24987 21.1 -28.1753 15.24987 21.67898 -28.35061 15.24987 21.50814 -28.41522 15.24987 21.45685 -28.63917 15.24987 21.31406 -28.89276 15.24987 21.20313 -28.92835 15.24987 21.19113 -34.11817 15.24987 20.75451 -34.13648 15.24987 20.67822 -34.14265 15.24987 20.6 -34.08814 15.24987 20.827 -33.72086 15.24987 21.09385 -33.79716 15.24987 21.07553 -33.86964 15.24987 21.04551 -33.93653 15.24987 21.00451 -34.04716 15.24987 20.89389 -33.99621 15.24987 20.95355 -34.64265 -12.45013 12.6 -34.64265 -14.45013 3.000006 -34.64265 -12.45013 3.000006 -34.64265 -14.45013 0.5000019 -34.64265 -10.45013 3.000006 -34.64265 -9.950127 0.5000019 -34.64265 -9.950127 2.500006 -34.64265 -10.37191 2.993845 -34.64265 -10.29562 2.975531 -34.64265 12.74987 3.000006 -34.64265 14.74987 0.5000019 -34.64265 14.74987 3.000006 -34.64265 -10.22313 2.945505 -34.64265 -9.956282 2.578222 -34.64265 -10.15623 2.904512 -34.64265 12.74987 12.6 -34.64265 14.74987 20.6 -34.64265 -14.45013 20.6 -34.64265 10.24987 0.5000019 -34.64265 10.74987 3.000006 -34.64265 10.24987 2.500006 -34.64265 -9.974598 2.654516 -34.64265 -10.00462 2.727001 -34.64265 -10.04562 2.793894 -34.64265 10.67166 2.993845 -34.64265 10.59536 2.975531 -34.64265 10.52288 2.945505 -34.64265 -10.09657 2.853558 -34.64265 10.45598 2.904512 -34.64265 10.39632 2.853558 -34.64265 10.34536 2.793894 -34.64265 10.30437 2.727001 -34.64265 10.27435 2.654516 -34.64265 10.25603 2.578222 -32.21648 -7.083252 21.6 -31.46237 -9.909851 21.6 -33.64265 -14.45013 21.6 -30.46084 -12.65853 21.6 -29.65312 -14.45013 21.6 -33.64265 14.74987 21.6 -29.50508 14.74987 21.6 -30.32299 12.98511 21.6 -31.35401 10.24735 21.6 -32.13846 7.429028 21.6 -32.67019 4.552288 21.6 -32.94498 1.639767 21.6 -32.96072 -1.285656 21.6 -32.71725 -4.200968 21.6 -31.20532 10.19876 21.61232 -30.17918 12.92354 21.61232 -30.03892 12.86349 21.64895 -29.41502 12.59638 22.44357 -30.31639 -12.59851 21.61232 -29.46209 -14.48463 21.61231 -30.17549 -12.53997 21.64895 -29.27525 -14.51873 21.6489 -29.43937 -14.48875 21.61543 -29.02398 -14.56515 21.74161 -29.09721 -14.55155 21.7088 -30.04161 -12.48435 21.709 -29.2091 -14.53089 21.6681 -29.23487 -14.52614 21.66021 -29.91804 -12.43302 21.79099 -28.9322 -14.58227 21.79065 -29.80786 -12.38724 21.8929 -28.81417 -14.60441 21.86928 -28.86003 -14.59579 21.83638 -28.58105 -14.64857 22.10755 -28.65768 -14.63399 22.01185 -29.71374 -12.34814 22.01222 -28.68473 -14.62886 21.98303 -28.47578 -14.6687 22.30268 -28.48048 -14.66779 22.29084 -29.58258 -12.29364 22.29099 -28.54165 -14.65609 22.16817 -28.43542 -14.67644 22.43991 -29.54875 -12.27959 22.44357 -28.43469 -14.67658 22.44356 -28.42614 -14.67822 22.49547 -28.26602 14.98285 22.50121 -29.44869 12.6108 22.29099 -28.31497 14.97335 22.30757 -28.27539 14.98103 22.44356 -29.5039 12.63443 22.14601 -28.39724 14.95743 22.14589 -28.38021 14.96072 22.17348 -28.65476 14.90808 21.87209 -28.62831 14.91311 21.89261 -29.67295 12.70681 21.8929 -28.52496 14.93287 21.98599 -28.86802 14.86771 21.74271 -28.77769 14.88475 21.79063 -29.78265 12.75377 21.79099 -28.70256 14.89899 21.8379 -28.94422 14.8534 21.70879 -29.90563 12.80643 21.709 -29.05503 14.8327 21.66876 -29.08125 14.82782 21.66076 -29.31237 14.78509 21.61231 -29.28846 14.78949 21.61558 -29.12387 14.8199 21.6489 -31.98605 7.393803 21.61232 -31.06028 10.15137 21.64895 -32.51525 4.530704 21.61232 -31.8374 7.359447 21.64895 -30.92248 10.10634 21.709 -32.78875 1.631992 21.61232 -32.36413 4.509655 21.64895 -31.69615 7.326801 21.709 -30.7953 10.06478 21.79099 -32.8044 -1.27956 21.61232 -32.63634 1.624409 21.64895 -32.22054 4.489651 21.709 -31.56578 7.296673 21.79099 -30.68188 10.02773 21.8929 -29.57926 12.6667 22.01222 -28.42114 14.95283 22.11042 -32.56208 -4.181049 21.61232 -32.65192 -1.273615 21.64895 -32.49155 1.617199 21.709 -32.08802 4.471188 21.79099 -31.44952 7.269802 21.8929 -30.58502 9.996075 22.01222 -32.0637 -7.049669 21.61232 -32.41074 -4.161623 21.64895 -32.50707 -1.267967 21.709 -32.35793 1.610546 21.79099 -31.96984 4.454723 21.8929 -31.35023 7.24686 22.01222 -30.50708 9.970608 22.14601 -31.31317 -9.862864 21.61232 -31.91467 -7.016911 21.64895 -32.26694 -4.143164 21.709 -32.37337 -1.262753 21.79099 -32.23876 1.604618 21.8929 -31.86891 4.440662 22.01222 -31.27035 7.228397 22.14601 -30.44999 9.951962 22.29099 -30.52029 -9.61319 22.44357 -31.25183 -6.87121 22.44357 -30.55523 -9.624195 22.29099 -29.63803 -12.31668 22.14601 -31.97378 -1.247171 22.44357 -31.7376 -4.075211 22.44357 -31.77392 -4.079874 22.29099 -31.28761 -6.879076 22.29099 -31.34625 -6.891968 22.14601 -30.61251 -9.64223 22.14601 -30.69071 -9.666855 22.01222 -31.95852 1.590672 22.44357 -32.01038 -1.248598 22.29099 -31.83349 -4.087521 22.14601 -31.42633 -6.909569 22.01222 -30.78791 -9.697464 21.8929 -31.17614 7.206623 22.44357 -31.69195 4.416012 22.44357 -31.72824 4.421062 22.29099 -31.99511 1.592495 22.29099 -32.05509 1.595478 22.14601 -32.07038 -1.250938 22.14601 -32.1523 -1.254133 22.01222 -31.91481 -4.097959 22.01222 -32.01589 -4.110935 21.8929 -31.52587 -6.931448 21.8929 -31.64241 -6.957064 21.79099 -30.90173 -9.733304 21.79099 -31.02935 -9.773489 21.709 -30.41519 9.94058 22.44357 -31.21183 7.21487 22.29099 -31.7877 4.429348 22.14601 -32.13697 1.599552 22.01222 -32.25414 -1.258104 21.8929 -32.13424 -4.126129 21.79099 -31.77308 -6.985788 21.709 -31.16763 -9.817034 21.64895 -34.63033 14.74987 20.75644 -34.63033 -14.45013 20.75644 -34.5937 14.74987 20.90902 -34.5937 -14.45013 20.90902 -34.53365 14.74987 21.05399 -34.53365 -14.45013 21.05399 -34.45167 14.74987 21.18779 -34.45167 -14.45013 21.18779 -34.34975 14.74987 21.30711 -34.34975 -14.45013 21.30711 -34.23043 14.74987 21.40902 -34.23043 -14.45013 21.40902 -34.09664 14.74987 21.49101 -34.09664 -14.45013 21.49101 -33.95167 14.74987 21.55106 -33.95167 -14.45013 21.55106 -33.79908 14.74987 21.58769 -33.79908 -14.45013 21.58769 -25.23275 -14.97189 20.8075 -25.24307 -14.9599 20.73945 -25.24934 -14.9526 20.67033 -25.19107 -15.02016 20.96766 -25.21238 -14.99552 20.89789 -25.08506 -15.14149 21.18831 -25.10162 -15.12268 21.16155 -25.13592 -15.08354 21.09903 -25.15696 -15.05941 21.05457 -25.0142 -15.2215 21.28491 -24.99467 -15.24338 21.30748 -24.92468 -15.32133 21.37757 -24.88687 -15.36308 21.40956 -24.79458 -15.46402 21.4739 -24.76455 -15.49657 21.49123 -24.67421 -15.59364 21.5343 -24.62901 -15.64173 21.55126 -24.50448 -15.77262 21.58412 -24.48405 -15.79389 21.58772 -24.48239 15.89536 21.53505 -24.43788 15.94145 21.55125 -24.28888 16.09369 21.58773 -24.31506 16.06716 21.58317 -24.57696 15.79647 21.49131 -24.54361 15.83149 21.50828 -24.81128 15.54561 21.30994 -24.79583 15.5624 21.32621 -24.703 15.66259 21.40939 -24.67946 15.68779 21.42709 -24.90062 15.44767 21.19706 -25.03401 15.29896 20.90946 -25.00209 15.33483 21.00337 -24.98053 15.35895 21.05416 -24.97087 15.36974 21.07473 -25.0747 15.25299 20.67881 -25.06656 15.26222 20.75665 -25.05853 15.2713 20.8059 -25.04414 15.28755 20.87191 -34.22086 -14.94397 3.000006 -34.22086 -14.94397 20.6 -34.29716 -14.92566 3.000006 -34.29716 -14.92566 20.6 -34.36964 -14.89563 3.000006 -34.36964 -14.89563 20.6 -34.43653 -14.85464 3.000006 -34.43653 -14.85464 20.6 -34.49619 -14.80368 3.000006 -34.49619 -14.80368 20.6 -34.54716 -14.74402 3.000006 -34.54716 -14.74402 20.6 -34.58814 -14.67712 3.000006 -34.58814 -14.67712 20.6 -34.61817 -14.60463 3.000006 -34.61817 -14.60463 20.6 -34.63648 -14.52834 3.000006 -34.63648 -14.52834 20.6 -33.64265 -14.94397 21.17822 -33.7331 -14.94397 21.1711 -33.64265 -14.92566 21.25451 -33.74503 -14.92566 21.24645 -33.64265 -14.89563 21.327 -33.75637 -14.89563 21.31805 -33.64265 -14.85464 21.39389 -33.76684 -14.85464 21.38412 -33.64265 -14.80368 21.45356 -33.77618 -14.80368 21.44305 -33.64265 -14.74402 21.50451 -33.78414 -14.74402 21.49338 -33.64265 -14.67712 21.54551 -33.79055 -14.67712 21.53387 -33.64265 -14.60463 21.57553 -33.79525 -14.60463 21.56352 -33.64265 -14.52834 21.59385 -33.79812 -14.52834 21.58161 -33.82133 -14.94397 21.14992 -33.8449 -14.92566 21.22248 -33.8673 -14.89563 21.29142 -33.88798 -14.85464 21.35504 -33.90641 -14.80368 21.41178 -33.92216 -14.74402 21.46024 -33.93482 -14.67712 21.49923 -33.9441 -14.60463 21.52779 -33.94976 -14.52834 21.54521 -33.90514 -14.94397 21.1152 -33.93978 -14.92566 21.18317 -33.97269 -14.89563 21.24776 -34.00306 -14.85464 21.30737 -34.03016 -14.80368 21.36052 -34.05327 -14.74402 21.40593 -34.07189 -14.67712 21.44245 -34.08553 -14.60463 21.46921 -34.09383 -14.52834 21.48553 -33.98252 -14.94397 21.06779 -34.02735 -14.92566 21.12951 -34.06997 -14.89563 21.18815 -34.10929 -14.85464 21.24228 -34.14435 -14.80368 21.29054 -34.17429 -14.74402 21.33176 -34.1984 -14.67712 21.36493 -34.21604 -14.60463 21.38922 -34.22681 -14.52834 21.40404 -34.0515 -14.94397 21.00886 -34.10544 -14.92566 21.06281 -34.15671 -14.89563 21.11407 -34.20402 -14.85464 21.16137 -34.24619 -14.80368 21.20356 -34.28223 -14.74402 21.23959 -34.31122 -14.67712 21.26858 -34.33245 -14.60463 21.28981 -34.3454 -14.52834 21.30276 -34.11043 -14.94397 20.93987 -34.17216 -14.92566 20.98471 -34.2308 -14.89563 21.02732 -34.28492 -14.85464 21.06664 -34.33318 -14.80368 21.10171 -34.37441 -14.74402 21.13166 -34.40757 -14.67712 21.15576 -34.43186 -14.60463 21.1734 -34.44668 -14.52834 21.18417 -34.15784 -14.94397 20.86251 -34.22581 -14.92566 20.89714 -34.2904 -14.89563 20.93005 -34.35001 -14.85464 20.96043 -34.40316 -14.80368 20.98751 -34.44857 -14.74402 21.01064 -34.4851 -14.67712 21.02925 -34.51185 -14.60463 21.04288 -34.52816 -14.52834 21.0512 -34.19256 -14.94397 20.77868 -34.26513 -14.92566 20.80226 -34.33405 -14.89563 20.82466 -34.39768 -14.85464 20.84533 -34.45441 -14.80368 20.86376 -34.50289 -14.74402 20.87951 -34.54188 -14.67712 20.89218 -34.57043 -14.60463 20.90146 -34.58784 -14.52834 20.90712 -34.21374 -14.94397 20.69046 -34.2891 -14.92566 20.70239 -34.36069 -14.89563 20.71373 -34.42676 -14.85464 20.7242 -34.48569 -14.80368 20.73353 -34.53602 -14.74402 20.7415 -34.5765 -14.67712 20.74791 -34.60616 -14.60463 20.75261 -34.62426 -14.52834 20.75547 -29.65312 -14.52834 21.59385 -29.65312 -14.60463 21.57553 -29.65312 -14.67712 21.54551 -29.65312 -14.74402 21.50451 -29.65312 -14.80368 21.45356 -29.65312 -14.85464 21.39389 -29.65312 -14.89563 21.327 -29.65312 -14.92566 21.25451 -29.65312 -14.94397 21.17822 -29.23002 -14.59523 21.64527 -28.33532 -14.89848 22.05713 -28.3793 -14.9465 21.71426 -28.291 -14.93667 21.92314 -28.42378 -14.93567 21.7534 -28.33796 -14.92002 21.95301 -28.38299 -14.89702 21.98163 -28.37921 -14.87023 22.08075 -28.34478 -14.84172 22.2568 -28.41995 -14.83647 22.10267 -28.3842 -14.80457 22.2706 -28.41946 -14.763 22.28295 -28.3762 -14.76837 22.4291 -28.39869 -14.72557 22.49222 -28.4083 -14.72407 22.43496 -28.4501 -14.71752 22.29369 -28.51829 -14.70684 22.15559 -28.55902 -14.70047 22.09354 -28.84652 -14.65544 21.81849 -28.79939 -14.66282 21.85153 -28.66606 -14.68371 21.9666 -29.0147 -14.62906 21.72423 -29.20375 -14.59936 21.65278 -28.54983 -14.94618 21.55207 -28.61021 -14.94607 21.50532 -28.82617 -14.94565 21.37128 -29.06982 -14.94517 21.26844 -29.10374 -14.94511 21.25751 -29.37258 -14.94456 21.19662 -28.58934 -14.93441 21.59947 -28.6479 -14.93395 21.55526 -28.85705 -14.93231 21.42909 -29.09245 -14.93042 21.33341 -29.12518 -14.93015 21.32336 -29.38404 -14.92799 21.26845 -28.46696 -14.9178 21.79139 -28.62757 -14.91499 21.64536 -28.68434 -14.91398 21.60355 -28.88681 -14.91034 21.48481 -29.11419 -14.90614 21.39579 -29.14575 -14.90555 21.38653 -29.39498 -14.90078 21.33704 -28.5082 -14.89314 21.82769 -28.66395 -14.88823 21.68902 -28.71896 -14.88648 21.64943 -28.91493 -14.88014 21.53745 -29.13459 -14.87284 21.45432 -29.16503 -14.87181 21.44577 -29.40516 -14.86353 21.40088 -28.42547 -14.86799 22.00863 -28.54693 -14.86205 21.86177 -28.69792 -14.85456 21.72976 -28.75119 -14.85189 21.69215 -28.9409 -14.84224 21.58606 -29.15325 -14.83117 21.50786 -29.18267 -14.8296 21.49988 -29.41435 -14.81708 21.45853 -28.46481 -14.83332 22.03365 -28.58256 -14.82499 21.89313 -28.72888 -14.81451 21.76693 -28.78051 -14.81078 21.73101 -28.96424 -14.79733 21.62977 -29.16979 -14.78194 21.55535 -29.19827 -14.77978 21.54777 -29.42236 -14.76246 21.50872 -28.45703 -14.79763 22.12263 -28.5005 -14.79347 22.05633 -28.6146 -14.78249 21.92132 -28.7564 -14.76871 21.79995 -28.80644 -14.76381 21.76537 -28.98457 -14.7462 21.66781 -29.18391 -14.72614 21.59584 -29.21153 -14.72333 21.58849 -29.429 -14.70089 21.55032 -28.48995 -14.75423 22.14034 -28.53202 -14.74899 22.07639 -28.64257 -14.73516 21.94592 -28.78002 -14.71788 21.8283 -28.82856 -14.71175 21.79469 -29.00149 -14.68978 21.69948 -29.19531 -14.66488 21.62853 -29.22218 -14.6614 21.62121 -29.43411 -14.63374 21.58241 -29.4376 -14.5625 21.60428 -34.22086 15.24372 20.6 -34.22086 15.24372 3.000006 -34.29716 15.2254 20.6 -34.29716 15.2254 3.000006 -34.36964 15.19538 20.6 -34.36964 15.19538 3.000006 -34.43653 15.15438 20.6 -34.43653 15.15438 3.000006 -34.49619 15.10343 20.6 -34.49619 15.10343 3.000006 -34.54716 15.04377 20.6 -34.54716 15.04377 3.000006 -34.58814 14.97687 20.6 -34.58814 14.97687 3.000006 -34.61817 14.90438 20.6 -34.61817 14.90438 3.000006 -34.63648 14.82809 20.6 -34.63648 14.82809 3.000006 -34.21374 15.24372 20.69046 -34.2891 15.2254 20.70239 -34.36069 15.19538 20.71373 -34.42676 15.15438 20.7242 -34.48569 15.10343 20.73353 -34.53602 15.04377 20.7415 -34.5765 14.97687 20.74791 -34.60616 14.90438 20.75261 -34.62426 14.82809 20.75547 -34.19256 15.24372 20.77868 -34.26513 15.2254 20.80226 -34.33405 15.19538 20.82466 -34.39768 15.15438 20.84533 -34.45441 15.10343 20.86376 -34.50289 15.04377 20.87951 -34.54188 14.97687 20.89218 -34.57043 14.90438 20.90146 -34.58784 14.82809 20.90712 -34.15784 15.24372 20.86251 -34.22581 15.2254 20.89714 -34.2904 15.19538 20.93005 -34.35001 15.15438 20.96043 -34.40316 15.10343 20.98751 -34.44857 15.04377 21.01064 -34.4851 14.97687 21.02925 -34.51185 14.90438 21.04288 -34.52816 14.82809 21.0512 -34.11043 15.24372 20.93987 -34.17216 15.2254 20.98471 -34.2308 15.19538 21.02732 -34.28492 15.15438 21.06664 -34.33318 15.10343 21.10171 -34.37441 15.04377 21.13166 -34.40757 14.97687 21.15576 -34.43186 14.90438 21.1734 -34.44668 14.82809 21.18417 -34.0515 15.24372 21.00886 -34.10544 15.2254 21.06281 -34.15671 15.19538 21.11407 -34.20402 15.15438 21.16137 -34.24619 15.10343 21.20356 -34.28223 15.04377 21.23959 -34.31122 14.97687 21.26858 -34.33245 14.90438 21.28981 -34.3454 14.82809 21.30276 -33.98252 15.24372 21.06779 -34.02735 15.2254 21.12951 -34.06997 15.19538 21.18815 -34.10929 15.15438 21.24228 -34.14435 15.10343 21.29054 -34.17429 15.04377 21.33176 -34.1984 14.97687 21.36493 -34.21604 14.90438 21.38922 -34.22681 14.82809 21.40404 -33.90514 15.24372 21.1152 -33.93978 15.2254 21.18317 -33.97269 15.19538 21.24776 -34.00306 15.15438 21.30737 -34.03016 15.10343 21.36052 -34.05327 15.04377 21.40593 -34.07189 14.97687 21.44245 -34.08553 14.90438 21.46921 -34.09383 14.82809 21.48553 -33.82133 15.24372 21.14992 -33.8449 15.2254 21.22248 -33.8673 15.19538 21.29142 -33.88798 15.15438 21.35504 -33.90641 15.10343 21.41178 -33.92216 15.04377 21.46024 -33.93482 14.97687 21.49923 -33.9441 14.90438 21.52779 -33.94976 14.82809 21.54521 -33.7331 15.24372 21.1711 -33.74503 15.2254 21.24645 -33.75637 15.19538 21.31805 -33.76684 15.15438 21.38412 -33.77618 15.10343 21.44305 -33.78414 15.04377 21.49338 -33.79055 14.97687 21.53387 -33.79525 14.90438 21.56352 -33.79812 14.82809 21.58161 -33.64265 15.24372 21.17822 -33.64265 15.2254 21.25451 -33.64265 15.19538 21.327 -33.64265 15.15438 21.39389 -33.64265 15.10343 21.45356 -33.64265 15.04377 21.50451 -33.64265 14.97687 21.54551 -33.64265 14.90438 21.57553 -33.64265 14.82809 21.59385 -29.50508 15.24372 21.17822 -29.50508 15.2254 21.25451 -29.50508 15.19538 21.327 -29.50508 15.15438 21.39389 -29.50508 15.10343 21.45356 -29.50508 15.04377 21.50451 -29.50508 14.97687 21.54551 -29.50508 14.90438 21.57553 -29.50508 14.82809 21.59385 -29.28666 14.86311 21.6043 -29.04962 14.90091 21.65322 -28.85862 14.93124 21.72509 -28.39886 15.00405 22.09628 -28.18365 15.1435 22.26214 -28.23832 15.02943 22.4981 -28.22297 15.10701 22.27575 -28.25825 15.06615 22.28795 -28.17373 15.19918 22.06341 -28.2174 15.17144 22.08669 -28.13177 15.23664 21.92683 -28.1784 15.22027 21.95642 -28.21569 15.07148 22.43355 -28.2479 15.02792 22.4393 -28.28904 15.02141 22.2986 -28.35656 15.01073 22.16087 -28.32806 15.05738 22.14567 -28.29507 15.10007 22.12809 -28.25802 15.13826 22.10835 -28.37176 15.05188 22.07909 -28.34019 15.09571 22.05906 -28.30458 15.13496 22.03647 -28.26539 15.16909 22.01161 -28.22314 15.19765 21.9848 -28.63977 14.96592 21.85414 -28.39054 15.24598 21.55593 -28.22013 15.2463 21.71835 -28.42987 15.23436 21.60297 -28.26432 15.23564 21.75715 -28.46795 15.21519 21.64855 -28.30725 15.21803 21.79483 -28.50421 15.18877 21.69193 -28.34828 15.19373 21.83086 -28.53805 15.15552 21.73244 -28.38684 15.16309 21.86472 -28.569 15.11596 21.76947 -28.42237 15.12654 21.89593 -28.59654 15.07067 21.80242 -28.45439 15.08462 21.92403 -28.62025 15.0204 21.83079 -28.4824 15.03791 21.94864 -28.50604 14.98709 21.96939 -28.6889 14.95814 21.81978 -28.67085 15.01395 21.79584 -28.64868 15.06552 21.76646 -28.62278 15.11203 21.7321 -28.59355 15.15271 21.69332 -28.56144 15.18693 21.65075 -28.52699 15.21413 21.60507 -28.49073 15.23388 21.557 -28.45329 15.24586 21.50733 -28.84533 14.99155 21.70018 -28.82836 15.04758 21.66842 -28.80805 15.09832 21.63038 -28.78475 15.14289 21.58672 -28.75886 15.18048 21.53823 -28.73085 15.21043 21.48577 -28.70121 15.23221 21.43025 -28.67047 15.24544 21.37267 -29.04112 14.96614 21.62883 -29.0297 15.02711 21.59605 -29.01557 15.08262 21.55554 -28.99903 15.13159 21.50809 -28.9804 15.17303 21.45463 -28.96005 15.20615 21.39622 -28.93836 15.23028 21.33401 -28.91578 15.24495 21.26922 -29.07632 14.89666 21.64562 -29.06845 14.96256 21.62141 -29.05776 15.02422 21.58861 -29.04449 15.0804 21.54787 -29.02891 15.12999 21.5 -29.01133 15.17198 21.44598 -28.99208 15.20554 21.38685 -28.97155 15.23001 21.32383 -28.95018 15.24488 21.25815 -29.28317 14.93422 21.58234 -29.27804 15.00124 21.55019 -29.2714 15.06267 21.50857 -29.26341 15.11717 21.45839 -29.25422 15.1635 21.40078 -29.24404 15.20065 21.337 -29.23312 15.22779 21.26848 -29.22169 15.24432 21.19673 -34.63648 -12.37191 3.000006 -34.63648 -12.37191 12.52178 -34.61817 -12.29562 3.000006 -34.61817 -12.29562 12.44549 -34.58814 -12.22313 3.000006 -34.58814 -12.22313 12.37301 -34.54716 -12.15623 3.000006 -34.54716 -12.15623 12.30611 -34.49619 -12.09657 3.000006 -34.49619 -12.09657 12.24645 -34.43653 -12.04562 3.000006 -34.43653 -12.04562 12.19549 -34.36964 -12.00462 3.000006 -34.29716 -11.9746 3.000006 -34.29716 -11.9746 12.12448 -34.33399 -11.98819 12.13807 -34.36964 -12.00462 12.1545 -34.40389 -12.02381 12.17368 -34.22086 -11.95628 3.000006 -34.18188 -11.95167 12.10155 -34.22086 -11.95628 12.10616 -34.25938 -11.96394 12.11382 -34.22086 12.25603 3.000006 -34.29716 12.27434 3.000006 -34.29716 12.27434 12.12448 -34.25938 12.26369 12.11382 -34.22086 12.25603 12.10616 -34.18188 12.25142 12.10155 -34.43653 12.34536 12.19549 -34.40389 12.32355 12.17368 -34.36964 12.30437 3.000006 -34.36964 12.30437 12.1545 -34.33399 12.28794 12.13807 -34.43653 12.34536 3.000006 -34.49619 12.39632 3.000006 -34.49619 12.39632 12.24645 -34.54716 12.45598 3.000006 -34.54716 12.45598 12.30611 -34.58814 12.52288 3.000006 -34.58814 12.52288 12.37301 -34.61817 12.59536 3.000006 -34.61817 12.59536 12.44549 -34.63648 12.67166 3.000006 -34.63648 12.67166 12.52178 -34.14265 10.74987 0 -27.03424 10.74987 0 -34.14265 14.74987 0 -26.13247 12.78736 0 -25.07747 14.74987 0 -27.03424 10.24987 2.500006 -27.03424 10.24987 0.5000019 -27.03424 10.74987 3.000006 -27.15158 -10.45013 3.000006 -27.15158 -9.950127 2.500006 -27.15158 -9.950127 0.5000019 -27.15158 -10.45013 0 -34.14265 -10.45013 0 -26.27772 -12.48632 0 -34.14265 -14.45013 0 -25.25146 -14.45013 0 -24.78099 -14.28082 0.5000019 -24.78099 -14.28082 20.6 -24.75877 -14.36493 0.5000019 -24.75877 -14.36493 20.6 -24.75146 -14.45161 0.5000019 -24.75146 -14.45161 20.6 -24.75929 -14.53825 0.5000019 -24.75929 -14.53825 20.6 -24.78201 -14.62222 0.5000019 -24.78201 -14.62222 20.6 -24.81895 -14.70098 0.5000019 -24.81895 -14.70098 20.6 -24.86897 -14.77215 0.5000019 -24.86897 -14.77215 20.6 -24.93057 -14.83357 0.5000019 -24.93057 -14.83357 20.6 -25.00189 -14.88339 0.5000019 -25.00189 -14.88339 20.6 -25.08076 -14.92009 0.5000019 -25.08076 -14.92009 20.6 -25.16481 -14.94256 0.5000019 -25.16481 -14.94256 20.6 -24.93919 -15.1958 21.26721 -24.85324 -15.29139 21.36141 -24.72773 -15.42987 21.46153 -24.61108 -15.5573 21.52619 -24.4459 -15.73547 21.58232 -24.27748 -15.91436 21.60428 -24.08177 -15.42575 22.00775 -24.08836 -15.44207 21.94063 -23.92811 -15.68541 21.97059 -23.91745 -15.67842 22.03474 -23.91902 -15.67945 22.02179 -24.1253 -15.48828 21.81548 -23.96991 -15.71279 21.85 -24.10296 -15.46305 21.87613 -23.94571 -15.69693 21.90866 -23.93434 -15.68948 21.9455 -24.28134 -15.621 21.63318 -24.12297 -15.8131 21.66699 -24.23372 -15.58429 21.66781 -24.07748 -15.78329 21.70333 -24.19131 -15.54949 21.7103 -24.03636 -15.75634 21.74645 -24.15495 -15.51728 21.75985 -24.00029 -15.7327 21.79562 -23.99374 -15.72841 21.80611 -24.38847 -15.69733 21.59002 -24.22383 -15.8792 21.61704 -24.33325 -15.65892 21.60708 -24.17204 -15.84525 21.63806 -24.14221 -15.82571 21.6545 -24.26664 -15.90725 21.60616 -24.5493 -15.51791 21.52829 -24.4902 -15.47632 21.54056 -24.43506 -15.43341 21.56273 -24.38505 -15.39013 21.59433 -24.34126 -15.34738 21.63469 -24.30464 -15.3061 21.68292 -24.27594 -15.26716 21.738 -24.25581 -15.23141 21.79874 -24.24467 -15.19962 21.86384 -24.24276 -15.17246 21.9319 -24.66241 -15.39088 21.45956 -24.60017 -15.34796 21.46805 -24.54242 -15.30209 21.48679 -24.49051 -15.25435 21.51535 -24.44565 -15.20584 21.55307 -24.40886 -15.15767 21.59907 -24.38101 -15.11097 21.65229 -24.36273 -15.06682 21.7115 -24.35446 -15.02624 21.77533 -24.35638 -14.99016 21.8423 -24.78358 -15.25433 21.3554 -24.71747 -15.21107 21.35968 -24.65654 -15.16271 21.37414 -24.60232 -15.11044 21.39843 -24.55618 -15.05557 21.43192 -24.51927 -14.99949 21.4738 -24.4925 -14.9436 21.523 -24.47657 -14.88929 21.5783 -24.47186 -14.83792 21.6383 -24.4785 -14.7908 21.70152 -24.86616 -15.16115 21.25901 -24.79704 -15.11849 21.26054 -24.73365 -15.06892 21.27175 -24.67767 -15.01377 21.29235 -24.63058 -14.95448 21.3218 -24.59361 -14.89262 21.35931 -24.56775 -14.82982 21.4039 -24.55368 -14.76775 21.45439 -24.55175 -14.70804 21.50945 -24.56204 -14.65227 21.56762 -25.02273 -15.10236 21.14397 -24.94604 -15.07112 21.13469 -24.87367 -15.02981 21.13395 -24.80763 -14.97959 21.14178 -24.74975 -14.92186 21.15795 -24.70166 -14.85821 21.18202 -24.66467 -14.79041 21.21333 -24.63981 -14.72036 21.25099 -24.62779 -14.64998 21.29397 -24.62892 -14.58125 21.34107 -24.6432 -14.51606 21.39098 -24.67489 -14.46239 21.30204 -24.65893 -14.53157 21.25685 -24.65651 -14.60412 21.21426 -24.66766 -14.67797 21.17546 -24.69206 -14.75104 21.14158 -24.72906 -14.82125 21.11356 -24.77757 -14.88662 21.0922 -24.83624 -14.94529 21.0781 -24.90339 -14.9956 21.07166 -24.97714 -15.03612 21.07306 -25.05539 -15.06572 21.08228 -24.72567 -14.37586 21.11611 -24.74524 -14.34235 21.01779 -24.70685 -14.45187 21.08176 -24.72525 -14.42113 20.98962 -24.70219 -14.53089 21.04946 -24.71968 -14.50279 20.96313 -24.71183 -14.61063 21.02013 -24.7287 -14.58491 20.93913 -24.73547 -14.68875 20.99465 -24.75203 -14.66505 20.91831 -24.77246 -14.76296 20.97375 -24.78898 -14.74085 20.9013 -24.82167 -14.83109 20.95806 -24.83848 -14.81005 20.8886 -24.88168 -14.89116 20.94801 -24.89904 -14.87062 20.88058 -24.95074 -14.9414 20.94392 -24.96888 -14.92075 20.87748 -25.02684 -14.98035 20.9459 -25.04594 -14.95897 20.87939 -25.10774 -15.00686 20.95389 -25.12791 -14.98414 20.88626 -24.7639 -14.31029 20.89077 -24.74275 -14.39181 20.87091 -24.73629 -14.47605 20.85225 -24.7447 -14.5605 20.83536 -24.76773 -14.64262 20.82074 -24.80467 -14.71995 20.80884 -24.85444 -14.79018 20.8 -24.91554 -14.8512 20.79449 -24.98614 -14.90119 20.79249 -25.06411 -14.93865 20.79403 -25.14715 -14.96245 20.79909 -24.77333 -14.29404 20.79533 -24.7516 -14.37698 20.7819 -24.74467 -14.46256 20.76929 -24.75276 -14.54821 20.75788 -24.77562 -14.63135 20.74802 -24.81256 -14.70946 20.73999 -24.86247 -14.78021 20.73406 -24.92384 -14.84146 20.73038 -24.99482 -14.89135 20.72908 -25.0733 -14.9284 20.7302 -25.15689 -14.95148 20.73369 -24.77905 -14.28417 20.69849 -24.75695 -14.36798 20.69169 -24.74974 -14.45438 20.6853 -24.75764 -14.54077 20.67953 -24.78039 -14.62453 20.67454 -24.81733 -14.70313 20.67049 -24.86732 -14.77419 20.6675 -24.92888 -14.83557 20.66565 -25.0001 -14.8854 20.66502 -25.07887 -14.92219 20.6656 -25.16279 -14.94482 20.66739 -2.863125 -28.87961 21.60616 -22.51494 -18.18221 21.62448 -2.855572 -28.80369 21.62448 -2.8484 -28.73156 21.6545 -2.841793 -28.66499 21.6955 -22.36006 -18.05718 21.74645 -2.835888 -28.60562 21.74645 -2.830837 -28.55491 21.80611 -22.28851 -17.99942 21.87301 -2.826794 -28.51412 21.87301 -2.823818 -28.48424 21.9455 -2.822002 -28.46592 22.02237 -5.623608 -28.0465 22.02238 -8.370022 -27.35213 22.02179 -11.03422 -26.38934 22.02237 -13.59016 -25.16785 22.02238 -16.01281 -23.69963 22.02179 -20.36442 -20.08239 22.02237 -18.27832 -21.99891 22.02179 -22.25082 -17.969 22.02238 -5.627224 -28.06455 21.9455 -8.375378 -27.36964 21.9455 -11.04132 -26.40632 21.9455 -13.59892 -25.18405 21.9455 -16.02307 -23.7148 21.9455 -22.26515 -17.98056 21.9455 -20.37755 -20.09531 21.9455 -18.29002 -22.013 21.9455 -5.633129 -28.09399 21.87301 -8.384167 -27.39835 21.87301 -11.05291 -26.43402 21.87301 -13.61319 -25.21047 21.87301 -16.03988 -23.73968 21.87301 -18.30922 -22.03608 21.87301 -20.39892 -20.11639 21.87301 -5.641216 -28.13418 21.80611 -5.651241 -28.18414 21.74645 -8.396177 -27.43755 21.80611 -8.4111 -27.48627 21.74645 -11.06874 -26.47184 21.80611 -11.08841 -26.51885 21.74645 -13.63267 -25.24653 21.80611 -13.65689 -25.29136 21.74645 -16.06285 -23.77364 21.80611 -16.09138 -23.81586 21.74645 -18.33542 -22.06761 21.80611 -18.36799 -22.1068 21.74645 -20.42811 -20.14517 21.80611 -20.46441 -20.18094 21.74645 -22.3204 -18.02517 21.80611 -5.662975 -28.24263 21.6955 -5.676144 -28.30822 21.6545 -8.42857 -27.54331 21.6955 -8.448163 -27.60727 21.6545 -11.11143 -26.57388 21.6955 -11.13725 -26.63559 21.6545 -13.68525 -25.34385 21.6955 -13.71705 -25.40271 21.6545 -16.1248 -23.86528 21.6955 -16.16226 -23.92071 21.6545 -18.40614 -22.15268 21.6955 -18.4489 -22.20412 21.6545 -20.50689 -20.22283 21.6955 -20.55453 -20.26979 21.6545 -22.40648 -18.09466 21.6955 -22.45854 -18.13668 21.6545 -5.690426 -28.37929 21.62448 -8.469388 -27.67659 21.62448 -11.16523 -26.70247 21.62448 -13.75151 -25.46648 21.62448 -16.20285 -23.98076 21.62448 -18.49522 -22.25987 21.62448 -20.60615 -20.32068 21.62448 -5.70544 -28.45409 21.60616 -8.491726 -27.74953 21.60616 -11.19468 -26.77285 21.60616 -13.78778 -25.5336 21.60616 -16.24557 -24.04397 21.60616 -18.54399 -22.31854 21.60616 -20.66049 -20.37424 21.60616 -22.57429 -18.23013 21.60616 -24.99695 15.24335 0.5000019 -24.99695 15.24335 20.6 -24.91855 15.22395 0.5000019 -24.91855 15.22395 20.6 -24.84428 15.19217 0.5000019 -24.84428 15.19217 20.6 -24.7761 15.14886 0.5000019 -24.7761 15.14886 20.6 -24.7158 15.09513 0.5000019 -24.7158 15.09513 20.6 -24.66493 15.03239 0.5000019 -24.66493 15.03239 20.6 -24.62481 14.96228 0.5000019 -24.62481 14.96228 20.6 -24.59652 14.88663 0.5000019 -24.59652 14.88663 20.6 -24.58078 14.80741 0.5000019 -24.58078 14.80741 20.6 -24.578 14.72669 0.5000019 -24.578 14.72669 20.6 -24.58824 14.64656 0.5000019 -24.58824 14.64656 20.6 -24.61126 14.56914 0.5000019 -24.61126 14.56914 20.6 -24.26121 16.03222 21.58087 -24.60875 14.57338 20.71086 -24.58589 14.65045 20.70371 -24.57576 14.73023 20.69693 -24.57864 14.81064 20.69071 -24.62275 14.96504 20.68055 -24.66284 15.03498 20.67689 -24.71367 15.09763 20.6743 -24.77389 15.15133 20.67285 -24.91609 15.2266 20.67352 -24.99435 15.2462 20.67561 -24.97903 15.263 20.79778 -24.96539 15.27795 20.86147 -24.92544 15.3217 20.98906 -24.89572 15.35421 21.05888 -24.82859 15.42744 21.17975 -24.74284 15.52055 21.29297 -24.72799 15.53663 21.30946 -24.61566 15.65765 21.41287 -24.48394 15.79818 21.49818 -24.4244 15.86119 21.52701 -24.59388 14.59831 20.88984 -24.57193 14.67334 20.87133 -24.58065 14.62047 20.98299 -24.55948 14.69372 20.95875 -24.54188 14.68515 21.16909 -24.52292 14.75341 21.13402 -24.51301 14.73307 21.27054 -24.4956 14.79782 21.22999 -24.44781 14.84055 21.44536 -24.43367 14.89791 21.3963 -24.36445 14.97645 21.60795 -24.35408 15.02534 21.55226 -24.35 14.99984 21.63151 -24.34024 15.04735 21.57498 -24.24069 15.17519 21.77844 -24.2352 15.21315 21.71753 -24.11239 15.3775 21.89818 -24.11125 15.4058 21.83518 -24.05436 15.46781 21.93816 -24.05499 15.49218 21.87493 -23.8952 15.71179 22.01141 -23.90017 15.72663 21.94911 -24.56253 14.75117 20.85379 -24.55072 14.76986 20.93577 -24.51591 14.82478 21.10073 -24.48985 14.86581 21.19147 -24.43054 14.95877 21.34959 -24.35394 15.07799 21.49909 -24.34057 15.09867 21.52099 -24.23889 15.25512 21.65918 -24.11836 15.43822 21.77461 -24.06347 15.52072 21.81404 -23.912 15.74559 21.88889 -24.61049 14.98136 20.8113 -24.65048 15.05038 20.80175 -24.5995 14.99601 20.88002 -24.63942 15.0642 20.86742 -24.56704 15.03949 21.01948 -24.60669 15.1053 21.00087 -24.5426 15.07235 21.09707 -24.58207 15.13642 21.07524 -24.48666 15.14785 21.2341 -24.52572 15.20808 21.20684 -24.41383 15.24649 21.3662 -24.45242 15.30198 21.33408 -24.40109 15.26379 21.38579 -24.43959 15.31847 21.35298 -24.30356 15.3961 21.51111 -24.34146 15.44487 21.47415 -24.18705 15.55378 21.61865 -24.22429 15.59593 21.57856 -24.13377 15.62564 21.65629 -24.17071 15.66492 21.61524 -23.98607 15.82371 21.73033 -24.02226 15.8554 21.68775 -24.701 15.11247 20.79495 -24.68968 15.1258 20.85841 -24.65623 15.16542 20.98736 -24.6311 15.19541 21.05923 -24.57364 15.26449 21.18639 -24.49905 15.35504 21.30937 -24.486 15.37094 21.32764 -24.38636 15.49285 21.44479 -24.26762 15.63859 21.5458 -24.21339 15.70517 21.5813 -24.06328 15.88906 21.65157 -24.76075 15.16603 20.7911 -24.74902 15.17921 20.85323 -24.71443 15.21832 20.9793 -24.68846 15.24787 21.04942 -24.62927 15.31577 21.17324 -24.55265 15.40448 21.29262 -24.53929 15.42002 21.31033 -24.43733 15.53904 21.42363 -24.31622 15.68095 21.52099 -24.26101 15.74567 21.55511 -24.10846 15.92417 21.62237 -24.84195 15.19471 20.67259 -24.82821 15.20967 20.79028 -24.81593 15.22308 20.85201 -24.7798 15.26271 20.97688 -24.75276 15.29252 21.04607 -24.6913 15.3607 21.16769 -24.61207 15.44918 21.28421 -24.59828 15.46464 21.30143 -24.49333 15.58249 21.41112 -24.36917 15.72218 21.5046 -24.3127 15.78566 21.53713 -24.15706 15.96012 21.60063 -24.90159 15.24228 20.79253 -24.88867 15.25627 20.85478 -24.85074 15.29745 20.98016 -24.82242 15.32827 21.04925 -24.75827 15.39821 21.16988 -24.67595 15.48817 21.28433 -24.66165 15.5038 21.30113 -24.55319 15.6223 21.4075 -24.42543 15.76151 21.49695 -24.36749 15.82441 21.52771 -24.20825 15.99634 21.58673 -23.72105 15.9727 22.03973 -23.72314 15.9741 22.02179 -23.73008 15.97878 21.98035 -23.74499 15.9888 21.9227 -23.76324 16.0011 21.87301 -24.56595 14.8298 20.83767 -24.55458 14.84693 20.91464 -24.52108 14.89746 21.07004 -24.49592 14.93536 21.15591 -24.43849 15.02172 21.30632 -24.36404 15.13324 21.44964 -24.35103 15.15266 21.47073 -24.25174 15.30024 21.60459 -24.13357 15.47416 21.71762 -24.07965 15.55287 21.75661 -23.93048 15.76835 21.83173 -23.76555 16.00264 21.86764 -24.59443 14.8896 20.6852 -24.58206 14.9072 20.82338 -24.57098 14.92296 20.8959 -24.53827 14.96963 21.04273 -24.51364 15.00478 21.12418 -24.45735 15.08524 21.26752 -24.38415 15.18982 21.40501 -24.37135 15.20811 21.42533 -24.27343 15.34755 21.55488 -24.15663 15.51292 21.6653 -24.10322 15.58806 21.70371 -23.9553 15.79454 21.77858 -23.79146 16.02009 21.81597 -23.82235 16.04088 21.76844 -23.83952 16.05244 21.74645 -23.85775 16.06472 21.72575 -23.89718 16.09127 21.68851 -23.94006 16.12012 21.65727 -23.98573 16.15087 21.6325 -24.00464 16.16359 21.62448 -24.08281 16.21622 21.60365 -24.06793 16.2062 21.60616 -24.03355 16.18306 21.61453 -13.55078 25.65998 21.60616 -10.96576 26.87486 21.60509 -13.45002 25.46929 21.6955 -10.89047 26.69047 21.67938 -10.91413 26.74844 21.64519 -10.86888 26.6376 21.72213 -15.77784 23.85653 22.02179 -13.35656 25.29242 22.02237 -13.36517 25.30869 21.9455 -22.03817 18.22915 22.02179 -18.0462 22.18954 22.02179 -20.13974 20.30768 22.02179 -22.0523 18.24083 21.9455 -15.78794 23.8718 21.9455 -18.05777 22.20375 21.9455 -20.15265 20.32068 21.9455 -10.82072 26.51967 21.89229 -10.81131 26.49659 21.95914 -10.80598 26.48353 22.02179 -10.80557 26.48255 22.02885 -22.07544 18.25996 21.87301 -20.17379 20.34199 21.87301 -18.07672 22.22704 21.87301 -15.80452 23.89685 21.87301 -13.37919 25.33524 21.87301 -10.83364 26.55132 21.82968 -22.10704 18.28608 21.80611 -22.1463 18.31855 21.74645 -20.20266 20.3711 21.80611 -20.23855 20.40727 21.74645 -18.10258 22.25884 21.80611 -18.13473 22.29837 21.74645 -15.82713 23.93103 21.80611 -15.85525 23.97353 21.74645 -13.39834 25.37148 21.80611 -13.42215 25.41654 21.74645 -10.8498 26.5909 21.77257 -10.859 26.61342 21.74645 -22.19229 18.35657 21.6955 -20.28056 20.44962 21.6955 -18.17239 22.34465 21.6955 -15.88818 24.02328 21.6955 -22.24383 18.3992 21.6545 -20.32768 20.49711 21.6545 -18.21461 22.39653 21.6545 -15.92509 24.07908 21.6545 -13.48127 25.52843 21.6545 -10.93425 26.79769 21.62448 -22.29969 18.44539 21.62448 -22.35849 18.49401 21.60616 -20.37874 20.54857 21.62448 -20.43246 20.60273 21.60616 -18.26036 22.45276 21.62448 -18.30851 22.51194 21.60616 -15.96508 24.13952 21.62448 -16.00718 24.20315 21.60616 -13.51513 25.59253 21.62448 -10.9394 26.81032 21.62026 -10.45568 26.62299 22.00864 -10.52391 26.72779 21.74883 -10.50238 26.68824 21.80636 -10.48358 26.65718 21.86976 -10.46789 26.63527 21.93766 -10.62739 26.9517 21.59954 -10.6 26.88815 21.62294 -10.57324 26.82882 21.65613 -10.54769 26.77498 21.6984 -10.65484 27.01812 21.58642 -9.903486 26.83384 21.89963 -9.926771 26.84337 21.8284 -9.953016 26.86342 21.76046 -9.981625 26.89351 21.69737 -10.01194 26.933 21.64055 -10.04327 26.98095 21.59131 -10.07492 27.03627 21.55076 -10.10615 27.09771 21.51985 -10.13624 27.16387 21.49927 -10.16453 27.23323 21.48949 -9.390333 27.01819 21.70554 -9.424786 27.0252 21.63637 -9.461575 27.04355 21.57056 -9.499859 27.07276 21.50972 -9.538694 27.11215 21.4553 -9.577145 27.16075 21.40861 -9.614285 27.2174 21.37078 -9.649229 27.28075 21.34272 -9.681118 27.34926 21.32511 -9.70921 27.42128 21.31836 -8.915081 27.17912 21.42993 -8.960583 27.18393 21.36518 -9.007763 27.20076 21.30373 -9.055447 27.22917 21.24713 -9.102444 27.26845 21.19678 -9.147549 27.31763 21.15398 -9.189634 27.37545 21.11977 -9.227659 27.44048 21.09504 -9.260647 27.51107 21.08039 -9.287777 27.58545 21.07621 -8.485563 27.31663 21.07566 -8.541578 27.31957 21.01776 -8.5986 27.3351 20.9629 -8.655102 27.36282 20.91253 -8.709652 27.40202 20.86794 -8.760815 27.45167 20.8303 -8.807278 27.51049 20.80058 -8.847805 27.57695 20.77956 -8.881361 27.6493 20.76779 -8.907055 27.72569 20.76557 -8.132397 27.42412 20.67318 -8.197416 27.42563 20.62389 -8.262768 27.44017 20.57726 -8.326748 27.46737 20.53453 -8.387632 27.5065 20.49684 -8.443799 27.55652 20.4652 -8.493771 27.6161 20.44045 -8.53619 27.68364 20.42324 -8.569944 27.75737 20.41404 -8.594128 27.83529 20.41309 -8.324551 27.92565 19.98639 -8.301877 27.84649 19.98656 -8.26811 27.77168 19.9932 -8.224164 27.70325 20.00612 -8.171216 27.64306 20.02497 -8.110731 27.59275 20.04924 -8.044308 27.55367 20.07827 -7.973782 27.52688 20.11128 -7.901058 27.51313 20.14736 -7.828106 27.51276 20.18554 -8.143156 27.98434 19.56001 -8.121595 27.9044 19.5599 -8.087887 27.82891 19.56433 -8.04295 27.75993 19.57317 -7.988033 27.69936 19.58619 -7.924633 27.64885 19.60303 -7.854458 27.60981 19.62322 -7.779476 27.58328 19.64622 -7.701733 27.57 19.67139 -7.623333 27.57035 19.69804 -8.123547 27.99058 19.49973 -8.102108 27.91057 19.4996 -8.068417 27.835 19.50374 -8.023373 27.76597 19.51201 -7.968227 27.70535 19.52421 -7.904507 27.65483 19.53999 -7.83395 27.61579 19.55893 -7.75848 27.58928 19.58049 -7.680187 27.57606 19.6041 -7.601208 27.57647 19.6291 -8.020933 28.02294 19.05862 -8.000149 27.9425 19.05849 -7.966503 27.86657 19.06055 -7.920925 27.79725 19.06475 -7.864666 27.73642 19.07096 -7.799297 27.6858 19.07901 -7.726604 27.64677 19.08868 -7.648602 27.6204 19.09971 -7.56744 27.60743 19.11179 -7.485348 27.60822 19.12459 -7.985729 28.03391 18.6 -7.965176 27.95334 18.6 -7.93156 27.87729 18.6 -7.885799 27.80785 18.6 -7.829174 27.74697 18.6 -7.763226 27.69631 18.6 -7.6898 27.65728 18.6 -7.610928 27.63096 18.6 -7.528774 27.61808 18.6 -7.445629 27.61899 18.6 -34.63648 -14.52834 0.5000019 -34.61817 -14.60463 0.5000019 -34.58814 -14.67712 0.5000019 -34.54716 -14.74402 0.5000019 -34.49619 -14.80368 0.5000019 -34.43653 -14.85464 0.5000019 -34.36964 -14.89563 0.5000019 -34.29716 -14.92566 0.5000019 -34.22086 -14.94397 0.5000019 -27.06604 -9.957497 0.5000019 -27.06604 -9.957497 2.500006 -26.98301 -9.979395 0.5000019 -26.98301 -9.979395 2.500006 -26.90498 -10.01517 0.5000019 -26.90498 -10.01517 2.500006 -26.83419 -10.06377 0.5000019 -26.83419 -10.06377 2.500006 -26.77278 -10.12377 0.5000019 -26.77278 -10.12377 2.500006 -26.72253 -10.19339 0.5000019 -26.72253 -10.19339 2.500006 -26.60765 10.48907 0.5000019 -26.60765 10.48907 2.500006 -26.65803 10.42053 0.5000019 -26.65803 10.42053 2.500006 -26.71931 10.36152 0.5000019 -26.71931 10.36152 2.500006 -26.7897 10.31375 0.5000019 -26.7897 10.31375 2.500006 -26.86717 10.27861 0.5000019 -26.86717 10.27861 2.500006 -26.94947 10.25711 0.5000019 -26.94947 10.25711 2.500006 -34.63648 14.82809 0.5000019 -34.61817 14.90438 0.5000019 -34.58814 14.97687 0.5000019 -34.54716 15.04377 0.5000019 -34.49619 15.10343 0.5000019 -34.43653 15.15438 0.5000019 -34.36964 15.19538 0.5000019 -34.29716 15.2254 0.5000019 -34.22086 15.24372 0.5000019 -24.93759 14.81551 0.02447503 -25.00665 14.7831 0.006160736 -25.00222 14.77127 0.006160736 -24.99933 14.74625 0.006160736 -24.99975 14.75888 0.006160736 -25.00093 14.73371 0.006160736 -25.01292 14.79407 0.006160736 -24.94998 14.83718 0.02447503 -24.89018 14.87813 0.05450052 -25.02089 14.80388 0.006160736 -24.92885 14.79213 0.02447503 -24.92398 14.76765 0.02447503 -24.92311 14.74271 0.02447503 -24.92628 14.71795 0.02447503 -24.9657 14.85656 0.02447503 -24.91327 14.90662 0.05450052 -24.86488 14.95281 0.09549331 -25.03032 14.81229 0.006160736 -24.87196 14.8463 0.05450052 -24.85911 14.81196 0.05450052 -24.85197 14.776 0.05450052 -24.8507 14.73935 0.05450052 -24.85536 14.70298 0.05450052 -24.98433 14.87316 0.02447503 -24.94064 14.93101 0.05450052 -24.90033 14.98439 0.09549331 -24.86438 15.032 0.1464481 -25.04098 14.81906 0.006160736 -24.83497 14.91594 0.09549331 -24.8114 14.87472 0.09549331 -24.79477 14.83026 0.09549331 -24.78552 14.78369 0.09549331 -24.78387 14.73624 0.09549331 -24.7899 14.68915 0.09549331 -25.0054 14.88655 0.02447503 -24.9716 14.95067 0.05450052 -24.9404 15.00985 0.09549331 -24.91258 15.06263 0.1464481 -24.88882 15.1077 0.2061138 -25.05259 14.82404 0.006160736 -24.82173 14.99401 0.1464481 -24.78575 14.94964 0.1464481 -24.75738 14.90007 0.1464481 -24.73738 14.84658 0.1464481 -24.72625 14.79055 0.1464481 -24.72429 14.73348 0.1464481 -24.73153 14.67682 0.1464481 -25.02835 14.89637 0.02447503 -25.00531 14.9651 0.05450052 -24.98405 15.02853 0.09549331 -24.96508 15.08509 0.1464481 -24.9489 15.13341 0.2061138 -24.93586 15.17228 0.2730045 -25.06486 14.82707 0.006160736 -24.83366 15.07266 0.2061138 -24.78486 15.02919 0.2061138 -24.74371 14.97844 0.2061138 -24.71125 14.92172 0.2061138 -24.68837 14.86052 0.2061138 -24.67564 14.79642 0.2061138 -24.67338 14.73111 0.2061138 -24.68168 14.66629 0.2061138 -25.05258 14.90236 0.02447503 -25.04091 14.97391 0.05450052 -25.03013 15.03993 0.09549331 -25.02054 15.09881 0.1464481 -25.01233 15.1491 0.2061138 -25.00572 15.18956 0.2730045 -25.00088 15.2192 0.3454914 -25.07747 14.82809 0.006160736 -24.8697 15.14396 0.2730045 -24.80896 15.10537 0.2730045 -24.75522 15.0575 0.2730045 -24.70988 15.0016 0.2730045 -24.67415 14.93913 0.2730045 -24.64894 14.87172 0.2730045 -24.63492 14.80114 0.2730045 -24.63243 14.72921 0.2730045 -24.64157 14.65783 0.2730045 -25.07747 14.90438 0.02447503 -25.07747 14.97687 0.05450052 -25.07747 15.04377 0.09549331 -25.07747 15.10343 0.1464481 -25.07747 15.15438 0.2061138 -25.07747 15.19538 0.2730045 -25.07747 15.2254 0.3454914 -25.07747 15.24372 0.4217854 -24.92631 15.20075 0.3454914 -24.85569 15.17053 0.3454914 -24.79086 15.12933 0.3454914 -24.7335 15.07824 0.3454914 -24.68512 15.01857 0.3454914 -24.64697 14.95188 0.3454914 -24.62005 14.87993 0.3454914 -24.60508 14.80459 0.3454914 -24.60244 14.72782 0.3454914 -24.61219 14.65162 0.3454914 -24.99794 15.23728 0.4217854 -24.9205 15.21811 0.4217854 -24.84715 15.18673 0.4217854 -24.77981 15.14395 0.4217854 -24.72024 15.09088 0.4217854 -24.67 15.02892 0.4217854 -24.63038 14.95967 0.4217854 -24.60244 14.88494 0.4217854 -24.5869 14.8067 0.4217854 -24.58413 14.72697 0.4217854 -24.59427 14.64784 0.4217854 -24.617 14.57137 0.4217854 -24.63408 14.57799 0.3454914 -24.66208 14.58884 0.2730045 -24.7003 14.60366 0.2061138 -24.74781 14.62208 0.1464481 -24.80343 14.64364 0.09549331 -24.86581 14.66782 0.05450052 -24.93339 14.69403 0.02447503 -25.00453 14.7216 0.006160736 -24.65176 14.49956 0.4217854 -24.66754 14.50884 0.3454914 -24.69343 14.52406 0.2730045 -24.72876 14.54484 0.2061138 -24.77269 14.57067 0.1464481 -24.82411 14.60091 0.09549331 -24.88179 14.63481 0.05450052 -24.94427 14.67156 0.02447503 -25.01004 14.71023 0.006160736 -34.14265 15.24372 0.4217854 -34.14265 15.2254 0.3454914 -34.14265 15.19538 0.2730045 -34.14265 15.15438 0.2061138 -34.14265 15.10343 0.1464481 -34.14265 15.04377 0.09549331 -34.14265 14.97687 0.05450052 -34.14265 14.90438 0.02447503 -34.14265 14.82809 0.006160736 -25.68885 12.57035 0.4217854 -26.57533 10.56744 0.4217854 -26.59234 10.57421 0.3454914 -25.70532 12.5784 0.3454914 -26.62025 10.5853 0.2730045 -25.73228 12.59159 0.2730045 -26.65834 10.60044 0.2061138 -25.76912 12.60961 0.2061138 -26.7057 10.61927 0.1464481 -25.81488 12.63199 0.1464481 -26.76114 10.64131 0.09549331 -25.86847 12.65821 0.09549331 -26.8233 10.66602 0.05450052 -25.92857 12.68761 0.05450052 -26.89067 10.6928 0.02447503 -25.99368 12.71946 0.02447503 -26.96156 10.72098 0.006160736 -26.06221 12.75299 0.006160736 -34.63648 14.74987 0.4217854 -34.63041 14.82713 0.4217854 -34.23347 14.87487 0.02447503 -34.18862 14.81315 0.006160736 -34.17815 14.81957 0.006160736 -34.15488 14.82713 0.006160736 -34.19796 14.80518 0.006160736 -34.2519 14.85913 0.02447503 -34.30315 14.91038 0.05450052 -34.20592 14.79585 0.006160736 -34.21279 14.88754 0.02447503 -34.16682 14.82426 0.006160736 -34.19039 14.89682 0.02447503 -34.16682 14.90248 0.02447503 -34.26765 14.84069 0.02447503 -34.32629 14.8833 0.05450052 -34.38041 14.92262 0.09549331 -34.21233 14.78538 0.006160736 -34.27607 14.93351 0.05450052 -34.2457 14.95213 0.05450052 -34.21279 14.96576 0.05450052 -34.17815 14.97407 0.05450052 -34.28031 14.82002 0.02447503 -34.3449 14.85292 0.05450052 -34.4045 14.8833 0.09549331 -34.45766 14.91038 0.1464481 -34.21703 14.77404 0.006160736 -34.35046 14.95769 0.09549331 -34.31539 14.98764 0.09549331 -34.27607 15.01174 0.09549331 -34.23347 15.02938 0.09549331 -34.18862 15.04015 0.09549331 -34.28959 14.79762 0.02447503 -34.35853 14.82002 0.05450052 -34.42216 14.84069 0.09549331 -34.47889 14.85913 0.1464481 -34.52735 14.87487 0.2061138 -34.2199 14.76211 0.006160736 -34.42867 14.95769 0.1464481 -34.39265 14.99987 0.1464481 -34.35046 15.03591 0.1464481 -34.30315 15.06489 0.1464481 -34.2519 15.08612 0.1464481 -34.19796 15.09907 0.1464481 -34.29525 14.77404 0.02447503 -34.36684 14.78538 0.05450052 -34.43291 14.79585 0.09549331 -34.49184 14.80518 0.1464481 -34.54217 14.81315 0.2061138 -34.58266 14.81957 0.2730045 -34.22086 14.74987 0.006160736 -34.50306 14.93351 0.2061138 -34.4699 14.98764 0.2061138 -34.42867 15.03591 0.2061138 -34.38041 15.07713 0.2061138 -34.32629 15.11029 0.2061138 -34.26765 15.13459 0.2061138 -34.20592 15.1494 0.2061138 -34.29716 14.74987 0.02447503 -34.36964 14.74987 0.05450052 -34.43653 14.74987 0.09549331 -34.49619 14.74987 0.1464481 -34.54716 14.74987 0.2061138 -34.58814 14.74987 0.2730045 -34.61817 14.74987 0.3454914 -34.56634 14.88754 0.2730045 -34.53959 14.95213 0.2730045 -34.50306 15.01174 0.2730045 -34.45766 15.06489 0.2730045 -34.4045 15.11029 0.2730045 -34.3449 15.14682 0.2730045 -34.28031 15.17357 0.2730045 -34.21233 15.18989 0.2730045 -34.61231 14.82426 0.3454914 -34.5949 14.89682 0.3454914 -34.56634 14.96576 0.3454914 -34.52735 15.02938 0.3454914 -34.47889 15.08612 0.3454914 -34.42216 15.13459 0.3454914 -34.35853 15.17357 0.3454914 -34.28959 15.20213 0.3454914 -34.21703 15.21955 0.3454914 -34.61231 14.90248 0.4217854 -34.58266 14.97407 0.4217854 -34.54217 15.04015 0.4217854 -34.49184 15.09907 0.4217854 -34.43291 15.1494 0.4217854 -34.36684 15.18989 0.4217854 -34.29525 15.21955 0.4217854 -34.2199 15.23764 0.4217854 -26.93692 10.62986 0.02447503 -26.98497 10.68912 0.006160736 -26.99598 10.68165 0.006160736 -26.97538 10.69835 0.006160736 -26.91798 10.6481 0.02447503 -26.86344 10.60035 0.05450052 -26.96751 10.70908 0.006160736 -26.90242 10.66928 0.02447503 -26.84057 10.63147 0.05450052 -26.78349 10.59658 0.09549331 -26.6129 10.49228 0.4217854 -26.62852 10.50183 0.3454914 -26.65414 10.5175 0.2730045 -26.68911 10.53888 0.2061138 -26.73259 10.56546 0.1464481 -26.66266 10.42459 0.4217854 -26.67645 10.43665 0.3454914 -26.69903 10.45642 0.2730045 -26.72987 10.48343 0.2061138 -26.76822 10.51699 0.1464481 -26.81311 10.55629 0.09549331 -26.72319 10.36631 0.4217854 -26.73472 10.38053 0.3454914 -26.75363 10.40385 0.2730045 -26.77946 10.43569 0.2061138 -26.81155 10.47527 0.1464481 -26.84912 10.5216 0.09549331 -26.89126 10.57357 0.05450052 -26.79271 10.31913 0.4217854 -26.80166 10.3351 0.3454914 -26.81634 10.36129 0.2730045 -26.83639 10.39704 0.2061138 -26.86132 10.44149 0.1464481 -26.8905 10.49353 0.09549331 -26.92321 10.55188 0.05450052 -26.95867 10.61511 0.02447503 -26.86923 10.28441 0.4217854 -26.87535 10.30168 0.3454914 -26.88537 10.32997 0.2730045 -26.89907 10.36862 0.2061138 -26.9161 10.41664 0.1464481 -26.93603 10.47287 0.09549331 -26.95838 10.53592 0.05450052 -26.9826 10.60424 0.02447503 -27.0081 10.67615 0.006160736 -27.02098 10.67279 0.006160736 -27.00804 10.5976 0.02447503 -26.99575 10.52616 0.05450052 -26.98442 10.46023 0.09549331 -26.9743 10.40144 0.1464481 -26.96566 10.35122 0.2061138 -26.95872 10.31082 0.2730045 -26.95362 10.28123 0.3454914 -26.95051 10.26318 0.4217854 -27.03424 10.25603 0.4217854 -27.03424 10.27435 0.3454914 -27.03424 10.30437 0.2730045 -27.03424 10.34536 0.2061138 -27.03424 10.39632 0.1464481 -27.03424 10.45598 0.09549331 -27.03424 10.52288 0.05450052 -27.03424 10.59536 0.02447503 -27.03424 10.67166 0.006160736 -34.22086 10.67166 0.006160736 -34.29716 10.59536 0.02447503 -34.36964 10.52288 0.05450052 -34.43653 10.45598 0.09549331 -34.49619 10.39632 0.1464481 -34.54716 10.34536 0.2061138 -34.56896 10.32355 0.2387542 -34.58814 10.30437 0.2730045 -34.60459 10.28794 0.3086624 -34.61817 10.27435 0.3454914 -34.62884 10.26369 0.3832798 -34.63648 10.25603 0.4217854 -34.6411 10.25142 0.4607735 -24.82281 -14.2049 0.4217854 -25.83165 -12.27443 0.4217854 -24.83871 -14.214 0.3454914 -25.84819 -12.28228 0.3454914 -24.86476 -14.2289 0.2730045 -25.87532 -12.29517 0.2730045 -24.90034 -14.24926 0.2061138 -25.91234 -12.31276 0.2061138 -24.94458 -14.27456 0.1464481 -25.95836 -12.33462 0.1464481 -24.99637 -14.30419 0.09549331 -26.01225 -12.36022 0.09549331 -25.05443 -14.33741 0.05450052 -26.07269 -12.38892 0.05450052 -25.11735 -14.3734 0.02447503 -26.13817 -12.42003 0.02447503 -25.18358 -14.41129 0.006160736 -26.20707 -12.45276 0.006160736 -26.69069 -10.27278 0.4217854 -26.70778 -10.27936 0.3454914 -26.73579 -10.29014 0.2730045 -26.77406 -10.30486 0.2061138 -26.8216 -10.32316 0.1464481 -26.87728 -10.34459 0.09549331 -26.93972 -10.36861 0.05450052 -27.00738 -10.39464 0.02447503 -27.07858 -10.42204 0.006160736 -25.13327 -14.54964 0.02447503 -25.19162 -14.5005 0.006160736 -25.20126 -14.51011 0.006160736 -25.22476 -14.52364 0.006160736 -25.21241 -14.5179 0.006160736 -25.23791 -14.52716 0.006160736 -25.1838 -14.48937 0.006160736 -25.11781 -14.52764 0.02447503 -25.0551 -14.56401 0.05450052 -25.17802 -14.47705 0.006160736 -25.15229 -14.56862 0.02447503 -25.17434 -14.58401 0.02447503 -25.19871 -14.59535 0.02447503 -25.22468 -14.6023 0.02447503 -25.1064 -14.50331 0.02447503 -25.03834 -14.52826 0.05450052 -24.97552 -14.55128 0.09549331 -25.17447 -14.46391 0.006160736 -25.07782 -14.59632 0.05450052 -25.10577 -14.62421 0.05450052 -25.13817 -14.64682 0.05450052 -25.17396 -14.66348 0.05450052 -25.21211 -14.67369 0.05450052 -25.09938 -14.47736 0.02447503 -25.02801 -14.49013 0.05450052 -24.96217 -14.50192 0.09549331 -24.90344 -14.51244 0.1464481 -25.17325 -14.45036 0.006160736 -24.99724 -14.59758 0.09549331 -25.02664 -14.63941 0.09549331 -25.06285 -14.67551 0.09549331 -25.10476 -14.70479 0.09549331 -25.15112 -14.72636 0.09549331 -25.20051 -14.73957 0.09549331 -25.09695 -14.45058 0.02447503 -25.02446 -14.4508 0.05450052 -24.95758 -14.451 0.09549331 -24.8979 -14.45118 0.1464481 -24.84695 -14.45133 0.2061138 -25.17439 -14.4368 0.006160736 -24.91951 -14.57182 0.1464481 -24.94563 -14.62751 0.1464481 -24.981 -14.67783 0.1464481 -25.02456 -14.72126 0.1464481 -25.07498 -14.75649 0.1464481 -25.13076 -14.78244 0.1464481 -25.19018 -14.79833 0.1464481 -25.09921 -14.4238 0.02447503 -25.02778 -14.41145 0.05450052 -24.96187 -14.40005 0.09549331 -24.90307 -14.38988 0.1464481 -24.85287 -14.3812 0.2061138 -24.81247 -14.37421 0.2730045 -25.17787 -14.42364 0.006160736 -24.85328 -14.52142 0.2061138 -24.87167 -14.58936 0.2061138 -24.90155 -14.65307 0.2061138 -24.94203 -14.71065 0.2061138 -24.99186 -14.76034 0.2061138 -25.04956 -14.80064 0.2061138 -25.11337 -14.83033 0.2061138 -25.18135 -14.84851 0.2061138 -25.10608 -14.39781 0.02447503 -25.03787 -14.37326 0.05450052 -24.97493 -14.35061 0.09549331 -24.91879 -14.33041 0.1464481 -24.87085 -14.31316 0.2061138 -24.83227 -14.29928 0.2730045 -24.80403 -14.28911 0.3454914 -24.80597 -14.45145 0.2730045 -24.81294 -14.52865 0.2730045 -24.83317 -14.60346 0.2730045 -24.86609 -14.67364 0.2730045 -24.91066 -14.73705 0.2730045 -24.96556 -14.79178 0.2730045 -25.0291 -14.83616 0.2730045 -25.09936 -14.86886 0.2730045 -25.17424 -14.88889 0.2730045 -24.78288 -14.3691 0.3454914 -24.77594 -14.45154 0.3454914 -24.78338 -14.53394 0.3454914 -24.80499 -14.6138 0.3454914 -24.84012 -14.68871 0.3454914 -24.88769 -14.75639 0.3454914 -24.94627 -14.81481 0.3454914 -25.01411 -14.86218 0.3454914 -25.08912 -14.89708 0.3454914 -25.16903 -14.91846 0.3454914 -24.78679 -14.28291 0.4217854 -24.76484 -14.36598 0.4217854 -24.75763 -14.4516 0.4217854 -24.76535 -14.53717 0.4217854 -24.78779 -14.6201 0.4217854 -24.82426 -14.69789 0.4217854 -24.87368 -14.76819 0.4217854 -24.93452 -14.82885 0.4217854 -25.00497 -14.87805 0.4217854 -25.08287 -14.9143 0.4217854 -25.16586 -14.9365 0.4217854 -25.25146 -14.94397 0.4217854 -25.25146 -14.92566 0.3454914 -25.25146 -14.89563 0.2730045 -25.25146 -14.85464 0.2061138 -25.25146 -14.80368 0.1464481 -25.25146 -14.74402 0.09549331 -25.25146 -14.67712 0.05450052 -25.25146 -14.60463 0.02447503 -25.25146 -14.52834 0.006160736 -27.07537 -10.31572 0.02447503 -27.113 -10.38208 0.006160736 -27.10192 -10.38969 0.006160736 -27.12521 -10.37649 0.006160736 -27.0995 -10.30466 0.02447503 -27.07505 -10.23642 0.05450052 -27.13819 -10.37306 0.006160736 -27.12515 -10.2979 0.02447503 -27.11274 -10.22648 0.05450052 -27.1013 -10.16057 0.09549331 -27.15158 -10.37191 0.006160736 -27.15158 -10.29562 0.02447503 -27.15158 -10.22313 0.05450052 -27.15158 -10.15623 0.09549331 -27.15158 -10.09657 0.1464481 -27.06709 -9.963562 0.4217854 -27.15158 -9.956282 0.4217854 -27.07023 -9.98161 0.3454914 -27.15158 -9.974598 0.3454914 -27.07536 -10.01119 0.2730045 -27.15158 -10.00462 0.2730045 -27.08238 -10.05158 0.2061138 -27.15158 -10.04562 0.2061138 -27.09109 -10.10179 0.1464481 -26.9851 -9.98519 0.4217854 -26.99127 -10.00243 0.3454914 -27.00138 -10.0307 0.2730045 -27.01521 -10.0693 0.2061138 -27.03239 -10.11727 0.1464481 -27.0525 -10.17344 0.09549331 -26.908 -10.02053 0.4217854 -26.91705 -10.03646 0.3454914 -26.93185 -10.06258 0.2730045 -26.95207 -10.09824 0.2061138 -26.9772 -10.14257 0.1464481 -27.00663 -10.19447 0.09549331 -27.03962 -10.25266 0.05450052 -26.8381 -10.06853 0.4217854 -26.84973 -10.08268 0.3454914 -26.86878 -10.10588 0.2730045 -26.89482 -10.13756 0.2061138 -26.92715 -10.17693 0.1464481 -26.96502 -10.22303 0.09549331 -27.00749 -10.27473 0.05450052 -27.05349 -10.33074 0.02447503 -26.77745 -10.12779 0.4217854 -26.79132 -10.13974 0.3454914 -26.81407 -10.15934 0.2730045 -26.84512 -10.1861 0.2061138 -26.88372 -10.21936 0.1464481 -26.92892 -10.2583 0.09549331 -26.97961 -10.30196 0.05450052 -27.03453 -10.34928 0.02447503 -27.09231 -10.39907 0.006160736 -27.08445 -10.40996 0.006160736 -27.01899 -10.37079 0.02447503 -26.9568 -10.33357 0.05450052 -26.89939 -10.29922 0.09549331 -26.84819 -10.26858 0.1464481 -26.80447 -10.24242 0.2061138 -26.76928 -10.22137 0.2730045 -26.74353 -10.20595 0.3454914 -26.72781 -10.19655 0.4217854 -34.14265 -14.52834 0.006160736 -34.14265 -14.60463 0.02447503 -34.14265 -14.67712 0.05450052 -34.14265 -14.74402 0.09549331 -34.14265 -14.80368 0.1464481 -34.14265 -14.85464 0.2061138 -34.14265 -14.89563 0.2730045 -34.14265 -14.92566 0.3454914 -34.14265 -14.94397 0.4217854 -34.22086 -10.37191 0.006160736 -34.29716 -10.29562 0.02447503 -34.36964 -10.22313 0.05450052 -34.43653 -10.15623 0.09549331 -34.49619 -10.09657 0.1464481 -34.54716 -10.04562 0.2061138 -34.56896 -10.02381 0.2387542 -34.58814 -10.00462 0.2730045 -34.60459 -9.988186 0.3086624 -34.61817 -9.974598 0.3454914 -34.62884 -9.963942 0.3832798 -34.63648 -9.956282 0.4217854 -34.6411 -9.951668 0.4607735 -34.2199 -14.93789 0.4217854 -34.26765 -14.54094 0.02447503 -34.20592 -14.4961 0.006160736 -34.21233 -14.48564 0.006160736 -34.22086 -14.45013 0.006160736 -34.2199 -14.46236 0.006160736 -34.19796 -14.50543 0.006160736 -34.2519 -14.55938 0.02447503 -34.30315 -14.61064 0.05450052 -34.18862 -14.5134 0.006160736 -34.28031 -14.52027 0.02447503 -34.21703 -14.4743 0.006160736 -34.28959 -14.49787 0.02447503 -34.29525 -14.4743 0.02447503 -34.29716 -14.45013 0.02447503 -34.23347 -14.57513 0.02447503 -34.27607 -14.63377 0.05450052 -34.31539 -14.68789 0.09549331 -34.17815 -14.51982 0.006160736 -34.32629 -14.58355 0.05450052 -34.3449 -14.55318 0.05450052 -34.35853 -14.52027 0.05450052 -34.36684 -14.48564 0.05450052 -34.36964 -14.45013 0.05450052 -34.21279 -14.58779 0.02447503 -34.2457 -14.65238 0.05450052 -34.27607 -14.71199 0.09549331 -34.30315 -14.76514 0.1464481 -34.16682 -14.52451 0.006160736 -34.35046 -14.65794 0.09549331 -34.38041 -14.62287 0.09549331 -34.4045 -14.58355 0.09549331 -34.42216 -14.54094 0.09549331 -34.43291 -14.4961 0.09549331 -34.43653 -14.45013 0.09549331 -34.19039 -14.59707 0.02447503 -34.21279 -14.66601 0.05450052 -34.23347 -14.72964 0.09549331 -34.2519 -14.78637 0.1464481 -34.26765 -14.83484 0.2061138 -34.15488 -14.52738 0.006160736 -34.35046 -14.73616 0.1464481 -34.39265 -14.70013 0.1464481 -34.42867 -14.65794 0.1464481 -34.45766 -14.61064 0.1464481 -34.47889 -14.55938 0.1464481 -34.49184 -14.50543 0.1464481 -34.49619 -14.45013 0.1464481 -34.16682 -14.60273 0.02447503 -34.17815 -14.67433 0.05450052 -34.18862 -14.7404 0.09549331 -34.19796 -14.79933 0.1464481 -34.20592 -14.84965 0.2061138 -34.21233 -14.89014 0.2730045 -34.32629 -14.81054 0.2061138 -34.38041 -14.77738 0.2061138 -34.42867 -14.73616 0.2061138 -34.4699 -14.68789 0.2061138 -34.50306 -14.63377 0.2061138 -34.52735 -14.57513 0.2061138 -34.54217 -14.5134 0.2061138 -34.54716 -14.45013 0.2061138 -34.28031 -14.87382 0.2730045 -34.3449 -14.84707 0.2730045 -34.4045 -14.81054 0.2730045 -34.45766 -14.76514 0.2730045 -34.50306 -14.71199 0.2730045 -34.53959 -14.65238 0.2730045 -34.56634 -14.58779 0.2730045 -34.58266 -14.51982 0.2730045 -34.58814 -14.45013 0.2730045 -34.21703 -14.9198 0.3454914 -34.28959 -14.90238 0.3454914 -34.35853 -14.87382 0.3454914 -34.42216 -14.83484 0.3454914 -34.47889 -14.78637 0.3454914 -34.52735 -14.72964 0.3454914 -34.56634 -14.66601 0.3454914 -34.5949 -14.59707 0.3454914 -34.61231 -14.52451 0.3454914 -34.61817 -14.45013 0.3454914 -34.29525 -14.9198 0.4217854 -34.36684 -14.89014 0.4217854 -34.43291 -14.84965 0.4217854 -34.49184 -14.79933 0.4217854 -34.54217 -14.7404 0.4217854 -34.58266 -14.67433 0.4217854 -34.61231 -14.60273 0.4217854 -34.63041 -14.52738 0.4217854 -34.63648 -14.45013 0.4217854 -27.15158 -10.37191 2.993845 -27.15158 -10.29562 2.975531 -27.15158 -10.22313 2.945505 -27.15158 -10.15623 2.904512 -27.15158 -10.09657 2.853558 -27.15158 -10.04562 2.793894 -27.15158 -10.00462 2.727001 -27.15158 -9.974598 2.654516 -27.15158 -9.956282 2.578222 -27.05349 -10.33074 2.975531 -27.10192 -10.38969 2.993845 -27.113 -10.38208 2.993845 -27.09231 -10.39907 2.993845 -27.03453 -10.34928 2.975531 -26.97961 -10.30196 2.945505 -27.08445 -10.40996 2.993845 -27.01899 -10.37079 2.975531 -26.9568 -10.33357 2.945505 -26.89939 -10.29922 2.904512 -27.07858 -10.42204 2.993845 -27.00738 -10.39464 2.975531 -26.93972 -10.36861 2.945505 -26.87728 -10.34459 2.904512 -26.8216 -10.32316 2.853558 -26.72781 -10.19655 2.578222 -26.69069 -10.27278 2.578222 -26.74353 -10.20595 2.654516 -26.70778 -10.27936 2.654516 -26.76928 -10.22137 2.727001 -26.73579 -10.29014 2.727001 -26.80447 -10.24242 2.793894 -26.77406 -10.30486 2.793894 -26.84819 -10.26858 2.853558 -26.77745 -10.12779 2.578222 -26.79132 -10.13974 2.654516 -26.81407 -10.15934 2.727001 -26.84512 -10.1861 2.793894 -26.88372 -10.21936 2.853558 -26.92892 -10.2583 2.904512 -26.8381 -10.06853 2.578222 -26.84973 -10.08268 2.654516 -26.86878 -10.10588 2.727001 -26.89482 -10.13756 2.793894 -26.92715 -10.17693 2.853558 -26.96502 -10.22303 2.904512 -27.00749 -10.27473 2.945505 -26.908 -10.02053 2.578222 -26.91705 -10.03646 2.654516 -26.93185 -10.06258 2.727001 -26.95207 -10.09824 2.793894 -26.9772 -10.14257 2.853558 -27.00663 -10.19447 2.904512 -27.03962 -10.25266 2.945505 -27.07537 -10.31572 2.975531 -26.9851 -9.98519 2.578222 -26.99127 -10.00243 2.654516 -27.00138 -10.0307 2.727001 -27.01521 -10.0693 2.793894 -27.03239 -10.11727 2.853558 -27.0525 -10.17344 2.904512 -27.07505 -10.23642 2.945505 -27.0995 -10.30466 2.975531 -27.12521 -10.37649 2.993845 -27.13819 -10.37306 2.993845 -27.12515 -10.2979 2.975531 -27.11274 -10.22648 2.945505 -27.1013 -10.16057 2.904512 -27.09109 -10.10179 2.853558 -27.08238 -10.05158 2.793894 -27.07536 -10.01119 2.727001 -27.07023 -9.98161 2.654516 -27.06709 -9.963562 2.578222 -27.03424 10.25603 2.578222 -27.03424 10.27435 2.654516 -27.03424 10.30437 2.727001 -27.03424 10.34536 2.793894 -27.03424 10.39632 2.853558 -27.03424 10.45598 2.904512 -27.03424 10.52288 2.945505 -27.03424 10.59536 2.975531 -27.03424 10.67166 2.993845 -26.95867 10.61511 2.975531 -26.99598 10.68165 2.993845 -26.98497 10.68912 2.993845 -27.0081 10.67615 2.993845 -26.9826 10.60424 2.975531 -26.95838 10.53592 2.945505 -27.02098 10.67279 2.993845 -27.00804 10.5976 2.975531 -26.99575 10.52616 2.945505 -26.98442 10.46023 2.904512 -26.95051 10.26318 2.578222 -26.95362 10.28123 2.654516 -26.95872 10.31082 2.727001 -26.96566 10.35122 2.793894 -26.9743 10.40144 2.853558 -26.86923 10.28441 2.578222 -26.87535 10.30168 2.654516 -26.88537 10.32997 2.727001 -26.89907 10.36862 2.793894 -26.9161 10.41664 2.853558 -26.93603 10.47287 2.904512 -26.79271 10.31913 2.578222 -26.80166 10.3351 2.654516 -26.81634 10.36129 2.727001 -26.83639 10.39704 2.793894 -26.86132 10.44149 2.853558 -26.8905 10.49353 2.904512 -26.92321 10.55188 2.945505 -26.72319 10.36631 2.578222 -26.73472 10.38053 2.654516 -26.75363 10.40385 2.727001 -26.77946 10.43569 2.793894 -26.81155 10.47527 2.853558 -26.84912 10.5216 2.904512 -26.89126 10.57357 2.945505 -26.93692 10.62986 2.975531 -26.66266 10.42459 2.578222 -26.67645 10.43665 2.654516 -26.69903 10.45642 2.727001 -26.72987 10.48343 2.793894 -26.76822 10.51699 2.853558 -26.81311 10.55629 2.904512 -26.86344 10.60035 2.945505 -26.91798 10.6481 2.975531 -26.97538 10.69835 2.993845 -26.96751 10.70908 2.993845 -26.90242 10.66928 2.975531 -26.84057 10.63147 2.945505 -26.78349 10.59658 2.904512 -26.73259 10.56546 2.853558 -26.68911 10.53888 2.793894 -26.65414 10.5175 2.727001 -26.62852 10.50183 2.654516 -26.6129 10.49228 2.578222 -26.57533 10.56744 2.578222 -26.59234 10.57421 2.654516 -26.62025 10.5853 2.727001 -26.65834 10.60044 2.793894 -26.7057 10.61927 2.853558 -26.76114 10.64131 2.904512 -26.8233 10.66602 2.945505 -26.89067 10.6928 2.975531 -26.96156 10.72098 2.993845 -13.87527 25.01157 36.17822 -16.33444 23.47876 36.17822 -20.72618 19.70857 36.17822 -28.56208 1.44875 36.17822 -28.56208 -1.449003 36.17822 -28.26893 -4.331892 36.17822 -22.61371 -17.51012 36.17822 -20.72618 -19.70882 36.17822 -5.751019 -28.02071 36.17822 -2.886684 -28.45952 36.17822 -8.680691 -27.69095 36.59384 -11.43756 -26.66992 36.59384 -8.657864 -27.61816 36.57553 -11.40748 -26.59981 36.57553 -8.636166 -27.54899 36.54551 -11.37889 -26.5332 36.54551 -8.616131 -27.48517 36.50451 -11.3525 -26.47172 36.50451 -8.598278 -27.42824 36.45355 -11.32898 -26.4169 36.45355 -8.583021 -27.37962 36.39389 -11.30888 -26.37007 36.39389 -8.570753 -27.3405 36.32699 -11.29272 -26.3324 36.32699 -8.561764 -27.31186 36.25451 -11.28088 -26.30481 36.25451 -8.556286 -27.29438 36.17822 -11.27366 -26.28798 36.17822 -14.07698 -25.37523 36.59384 -14.03996 -25.30852 36.57553 -14.00477 -25.24514 36.54551 -13.9723 -25.18665 36.50451 -13.94336 -25.13448 36.45355 -13.91862 -25.08993 36.39389 -13.89874 -25.05409 36.32699 -13.88417 -25.02784 36.25451 -13.87527 -25.01182 36.17822 -18.89665 -22.02064 36.59384 -21.02743 -19.99518 36.59384 -18.84695 -21.96275 36.57553 -20.97213 -19.94261 36.57553 -18.79974 -21.90775 36.54551 -20.9196 -19.89267 36.54551 -18.75616 -21.857 36.50451 -20.87111 -19.84658 36.50451 -18.7173 -21.81173 36.45355 -20.82786 -19.80548 36.45355 -18.68409 -21.77306 36.39389 -20.79094 -19.77037 36.39389 -18.65739 -21.74196 36.32699 -20.76123 -19.74213 36.32699 -18.63784 -21.71918 36.25451 -20.73947 -19.72144 36.25451 -18.62591 -21.70528 36.17822 -24.62182 -15.3516 36.59384 -26.04854 -12.78115 36.59384 -24.55708 -15.31125 36.57553 -25.98004 -12.74755 36.57553 -24.49556 -15.27291 36.54551 -25.91496 -12.71563 36.54551 -24.43879 -15.23752 36.50451 -25.8549 -12.68617 36.50451 -24.38815 -15.20596 36.45355 -25.80134 -12.65989 36.45355 -24.34492 -15.17901 36.39389 -25.7556 -12.63745 36.39389 -24.31012 -15.15732 36.32699 -25.71879 -12.6194 36.32699 -24.28465 -15.14144 36.25451 -25.69183 -12.60618 36.25451 -24.2691 -15.13176 36.17822 -25.67538 -12.59811 36.17822 -27.20788 -10.07954 36.59384 -27.13635 -10.05305 36.57553 -27.06837 -10.02787 36.54551 -27.00564 -10.00464 36.50451 -26.94969 -9.983919 36.45355 -26.9019 -9.966221 36.39389 -26.86346 -9.951983 36.32699 -26.83531 -9.941555 36.25451 -26.81813 -9.935194 36.17822 -28.67976 4.394581 36.59384 -28.08796 7.274258 36.59384 -28.60435 4.383022 36.57553 -28.01412 7.255138 36.57553 -28.53269 4.372051 36.54551 -27.94393 7.236965 36.54551 -28.46656 4.361919 36.50451 -27.87918 7.220196 36.50451 -28.4076 4.352886 36.45355 -27.82142 7.205242 36.45355 -28.35723 4.345165 36.39389 -27.77209 7.192471 36.39389 -28.31671 4.338963 36.32699 -27.73242 7.182194 36.32699 -28.28703 4.334415 36.25451 -27.70335 7.174671 36.25451 -28.26893 4.331638 36.17822 -27.68562 7.170078 36.17822 -27.20788 10.07929 36.59384 -27.13635 10.05279 36.57553 -27.06837 10.02762 36.54551 -27.00564 10.00438 36.50451 -26.94969 9.98367 36.45355 -26.9019 9.96597 36.39389 -26.86346 9.951733 36.32699 -26.83531 9.941305 36.25451 -26.81813 9.934942 36.17822 -26.04854 12.7809 36.59384 -24.62182 15.35135 36.59384 -25.98004 12.7473 36.57553 -24.55708 15.31099 36.57553 -25.91496 12.71537 36.54551 -24.49556 15.27266 36.54551 -25.8549 12.68592 36.50451 -24.43879 15.23727 36.50451 -25.80134 12.65964 36.45355 -24.38815 15.20571 36.45355 -25.7556 12.6372 36.39389 -24.34492 15.17875 36.39389 -25.71879 12.61914 36.32699 -24.31012 15.15707 36.32699 -25.69183 12.60592 36.25451 -24.28465 15.14119 36.25451 -25.67538 12.59786 36.17822 -24.2691 15.1315 36.17822 -22.94236 17.76428 36.59384 -22.88205 17.71758 36.57553 -22.82472 17.67321 36.54551 -22.77182 17.63227 36.50451 -22.72464 17.59575 36.45355 -22.68435 17.56456 36.39389 -22.65193 17.53946 36.32699 -22.62819 17.52108 36.25451 -22.61371 17.50988 36.17822 -11.43756 26.66967 36.59384 -8.680691 27.6907 36.59384 -11.40748 26.59956 36.57553 -8.657864 27.61791 36.57553 -11.37889 26.53295 36.54551 -8.636166 27.54874 36.54551 -11.3525 26.47147 36.50451 -8.616131 27.48491 36.50451 -11.32898 26.41665 36.45355 -8.598278 27.42798 36.45355 -11.30888 26.36982 36.39389 -8.583021 27.37937 36.39389 -11.29272 26.33215 36.32699 -8.570753 27.34025 36.32699 -11.28088 26.30455 36.25451 -8.561764 27.31161 36.25451 -11.27366 26.28772 36.17822 -8.556286 27.29413 36.17822 -5.834698 28.42758 36.59384 -5.819332 28.35285 36.57553 -5.804745 28.28185 36.54551 -5.791271 28.21632 36.50451 -5.779263 28.15788 36.45355 -5.769009 28.10797 36.39389 -5.760754 28.06781 36.32699 -5.754711 28.0384 36.25451 -5.751019 28.02046 36.17822 -2.928738 -28.87301 36.59384 -2.921017 -28.79711 36.57553 -2.913677 -28.725 36.54551 -2.906918 -28.65844 36.50451 -2.900875 -28.59908 36.45355 -2.895718 -28.54839 36.39389 -2.891567 -28.50761 36.32699 -2.888546 -28.47773 36.25451 -5.834698 -28.42783 36.59384 -5.819332 -28.3531 36.57553 -5.804745 -28.2821 36.54551 -5.791271 -28.21657 36.50451 -5.779263 -28.15813 36.45355 -5.769009 -28.10822 36.39389 -5.760754 -28.06807 36.32699 -5.754711 -28.03866 36.25451 -16.33444 -23.47902 36.17822 -16.34491 -23.49405 36.25451 -16.36206 -23.51869 36.32699 -16.38546 -23.55234 36.39389 -16.41458 -23.59416 36.45355 -16.44867 -23.64312 36.50451 -16.48687 -23.69803 36.54551 -16.52829 -23.75753 36.57553 -16.57187 -23.82015 36.59384 -22.94236 -17.76453 36.59384 -22.88205 -17.71784 36.57553 -22.82472 -17.67347 36.54551 -22.77182 -17.63252 36.50451 -22.72464 -17.596 36.45355 -22.68435 -17.56481 36.39389 -22.65193 -17.53972 36.32699 -22.62819 -17.52134 36.25451 -27.68562 -7.170332 36.17822 -27.70335 -7.174923 36.25451 -27.73242 -7.182447 36.32699 -27.77209 -7.192724 36.39389 -27.82142 -7.205496 36.45355 -27.87918 -7.220449 36.50451 -27.94393 -7.237217 36.54551 -28.01412 -7.255386 36.57553 -28.08796 -7.274509 36.59384 -28.67976 -4.394831 36.59384 -28.60435 -4.383278 36.57553 -28.53269 -4.372301 36.54551 -28.46656 -4.362171 36.50451 -28.4076 -4.353136 36.45355 -28.35723 -4.345421 36.39389 -28.31671 -4.339212 36.32699 -28.28703 -4.334665 36.25451 -28.97718 -1.470055 36.59384 -28.901 -1.46619 36.57553 -28.82859 -1.462521 36.54551 -28.76179 -1.459131 36.50451 -28.7022 -1.45611 36.45355 -28.6513 -1.453529 36.39389 -28.61036 -1.451452 36.32699 -28.58038 -1.449932 36.25451 -28.97718 1.469807 36.59384 -28.901 1.465939 36.57553 -28.82859 1.462269 36.54551 -28.76179 1.458881 36.50451 -28.7022 1.45586 36.45355 -28.6513 1.453274 36.39389 -28.61036 1.451199 36.32699 -28.58038 1.44968 36.25451 -20.73947 19.72119 36.25451 -20.76123 19.74187 36.32699 -20.79094 19.77012 36.39389 -20.82786 19.80523 36.45355 -20.87111 19.84633 36.50451 -20.9196 19.89242 36.54551 -20.97213 19.94236 36.57553 -21.02743 19.99492 36.59384 -18.62591 21.70503 36.17822 -18.63784 21.71892 36.25451 -18.65739 21.7417 36.32699 -18.68409 21.77281 36.39389 -18.7173 21.81147 36.45355 -18.75616 21.85674 36.50451 -18.79974 21.9075 36.54551 -18.84695 21.9625 36.57553 -18.89665 22.02039 36.59384 -16.57187 23.8199 36.59384 -16.52829 23.75728 36.57553 -16.48687 23.69778 36.54551 -16.44867 23.64287 36.50451 -16.41458 23.59391 36.45355 -16.38546 23.55208 36.39389 -16.36206 23.51844 36.32699 -16.34491 23.49379 36.25451 -14.07698 25.37497 36.59384 -14.03996 25.30827 36.57553 -14.00477 25.24489 36.54551 -13.9723 25.1864 36.50451 -13.94336 25.13423 36.45355 -13.91862 25.08968 36.39389 -13.89874 25.05384 36.32699 -13.88417 25.02758 36.25451 -2.886684 28.45926 36.17822 -2.888546 28.47748 36.25451 -2.891567 28.50736 36.32699 -2.895718 28.54814 36.39389 -2.900875 28.59884 36.45355 -2.906918 28.65818 36.50451 -2.913677 28.72474 36.54551 -2.921017 28.79686 36.57553 -2.928738 28.87275 36.59384 2.007359 70.74404 22.29388 0.007343292 70.59987 22.3 2.007359 70.45571 22.29388 2.007359 70.17151 22.24515 2.007359 69.89965 22.14909 2.007359 69.64792 22.00847 2.007359 69.42357 21.82733 2.007359 69.23308 21.61088 2.007359 69.0819 21.36535 2.007359 68.9744 21.0978 2.007359 68.91364 20.81594 2.007359 68.90142 20.52786 2.007359 68.93802 20.24185 2.007359 69.02246 19.96615 2.007359 69.15227 19.70868 2.007359 69.32373 19.47686 2.007359 69.53189 19.27734 2.007359 69.7708 19.11588 2.007359 70.03354 18.99711 2.007359 70.31256 18.92446 2.007359 70.59987 18.9 2.007359 70.88718 18.92446 2.007359 71.16622 18.99711 2.007359 71.42896 19.11588 2.007359 71.66785 19.27734 2.007359 71.87601 19.47686 2.007359 72.04747 19.70868 2.007359 72.17729 19.96615 2.007359 72.26172 20.24185 2.007359 72.29834 20.52786 2.007359 72.2861 20.81594 2.007359 72.22536 21.0978 2.007359 72.11785 21.36535 2.007359 71.96666 21.61088 2.007359 71.77617 21.82733 2.007359 71.55184 22.00847 2.007359 71.30011 22.14909 2.007359 71.02823 22.24515 7.541632 27.60067 21.82911 7.42835 27.62305 21.72018 7.379599 27.63337 22.09137 7.378485 27.63366 22.1 7.387228 27.63134 22.09877 7.38468 27.63202 22.09631 7.76296 27.5313 22.04574 7.382147 27.63269 22.09384 8.311331 27.3863 21.96817 8.348715 27.37648 21.96287 8.146507 27.4806 21.76511 7.65328 27.57007 21.93773 8.076849 27.5092 21.69699 7.936758 27.55612 21.55998 7.794729 27.58978 21.42107 7.722631 27.60167 21.35057 7.498968 27.61684 21.20079 7.507421 27.61677 21.14009 10.00734 103.3239 15.77897 10.00734 103.9048 14.18294 9.720053 103.301 15.77061 9.720053 103.8819 14.17457 9.441017 103.2327 15.74576 9.441017 103.8136 14.14972 9.178276 103.1211 15.70514 9.178276 103.702 14.1091 8.939383 102.9694 15.64991 8.939383 103.5503 14.05388 8.731207 102.7819 15.58167 8.731207 103.3628 13.98564 8.559761 102.564 15.50239 8.559761 103.1449 13.90636 8.429939 102.3221 15.41433 8.429939 102.903 13.81829 8.345512 102.063 15.32003 8.345512 102.6439 13.724 8.30889 101.7943 15.22221 8.30889 102.3752 13.62618 8.321127 101.5236 15.12368 8.321127 102.1045 13.52765 8.381874 101.2587 15.02728 8.381874 101.8396 13.43125 8.489372 101.0073 14.93577 8.489372 101.5882 13.33974 8.640556 100.7766 14.8518 8.640556 101.3575 13.25576 8.831062 100.5732 14.77777 8.831062 101.1541 13.18173 9.055397 100.4029 14.71581 9.055397 100.9838 13.11978 9.30712 100.2708 14.66772 9.30712 100.8517 13.07169 9.578987 100.1805 14.63486 9.578987 100.7614 13.03883 9.863182 100.1347 14.6182 9.863182 100.7156 13.02217 10.15153 100.1347 14.6182 10.15153 100.7156 13.02217 10.43572 100.1805 14.63486 10.43572 100.7614 13.03883 10.70759 100.2708 14.66772 10.70759 100.8517 13.07169 10.95931 100.4029 14.71581 10.95931 100.9838 13.11978 11.18365 100.5732 14.77777 11.18365 101.1541 13.18173 11.37415 100.7766 14.8518 11.37415 101.3575 13.25576 11.52532 101.0073 14.93577 11.52532 101.5882 13.33974 11.63283 101.2587 15.02728 11.63283 101.8396 13.43125 11.69358 101.5236 15.12368 11.69358 102.1045 13.52765 11.70582 101.7943 15.22221 11.70582 102.3752 13.62618 11.66919 102.063 15.32003 11.66919 102.6439 13.724 11.58477 102.3221 15.41433 11.58477 102.903 13.81829 11.45495 102.564 15.50239 11.45495 103.1449 13.90636 11.2835 102.7819 15.58167 11.2835 103.3628 13.98564 11.07532 102.9694 15.64991 11.07532 103.5503 14.05388 10.83643 103.1211 15.70514 10.83643 103.702 14.1091 10.57369 103.2327 15.74576 10.57369 103.8136 14.14972 10.29465 103.301 15.77061 10.29465 103.8819 14.17457 13.72094 28.90485 36.6 13.72094 28.90485 21.6 17.53908 26.76175 21.6 17.53908 26.76175 36.6 21.02888 24.11741 21.6 21.02888 24.11741 36.6 24.12493 21.02136 21.6 24.12493 21.02136 36.6 26.76926 17.53157 21.6 26.76926 17.53157 36.6 28.91234 13.71341 21.6 28.91234 13.71341 36.6 30.51406 9.638409 21.6 30.51406 9.638409 36.6 31.54436 5.382877 21.6 31.54436 5.382877 36.6 31.984 1.026516 21.6 31.984 1.026516 36.6 31.82471 -3.349068 21.6 31.82471 -3.349068 36.6 31.06949 -7.661928 21.6 31.06949 -7.661928 36.6 29.73249 -11.83129 21.6 29.73249 -11.83129 36.6 27.83874 -15.77904 21.6 27.83874 -15.77904 36.6 25.4237 -19.43127 21.6 25.4237 -19.43127 36.6 22.53263 -22.71955 21.6 22.53263 -22.71955 36.6 19.21966 -25.5823 21.6 19.21966 -25.5823 36.6 15.54683 -27.9659 21.6 15.54683 -27.9659 36.6 11.58297 -29.82571 21.6 11.58297 -29.82571 36.6 7.402288 -31.12688 21.6 7.402288 -31.12688 36.6 3.083103 -31.84506 21.6 3.083103 -31.84506 36.6 -1.293697 -31.96679 21.6 -1.293697 -31.96679 36.6 -5.646114 -31.48978 21.6 -5.646114 -31.48978 36.6 -9.892651 -30.42298 21.6 -9.892651 -30.42298 36.6 -6.892651 -30.01729 21.6 -6.892651 -28.88749 21.6 -9.892651 -28.00155 21.6 11.0804 30.72729 21.6 11.00734 30.79817 21.6 11.00734 28.11677 21.6 -3.464779 -30.60379 21.6 12.32711 29.70948 21.6 10.98929 27.76178 21.6 10.92357 27.35554 21.6 0.007343292 -30.80013 21.6 10.82874 27.01297 21.6 11.52669 26.72281 21.6 14.20916 25.39906 21.6 16.74155 23.80694 21.6 19.09714 21.96325 21.6 21.25101 19.88749 21.6 23.1804 17.60157 21.6 24.86494 15.12967 21.6 26.2868 12.4979 21.6 27.43099 9.734066 21.6 28.28539 6.867374 21.6 28.84099 3.928112 21.6 29.09193 0.9473457 21.6 29.03553 -2.043432 21.6 28.6724 -5.012621 21.6 28.00638 -7.928844 21.6 27.0445 -10.76129 21.6 25.79693 -13.48002 21.6 13.24149 -25.91668 21.6 10.51102 -27.13835 21.6 7.669561 -28.07325 21.6 1.774631 -29.04641 21.6 4.747135 -28.71153 21.6 24.27686 -16.05632 21.6 22.50033 -18.46296 21.6 20.48614 -20.6745 21.6 18.25555 -22.66759 21.6 15.83213 -24.42115 21.6 8.136862 36.3354 36.6 8.52204 34.77276 36.6 9.152899 33.29215 36.6 -9.892651 -28.00155 36.6 -6.892651 -28.88749 36.6 -6.892651 -30.01729 36.6 -3.464779 -30.60379 36.6 0.007343292 -30.80013 36.6 8.007362 70.7085 36.6 8.007362 37.93959 36.6 2.951344 -28.95083 36.6 5.865133 -28.50444 36.6 8.718817 -27.76558 36.6 11.48311 -26.7418 36.6 14.12964 -25.44361 36.6 16.63126 -23.88434 36.6 18.96229 -22.07999 36.6 21.09882 -20.04906 36.6 23.01893 -17.81241 36.6 24.7029 -15.39298 36.6 26.13346 -12.8156 36.6 27.29594 -10.10671 36.6 28.1784 -7.294115 36.6 28.77178 -4.406675 36.6 29.07 -1.474016 36.6 29.07 1.473766 36.6 28.77178 4.406422 36.6 28.1784 7.293865 36.6 27.29594 10.10646 36.6 26.13346 12.81534 36.6 24.7029 15.39273 36.6 23.01893 17.81216 36.6 21.09882 20.04881 36.6 18.96229 22.07974 36.6 16.63126 23.88409 36.6 14.12964 25.44336 36.6 12.32711 29.70948 36.6 11.48311 26.74154 36.6 11.0804 30.72729 36.6 8.718817 27.76532 36.6 10.01311 31.93191 36.6 5.865133 28.50419 36.6 2.951344 28.95057 36.6 7.378485 27.63366 3.600001 4.077564 28.30877 3.600001 16.45403 23.39789 22.1 16.34563 23.47371 36.1 18.6366 21.70036 36.1 18.76914 21.58587 22.1 18.73637 21.61432 36.1 20.88599 19.54577 22.1 20.73643 19.70433 36.1 21.62179 18.72889 22.1 21.62179 18.72889 36.1 22.78223 17.29915 22.1 22.62354 17.50611 36.1 24.06721 15.4622 22.1 24.06721 15.4622 36.1 24.43783 14.86971 22.1 24.27859 15.12825 36.1 25.83526 12.28316 22.1 25.68456 12.59515 36.1 26.02283 11.88074 22.1 26.02283 11.88074 36.1 26.95978 9.566816 22.1 26.82706 9.932806 36.1 27.44884 8.057423 22.1 27.44884 8.057423 36.1 27.79952 6.749371 22.1 27.69436 7.168537 36.1 28.27755 4.330708 36.1 28.31624 4.07008 22.1 28.31624 4.07008 36.1 28.34557 3.860615 22.1 28.57064 1.448437 36.1 28.59218 0.9310646 22.1 28.60735 -1.25885e-4 22.1 28.60735 -1.25885e-4 36.1 28.53676 -2.008324 22.1 28.57064 -1.448692 36.1 28.31624 -4.07033 22.1 28.31624 -4.07033 36.1 28.27755 -4.330961 36.1 28.17988 -4.926496 22.1 27.69436 -7.168789 36.1 27.52531 -7.792612 22.1 27.44884 -8.057678 36.1 27.44884 -8.057678 22.1 26.57995 -10.57639 22.1 26.82706 -9.933056 36.1 26.02283 -11.88099 22.1 26.02283 -11.88099 36.1 25.35381 -13.24841 22.1 25.68456 -12.5954 36.1 24.27859 -15.1285 36.1 24.06721 -15.46245 22.1 24.06721 -15.46245 36.1 23.85985 -15.78044 22.1 22.62354 -17.50636 36.1 22.11385 -18.14572 22.1 21.62179 -18.72915 22.1 21.62179 -18.72915 36.1 20.13427 -20.31927 22.1 20.73643 -19.70458 36.1 18.73637 -21.61456 22.1 18.73637 -21.61456 36.1 18.6366 -21.70061 36.1 17.94199 -22.27811 22.1 16.34563 -23.47396 36.1 15.56022 -24.00155 22.1 15.46969 -24.05998 36.1 13.0141 -25.47138 22.1 13.88698 -25.00644 36.1 11.88822 -26.0156 22.1 11.88822 -26.0156 36.1 11.28592 -26.28232 36.1 10.33056 -26.67206 22.1 8.569128 -27.28851 36.1 8.064903 -27.44162 22.1 8.064903 -27.44162 36.1 7.537909 -27.5909 22.1 5.764486 -28.01468 36.1 2.900776 -28.45339 36.1 1.744266 -28.54734 22.1 4.077564 -28.30902 36.1 4.077564 -28.30902 22.1 4.665699 -28.2182 22.1 15.46969 24.05973 36.1 15.46969 24.05973 22.1 13.88698 25.00619 36.1 13.96514 24.96265 22.1 11.88822 26.01535 36.1 11.88822 26.01535 22.1 11.28592 26.28207 36.1 11.32876 26.26365 22.1 8.569128 27.28826 36.1 8.572746 27.28713 22.1 8.064903 27.44137 36.1 8.064903 27.44137 22.1 5.764486 28.01443 36.1 4.077564 28.30877 36.1 2.900776 28.45314 36.1 0.007343292 -28.96819 21.61773 0.007343292 -28.88724 21.64759 0.007343292 -28.60235 22.05295 0.007343292 -29.05307 21.60222 0.007343292 -28.69105 21.8125 0.007343292 -28.64771 21.88711 0.007343292 -28.81262 21.69093 0.007343292 -28.61785 21.96807 8.007362 28.11677 3.600001 8.007362 28.11677 18.6 8.007362 83.59987 3.600001 8.007362 37.93959 18.6 8.007362 69.04302 22.2244 8.007362 68.79088 21.93793 8.007362 68.59079 21.61296 8.007362 68.4485 21.25885 8.007362 72.15674 22.2244 8.007362 71.85982 22.46415 8.007362 71.6482 35.94202 8.007362 71.52664 22.65027 8.007362 70.86061 36.58836 8.007362 70.40906 22.8419 8.007362 71.0092 36.55372 8.007362 70.03292 22.7774 8.007362 69.6731 22.65027 8.007362 69.33994 22.46415 8.007362 71.15079 36.49687 8.007362 71.28208 36.41915 8.007362 71.40001 36.32236 8.007362 68.36809 20.88579 8.007362 68.3519 20.50451 8.007362 68.40038 20.12598 8.007362 72.79938 20.12598 8.007362 72.84784 20.50451 8.007362 72.83165 20.88579 8.007362 72.75125 21.25885 8.007362 71.16683 22.7774 8.007362 70.79068 22.8419 8.007362 71.58522 36.08099 8.007362 71.50185 36.20876 8.007362 68.51212 19.76107 8.007362 68.68393 19.42031 8.007362 68.91086 19.11349 8.007362 72.01337 18.84942 8.007362 72.2889 19.11349 8.007362 72.60897 21.61296 8.007362 72.40886 21.93793 8.007362 72.51581 19.42031 8.007362 72.68762 19.76107 8.007362 81.36038 9.257985 8.007362 81.42336 9.119015 8.007362 81.50673 8.991243 8.007362 81.60857 8.877639 8.007362 81.7265 8.780854 8.007362 81.85779 8.703132 8.007362 81.99938 8.646287 8.007362 82.14797 8.611642 8.007362 82.30008 8.600006 8.007362 83.59987 8.600006 8.007362 70.21962 18.38237 8.007362 70.59987 18.35 8.007362 70.98014 18.38237 8.007362 71.34944 18.47853 8.007362 71.69719 18.63572 8.007362 69.18637 18.84942 8.007362 69.50257 18.63572 8.007362 69.85031 18.47853 8.005896 28.07866 3.600001 7.415701 27.62525 3.600001 7.992514 27.99588 3.600001 7.499105 27.61684 3.600001 7.582769 27.62249 3.600001 7.925589 27.84278 3.600001 7.664297 27.64205 3.600001 7.96549 27.91652 3.600001 7.741415 27.67495 3.600001 7.811956 27.72027 3.600001 7.873922 27.77674 3.600001 15.00736 83.59987 8.600006 15.00736 83.59987 3.600001 12.87586 102.5079 10.48197 12.68613 102.0643 10.32049 21.00736 89.59987 5.783826 15.00736 123.067 17.96485 10.51435 106.112 11.79373 15.94596 122.9976 17.93958 11.00677 105.9915 11.74987 7.223684 104.3845 11.165 7.452764 104.8115 11.3204 8.544273 105.7945 11.67819 9.007942 105.9915 11.74987 9.500357 106.112 11.79373 10.00734 106.1525 11.80848 20.93348 118.3108 16.23375 20.71369 119.1711 16.54687 11.47043 105.7945 11.67819 12.56194 104.8115 11.3204 12.79102 104.3845 11.165 21.00736 117.4288 15.91273 7.755331 105.1959 11.46032 8.122702 105.5268 11.58074 18.53406 121.9902 17.57293 17.7313 122.4525 17.74118 16.86146 122.791 17.86441 12.25937 105.1959 11.46032 8.327429 100.9978 9.932326 7.93154 101.2982 10.04165 7.138861 102.5079 10.48197 7.031652 102.9754 10.6521 7.010061 103.4531 10.82597 7.074697 103.9274 10.9986 20.35338 119.9885 16.84437 19.86146 120.7428 17.11894 19.24999 121.4156 17.3638 11.89202 105.5268 11.58074 7.595358 101.6571 10.1723 7.328573 102.0643 10.32049 12.94002 103.9274 10.9986 13.00466 103.4531 10.82597 12.98305 102.9754 10.6521 12.41935 101.6571 10.1723 12.08317 101.2982 10.04165 20.93348 88.66126 5.442202 11.68728 100.9978 9.932326 20.71369 87.74578 5.10899 11.24306 100.7646 9.847453 9.251425 100.6053 9.789476 8.771643 100.7646 9.847453 19.24999 85.35723 4.239626 19.86146 86.07317 4.500202 20.35338 86.87593 4.792393 15.94596 83.67374 3.62689 10.76328 100.6053 9.789476 10.26177 100.5245 9.760065 9.752937 100.5245 9.760065 16.86146 83.89353 3.706887 17.7313 84.25383 3.838025 18.53406 84.74578 4.017077 15.00736 121.46 22.37996 21.00736 89.59987 10.78382 21.00736 115.8219 20.32784 15.94596 121.3906 22.3547 20.93348 116.7039 20.64886 20.71369 117.5641 20.96198 16.86146 121.1841 22.27952 17.7313 120.8455 22.15629 18.53406 120.3832 21.98804 19.24999 119.8086 21.77891 19.86146 119.1359 21.53404 20.35338 118.3815 21.25948 19.24999 85.35723 9.239629 18.53406 84.74578 9.017078 17.7313 84.25383 8.838026 16.86146 83.89353 8.706888 15.94596 83.67374 8.626891 20.93348 88.66126 10.4422 20.71369 87.74578 10.10898 20.35338 86.87593 9.792391 19.86146 86.07317 9.500206 7.138861 101.4819 13.30105 7.328573 101.0382 13.13957 7.595358 100.631 12.99137 7.93154 100.2721 12.86073 8.327429 99.97173 12.7514 8.771643 99.73854 12.66653 9.251425 99.57926 12.60855 9.752937 99.49845 12.57914 10.26177 99.49845 12.57914 10.76328 99.57926 12.60855 11.24306 99.73854 12.66653 11.68728 99.97173 12.7514 12.08317 100.2721 12.86073 12.41935 100.631 12.99137 12.68613 101.0382 13.13957 12.87586 101.4819 13.30105 12.98305 101.9493 13.47117 13.00466 102.427 13.64505 12.94002 102.9013 13.81767 12.79102 103.3585 13.98408 12.56194 103.7854 14.13947 12.25937 104.1699 14.27939 11.89202 104.5007 14.39982 11.47043 104.7685 14.49727 11.00677 104.9654 14.56895 10.51435 105.0859 14.61281 10.00734 105.1265 14.62756 9.500357 105.0859 14.61281 9.007942 104.9654 14.56895 8.544273 104.7685 14.49727 8.122702 104.5007 14.39982 7.755331 104.1699 14.27939 7.452764 103.7854 14.13947 7.223684 103.3585 13.98408 7.074697 102.9013 13.81767 7.010061 102.427 13.64505 7.031652 101.9493 13.47117 13.88997 -25.01182 36.17822 16.34914 -23.47902 36.17822 20.74088 -19.70882 36.17822 28.57679 -1.449003 36.17822 22.62841 17.50988 36.17822 20.74088 19.70857 36.17822 5.765722 28.02046 36.17822 2.901386 28.45926 36.17822 8.69541 27.6907 36.59384 11.45226 26.66967 36.59384 8.672569 27.61791 36.57553 11.42219 26.59956 36.57553 8.65087 27.54874 36.54551 11.39359 26.53295 36.54551 8.630835 27.48491 36.50451 11.36721 26.47147 36.50451 8.612982 27.42798 36.45355 11.34368 26.41665 36.45355 8.597723 27.37937 36.39389 11.32358 26.36982 36.39389 8.585455 27.34025 36.32699 11.30742 26.33215 36.32699 8.576468 27.31161 36.25451 11.29558 26.30455 36.25451 8.57099 27.29413 36.17822 11.28837 26.28772 36.17822 14.09168 25.37497 36.59384 14.05465 25.30827 36.57553 14.01948 25.24489 36.54551 13.98701 25.1864 36.50451 13.95806 25.13423 36.45355 13.93332 25.08968 36.39389 13.91344 25.05384 36.32699 13.89887 25.02758 36.25451 13.88997 25.01157 36.17822 18.91134 22.02039 36.59384 21.04214 19.99492 36.59384 18.86166 21.9625 36.57553 20.98684 19.94236 36.57553 18.81443 21.9075 36.54551 20.9343 19.89242 36.54551 18.77087 21.85674 36.50451 20.88581 19.84633 36.50451 18.732 21.81147 36.45355 20.84257 19.80523 36.45355 18.69881 21.77281 36.39389 20.80564 19.77012 36.39389 18.67211 21.7417 36.32699 20.77593 19.74187 36.32699 18.65255 21.71892 36.25451 20.75417 19.72119 36.25451 18.64062 21.70503 36.17822 24.63653 15.35135 36.59384 26.06324 12.7809 36.59384 24.57178 15.31099 36.57553 25.99474 12.7473 36.57553 24.51026 15.27266 36.54551 25.92966 12.71537 36.54551 24.4535 15.23727 36.50451 25.8696 12.68592 36.50451 24.40285 15.20571 36.45355 25.81605 12.65964 36.45355 24.35961 15.17875 36.39389 25.7703 12.6372 36.39389 24.32482 15.15707 36.32699 25.7335 12.61914 36.32699 24.29934 15.14119 36.25451 25.70653 12.60592 36.25451 24.2838 15.1315 36.17822 25.69009 12.59786 36.17822 27.22259 10.07929 36.59384 27.15105 10.05279 36.57553 27.08308 10.02762 36.54551 27.02035 10.00438 36.50451 26.96439 9.98367 36.45355 26.91662 9.96597 36.39389 26.87817 9.951733 36.32699 26.85001 9.941305 36.25451 26.83283 9.934942 36.17822 28.10268 7.274258 36.59384 28.69446 4.394581 36.59384 28.02883 7.255138 36.57553 28.61906 4.383022 36.57553 27.95866 7.236965 36.54551 28.5474 4.372051 36.54551 27.89388 7.220196 36.50451 28.48128 4.361919 36.50451 27.83613 7.205242 36.45355 28.42231 4.352886 36.45355 27.7868 7.192471 36.39389 28.37194 4.345165 36.39389 27.74712 7.182194 36.32699 28.33141 4.338963 36.32699 27.71805 7.174671 36.25451 28.30173 4.334415 36.25451 27.70032 7.170078 36.17822 28.28364 4.331638 36.17822 28.99189 1.469807 36.59384 28.9157 1.465939 36.57553 28.8433 1.462269 36.54551 28.7765 1.458881 36.50451 28.71691 1.45586 36.45355 28.66602 1.453274 36.39389 28.62507 1.451199 36.32699 28.59508 1.44968 36.25451 28.57679 1.44875 36.17822 28.69446 -4.394831 36.59384 28.10268 -7.274509 36.59384 28.61906 -4.383278 36.57553 28.02883 -7.255386 36.57553 28.5474 -4.372301 36.54551 27.95866 -7.237217 36.54551 28.48128 -4.362171 36.50451 27.89388 -7.220449 36.50451 28.42231 -4.353136 36.45355 27.83613 -7.205496 36.45355 28.37194 -4.345421 36.39389 27.7868 -7.192724 36.39389 28.33141 -4.339212 36.32699 27.74712 -7.182447 36.32699 28.30173 -4.334665 36.25451 27.71805 -7.174923 36.25451 28.28364 -4.331892 36.17822 27.70032 -7.170332 36.17822 27.22259 -10.07954 36.59384 27.15105 -10.05305 36.57553 27.08308 -10.02787 36.54551 27.02035 -10.00464 36.50451 26.96439 -9.983919 36.45355 26.91662 -9.966221 36.39389 26.87817 -9.951983 36.32699 26.85001 -9.941555 36.25451 26.83283 -9.935194 36.17822 26.06324 -12.78115 36.59384 24.63653 -15.3516 36.59384 25.99474 -12.74755 36.57553 24.57178 -15.31125 36.57553 25.92966 -12.71563 36.54551 24.51026 -15.27291 36.54551 25.8696 -12.68617 36.50451 24.4535 -15.23752 36.50451 25.81605 -12.65989 36.45355 24.40285 -15.20596 36.45355 25.7703 -12.63745 36.39389 24.35961 -15.17901 36.39389 25.7335 -12.6194 36.32699 24.32482 -15.15732 36.32699 25.70653 -12.60618 36.25451 24.29934 -15.14144 36.25451 25.69009 -12.59811 36.17822 24.2838 -15.13176 36.17822 22.95707 -17.76453 36.59384 22.89675 -17.71784 36.57553 22.83942 -17.67347 36.54551 22.78652 -17.63252 36.50451 22.73934 -17.596 36.45355 22.69906 -17.56481 36.39389 22.66663 -17.53972 36.32699 22.64289 -17.52134 36.25451 22.62841 -17.51012 36.17822 11.45226 -26.66992 36.59384 8.69541 -27.69095 36.59384 11.42219 -26.59981 36.57553 8.672569 -27.61816 36.57553 11.39359 -26.5332 36.54551 8.65087 -27.54899 36.54551 11.36721 -26.47172 36.50451 8.630835 -27.48517 36.50451 11.34368 -26.4169 36.45355 8.612982 -27.42824 36.45355 11.32358 -26.37007 36.39389 8.597723 -27.37962 36.39389 11.30742 -26.3324 36.32699 8.585455 -27.3405 36.32699 11.29558 -26.30481 36.25451 8.576468 -27.31186 36.25451 11.28837 -26.28798 36.17822 8.57099 -27.29438 36.17822 5.849401 -28.42783 36.59384 5.834036 -28.3531 36.57553 5.819448 -28.2821 36.54551 5.80599 -28.21657 36.50451 5.793966 -28.15813 36.45355 5.783712 -28.10822 36.39389 5.775457 -28.06807 36.32699 5.769415 -28.03866 36.25451 5.765722 -28.02071 36.17822 2.943439 28.87275 36.59384 2.935719 28.79686 36.57553 2.928394 28.72474 36.54551 2.921619 28.65818 36.50451 2.915577 28.59884 36.45355 2.910419 28.54814 36.39389 2.906269 28.50736 36.32699 2.903248 28.47748 36.25451 5.849401 28.42758 36.59384 5.834036 28.35285 36.57553 5.819448 28.28185 36.54551 5.80599 28.21632 36.50451 5.793966 28.15788 36.45355 5.783712 28.10797 36.39389 5.775457 28.06781 36.32699 5.769415 28.0384 36.25451 16.34914 23.47876 36.17822 16.35961 23.49379 36.25451 16.37676 23.51844 36.32699 16.40017 23.55208 36.39389 16.42928 23.59391 36.45355 16.46337 23.64287 36.50451 16.50158 23.69778 36.54551 16.54299 23.75728 36.57553 16.58658 23.8199 36.59384 22.95707 17.76428 36.59384 22.89675 17.71758 36.57553 22.83942 17.67321 36.54551 22.78652 17.63227 36.50451 22.73934 17.59575 36.45355 22.69906 17.56456 36.39389 22.66663 17.53946 36.32699 22.64289 17.52108 36.25451 28.59508 -1.449932 36.25451 28.62507 -1.451452 36.32699 28.66602 -1.453529 36.39389 28.71691 -1.45611 36.45355 28.7765 -1.459131 36.50451 28.8433 -1.462521 36.54551 28.9157 -1.46619 36.57553 28.99189 -1.470055 36.59384 20.75417 -19.72144 36.25451 20.77593 -19.74213 36.32699 20.80564 -19.77037 36.39389 20.84257 -19.80548 36.45355 20.88581 -19.84658 36.50451 20.9343 -19.89267 36.54551 20.98684 -19.94261 36.57553 21.04214 -19.99518 36.59384 18.64062 -21.70528 36.17822 18.65255 -21.71918 36.25451 18.67211 -21.74196 36.32699 18.69881 -21.77306 36.39389 18.732 -21.81173 36.45355 18.77087 -21.857 36.50451 18.81443 -21.90775 36.54551 18.86166 -21.96275 36.57553 18.91134 -22.02064 36.59384 16.58658 -23.82015 36.59384 16.54299 -23.75753 36.57553 16.50158 -23.69803 36.54551 16.46337 -23.64312 36.50451 16.42928 -23.59416 36.45355 16.40017 -23.55234 36.39389 16.37676 -23.51869 36.32699 16.35961 -23.49405 36.25451 14.09168 -25.37523 36.59384 14.05465 -25.30852 36.57553 14.01948 -25.24514 36.54551 13.98701 -25.18665 36.50451 13.95806 -25.13448 36.45355 13.93332 -25.08993 36.39389 13.91344 -25.05409 36.32699 13.89887 -25.02784 36.25451 2.901386 -28.45952 36.17822 2.903248 -28.47773 36.25451 2.906269 -28.50761 36.32699 2.910419 -28.54839 36.39389 2.915577 -28.59908 36.45355 2.921619 -28.65844 36.50451 2.928394 -28.725 36.54551 2.935719 -28.79711 36.57553 2.943439 -28.87301 36.59384 10.82441 26.98618 21.60075 10.81275 26.9656 21.60262 11.50806 26.67959 21.60222 10.6355 26.90629 21.62999 10.55489 26.90516 21.64224 11.44242 26.5273 21.64759 8.573416 27.28924 22.05295 11.33578 26.27992 21.96807 8.851158 27.24613 21.89136 8.578056 27.30403 21.96807 8.555014 27.32256 21.93358 9.254158 27.14499 21.83356 9.088478 27.18609 21.85738 11.3476 26.30735 21.88711 8.987677 27.21142 21.87184 8.880621 27.2386 21.88715 9.775169 27.02404 21.75799 9.612358 27.06015 21.78173 11.36475 26.34714 21.8125 9.474143 27.09219 21.80178 9.37339 27.11612 21.81636 10.18572 26.94483 21.69756 10.07325 26.96418 21.71421 11.38672 26.39813 21.74645 9.96691 26.98428 21.72988 9.839179 27.01037 21.74863 11.41288 26.45879 21.69093 10.53385 26.90578 21.64542 10.43216 26.91248 21.66075 10.42116 26.9135 21.6624 10.30321 26.92725 21.68007 10.19925 26.94265 21.69555 10.68268 26.91073 21.62278 10.78998 26.94518 21.6062 10.76818 26.93319 21.6096 11.47446 26.60164 21.61773 10.73575 26.92151 21.61462 10.71369 26.91607 21.61802 14.18619 25.35799 21.60222 16.7145 23.76844 21.60222 19.06628 21.92774 21.60222 21.21665 19.85533 21.60222 23.14294 17.57312 21.60222 24.82474 15.10521 21.60222 26.24431 12.4777 21.60222 27.38663 9.718327 21.60222 28.23966 6.856266 21.60222 28.79438 3.921764 21.60222 29.0449 0.9458122 21.60222 28.98859 -2.040129 21.60222 28.62604 -5.004517 21.60222 27.96111 -7.916023 21.60222 27.00078 -10.74389 21.60222 25.75524 -13.45823 21.60222 24.23762 -16.03035 21.60222 22.46397 -18.4331 21.60222 20.45301 -20.64107 21.60222 18.22603 -22.63093 21.60222 15.80654 -24.38167 21.60222 13.2201 -25.87477 21.60222 10.49404 -27.09446 21.60222 7.657171 -28.02786 21.60222 4.739475 -28.6651 21.60222 1.771778 -28.99945 21.60222 1.766621 -28.91472 21.61773 1.761707 -28.83392 21.64759 1.757175 -28.75944 21.69093 1.753162 -28.69351 21.74645 1.74979 -28.63809 21.8125 1.747166 -28.59483 21.88711 1.744373 -28.54952 22.05326 4.66605 -28.22036 22.05332 7.538488 -27.59301 22.05332 10.33133 -26.67409 22.05332 17.94337 -22.27981 22.05332 15.56142 -24.00341 22.05295 13.0151 -25.47332 22.05332 20.13579 -20.32082 22.05332 23.8617 -15.78166 22.05295 22.11555 -18.14711 22.05332 25.35575 -13.24942 22.05332 26.58198 -10.5772 22.05332 28.18203 -4.926872 22.05332 27.52743 -7.793217 22.05295 28.53895 -2.008478 22.05332 28.34777 3.86092 22.05295 28.59437 0.9311409 22.05332 27.80164 6.749889 22.05332 26.96184 9.567541 22.05332 24.43969 14.87085 22.05332 25.83727 12.28411 22.05295 22.78397 17.30047 22.05332 16.4553 23.39967 22.05332 18.77059 21.58755 22.05295 20.88759 19.54727 22.05332 13.96621 24.96456 22.05332 11.32963 26.26565 22.05332 1.74535 -28.56502 21.96807 4.668583 -28.23568 21.96807 7.542578 -27.60799 21.96807 10.33693 -26.68858 21.96807 13.02216 -25.48716 21.96807 15.56986 -24.01642 21.96807 17.95312 -22.29192 21.96807 20.14673 -20.33186 21.96807 22.12755 -18.15697 21.96807 23.87464 -15.79021 21.96807 25.36953 -13.25662 21.96807 26.59641 -10.58294 21.96807 27.54235 -7.79744 21.96807 28.19733 -4.929548 21.96807 28.55443 -2.009569 21.96807 28.6099 0.9316444 21.96807 28.36314 3.86301 21.96807 27.81673 6.753559 21.96807 26.97649 9.572744 21.96807 25.85126 12.29077 21.96807 24.45296 14.87893 21.96807 22.79635 17.30986 21.96807 20.89893 19.55789 21.96807 18.78077 21.59925 21.96807 16.46422 23.41238 21.96807 13.97379 24.97812 21.96807 4.67345 -28.26515 21.88711 7.550436 -27.63681 21.88711 10.34772 -26.71643 21.88711 13.03574 -25.51376 21.88711 15.5861 -24.04149 21.88711 17.97184 -22.31518 21.88711 20.16775 -20.35308 21.88711 22.15064 -18.17592 21.88711 23.89954 -15.80669 21.88711 25.39599 -13.27045 21.88711 26.62417 -10.59398 21.88711 27.57108 -7.805578 21.88711 28.22675 -4.934692 21.88711 28.58423 -2.011665 21.88711 28.63975 0.9326134 21.88711 28.39272 3.867039 21.88711 27.84576 6.760609 21.88711 27.00463 9.58273 21.88711 25.87824 12.30359 21.88711 24.47848 14.89445 21.88711 22.82014 17.32792 21.88711 20.92074 19.5783 21.88711 18.80036 21.62179 21.88711 16.48141 23.43681 21.88711 13.98836 25.00419 21.88711 4.680515 -28.30791 21.8125 7.56185 -27.67862 21.8125 10.36336 -26.75685 21.8125 13.05546 -25.55235 21.8125 15.60967 -24.07785 21.8125 17.99901 -22.34894 21.8125 20.19825 -20.38387 21.8125 22.18413 -18.20341 21.8125 23.93569 -15.83061 21.8125 25.43439 -13.29053 21.8125 26.66444 -10.61001 21.8125 27.61278 -7.817387 21.8125 28.26945 -4.942158 21.8125 28.62746 -2.014709 21.8125 28.68307 0.9340248 21.8125 28.43566 3.87289 21.8125 27.88787 6.770832 21.8125 27.04548 9.597227 21.8125 25.91738 12.32221 21.8125 24.51549 14.91699 21.8125 22.85465 17.35414 21.8125 20.95237 19.60791 21.8125 18.82879 21.6545 21.8125 16.50632 23.47227 21.8125 14.00951 25.04201 21.8125 4.689564 -28.36269 21.74645 7.576467 -27.73218 21.74645 10.38341 -26.80863 21.74645 13.08069 -25.6018 21.74645 15.63985 -24.12445 21.74645 18.03384 -22.39219 21.74645 20.23733 -20.42331 21.74645 22.22704 -18.23864 21.74645 23.98199 -15.86124 21.74645 25.4836 -13.31625 21.74645 26.71601 -10.63054 21.74645 27.66621 -7.832514 21.74645 28.32413 -4.951721 21.74645 28.68285 -2.018608 21.74645 28.73856 0.935833 21.74645 28.49068 3.88039 21.74645 27.94182 6.783939 21.74645 27.0978 9.615797 21.74645 25.96752 12.34606 21.74645 24.56292 14.94585 21.74645 22.89886 17.38772 21.74645 20.99291 19.64586 21.74645 18.86521 21.69641 21.74645 16.53824 23.51769 21.74645 14.03661 25.09047 21.74645 4.700321 -28.42786 21.69093 7.593863 -27.7959 21.69093 10.40725 -26.87022 21.69093 13.11074 -25.66063 21.69093 15.67577 -24.17988 21.69093 18.07525 -22.44364 21.69093 20.2838 -20.47024 21.69093 22.2781 -18.28055 21.69093 24.03709 -15.89769 21.69093 25.54214 -13.34684 21.69093 26.77738 -10.65497 21.69093 27.72976 -7.85051 21.69093 28.3892 -4.963099 21.69093 28.74874 -2.023245 21.69093 28.80457 0.9379845 21.69093 28.55613 3.889301 21.69093 28.006 6.799526 21.69093 27.16004 9.63789 21.69093 26.02717 12.37442 21.69093 24.61935 14.9802 21.69093 22.95145 17.42767 21.69093 21.04113 19.691 21.69093 18.90855 21.74626 21.69093 16.57622 23.57173 21.69093 14.06885 25.14812 21.69093 4.712467 -28.50148 21.64759 7.613516 -27.86788 21.64759 10.43418 -26.93981 21.64759 13.14467 -25.72708 21.64759 15.71634 -24.2425 21.64759 18.12203 -22.50176 21.64759 20.33631 -20.52325 21.64759 22.33578 -18.32789 21.64759 24.09931 -15.93885 21.64759 25.60827 -13.3814 21.64759 26.8467 -10.68256 21.64759 27.80155 -7.87084 21.64759 28.4627 -4.97595 21.64759 28.82316 -2.028484 21.64759 28.87914 0.9404183 21.64759 28.63006 3.899372 21.64759 28.07851 6.817135 21.64759 27.23035 9.662855 21.64759 26.09455 12.40647 21.64759 24.68308 15.01899 21.64759 23.01087 17.47281 21.64759 21.0956 19.74199 21.64759 18.9575 21.80257 21.64759 16.61913 23.63277 21.64759 14.10526 25.21325 21.64759 4.725651 -28.58135 21.61773 7.634832 -27.94597 21.61773 10.4634 -27.0153 21.61773 13.18149 -25.79917 21.61773 15.76038 -24.31043 21.61773 18.1728 -22.56482 21.61773 20.39329 -20.58077 21.61773 22.39835 -18.37925 21.61773 24.16682 -15.98352 21.61773 25.68 -13.4189 21.61773 26.92193 -10.7125 21.61773 27.87943 -7.892897 21.61773 28.54244 -4.989895 21.61773 28.90392 -2.034168 21.61773 28.96006 0.9430504 21.61773 28.71027 3.910305 21.61773 28.15719 6.836239 21.61773 27.30665 9.68993 21.61773 26.16765 12.44123 21.61773 24.75223 15.06108 21.61773 23.07534 17.52177 21.61773 21.1547 19.79731 21.61773 19.0106 21.86367 21.61773 16.66569 23.699 21.61773 14.14477 25.28391 21.61773 7.965139 27.91594 18.61572 7.974264 27.93798 18.60374 7.956503 27.8974 18.63235 7.891806 27.79708 18.84503 7.899313 27.80634 18.81472 7.925375 27.84263 18.71951 7.944586 27.87456 18.66145 7.870398 27.77292 18.93684 7.875402 27.77828 18.91476 7.82926 27.73414 19.1323 7.851904 27.75435 19.02198 7.7376 27.67295 19.63204 7.769888 27.69119 19.44741 7.804403 27.71457 19.26012 7.807928 27.71721 19.24162 7.810705 27.71931 19.2271 7.687536 27.65036 19.93349 7.732504 27.67034 19.6619 7.624029 27.63057 20.33885 7.65119 27.63783 20.16224 7.658209 27.64 20.11739 7.528845 27.61723 20.98782 7.581808 27.62235 20.62096 7.585562 27.62293 20.59549 7.617529 27.62906 20.3816 8.004782 28.06606 18.6 7.981832 27.95909 18.6 7.992514 27.99588 18.6 7.995382 28.00802 18.6 8.007376 37.92205 18.60961 8.044212 37.08177 19.06884 8.020668 28.11677 18.88233 8.044287 28.11677 19.06931 8.069145 36.82962 19.20576 8.153677 36.23518 19.52549 8.113684 28.11677 19.39162 8.154181 28.11677 19.52706 8.247778 35.75997 19.77677 8.333366 35.40699 19.96009 8.334326 28.11677 19.96198 8.552908 28.11677 20.32502 8.579138 34.6066 20.36176 8.292868 28.11677 19.87734 8.514227 34.79626 20.26863 8.886038 28.11677 20.72132 9.282341 28.11677 21.05445 9.242622 33.12509 21.02605 9.151724 33.2944 20.95726 8.885475 33.84186 20.72077 8.864418 33.88909 20.69948 10.72503 28.11677 21.58669 10.799 31.00853 21.59276 10.53805 28.11677 21.56307 10.53281 31.29645 21.56223 10.21573 28.11677 21.49368 10.2481 31.63134 21.50234 10.0803 28.11677 21.45317 10.07638 31.84864 21.4519 9.730017 28.11677 21.31448 9.7425 32.31 21.32033 9.645378 28.11677 21.27302 9.643057 32.45884 21.27184 9.297308 33.02684 21.06491 10.70844 27.79041 21.58669 10.56083 27.10201 21.58669 10.648 27.41695 21.58669 9.912756 27.31739 21.44048 10.1509 27.52771 21.49368 9.780815 27.36123 21.38937 9.67681 27.63336 21.31448 9.616583 27.41581 21.31448 10.0454 27.2733 21.4842 10.07752 27.26263 21.49368 10.3107 27.18513 21.54992 9.034338 27.60931 20.92906 9.191763 27.557 21.05445 9.239845 27.73073 21.05445 9.270895 27.5307 21.11099 9.521185 27.44752 21.26486 8.81568 27.68197 20.72132 8.853034 27.81691 20.72132 8.618536 27.74749 20.4909 8.52787 27.88937 20.32502 8.499548 27.78704 20.32502 8.274069 27.94593 19.87734 8.252783 27.86905 19.87734 8.299873 27.85339 19.97789 8.445899 27.80487 20.24163 8.082739 27.92556 19.39162 8.091728 27.92257 19.42548 8.099173 27.98491 19.39162 8.133232 27.90878 19.56525 8.181723 27.89266 19.70429 8.029364 27.94329 19.14589 8.008383 28.00513 18.88233 7.994467 27.95488 18.88233 7.993353 27.95526 18.86957 8.018028 28.06471 18.88233 8.110556 28.05528 19.39162 8.288825 28.0371 19.87734 8.547508 28.01072 20.32502 8.878929 27.97694 20.72132 9.273184 27.93674 21.05445 9.718559 27.89133 21.31448 10.20177 27.84207 21.49368 7.78298 27.61042 21.19474 8.003929 27.60541 21.16597 10.69056 27.01494 21.59954 7.659185 27.6197 21.05716 8.330451 27.5082 21.50031 8.163673 27.56524 21.33933 8.297447 27.46097 21.70903 10.57671 26.9296 21.62925 10.6583 26.94025 21.61676 10.31197 26.96007 21.65746 10.36236 26.97614 21.63771 10.30431 26.99972 21.63232 10.2011 27.00682 21.6472 10.19887 26.97329 21.67374 9.877815 27.11127 21.62351 9.780447 27.12535 21.63658 9.883293 27.08054 21.65939 9.632759 27.23783 21.50893 9.518852 27.28228 21.46292 9.366812 27.29828 21.49155 9.52079 27.44001 21.26629 9.033499 27.60256 20.93066 9.032187 27.59599 20.93287 9.269035 27.51685 21.11452 8.965933 27.45331 21.25897 8.600639 27.58054 20.94435 8.378288 27.57699 21.14029 8.908453 27.37339 21.56558 8.659079 27.41334 21.61044 8.873312 27.30701 21.74806 8.437965 27.63122 20.76055 8.291525 27.67238 20.56239 8.149909 27.63868 20.86865 8.339987 27.68914 20.45997 7.929068 27.84301 18.85739 7.684057 27.64183 20.46141 7.801367 27.67411 20.25425 7.73934 27.66541 20.09388 7.708151 27.6511 20.30142 7.75791 27.6818 19.7255 7.712164 27.65865 20.01361 7.78742 27.69996 19.54873 7.781591 27.68894 19.81949 7.842001 27.74199 19.24655 7.822348 27.72551 19.35146 7.841162 27.7319 19.46246 7.808844 27.70694 19.65089 7.834234 27.71203 19.75362 7.808722 27.69429 19.91383 7.839331 27.69779 20.00826 7.949972 27.87826 18.79189 7.968801 27.91685 18.74919 7.963705 27.81505 19.33029 7.948812 27.83008 19.15902 7.938971 27.81617 19.19942 7.930563 27.82953 19.02741 7.920126 27.81502 19.06961 7.906988 27.8117 18.94125 7.940847 27.84505 18.98904 7.999945 27.87342 19.19873 8.008171 27.88997 19.17691 7.985769 27.89457 19.03901 7.993902 27.91257 19.02198 7.978292 27.91576 18.88474 7.873465 27.69935 20.10256 7.911123 27.69893 20.19647 7.99613 27.7656 19.74922 7.97637 27.78888 19.54165 7.958578 27.76941 19.62666 7.944937 27.79126 19.41441 7.926611 27.77083 19.50412 7.919287 27.79128 19.28771 7.900091 27.76992 19.38201 7.899282 27.78905 19.16196 7.878927 27.7668 19.26072 7.88471 27.78468 19.03753 8.057318 27.84424 19.49886 8.065254 27.85867 19.47456 8.029289 27.86725 19.3365 8.072746 27.87378 19.45462 8.0371 27.88307 19.31561 8.049002 27.83054 19.52709 8.021018 27.85212 19.36203 7.950872 27.86151 18.95506 7.958517 27.84493 19.12226 7.973074 27.82833 19.29175 7.994513 27.81155 19.4618 8.013725 27.78405 19.66899 8.039328 27.75931 19.87137 8.161993 27.75426 20.04695 8.180853 27.77228 19.9847 8.124687 27.78601 19.85545 8.133505 27.79683 19.82468 8.08367 27.80853 19.69213 8.092154 27.8208 19.66218 8.100288 27.83384 19.63546 8.108009 27.84761 19.6124 8.115242 27.86205 19.59343 7.969702 27.89694 18.90237 7.960516 27.87883 18.92599 7.977102 27.87725 19.06174 7.967993 27.86068 19.08966 7.991293 27.85758 19.22547 7.982306 27.84253 19.25664 8.012428 27.83776 19.39174 8.003561 27.82422 19.42516 8.040382 27.81764 19.55878 8.031561 27.80559 19.59349 8.074928 27.79709 19.72487 8.057089 27.77672 19.79597 8.106513 27.7668 19.92212 8.088217 27.75049 19.99267 8.142799 27.73907 20.11264 7.862921 27.76158 19.1406 7.859442 27.74789 19.36213 7.864569 27.73629 19.57432 7.892645 27.73857 19.68673 7.925497 27.73865 19.79935 7.963201 27.73645 19.91183 8.005805 27.73191 20.0238 8.053305 27.72495 20.13489 8.086067 27.90579 19.42964 8.051123 27.91654 19.28966 8.022972 27.92498 19.15 7.986212 27.93522 18.87363 7.853231 27.62832 20.98254 7.897558 27.64448 20.8208 7.749762 27.64803 20.58301 7.956091 27.67093 20.56966 7.873663 27.67605 20.41331 8.189888 27.78251 19.9559 8.141975 27.80848 19.79649 8.150047 27.82089 19.77129 8.157629 27.83403 19.74949 8.164649 27.84782 19.73148 8.198493 27.79355 19.92947 8.206596 27.80535 19.90579 8.214134 27.81788 19.88525 8.221031 27.83108 19.86823 8.167944 27.85495 19.72404 8.121893 27.87709 19.57897 8.079718 27.88951 19.4395 8.044425 27.89952 19.29984 8.015875 27.90719 19.16051 8.295616 27.83898 19.98212 8.297859 27.84612 19.97944 8.179344 27.88487 19.70574 8.269934 27.78721 20.03841 8.277519 27.79917 20.01913 8.284369 27.81182 20.00308 8.22422 27.83792 19.86116 8.171057 27.86223 19.71769 8.124992 27.88482 19.57356 8.203009 27.72505 20.23083 8.223518 27.73906 20.16995 8.243399 27.7559 20.11209 8.252815 27.76553 20.08525 8.261679 27.77597 20.06057 8.16294 27.70366 20.3528 8.268791 27.7084 20.34676 8.290976 27.72122 20.29061 8.312248 27.73686 20.23708 8.331442 27.75578 20.18923 8.339972 27.76646 20.16856 8.347708 27.77789 20.15053 8.354576 27.79004 20.13545 8.287497 27.81838 19.99638 8.22724 27.8449 19.85511 8.174002 27.86965 19.71249 8.127905 27.89269 19.56944 8.444418 27.79802 20.24349 8.442268 27.79121 20.24584 8.439993 27.78461 20.24932 8.416586 27.74314 20.29569 8.507895 27.7278 20.40363 8.424568 27.75409 20.27889 8.515068 27.73908 20.39046 8.43154 27.76577 20.26477 8.434638 27.77189 20.25882 8.357672 27.79636 20.12913 8.360527 27.80285 20.12367 8.290411 27.8251 19.99063 8.293128 27.83197 19.98586 8.520987 27.75112 20.38 8.610907 27.72178 20.50215 8.613379 27.72793 20.49824 8.608084 27.71581 20.50673 8.518179 27.74501 20.38487 8.604895 27.71003 20.51195 8.364264 27.70073 20.40844 8.527503 27.65196 20.63361 8.554985 27.66403 20.59238 8.675041 27.58677 20.87657 8.497961 27.6429 20.67638 8.700752 27.67872 20.62873 8.597479 27.69909 20.5242 8.794136 27.63483 20.75078 8.706915 27.69024 20.61955 8.704031 27.68438 20.62385 8.805685 27.65083 20.73575 8.744513 27.60305 20.80782 8.617317 27.74085 20.49269 8.615486 27.73428 20.49504 8.43746 27.77816 20.25366 8.176764 27.87719 19.70849 8.130667 27.90068 19.56665 8.868797 27.52153 21.05748 8.912909 27.52547 21.02949 9.099861 27.50662 21.06708 8.986488 27.5453 20.97645 8.95307 27.53309 21.00197 8.772589 27.61687 20.77674 8.57868 27.67975 20.55499 8.468237 27.69088 20.47774 8.387259 27.71518 20.35914 8.802284 27.64526 20.74028 8.909094 27.60978 20.84615 8.912651 27.6153 20.84195 9.020729 27.57243 20.94593 9.024466 27.57793 20.94204 8.80863 27.65663 20.73173 8.811119 27.66265 20.72825 8.915686 27.62106 20.8382 9.030203 27.58971 20.93549 9.027626 27.58369 20.93855 8.490164 27.70761 20.43698 8.588736 27.68898 20.53864 8.784216 27.62536 20.76301 9.000099 27.5532 20.96506 9.232794 27.47374 21.14177 9.267004 27.51037 21.11684 9.143988 27.54467 21.03242 9.140678 27.53888 21.03566 9.136711 27.53337 21.03925 9.011528 27.56226 20.95483 8.814642 27.67532 20.72302 8.813117 27.66888 20.72534 9.076225 27.44819 21.2166 9.129248 27.44966 21.19421 9.063437 27.49509 21.09014 9.177252 27.4553 21.17198 9.21685 27.46622 21.15115 9.184059 27.40886 21.28739 9.241827 27.40915 21.26729 9.387854 27.46242 21.19953 9.264227 27.50419 21.1195 9.384178 27.45644 21.20229 9.260748 27.49833 21.12249 9.379707 27.4508 21.20533 9.256552 27.49276 21.1258 9.24604 27.4826 21.13327 9.126898 27.52323 21.04741 9.51734 27.42601 21.27004 9.514288 27.41954 21.27233 9.510397 27.41343 21.27487 9.505638 27.40767 21.27766 9.36846 27.44056 21.21216 9.354193 27.43171 21.21991 9.493597 27.39728 21.28391 9.633795 27.36358 21.34265 9.638861 27.36947 21.3401 9.294043 27.4139 21.24726 9.316902 27.41835 21.23758 9.336981 27.42429 21.22842 9.478262 27.38839 21.29097 9.620918 27.35296 21.34838 9.763617 27.3187 21.40025 9.76902 27.32476 21.3979 9.642996 27.37575 21.33776 9.776802 27.33815 21.39382 9.779181 27.34545 21.3921 9.519493 27.43284 21.26802 9.270149 27.52366 21.11245 9.333518 27.16735 21.76095 9.459967 27.1391 21.74506 9.44039 27.18789 21.67878 9.60903 27.10695 21.72621 9.692511 27.06568 21.74401 9.87635 27.02784 21.71891 9.978323 27.00865 21.7048 9.78472 27.07119 21.70362 9.985312 27.03542 21.67705 9.692236 27.11421 21.68389 9.599127 27.15674 21.65961 9.677069 27.16969 21.60848 9.355612 27.22733 21.64901 9.191626 27.23976 21.70808 9.710669 27.23401 21.49448 9.830177 27.1879 21.53478 9.905005 27.18934 21.52107 9.469917 27.25632 21.53602 9.747107 27.19256 21.54869 9.949699 27.14123 21.56858 10.04366 27.25617 21.48644 9.911093 27.30095 21.44297 9.905005 27.28622 21.44631 9.773413 27.33125 21.39576 9.894583 27.27324 21.45044 10.03721 27.24085 21.48948 10.17638 27.21129 21.5226 10.27144 27.12274 21.56119 10.1412 27.16931 21.53299 10.11992 27.15936 21.53777 9.9905 27.20617 21.50281 9.966162 27.19852 21.50844 9.838263 27.24518 21.46674 9.937628 27.19289 21.51455 9.81147 27.23958 21.47323 9.780876 27.23594 21.48012 9.59162 27.27939 21.44758 10.35245 26.99887 21.62521 10.23298 27.04622 21.61032 10.18715 27.04698 21.61718 10.06882 27.0942 21.59599 10.11229 27.0936 21.58925 10.15285 27.09494 21.58272 10.08884 27.05361 21.63137 9.975531 27.10027 21.60979 9.861488 27.14664 21.58227 9.985893 27.06544 21.64566 10.09301 27.0194 21.66234 10.08619 26.99013 21.68971 10.47715 26.92915 21.64422 10.22158 27.10433 21.57087 10.1895 27.09848 21.57655 10.31437 27.05111 21.59755 10.3482 27.05714 21.59193 10.43798 27.00387 21.61216 10.47353 27.01012 21.60651 10.52891 27.03003 21.59724 10.54845 27.04358 21.59369 10.40082 27.07626 21.58253 10.41936 27.08925 21.57884 10.28899 27.13521 21.55729 10.5624 27.05946 21.59093 10.30147 27.1498 21.55408 10.15777 27.18131 21.52883 10.01052 27.2158 21.49773 9.861105 27.25267 21.46073 9.710884 27.29127 21.4179 9.685829 27.28566 21.42489 9.657217 27.2819 21.43227 9.990805 27.14084 21.56183 10.02915 27.14227 21.55523 10.06379 27.1458 21.54895 10.09409 27.15151 21.5431 10.24892 27.11242 21.56574 10.37705 27.06554 21.58691 10.50388 27.01886 21.60152 10.53559 26.98673 21.61144 10.4576 26.97655 21.62351 10.39736 27.00015 21.61844 10.27573 27.04751 21.60372 10.41999 26.95261 21.64166 10.5174 26.95303 21.62711 10.5972 26.96343 21.61484 10.65531 26.98421 21.60557 10.59234 27.00707 21.60218 9.780508 27.35314 21.39061 9.573431 27.2134 21.57498 9.270819 27.2659 21.61515 9.049551 27.30868 21.64296 9.010138 27.27825 21.73012 9.132452 27.21319 21.78647 8.426872 27.39669 21.82459 8.676445 27.34726 21.77768 8.502127 27.43513 21.64695 8.6341 27.48742 21.37498 7.713324 27.63401 20.7915 10.57059 27.07762 21.58897 10.30875 27.16646 21.55161 10.16953 27.19532 21.52535 10.02613 27.22738 21.49326 9.87992 27.26204 21.45527 9.74987 27.30782 21.4055 9.73226 27.29866 21.41141 9.604469 27.34397 21.35482 9.584526 27.33662 21.36189 9.459709 27.38103 21.29871 9.56118 27.33095 21.36948 9.438025 27.37525 21.30703 9.534538 27.327 21.3775 9.413307 27.37107 21.31581 9.473503 27.32383 21.39407 9.356741 27.36715 21.33395 9.405815 27.32572 21.41064 9.294075 27.36798 21.3521 9.163352 27.37869 21.38609 8.407675 27.73298 20.31488 2.007359 71.69719 18.63572 2.007359 71.34944 18.47853 2.007359 70.98014 18.38237 2.007359 70.59987 18.35 2.007359 70.21962 18.38237 2.007359 69.85031 18.47853 2.007359 69.50257 18.63572 2.007359 69.18637 18.84942 2.007359 68.91086 19.11349 2.007359 68.68393 19.42031 2.007359 68.51212 19.76107 2.007359 68.40038 20.12598 2.007359 68.3519 20.50451 2.007359 68.36809 20.88579 2.007359 68.4485 21.25885 2.007359 68.59079 21.61296 2.007359 68.79088 21.93793 2.007359 69.04302 22.2244 2.007359 69.33994 22.46415 2.007359 69.6731 22.65027 2.007359 70.03292 22.7774 2.007359 70.40906 22.8419 2.007359 70.79068 22.8419 2.007359 71.16683 22.7774 2.007359 71.52664 22.65027 2.007359 71.85982 22.46415 2.007359 72.15674 22.2244 2.007359 72.40886 21.93793 2.007359 72.60897 21.61296 2.007359 72.75125 21.25885 2.007359 72.83165 20.88579 2.007359 72.84784 20.50451 2.007359 72.79938 20.12598 2.007359 72.68762 19.76107 2.007359 72.51581 19.42031 2.007359 72.2889 19.11349 2.007359 72.01337 18.84942</float_array>
          <technique_common>
            <accessor source="#camera_mount_left-mesh-positions-array" count="4895" stride="3">
              <param name="X" type="float"/>
              <param name="Y" type="float"/>
              <param name="Z" type="float"/>
            </accessor>
          </technique_common>
        </source>
        <source id="camera_mount_left-mesh-normals">
          <float_array id="camera_mount_left-mesh-normals-array" count="29793">-0.7869853 0.6169719 0 -0.6987454 0.7153705 0 -0.6987448 0.7153711 0 -0.5983024 0.8012705 0 -0.5983017 0.8012711 0 -0.4874091 0.8731738 0 -0.4874091 0.8731738 0 -0.8793455 0.4761843 3.24737e-7 -0.8789564 0.4769024 0 -0.8785833 0.4775894 1.97523e-5 -0.8785832 0.4775894 1.97774e-5 -0.8785832 0.4775894 1.98118e-5 -0.8785149 0.477715 4.48252e-5 -0.8787435 0.4772943 1.8025e-6 -0.8787435 0.4772943 1.65455e-6 -0.8787435 0.4772944 1.89422e-6 -0.8778008 0.4790258 1.26232e-4 -0.8743695 0.4852561 0.002152621 -0.8743696 0.485256 0.002152621 -0.8743695 0.4852561 0.002152681 -0.8759256 0.4824452 0.001025378 -0.8759256 0.4824453 0.001025557 -0.8759255 0.4824454 0.001025497 -0.8768304 0.4807995 4.82362e-4 -0.82924 0.558696 0.01483005 -0.8292494 0.558682 0.01482552 -0.8292845 0.5586304 0.01480734 -0.8756815 0.4828884 8.34839e-4 -0.8756815 0.4828885 8.3488e-4 -0.8756815 0.4828885 8.34915e-4 -0.8663387 0.4993495 0.01036584 -0.8663386 0.4993497 0.01036572 -0.8663601 0.4993126 0.01034396 -0.8710144 0.4912207 0.006019532 -0.8710795 0.4911047 0.006074011 -0.8710143 0.4912208 0.006019592 -0.8756479 0.4829484 0.001360654 -0.8554071 0.5177875 0.01323187 -0.8554072 0.5177872 0.01323193 -0.8554074 0.5177869 0.01323217 -0.8679333 0.4966452 0.005941033 -0.867933 0.4966458 0.005940735 -0.8679328 0.4966462 0.005941033 -0.792396 0.6024339 0.09582287 -0.7923731 0.602463 0.09582936 -0.7923991 0.60243 0.09582245 -0.8310984 0.5533192 0.0557987 -0.8310968 0.5533217 0.05579853 -0.8310952 0.5533239 0.05579829 -0.8497279 0.5260899 0.0345261 -0.8497278 0.5260899 0.03452628 -0.8497278 0.5260899 0.03452628 -0.8604855 0.5090284 0.0213316 -0.8604857 0.509028 0.02133166 -0.860463 0.5090654 0.02135205 -0.8637982 0.5035451 0.01718586 -0.8741798 0.4855921 0.003170609 -0.8182688 0.5725759 0.05092078 -0.8183233 0.5724999 0.05090123 -0.8183232 0.5725001 0.05090135 -0.8594091 0.5110152 0.01671952 -0.8594089 0.5110155 0.01671963 -0.8594088 0.5110157 0.01671975 -0.3139136 0.8643559 0.3928704 -0.3139308 0.8643567 0.3928548 -0.3138589 0.8643549 0.3929161 -0.872504 0.488563 0.006574749 -0.8451906 0.5321571 0.0496174 -0.8695702 0.4937573 0.007176101 -0.8662788 0.4995238 0.006086945 -0.8629803 0.5052123 0.005085587 -0.844178 0.5360629 0 -0.7869849 0.6169724 0 -0.8357232 0.5454673 0.06349909 -0.8357225 0.5454688 0.06349569 -0.8357238 0.5454661 0.0635032 -0.8719751 0.4894844 0.008028328 -0.8882625 0.459029 0.01680105 -0.8614729 0.5078035 0 -0.9066589 0.4218645 0 -0.9209063 0.3897523 0.004974663 -0.9325509 0.3610387 0 -0.9476485 0.3193155 0 -0.9642724 0.2649021 0.00239402 -0.9633725 0.2681468 0.003269255 -0.9907745 0.1354293 0.004988133 -0.9855502 0.169384 0 -0.9770733 0.2129033 0 -0.9987118 -0.05074244 0 -0.999981 0.005378842 0.003022849 -0.9999904 0.003582835 0.002562165 -0.9982183 0.05966889 0 -0.9945901 0.1038779 0 -0.9954807 -0.09496545 0 -0.99172 -0.1283224 0.004993855 -0.987029 -0.1605424 0 -0.9789411 -0.2041431 0 -0.966145 -0.2579855 0.002725839 -0.9662026 -0.2577694 0.002782821 -0.9236749 -0.3831449 0.004995465 -0.9357506 -0.3526626 0 -0.9504592 -0.3108494 0 -0.8819079 -0.4713033 0.01057869 -0.8783915 -0.4778543 0.009159028 -0.8684693 -0.4957108 0.00566107 -0.8716759 -0.4900373 0.00670284 -0.8749135 -0.4842156 0.007843673 -0.8626877 -0.5057328 0.002059519 -0.8626431 -0.5058091 0.002022206 -0.8626877 -0.5057328 0.002059519 -0.8670522 -0.4982016 0.003962397 -0.8701649 -0.4927312 0.005407512 -0.8701648 -0.4927312 0.005407571 -0.8701649 -0.4927312 0.005407631 -0.8694175 -0.4940524 0.005054175 -0.8694176 -0.4940524 0.005054116 -0.8694175 -0.4940524 0.005054235 -0.8710596 -0.4911435 0.005768418 -0.8710596 -0.4911435 0.005768358 -0.8710596 -0.4911435 0.005768418 -0.8722364 -0.4890427 0.006390452 -0.8722364 -0.4890428 0.006390452 -0.8722364 -0.4890427 0.006390392 -0.8730018 -0.4876703 0.006766378 -0.8766185 -0.4811103 0.008538484 -0.874159 -0.4855846 0.007323741 -0.8750445 -0.4839807 0.00773853 -0.8757672 -0.4826654 0.008131742 -0.8773883 -0.479698 0.008927524 -0.8787806 -0.4771283 0.009669601 -0.8787803 -0.4771286 0.009669184 -0.8787806 -0.4771282 0.009669363 -0.8784822 -0.4776806 0.009509027 -0.8790264 -0.4766725 0.009797334 -0.8794277 -0.4759269 0.01003092 -0.8796859 -0.4754464 0.0101757 -0.8797305 -0.4753636 0.01019471 -0.8796859 -0.4754464 0.01017576 -0.883806 -0.4678537 -1.10301e-5 -0.8838059 -0.4678537 -1.10124e-5 -0.8838059 -0.4678537 -1.10082e-5 -0.8839209 -0.4676367 -1.62975e-6 -0.8839209 -0.4676367 -1.58561e-6 -0.8839209 -0.4676366 -1.63016e-6 -0.8837205 -0.468015 0 -0.8837205 -0.468015 -1.99248e-7 -0.8837205 -0.468015 0 -0.8859378 -0.4636409 0.01230406 -0.8913001 -0.4531754 0.01470738 -0.8695552 -0.4938097 0.005085408 -0.8829284 -0.4695078 1.09617e-4 -0.8833852 -0.4686476 3.43095e-5 -0.8807777 -0.4734082 0.01074063 -0.8801826 -0.4745206 0.01042193 -0.8801826 -0.4745209 0.01042193 -0.8801826 -0.4745206 0.01042205 -0.865091 -0.5016101 0.002277016 -0.8924822 -0.4510826 0 -0.9103966 -0.4137367 0 -0.8489742 -0.5284345 0 -0.7913857 -0.6113174 0 -0.7913862 -0.6113167 0 -0.7038531 -0.7103456 0 -0.7038539 -0.7103449 0 -0.6040306 -0.7969612 0 -0.6040307 -0.7969612 0 -0.4936538 -0.8696585 0 -0.493654 -0.8696584 0 -0.3746561 -0.9271639 0 -0.3746559 -0.927164 0 0 0 -1 8.21974e-7 0 -1 -3.84526e-7 0 -1 -3.18834e-7 0 -1 9.10957e-7 0 -1 -2.55777e-7 0 -1 -9.29329e-7 0 -1 3.07478e-7 0 -1 9.04059e-7 0 -1 -1.594e-7 0 -1 -1.56883e-6 0 -1 1.2442e-6 0 -1 -1.49443e-6 0 -1 0 -0.1689968 -0.9856167 0 -0.04242652 -0.9990996 -0.001530945 0 -0.9999989 0 0.04243552 -0.9990992 0 0.1689969 -0.9856167 0 0.168988 -0.9856181 0 0.3331672 -0.9428679 0 0.3331506 -0.9428737 0 0.4876939 -0.8730148 0 0.4876713 -0.8730274 0 0.628197 -0.7780543 0 0.628197 -0.7780544 0 0.7506878 -0.6606571 0 0.7506879 -0.6606572 0 0.8515221 -0.5243189 0 0.8515456 -0.5242804 0 0.9279036 -0.3728204 0 0.9278852 -0.372866 0 0.9775446 -0.2107288 0 0.9775446 -0.2107288 0 0.9991036 -0.04233568 0 0.9991012 -0.04238855 0 0.9919088 0.1269528 0 0.9919155 0.1269008 0 0.956157 0.2928547 0 0.8929367 0.4501826 0 0.8039798 0.5946566 0 0.6919652 0.7219309 0 0.5599464 0.828529 0 0.4119077 0.9112256 0 0.4119077 0.9112257 0 0.2519754 0.9677338 0 0.08482778 0.9963957 0 0.08482778 0.9963957 0 -0.08482778 0.9963957 0 -0.08482778 0.9963957 0 -0.2519496 0.9677404 0 -0.2519625 0.9677371 0 -0.4119077 0.9112256 0 -0.4119275 0.9112166 0 -0.5599709 0.8285123 0 -0.6919652 0.7219309 0 -0.8039798 0.5946566 0 -0.8929154 0.4502248 0 -0.9561718 0.2928063 0 -0.9919022 0.1270049 0 -0.999099 -0.04244136 0 -0.9990968 -0.04249417 0 -0.9775555 -0.2106782 0 -0.9775664 -0.2106276 0 -0.9278852 -0.372866 0 -0.9279036 -0.3728204 0 -0.8514984 -0.5243572 0 -0.851522 -0.5243188 0 -0.7506878 -0.6606571 0 -0.7506879 -0.6606572 0 -0.6282229 -0.7780335 0 -0.6282487 -0.7780126 0 -0.4876939 -0.8730148 0 -0.4876713 -0.8730274 0 -0.3331339 -0.9428796 0 -0.3331339 -0.9428796 0 -0.1690056 -0.9856151 0.08453357 -0.936331 -0.3407906 0.08456879 -0.9363307 -0.3407829 0.2520716 -0.9093507 -0.3309704 0.2520534 -0.9093549 -0.3309726 0.4118982 -0.8562782 -0.3116528 0.4118763 -0.8562874 -0.3116569 0.5599124 -0.7785811 -0.2833895 0.5599268 -0.7785761 -0.2833748 0.6919736 -0.6783856 -0.2469123 0.6919671 -0.6783931 -0.2469099 0.804063 -0.5586882 -0.2033483 0.8040734 -0.5586771 -0.2033368 0.8928932 -0.4231154 -0.1539972 0.8928831 -0.4231328 -0.1540079 0.9561777 -0.2751297 -0.1001399 0.9561775 -0.2751312 -0.1001374 0.9918993 -0.1193675 -0.04344427 0.9918999 -0.1193618 -0.04344516 0.9990986 0.03989022 0.01451969 0.9990986 0.03989166 0.01451921 0.9775648 0.1979328 0.07204109 0.9775652 0.1979308 0.07203942 0.9278855 0.3503796 0.1275258 0.9278863 0.3503777 0.1275256 0.8515186 0.492705 0.1793269 0.8515205 0.4927012 0.1793277 0.7506585 0.6208468 0.2259671 0.7506582 0.6208472 0.2259667 0.6283926 0.7309857 0.2660501 0.6284047 0.7309768 0.2660462 0.4875883 0.8204253 0.298597 0.4879867 0.8202107 0.2985358 0.4879866 0.8202106 0.2985358 0.4879866 0.8202107 0.2985358 0.3332613 0.8859757 0.3224654 0.3332654 0.8859735 0.3224671 0.1690151 0.9261753 0.3370955 0.1690132 0.9261748 0.3370975 0 0.9396927 0.3420201 0 0.9396961 0.3420107 -0.1690187 0.9261719 0.3371028 -0.169018 0.9261747 0.3370956 -0.3332564 0.8859772 0.3224667 -0.3332582 0.885976 0.3224679 -0.4878848 0.8202679 0.298545 -0.4878848 0.820268 0.298545 -0.4875919 0.8204191 0.2986083 -0.4879982 0.8201984 0.2985509 -0.4880816 0.8201521 0.2985413 -0.4880816 0.8201521 0.2985414 -0.6283844 0.7309929 0.2660499 -0.6283943 0.7309828 0.266054 -0.7506671 0.6208383 0.2259619 -0.7506664 0.6208394 0.2259614 -0.8514954 0.49274 0.1793407 -0.8515012 0.4927315 0.1793361 -0.927899 0.3503489 0.1275118 -0.9279022 0.3503386 0.1275164 -0.9775604 0.1979522 0.07204687 -0.9775616 0.1979461 0.07204669 -0.9990985 0.0398941 0.01451677 -0.999099 0.03988146 0.01451724 -0.9918993 -0.1193668 -0.04344499 -0.9918989 -0.1193695 -0.04344636 -0.9561792 -0.2751257 -0.1001374 -0.9561818 -0.2751179 -0.100133 -0.8928898 -0.4231218 -0.1539992 -0.89288 -0.423139 -0.1540088 -0.8040676 -0.5586836 -0.2033417 -0.804076 -0.5586733 -0.2033374 -0.6919612 -0.6783969 -0.2469156 -0.6919587 -0.6783998 -0.2469148 -0.559914 -0.7785822 -0.2833835 -0.5599187 -0.778581 -0.2833775 -0.411898 -0.8562779 -0.3116542 -0.4118766 -0.8562876 -0.3116557 -0.2520788 -0.909347 -0.3309747 -0.2520514 -0.9093574 -0.3309673 -0.08453798 -0.9363328 -0.3407849 -0.08514511 -0.9362738 -0.3407957 -0.08514511 -0.9362738 -0.3407956 -0.08504968 -0.9362828 -0.3407947 -1.5911e-6 0 -1 8.43573e-7 0 -1 6.20921e-7 0 -1 -1.85428e-6 0 -1 6.33461e-7 0 -1 -1.8257e-6 0 -1 6.38909e-7 0 -1 0 0 1 3.5309e-7 0 1 -4.36643e-6 0 1 4.83008e-6 0 1 -2.43952e-6 0 1 6.10626e-7 0 1 9.14906e-7 0 1 6.71119e-7 0 1 -7.92103e-7 0 1 -2.50294e-6 0 1 1.49635e-6 0 1 -8.8149e-7 0 1 -1.25377e-6 0 1 4.71366e-7 0 1 1.47757e-6 0 1 -2.3659e-7 0 1 1.2742e-6 0 1 -1.25813e-6 0 1 1.81654e-6 0 1 -2.46138e-6 0 1 -2.92555e-6 0 1 1.77947e-6 0 1 -3.7691e-6 0 1 1.22509e-6 0 1 -1.27234e-6 0 1 9.36383e-7 0 1 -1.27651e-6 0 1 -1.77608e-6 0 1 -1.80492e-6 0 1 -2.47874e-6 0 1 3.70957e-6 0 1 -1.76699e-6 0 1 1.79492e-6 0 1 0.9065346 -0.4218503 -0.01540648 0.04951667 0.9987734 0 0.05065023 0.9987165 -2.29862e-4 0.1206372 0.9926968 9.67376e-5 0.1217678 0.9925586 0 0.1696493 0.9855046 0 0.1718868 0.9851167 -2.56502e-4 0.2395177 0.970892 3.85088e-4 0.2417238 0.9703452 0 0.2872879 0.9578444 0 0.2905541 0.9568586 -8.11809e-5 0.3398352 0.9404848 6.42274e-4 0.347305 0.9377518 -8.5624e-4 0.4007519 0.9161867 2.13707e-4 0.40491 0.9143565 0 0.4456248 0.8952199 0 0.4507048 0.8926728 -7.76885e-4 0.5083556 0.861147 7.48272e-4 0.5132379 0.8582464 0 0.5503661 0.8349235 0 0.556044 0.8311529 -3.23435e-4 0.600359 0.7997298 0.001189827 0.6121069 0.790774 -0.001387774 0.647087 0.7624162 7.50679e-5 0.6531502 0.7572286 0 0.6840303 0.7294536 0 0.6906312 0.7232058 -0.001458346 0.7343309 0.6787912 8.5525e-4 0.7404662 0.6720937 0 0.7670368 0.6416031 0 0.7735549 0.633729 -7.27245e-4 0.8082381 0.5888537 0.001641929 0.8167989 0.5769221 -7.15294e-4 0.839375 0.5435529 1.75515e-5 0.844911 0.5348034 0.01053446 0.8743467 0.4852985 0.001878499 0.9091233 0.4165269 -4.13818e-4 0.858783 0.5123385 -0.001089334 0.8698302 0.4933431 -0.002858459 0.8891317 0.4576517 0 0.8891332 0.4576486 0 0.8922858 0.4514665 -0.002051949 0.902314 0.4309897 -0.008805871 0.9039119 0.4276045 -0.00988388 0.8783164 0.4780591 -0.004469215 0.8726906 0.4882617 -0.003407478 0.867158 0.4980277 -0.002372145 0.8648086 0.5020978 -0.00197792 0.8622149 0.5065403 -0.001562118 0.8547315 0.51907 -6.30105e-4 0.8502893 0.5263158 -2.74449e-4 0.8452894 0.534309 -2.71481e-5 0.9213809 0.388661 0 0.9189351 0.3943684 0.005660891 0.8862472 0.463146 -0.007856905 0.9038028 0.4279494 0 0.9243203 0.3816176 0 0.9369456 0.3494622 0.003032922 0.9795296 0.2012993 6.06539e-4 0.9771451 0.2125627 0.00212264 0.9639111 0.2662244 0 0.9491886 0.3147079 0 0.9891544 0.1468802 0 0.9953252 0.09658092 0 0.9974483 0.0713402 0.002779722 0.999679 0.02533948 0 0.9996789 -0.02533954 0 0.9974483 -0.0713402 0.002779722 0.979527 -0.2012969 0.002564311 0.9771468 -0.2125646 7.32679e-4 0.9891541 -0.1468821 0 0.9953252 -0.09658074 0 0.8807659 -0.4734871 -0.007840931 0.9259197 0.3152895 -0.2080035 0.9084318 -0.4177031 -0.01660895 0.8836542 -0.4681401 0 0.8930176 -0.4500125 -0.002894341 0.8836968 -0.46806 0 0.8500223 -0.5265059 -0.01592725 0.8551502 -0.5182073 -0.01339644 0.8578611 -0.5137378 -0.01215672 0.8600917 -0.5100189 -0.01110011 0.8637298 -0.5038657 -0.009494423 0.8663962 -0.4992874 -0.008366286 0.8690068 -0.4947468 -0.007277369 0.8864855 -0.4627565 0 0.9243204 -0.3816174 0 0.9369458 -0.3494618 0.003032922 0.9491888 -0.3147073 0 0.9639109 -0.2662252 0 0.9040285 -0.4274703 0.001251935 0.9197166 -0.3925287 -0.006542086 0.9169168 -0.3990785 0 0.903697 -0.4278934 0.01545828 0.8743466 -0.485301 0.0010432 0.8426038 -0.5385342 -1.25322e-4 0.8449578 -0.534833 -7.87357e-6 0.8387125 -0.5445745 5.93827e-6 0.8327069 -0.5537142 -2.16379e-4 0.801076 -0.5985572 -0.002600252 0.8167927 -0.5769178 0.003936171 0.7632455 -0.6461062 -0.001818418 0.7735525 -0.6337322 0 0.7305389 -0.6828712 0 0.7404676 -0.6720883 0.002256631 0.679965 -0.7332389 -0.002893388 0.6906345 -0.723204 0 0.6531086 -0.7572644 0 0.6430635 -0.7658129 1.24094e-4 0.6121062 -0.790773 -0.002020955 0.3025149 -0.9531446 -3.93902e-4 0.2887393 -0.9574078 -9.48742e-6 0.3182826 -0.947995 -0.001370131 0.3356361 -0.9419866 -0.003133416 0.2905527 -0.9568532 0.003357291 0.3551405 -0.9348067 -0.003428459 0.3473042 -0.9377499 -0.00222975 0.3717614 -0.9283282 -5.64073e-4 0.4049124 -0.9143553 7.37541e-4 0.3967913 -0.9179089 0 0.4507039 -0.8926736 0 0.4414758 -0.8972717 -0.001649022 0.5132377 -0.8582446 0.001791954 0.5043627 -0.863492 0 0.556044 -0.8311529 0 0.5462272 -0.8376367 -8.84808e-4 0.5921756 -0.8058071 0.001799404 0.200374 -0.9797196 0 0.23385 -0.9722494 -0.006749212 0.240116 -0.9707103 -0.008124887 0.246604 -0.9690689 -0.009588003 0.2769538 -0.9608833 6.85016e-6 0.2417237 -0.9703449 -6.94711e-4 0.1718805 -0.9850804 0.008589208 0.05064696 -0.9987166 0 0.07133728 -0.9974507 0.001847803 0.1217662 -0.9925589 0 0.200374 -0.9797195 0 0.2172345 -0.9761138 -0.003316342 1 0 0 1 0 0 1 0 0 1 0 0 1 0 0 1 0 0 1 0 0 1 0 0 1 0 0 1 0 0 1 0 0 1 0 0 1 0 0 1 0 0 1 0 0 1 0 0 1 0 0 1 0 0 1 0 0 1 0 0 1 0 0 1 0 0 1 0 0 1 0 0 1 0 0 1 0 0 1 0 0 1 0 0 1 0 0 1 0 0 1 0 0 1 0 0 1 0 0 1 0 0 1 0 0 1 0 0 1 0 0 1 0 0 1 0 0 1 0 0 1 0 0 1 0 0 1 0 0 1 0 0 1 0 0 1 0 0 1 0 0 1 0 0 1 0 0 1 0 0 -1 0 0 -1 3.82419e-6 0 -1 5.22956e-7 0 -1 -8.97681e-7 0 -1 -4.43344e-7 0 -1 1.13839e-6 0 -1 -1.53907e-6 0 -1 -1.84341e-7 0 -1 1.80962e-7 0 -1 -9.95557e-7 0 -1 -2.38223e-6 0 -1 6.44742e-7 0 -1 0 0 -1 0 0 -1 0 0 -1 0 0 -1 0 0 -1 -1.82341e-7 0 -1 -2.95064e-7 0 -1 -2.53363e-6 0 -1 0 0 -1 -7.53082e-7 0 -1 2.53817e-6 0 -1 0 0 -1 -9.10042e-7 0 -1 2.92881e-6 0 -1 2.55993e-6 0 -1 1.1869e-6 0 -1 -3.79476e-6 0 -1 -1.06684e-5 0 -1 5.75975e-6 0 -1 -5.11028e-6 0 -1 1.18386e-5 0 -1 -3.93841e-7 0 0 0 -1 -1.21745e-7 0 -1 -9.24624e-7 0 -1 4.88969e-6 0 -1 5.20183e-5 0 -1 -3.50042e-5 0 -1 -5.43904e-6 0 -1 3.70036e-6 0 -1 -1.0845e-5 0 -1 1.77456e-5 0 -1 0 -1 0 6.37207e-5 0.3420406 -0.9396853 -1.22054e-5 0.342014 -0.9396949 6.52541e-5 0.3420563 -0.9396796 -3.21413e-5 0.3420054 -0.939698 0 0.342019 -0.9396931 4.19409e-5 0.3420082 -0.939697 -2.79604e-5 0.3420288 -0.9396895 8.14487e-6 0.3420275 -0.9396899 -2.5684e-6 0.3420199 -0.9396928 6.63709e-5 0.3419979 -0.9397007 -1.22979e-5 0.3420132 -0.9396952 -4.17073e-5 0.3420057 -0.9396979 3.8623e-5 0.3420361 -0.9396868 -2.08595e-5 0.3420059 -0.9396978 -3.21512e-5 0.3420448 -0.9396837 3.17679e-5 0.3419957 -0.9397016 -4.80919e-5 0.3420474 -0.9396827 1.62382e-5 0.3420278 -0.9396899 -2.15293e-5 0.3420016 -0.9396994 -6.43087e-6 0.3420212 -0.9396923 2.32356e-5 0.342031 -0.9396888 -2.63284e-6 0.3420193 -0.9396929 -2.23529e-5 0.3420283 -0.9396898 0 0.34202 -0.9396927 2.2868e-5 0.3420278 -0.9396899 5.97871e-6 0.3420223 -0.9396919 0 0.3420206 -0.9396925 -2.26616e-5 0.3420143 -0.9396948 2.05208e-5 0.3420289 -0.9396895 -9.08716e-6 0.3420208 -0.9396925 -1.75914e-5 0.3420114 -0.9396959 -4.00885e-5 0.3419982 -0.9397007 2.69837e-5 0.3420332 -0.939688 -8.40032e-6 0.3420162 -0.9396941 3.14137e-5 0.342006 -0.9396978 -2.71449e-5 0.3420266 -0.9396903 4.7845e-5 0.3420065 -0.9396976 -7.41512e-6 0.3420222 -0.9396919 -2.55881e-6 0.3420168 -0.9396939 0 0.3420203 -0.9396926 -9.42946e-5 0.3420459 -0.9396833 1.58185e-5 0.3420187 -0.9396932 7.26328e-7 0.3420198 -0.9396929 1.06859e-5 0.3420208 -0.9396924 -8.45843e-5 0.3419908 -0.9397033 1.76482e-5 0.3420005 -0.9396998 3.45771e-6 0.3420202 -0.9396927 5.63312e-6 0.3420149 -0.9396945 1.70967e-6 0.342021 -0.9396923 0 0.3420187 -0.9396932 0 0.3420204 -0.9396925 -2.28552e-6 0.3420203 -0.9396926 -3.52411e-6 0.3420207 -0.9396924 -8.61705e-7 0.3420202 -0.9396926 -7.46047e-6 0.3420252 -0.9396908 3.11918e-6 0.3420193 -0.939693 -7.50719e-6 0.342023 -0.9396917 2.83868e-6 0.342019 -0.939693 3.65747e-7 0.3420196 -0.9396928 4.86223e-6 0.3420187 -0.9396932 3.09922e-6 0.3420191 -0.9396931 2.55718e-6 0.3420196 -0.9396929 0 0.9396895 0.3420288 0 0.9396906 0.3420258 2.85829e-5 -0.3420262 0.9396905 -2.91545e-6 -0.3420201 0.9396927 8.71357e-5 -0.3419817 0.9397067 -3.36707e-4 -0.3419094 0.9397329 -2.00717e-4 -0.3419533 0.939717 -2.00715e-4 -0.3419533 0.939717 -2.47755e-5 -0.3420159 0.9396942 5.77701e-5 -0.3420517 0.9396812 -1.0115e-4 -0.3419777 0.9397082 -6.16466e-6 -0.342011 0.939696 5.02249e-5 -0.3420462 0.9396832 -9.81754e-6 -0.3420129 0.9396953 -2.24417e-5 -0.3420076 0.9396973 0 -0.3420208 0.9396924 1.5887e-5 -0.3420466 0.939683 2.78387e-5 -0.3419989 0.9397004 0 -0.3420208 0.9396925 0 -0.3420206 0.9396924 2.13529e-5 -0.3420088 0.9396969 -2.66782e-5 -0.3420306 0.9396889 6.77569e-5 -0.3419889 0.9397041 6.31959e-6 -0.3420066 0.9396975 8.43826e-5 -0.3419791 0.9397076 -5.0566e-5 -0.3420503 0.9396817 5.70314e-6 -0.3420131 0.9396952 -1.16209e-5 -0.3420302 0.9396889 -3.1448e-5 -0.3420218 0.939692 7.8785e-5 -0.3419943 0.9397021 -7.57821e-5 -0.3420394 0.9396857 0 -0.3420206 0.9396924 4.47779e-5 -0.3420166 0.9396939 1.29587e-5 -0.3420105 0.9396963 1.51328e-5 -0.3420109 0.939696 0 -0.3420287 0.9396895 -2.62582e-5 -0.3420305 0.9396889 6.80663e-6 -0.342018 0.9396934 -4.38588e-5 -0.3420544 0.9396802 2.53236e-6 -0.3420182 0.9396933 -3.74713e-5 -0.3420469 0.9396829 8.00801e-6 -0.3420221 0.9396919 -8.0302e-5 -0.3420683 0.9396752 1.05818e-6 -0.3420194 0.9396929 2.55357e-5 -0.3420321 0.9396883 -5.26497e-5 -0.3419733 0.9397097 1.31487e-5 -0.3420152 0.9396945 1.0404e-5 -0.3420166 0.939694 -2.03158e-5 -0.3420237 0.9396914 -1.75793e-6 -0.34202 0.9396927 -2.49253e-5 -0.3420155 0.9396944 -1.73986e-6 -0.3420196 0.9396929 1.75687e-6 -0.3420212 0.9396923 7.33078e-6 -0.3420321 0.9396883 -5.47948e-7 -0.3420132 0.9396951 -8.57657e-6 -0.342015 0.9396946 -4.99527e-5 -0.3419705 0.9397107 9.79414e-6 -0.3420308 0.9396888 0 -0.3420221 0.9396919 -3.52935e-7 -0.3420164 0.9396941 1.79856e-5 -0.3420271 0.9396901 3.53526e-6 -0.3420217 0.939692 -9.34271e-6 -0.3420153 0.9396945 -3.02604e-5 -0.3420178 0.9396935 0 -0.3420202 0.9396926 -2.34604e-6 -0.3420205 0.9396926 -1 0 0 -1 0 0 -0.996919 -0.07843875 0 -0.9969189 -0.07844018 0 -0.9723665 -0.2334598 0 -0.9723672 -0.2334567 0 -0.923878 -0.3826872 0 -0.9238764 -0.382691 0 -0.852643 -0.522494 0 -0.8526422 -0.5224953 0 -0.7604086 -0.6494451 0 -0.7604082 -0.6494457 0 -0.6494398 -0.7604131 0 -0.6494441 -0.7604095 0 -0.5225144 -0.8526306 0 -0.5225124 -0.8526316 0 -0.3826859 -0.9238785 0 -0.3826836 -0.9238796 0 -0.233443 -0.9723705 0 -0.2334431 -0.9723705 0 -0.07845747 -0.9969176 0 -0.07845729 -0.9969175 0 -0.996919 0.07370871 0.02682632 -0.9969192 0.0737071 0.02682691 -0.9723684 0.2193742 0.07984149 -0.9723638 0.21939 0.07985478 -0.9238777 0.3596087 0.1308888 -0.9238792 0.359605 0.1308882 -0.8526307 0.4910013 0.1787136 -0.8526525 0.490972 0.1786904 -0.7604255 0.6102628 0.2221095 -0.7603839 0.6103057 0.2221338 -0.6494553 0.7145408 0.2600758 -0.6494561 0.7145398 0.2600763 -0.5225285 0.8012009 0.2916181 -0.5225254 0.8012024 0.2916198 -0.3826264 0.8681827 0.3160002 -0.3827055 0.8681594 0.3159681 -0.2334963 0.9137212 0.3325556 -0.2334125 0.9137333 0.3325812 -0.0784589 0.9367951 0.3409684 -0.07844746 0.9367924 0.3409779 4.5961e-5 0.342034 -0.9396877 1.44682e-6 0.3420045 -0.9396983 2.0428e-5 0.3420336 -0.9396878 -1.15749e-5 0.3419994 -0.9397003 -2.55332e-5 0.3419926 -0.9397026 7.23452e-6 0.3420062 -0.9396978 7.66049e-6 0.3420364 -0.9396868 1.01287e-5 0.3420387 -0.9396859 6.38521e-6 0.3421177 -0.9396571 -1.01278e-5 0.3419908 -0.9397034 2.91194e-6 0.3419342 -0.9397239 1.44693e-6 0.3420334 -0.9396879 -3.31976e-5 0.3420979 -0.9396643 -1.88115e-5 0.3420327 -0.9396881 4.34e-5 0.3419232 -0.939728 2.60425e-5 0.3419855 -0.9397053 5.10639e-6 0.3420026 -0.9396991 -3.03886e-5 0.3420717 -0.9396739 -5.1072e-6 0.3420433 -0.9396842 3.47236e-5 0.3419988 -0.9397005 -5.1068e-6 0.3420204 -0.9396925 -2.24289e-5 0.3420371 -0.9396865 3.57462e-5 0.3420096 -0.9396966 -6.51099e-6 0.3420296 -0.9396893 -9.19313e-5 0.3420533 -0.9396806 4.62994e-5 0.3419905 -0.9397035 1.02127e-4 0.3419932 -0.9397025 -5.20893e-5 0.3420258 -0.9396906 -2.04269e-5 0.3420253 -0.9396908 -2.17041e-6 0.3420251 -0.9396909 2.0428e-5 0.3420291 -0.9396895 1.66402e-5 0.3420336 -0.9396877 1.02138e-5 0.3420202 -0.9396926 -4.05116e-5 0.3420091 -0.9396967 -3.06407e-5 0.3420317 -0.9396885 4.4858e-5 0.3420566 -0.9396794 -5.61646e-5 0.34193 -0.9397255 -1.73615e-5 0.3419818 -0.9397066 5.61828e-5 0.3421046 -0.9396619 5.78807e-6 0.3420329 -0.939688 -3.06386e-5 0.3419784 -0.9397079 1.3022e-5 0.3420222 -0.939692 3.06443e-5 0.3420655 -0.9396761 -1.15751e-5 0.3420131 -0.9396952 -1.02132e-5 0.3420135 -0.9396951 -8.68189e-6 0.3420476 -0.9396827 0 0.3419693 -0.9397111 5.78796e-6 0.3420267 -0.9396904 -2.55329e-6 0.34202 -0.9396927 1.44687e-6 0.342006 -0.9396978 -2.80884e-5 0.3420409 -0.9396851 -1.30212e-5 0.3420005 -0.9396998 -1.02128e-5 0.342001 -0.9396997 -2.60447e-5 0.3420203 -0.9396926 7.65878e-5 0.341939 -0.9397222 2.89395e-6 0.3420283 -0.9396898 -2.5536e-5 0.3420444 -0.9396839 4.34093e-6 0.3420256 -0.9396907 2.04272e-5 0.3420204 -0.9396925 -4.34082e-6 0.3420305 -0.9396889 3.06408e-5 0.3420227 -0.9396918 4.70267e-6 0.3420313 -0.9396886 0 0.3420404 -0.9396854 0 0.3420366 -0.9396866 -3.06416e-5 0.3420348 -0.9396874 -1.8087e-6 0.3420327 -0.9396881 -2.04271e-5 0.342018 -0.9396935 4.34078e-6 0.3420234 -0.9396914 2.04288e-5 0.3420422 -0.9396847 -4.34098e-6 0.3420274 -0.93969 -1.07229e-4 0.3419666 -0.9397121 1.4469e-5 0.3420099 -0.9396964 1.53198e-5 0.3420118 -0.9396957 2.31508e-5 0.3420214 -0.9396923 0.08488404 -0.9363084 -0.3407657 0.08468645 -0.9363126 -0.3408035 0.2520143 -0.9093583 -0.3309929 0.2520258 -0.9093535 -0.3309973 0.4118291 -0.8563004 -0.3116832 0.4119822 -0.856245 -0.3116332 0.5600194 -0.7785224 -0.2833394 0.559896 -0.7785905 -0.2833962 0.6918942 -0.6784564 -0.2469399 0.691988 -0.6783758 -0.2468983 0.804044 -0.5587163 -0.203346 0.8039773 -0.558795 -0.2033934 0.8929072 -0.423085 -0.153999 0.8929431 -0.4230245 -0.1539573 0.956169 -0.2751581 -0.1001449 0.9561519 -0.2752074 -0.1001722 0.9918992 -0.119366 -0.04344785 0.991899 -0.1193685 -0.04344755 0.999098 0.03990393 0.014526 0.9990975 0.03991436 0.01452672 0.9775578 0.1979611 0.07205557 0.9775668 0.1979247 0.07203543 0.92789 0.3503714 0.1275147 0.9278662 0.3504218 0.1275499 0.8515451 0.4926614 0.1793206 0.8515461 0.4926599 0.1793198 0.7506501 0.6208512 0.225983 0.7506447 0.6208594 0.2259781 0.6282048 0.7311223 0.2661185 0.628241 0.7310985 0.2660983 0.4876929 0.8203657 0.2985897 0.487718 0.8203538 0.2985815 0.3331291 0.8860193 0.3224824 0.3331385 0.8860164 0.3224803 0.1689926 0.9261758 0.3371056 0.1689949 0.9261803 0.3370919 0 0.939693 0.3420192 0 0.9396952 0.3420131 -0.1689892 0.9261779 0.3371013 -0.1689888 0.9261811 0.3370923 -0.3331375 0.8860168 0.3224805 -0.3331465 0.8860126 0.322483 -0.4876909 0.8203677 0.2985877 -0.487715 0.8203544 0.2985846 -0.6282054 0.7311248 0.2661103 -0.6282405 0.7310959 0.2661065 -0.7506456 0.6208574 0.2259808 -0.7506434 0.620859 0.2259837 -0.8515504 0.4926534 0.1793172 -0.8515524 0.4926498 0.1793178 -0.9279028 0.3503367 0.1275174 -0.9278774 0.3504 0.127528 -0.9775505 0.1979961 0.07205933 -0.9775593 0.1979553 0.07205301 -0.9990994 0.03987419 0.01451456 -0.9990993 0.03987526 0.0145142 -0.9919039 -0.1193316 -0.04343557 -0.991904 -0.119332 -0.04343467 -0.956166 -0.2751649 -0.100155 -0.9561496 -0.275218 -0.1001654 -0.8929077 -0.4230901 -0.1539834 -0.8929443 -0.4230163 -0.1539732 -0.8040437 -0.5587101 -0.2033638 -0.8039822 -0.5587949 -0.2033741 -0.6918905 -0.678465 -0.2469272 -0.6919844 -0.6783724 -0.2469184 -0.560025 -0.7785097 -0.2833634 -0.559899 -0.7785974 -0.2833715 -0.4118404 -0.856307 -0.3116506 -0.4119934 -0.8562306 -0.3116579 -0.2520031 -0.9093619 -0.3309915 -0.2520173 -0.9093558 -0.3309978 -0.08488643 -0.9362974 -0.3407953 -0.08469027 -0.9363231 -0.3407739 0 0.1690118 -0.9856141 0 0.04240971 -0.9991004 0.002565681 0 -0.9999967 0 -0.04240971 -0.9991004 0 -0.1690117 -0.9856141 0 -0.1690118 -0.9856141 0 -0.3331436 -0.9428762 0 -0.3331435 -0.9428762 0 -0.4876798 -0.8730226 0 -0.6282224 -0.7780339 0 -0.6282226 -0.7780338 0 -0.750671 -0.6606763 0 -0.8515261 -0.5243123 0 -0.8515262 -0.5243123 0 -0.92789 -0.3728542 0 -0.9278901 -0.3728542 0 -0.9775573 -0.2106701 0 -0.9990997 -0.04242521 0 -0.9990997 -0.04242521 0 -0.991904 0.1269897 0 -0.991904 0.1269897 0 -0.9561724 0.2928046 0 -0.9561635 0.2928334 0 -0.8929276 0.4502004 0 -0.8929276 0.4502004 0 -0.8039817 0.5946541 0 -0.8039969 0.5946337 0 -0.6919301 0.7219646 0 -0.6919301 0.7219645 0 -0.5599893 0.8284999 0 -0.5599895 0.8284998 0 -0.4118938 0.9112319 0 -0.4118939 0.9112319 0 -0.2519718 0.9677346 0 -0.08481645 0.9963966 0 0.08481913 0.9963964 0 0.2519641 0.9677366 0 0.4119057 0.9112266 0 0.4119058 0.9112265 0 0.5599747 0.8285098 0 0.5599749 0.8285096 0 0.6919459 0.7219495 0 0.6919459 0.7219494 0 0.8039969 0.5946337 0 0.8929276 0.4502004 0 0.8929276 0.4502004 0 0.9561724 0.2928046 0 0.9561635 0.2928334 0 0.9918962 0.1270518 0 0.9919002 0.1270207 0 0.9990997 -0.04242521 0 0.9990997 -0.04242521 0 0.9775508 -0.2107003 0 0.92789 -0.3728542 0 0.9278901 -0.3728542 0 0.8515261 -0.5243123 0 0.8515262 -0.5243123 0 0.7506867 -0.6606585 0 0.6282224 -0.7780339 0 0.6282226 -0.7780338 0 0.4876664 -0.8730301 0 0.487653 -0.8730376 0 0.3331535 -0.9428727 0 0.3331633 -0.9428691 0 0.1690117 -0.9856141 -1 4.30432e-7 0 -1 -7.21626e-7 0 -1 4.30441e-7 0 -1 -2.1522e-7 0 -1 2.15217e-7 0 -1 5.75205e-6 0 -1 0 0 -1 -5.75263e-6 0 -1 0 0 -1 -2.15217e-7 0 -1 2.15229e-7 0 -1 -2.88639e-6 0 -1 4.30417e-7 0 -1 8.60889e-7 0 -1 -4.30435e-7 0 -1 -1.44323e-6 0 -1 4.30429e-7 0 -1 -4.30435e-7 0 -1 3.60796e-7 0 -1 3.60817e-7 0 -1 4.30435e-7 0 -1 7.21617e-7 0 -1 -4.30433e-7 0 -1 8.60868e-7 0 -1 -1.44323e-6 0 -1 4.30442e-7 0 -1 6.45648e-7 0 -1 -6.45663e-7 0 -1 6.45643e-7 0 -1 -2.88638e-6 0 -1 1.07611e-6 0 -1 -4.30427e-7 0 -1 -4.30432e-7 0 -1 -4.30438e-7 0 -1 -3.60813e-7 0 -0.2842347 -0.9587548 0 -0.2842347 -0.9587547 0 -0.05314415 -0.9985868 0 -0.05314409 -0.9985868 0 -0.1640055 -0.9864594 0 -0.1640055 -0.9864594 0 0 0.9396979 0.3420056 0 0.9396929 0.3420195 8.74497e-7 0.9396929 0.3420194 4.3379e-7 0.9396858 0.3420389 3.99706e-7 0 1 -2.76674e-7 0 1 1.90603e-7 0 1 -1.2691e-7 0 1 0 0.6343945 0.7730094 0 0.5094119 0.8605228 0 0.5094387 0.8605071 0 0.3725705 0.928004 0 0.3725721 0.9280033 0 0.2270769 0.9738768 0 0.2270634 0.9738801 0 0.07627767 0.9970867 0 0.07627898 0.9970866 -0.001141667 0.7838197 0.6209873 0 0.7343729 0.6787463 0 0.6343899 0.7730132 0 0.7446199 0.6674889 0 0.8374712 0.5464817 0 0.8375093 0.5464232 0 0.9107893 0.4128717 0 0.9108676 0.4126988 0 0.9108471 0.412744 0 0.9108095 0.412827 0 0.8374724 0.5464798 0 0.8374723 0.5464798 0 0.7445995 0.6675115 0 0.7445995 0.6675115 0 0.6344558 0.7729592 0 0.6344067 0.7729995 0 0.5093761 0.860544 0 0.5094199 0.8605182 0 0.3726103 0.927988 0 0.2270447 0.9738844 0 0.2270447 0.9738844 0 0.07631403 0.9970839 -0.8709406 -0.4913884 2.94141e-4 -0.9969189 -0.07843971 0 -0.9661458 -0.257981 0.002849042 -0.9788007 -0.2048152 -2.21214e-5 -0.9969626 -0.07788151 3.39277e-5 -0.923883 -0.3826745 -7.17798e-4 -0.8973952 -0.4411897 0.005805552 -0.9180817 -0.3963844 0.002378582 -0.9346582 -0.3555472 5.7131e-4 -0.9465914 -0.3224357 -4.05344e-6 -0.9723708 -0.233442 2.11361e-5 -0.9543196 -0.2987287 0.005949378 -0.9593694 -0.2821171 0.004494071 -0.07847011 -0.9969165 0 -0.07847011 -0.9969165 0 -0.233425 -0.9723749 0 -0.2334265 -0.9723744 0 -0.3826907 -0.9238765 0 -0.382693 -0.9238756 0 -0.5224907 -0.852645 0 -0.5224936 -0.8526433 0 -0.6494601 -0.7603958 0 -0.6494616 -0.7603945 0 -0.7604005 -0.6494546 0 -0.760402 -0.6494528 0 -0.8526349 -0.5225071 0 -0.816482 -0.577338 0.006178319 -0.8407226 -0.541459 0.00277704 -0.9970284 0 -0.07703512 -0.9999772 0.003876328 0.005545914 -0.9967842 -6.92872e-5 -0.08013337 -0.9859884 1.12975e-5 -0.1668137 -0.9736353 5.16574e-4 -0.2281098 -0.9698431 -1.76995e-4 -0.2437302 -0.9400663 1.046e-4 -0.3409919 -0.9501873 -8.09018e-4 -0.3116787 -0.9114553 0.001466035 -0.4113968 -0.9213349 2.53288e-5 -0.3887699 -0.8627547 -2.46724e-5 -0.5056227 -0.8881254 -0.002774536 -0.4595931 -0.8322798 0.00242573 -0.5543506 -0.8221176 0.003316581 -0.5693082 -0.849583 1.81308e-5 -0.527455 -0.7778397 -1.26775e-5 -0.6284627 -0.8016945 -0.00195676 -0.5977309 -0.7289826 0.002392888 -0.6845281 -0.7526171 4.18235e-5 -0.6584584 -0.6983534 -6.45794e-6 -0.7157532 -0.6531988 -7.9019e-4 -0.7571861 -0.6400222 3.78867e-4 -0.7683564 -0.5746641 -1.3292e-4 -0.8183894 -0.5258563 -0.001510918 -0.8505721 -0.5086318 4.61991e-5 -0.8609842 -0.4384024 -1.72101e-5 -0.8987788 -0.4015399 8.96856e-4 -0.9158412 -0.4365167 -0.001171946 -0.8996955 -0.3470293 0.001635015 -0.937853 -0.3650525 7.56415e-5 -0.930987 -0.2534214 -7.7545e-5 -0.9673561 -0.2869793 -0.003084182 -0.9579319 -0.1797451 0.002851188 -0.9837091 -0.2121514 6.42569e-5 -0.9772368 -0.1299495 -2.80195e-5 -0.9915207 -0.076882 -0.002100825 -0.9970381 -0.0518794 0 -0.9986535 0 -1 0 0 -1 -1.24095e-5 0 -1 -2.01376e-7 0 -1 0 0 -1 -3.15218e-5 0 -1 2.01611e-6 0 -1 2.47348e-5 0 -1 -1.24886e-4 0 -1 -2.5701e-5 0 -1 5.24654e-5 0 1 0 0 1 -2.8465e-7 0 1 1.97656e-7 0 1 -1.5881e-7 0 1 -6.12397e-7 0 1 4.44852e-7 0 1 2.20142e-7 0 1 1.04724e-6 -1.33731e-7 0 -1 -2.27217e-7 0 -1 0 -1 5.02916e-7 0 -1 2.84811e-7 0 -1 -4.68372e-7 0 -1 6.34348e-7 0 -1 -3.05835e-7 0 -1 -6.47937e-7 0 -1 2.17135e-7 0 -1 8.51646e-7 0 -1 -2.44958e-7 0 -1 -3.80311e-6 0 -1 6.90798e-7 0 1 1.42602e-7 0 1 -3.37499e-6 0 1 4.06808e-6 0 1 1.99539e-6 0 1 4.48373e-6 0 1 7.99739e-7 0 1 -8.273e-6 0 1 2.56218e-5 0 1 -4.21461e-5 0 1 -2.11909e-4 0 1 -2.1193e-4 0 1 -2.11947e-4 -1 7.91523e-5 0 -1 -2.56211e-5 0 -1 -3.81469e-6 0 -1 -8.05164e-5 0 -1 -8.03522e-5 0 -1 -8.04532e-5 0 -1 7.95911e-6 0 -1 -5.93765e-5 0 -1 8.42726e-5 0 -1 -2.56961e-5 0 -1 -8.02059e-5 0 -1 -7.99502e-5 0 -1 -8.0063e-5 0 -1 2.77565e-6 0 -1 2.72096e-6 0 -1 2.81069e-6 0 -1 -8.42396e-5 0 -1 2.56236e-5 0 -7.64306e-7 0 1 9.28163e-7 0 1 6.78975e-6 0 1 -3.06519e-6 0 1 -1.46912e-6 0 1 -0.2186538 0.0823481 0.9723217 -0.9038633 0.4205679 0.07844674 -0.06998926 -0.03169548 0.9970441 -0.2160643 -0.09832531 0.9714157 -0.4311289 -0.1970331 0.8805146 -0.3640386 -0.1664109 0.916397 -0.3143089 -0.1465653 0.9379385 -0.4915176 -0.2255868 0.8411427 -0.5940609 -0.2743059 0.7562063 -0.7565914 -0.3496366 0.5525613 -0.7166864 -0.3312116 0.6137259 -0.8618324 -0.4002077 0.3115748 -0.8385992 -0.389313 0.381034 -0.894682 -0.4157775 0.1633192 -0.8946821 -0.4157775 0.1633191 -0.8946819 -0.4157776 0.1633193 -0.9062674 -0.4212092 -0.03552693 -0.878119 -0.4604236 0.1300665 -0.8912524 -0.4504528 0.05255115 -0.887278 0.458535 0.04983556 -0.8776614 0.4195279 0.2317473 -0.8055233 0.3837828 0.4514897 -0.6202462 0.293721 0.7273393 -0.6685298 0.3166269 0.6729156 -0.4896005 0.2310436 0.8407796 -0.5490733 0.2590608 0.7946106 -0.3628121 0.1704903 0.9161335 -0.3139527 0.15046 0.937441 -0.2117116 0.09858983 0.9723468 -0.148598 0.07503652 0.9860467 -0.2152642 0.100697 0.9713503 -0.06959784 0.03224498 0.9970539 -0.07120782 0.03316152 0.9969102 -0.07353049 0.02769607 0.9969084 -0.073565 0.02769684 0.9969058 -0.07567977 0.02107346 0.9969096 -0.0772655 0.01428425 0.9969083 -0.07573986 0.02107352 0.996905 -0.225081 0.06265038 0.9723237 -0.2186521 0.08234137 0.9723226 -0.3584016 0.1349756 0.9237585 -0.3467745 0.1622169 0.9238145 -0.2895901 0.1407047 0.9467523 -0.07822626 0.007381498 0.9969084 -0.07728892 0.01428323 0.9969064 -0.2297735 0.04246956 0.9723171 -0.2251039 0.06265652 0.9723182 -0.3689912 0.1027098 0.9237403 -0.3584776 0.1349893 0.923727 -0.4893522 0.1842893 0.8523918 -0.4731225 0.222311 0.8524864 -0.4299922 0.2061125 0.8789906 -0.07856631 4.22682e-4 0.9969089 -0.07828176 0.007382512 0.996904 -0.2326076 0.02194774 0.972323 -0.2297613 0.04246675 0.9723201 -0.3766329 0.06961596 0.9237431 -0.3689897 0.1027079 0.9237412 -0.5037184 0.1402011 0.852415 -0.4892997 0.1842694 0.8524264 -0.6080912 0.2290048 0.7601197 -0.5868113 0.2788435 0.7601966 -0.5930966 0.2814452 0.7543376 -0.07827985 -0.00653994 0.99691 -0.07859086 4.22429e-4 0.9969068 -0.2335973 0.001255512 0.9723327 -0.2325834 0.02194321 0.972329 -0.381313 0.03597503 0.9237458 -0.3766519 0.06961345 0.9237356 -0.5141195 0.09502387 0.8524388 -0.5036698 0.1401967 0.8524445 -0.6260192 0.1742489 0.7600903 -0.6081439 0.2290173 0.7600737 -0.7119073 0.2680971 0.6490855 -0.6867511 0.3270289 0.6491727 -0.7454247 0.3533254 0.5652461 -0.07741451 -0.01345109 0.9969083 -0.07832235 -0.00654 0.9969067 -0.2328332 -0.01944279 0.9723224 -0.2336503 0.001255631 0.97232 -0.383011 0.002060115 0.9237415 -0.3813458 0.03597885 0.9237321 -0.5205504 0.04911196 0.8524174 -0.5141377 0.09503132 0.8524268 -0.6389886 0.1181057 0.7600952 -0.6260123 0.1742439 0.7600972 -0.7328983 0.2039918 0.6490358 -0.7119305 0.2681202 0.6490505 -0.7981617 0.3005894 0.5220958 -0.7696309 0.3674558 0.5221539 -0.7904049 0.3765535 0.4831849 -0.790405 0.3765535 0.4831849 -0.790405 0.3765535 0.4831849 -0.07593613 -0.02025806 0.9969069 -0.07744318 -0.01345211 0.996906 -0.2301877 -0.0399937 0.9723241 -0.2328286 -0.01944416 0.9723234 -0.3817042 -0.03187757 0.9237348 -0.3830578 0.002060353 0.9237221 -0.5228774 0.002812147 0.8524034 -0.520546 0.04911816 0.8524197 -0.6469413 0.06103914 0.760093 -0.638994 0.1181057 0.7600905 -0.7480636 0.1382651 0.6490637 -0.7328739 0.2039875 0.6490647 -0.8216113 0.228684 0.5221672 -0.7981241 0.3005694 0.5221645 -0.8647186 0.3256522 0.3823773 -0.8337743 0.3982206 0.3824148 -0.8384816 0.3997768 0.3703068 -0.07382726 -0.02690565 0.9969081 -0.0759254 -0.02025866 0.9969078 -0.2257446 -0.06022518 0.9723232 -0.2302018 -0.0399928 0.9723209 -0.3773485 -0.06556099 0.9237478 -0.3816886 -0.03187692 0.9237412 -0.5210281 -0.04351478 0.8524295 -0.5228415 0.00280863 0.8524253 -0.649818 0.003490924 0.760082 -0.6469589 0.06104266 0.7600776 -0.7573794 0.07146126 0.649053 -0.7480688 0.1382686 0.6490569 -0.8386622 0.1550136 0.522127 -0.8216328 0.2286969 0.5221278 -0.890158 0.2477683 0.3823998 -0.8647172 0.3256424 0.3823891 -0.910034 0.3427159 0.2332043 -0.8773764 0.4192976 0.2332385 -0.9010398 0.4306112 -0.05197495 -0.8757449 0.465595 0.1276402 -0.8811691 -0.4096605 0.2360493 -0.881851 -0.4097976 0.2332485 -0.9136625 -0.3329064 0.233226 -0.9759213 -0.2035132 0.0784865 -0.9632309 -0.2569788 0.07840961 -0.9395552 -0.2506712 0.2332381 -0.9136599 -0.3329058 0.2332369 -0.8681959 -0.3163326 0.3823214 -0.8380699 -0.3891365 0.3823766 -0.799234 -0.3700855 0.4735629 -0.9690655 -0.08093005 0.2331578 -0.9580867 -0.1664513 0.2331604 -0.9104061 -0.1581662 0.3822883 -0.8928101 -0.2381953 0.3822998 -0.824043 -0.2198476 0.5221305 -0.8013307 -0.2919777 0.5221287 -0.7147263 -0.2604244 0.6491113 -0.6901857 -0.3197082 0.6491768 -0.6606957 -0.3034175 0.6865997 -0.9951394 0.05948162 0.07848268 -0.996907 0.005360305 0.07840752 -0.9724116 0.005230188 0.233213 -0.9690533 -0.08093267 0.233207 -0.920798 -0.07690322 0.3823837 -0.9103613 -0.1581656 0.382395 -0.8402671 -0.145986 0.5221487 -0.824033 -0.2198424 0.5221486 -0.7350257 -0.196102 0.649062 -0.7147791 -0.2604344 0.6490492 -0.6105822 -0.2224691 0.7600637 -0.5898138 -0.2725842 0.7601431 -0.5512103 -0.2529558 0.7950978 -0.9562126 0.176746 0.2332772 -0.9681107 0.09134012 0.233278 -0.9199302 0.08679354 0.3823549 -0.9239944 0.004962623 0.3823739 -0.8528698 0.004581212 0.5221036 -0.8499178 -0.07097774 0.522113 -0.7580832 -0.063308 0.6490778 -0.749504 -0.1302113 0.6490676 -0.6402203 -0.11123 0.7600961 -0.6278603 -0.1675066 0.7600874 -0.5051853 -0.1347814 0.8524212 -0.4912682 -0.1789979 0.8524175 -0.3598961 -0.1311244 0.9237322 -0.3480682 -0.1595996 0.9237838 -0.2896752 -0.1318358 0.948002 -0.9447193 0.3183293 0.0785616 -0.9604085 0.267311 0.07848924 -0.9368112 0.2607487 0.2332273 -0.9562255 0.1767487 0.2332226 -0.9086627 0.1679568 0.38226 -0.9199643 0.08680504 0.3822705 -0.8491031 0.08011835 0.5221159 -0.8528621 0.004578113 0.5221162 -0.7606784 0.004083096 0.6491162 -0.7580534 -0.06330877 0.6491125 -0.6475664 -0.05407965 0.7600876 -0.6402301 -0.1112286 0.760088 -0.5151468 -0.08950096 0.8524162 -0.5052116 -0.1347823 0.8524054 -0.370085 -0.09873199 0.9237365 -0.3598591 -0.1311246 0.9237466 -0.2195317 -0.07998979 0.9723207 -0.2124807 -0.0969845 0.9723405 -0.1475777 -0.06688535 0.9867863 -0.9632406 -0.2569783 0.07829338 -0.947535 -0.3098962 0.07836979 -0.9371891 -0.3414735 -0.07122081 -0.9328668 -0.3515799 0.07843023 -0.9075905 -0.4124687 0.0784164 -0.773494 -0.3592147 0.5221799 -0.8013325 -0.29198 0.5221245 -0.8681745 -0.3163388 0.3823647 -0.8927904 -0.2381834 0.3823531 -0.9395547 -0.250664 0.2332479 -0.9580654 -0.1664539 0.2332465 -0.9828834 -0.1707594 -0.06914943 -0.9969097 0.005362629 0.07837361 -0.9956343 -0.05058431 0.07844454 -0.9934888 -0.0829699 -0.07807832 -0.9924109 -0.09467673 0.07846647 -0.9839863 -0.1600469 0.07846194 -0.4747364 -0.2188104 0.8524949 -0.4912252 -0.1789911 0.8524436 -0.6105222 -0.2224543 0.7601162 -0.6278257 -0.1675013 0.7601174 -0.7350027 -0.1960892 0.6490917 -0.7494747 -0.1302106 0.6491017 -0.8402771 -0.1459884 0.5221321 -0.8499063 -0.07097643 0.5221319 -0.9208258 -0.07690054 0.3823168 -0.9240238 0.004965364 0.382303 -0.9724021 0.005226075 0.233253 -0.9681157 0.09134125 0.2332568 -0.9936813 0.09375095 -0.06171131 -0.9604154 0.2673262 0.07835203 -0.9740614 0.2122581 0.07842844 -0.9798339 0.1811031 -0.0844233 -0.982515 0.1688709 0.07840216 -0.9915293 0.1035599 0.07839137 -0.07158696 -0.03228402 0.9969118 -0.07385325 -0.02690601 0.9969061 -0.2195336 -0.07998681 0.9723206 -0.2257379 -0.06022584 0.9723247 -0.3700726 -0.09873431 0.9237412 -0.3773746 -0.06556302 0.9237371 -0.5151705 -0.08950102 0.8524019 -0.521053 -0.04351347 0.8524144 -0.6475718 -0.05407845 0.7600832 -0.6497961 0.003491163 0.7601005 -0.7607061 0.004087209 0.6490837 -0.7573463 0.07145822 0.6490921 -0.8490723 0.08011084 0.522167 -0.8386371 0.1550062 0.5221695 -0.9085986 0.1679382 0.3824205 -0.8901537 0.2477624 0.3824137 -0.9368357 0.2607562 0.2331202 -0.9100537 0.3427201 0.2331205 -0.9344929 0.3519214 -0.05361467 -0.9296751 0.3599337 0.07843518 -0.9969126 0 0.0785194 -0.9969128 0 0.07851731 -0.9723734 0 0.233431 -0.9723734 0 0.233431 -0.923875 0 0.3826943 -0.852673 0 0.522445 -0.852673 0 0.522445 -0.7603785 0 0.6494803 -0.6494443 0 0.7604092 -0.6494597 0 0.7603961 -0.5224958 0 0.8526419 -0.3827064 0 0.92387 -0.3826837 0 0.9238795 -0.2334234 0 0.9723752 -0.2334485 0 0.9723692 -0.07846093 0 0.9969173 -0.07843446 0 0.9969193 -4.5742e-4 -0.9624984 -0.271287 4.18574e-4 -0.9848155 -0.173604 -2.71676e-4 -0.9808005 -0.1950138 2.44405e-4 -0.9944657 -0.1050618 -1.20148e-4 -0.9930479 -0.1177117 1.1286e-4 -0.9993845 -0.03507947 0 -0.9992221 -0.03943651 9.69742e-4 -0.9238057 -0.3828605 -1.18067e-4 -0.9429357 -0.3329751 2.03837e-4 -0.9674752 -0.2529658 -4.12703e-6 -0.8181192 -0.5750488 5.48756e-4 -0.8474534 -0.5308696 8.83188e-4 -0.8525159 -0.5227006 6.92476e-6 -0.8789148 -0.4769788 -8.57082e-6 -0.9113637 -0.4116021 1.16847e-5 -0.7701412 -0.6378736 6.24758e-4 -0.7602607 -0.6496178 4.83322e-7 -0.7179707 -0.6960733 1.23682e-5 -0.6686182 -0.743606 8.62611e-4 -0.6491779 -0.7606362 -7.68914e-6 -0.6082091 -0.7937769 1.76007e-5 -0.537498 -0.8432651 6.84531e-4 -0.5222091 -0.8528172 -1.93085e-6 -0.4699469 -0.8826947 8.37321e-6 -0.4055703 -0.9140639 8.23815e-4 -0.3823029 -0.9240368 -4.32015e-6 -0.3326069 -0.9430656 1.40379e-5 -0.2434827 -0.9699053 4.35298e-4 -0.2332077 -0.972427 -2.79906e-6 -0.16684 -0.9859841 4.56043e-6 -0.07844364 -0.9969186 0 -0.07836461 -0.9969248 -5.80073e-6 0.3315995 -0.9434204 0 0.07844883 -0.9969182 5.37379e-6 0.07831478 -0.9969288 1.38408e-5 0.233433 -0.972373 6.21626e-4 0.2455468 -0.9693846 -2.64089e-6 0.1694359 -0.9855413 1.6898e-5 0.3826913 -0.9238764 0.002797365 0.4338826 -0.9009651 8.55544e-4 0.3858554 -0.922559 0.003111064 0.694409 -0.7195739 -1.03427e-5 0.6387696 -0.7693982 1.62111e-5 0.5224798 -0.8526517 0.003044605 0.5728471 -0.8196566 -1.16699e-5 0.5087434 -0.8609182 9.87513e-5 0.6494127 -0.7604363 -1.02455e-4 0.760396 -0.6494598 2.97833e-4 0.7552107 -0.6554821 1.25601e-5 0.9238672 -0.3827133 0.001430571 0.9340182 -0.3572227 0 0.903307 -0.4289949 6.91214e-6 0.8526714 -0.5224476 0.003373801 0.8849318 -0.4657087 -2.48676e-4 0.8434608 -0.5371906 0 0.9992197 -0.03949946 -1.42896e-6 0.9992175 -0.03955441 -4.14289e-6 0.9930312 -0.117853 -1.49881e-6 0.9930408 -0.1177713 3.74209e-6 0.9807947 -0.1950437 3.63308e-4 0.9834206 -0.1813392 -4.9294e-4 0.9624727 -0.2713782 6.77928e-4 0.970979 -0.2391638 -1.7391e-6 0.9568122 -0.2907068 -0.07851809 -0.9969127 0 -0.07851809 -0.9969127 0 -0.2333528 -0.9723922 0 -0.2333729 -0.9723874 0 -0.382764 -0.9238463 0 -0.3827327 -0.9238592 0 -0.5225008 -0.8526389 0 -0.6494811 -0.7603778 0 -0.6494811 -0.7603778 0 -0.7602998 -0.6495726 0 -0.7603434 -0.6495214 0 -0.8527129 -0.5223801 0 -0.8527522 -0.5223157 0 -0.9238532 -0.382747 0 -0.9238845 -0.3826716 0 -0.9723848 -0.2333841 0 -0.9968998 -0.07868236 0 -0.006177604 -0.9968932 0.07852214 -0.006181418 -0.9968951 0.07849866 -0.01837593 -0.9722124 0.233378 -0.01836168 -0.9722276 0.2333159 -0.03012424 -0.9234547 0.3825232 -0.03009819 -0.9234567 0.3825203 -0.04110848 -0.851917 0.5220609 -0.04106384 -0.851938 0.5220302 -0.05104285 -0.7594127 0.6486039 -0.05101782 -0.7594275 0.6485886 -0.05972534 -0.6482328 0.7590963 -0.05970847 -0.6483033 0.7590374 -0.06691873 -0.5213364 0.8507234 -0.06695097 -0.5212993 0.8507436 -0.07254439 -0.381596 0.9214781 -0.07251 -0.3816061 0.9214767 -0.07632303 -0.2328011 0.9695249 -0.07634043 -0.2328023 0.9695233 -0.07822316 -0.07816469 0.993867 -0.07820719 -0.07823139 0.993863 -0.01838582 -0.9968944 0.07657361 -0.01837807 -0.9968937 0.07658594 -0.05463361 -0.97222 0.2276037 -0.054632 -0.9722189 0.2276087 -0.08956545 -0.9234487 0.3731228 -0.08956438 -0.923447 0.3731272 -0.1222571 -0.8519285 0.5091867 -0.1222173 -0.8519273 0.5091981 -0.1518754 -0.7594258 0.6326187 -0.1519138 -0.7593871 0.6326559 -0.1777663 -0.6483188 0.7403256 -0.1777775 -0.6482782 0.7403584 -0.1992414 -0.5212973 0.8297905 -0.199239 -0.5213216 0.8297756 -0.2158217 -0.3816067 0.8987756 -0.2157219 -0.3817183 0.898752 -0.2269859 -0.2327836 0.9456686 -0.2270072 -0.2327759 0.9456655 -0.2327028 -0.07822364 0.969397 -0.2327334 -0.07819432 0.969392 -0.03013801 -0.996895 0.07274687 -0.0301364 -0.9968926 0.07278108 -0.08959418 -0.9722232 0.2162288 -0.08958762 -0.9722209 0.216242 -0.1468831 -0.9234517 0.3544892 -0.1468505 -0.9234572 0.3544881 -0.20041 -0.8519396 0.4837714 -0.200375 -0.8519637 0.4837436 -0.2490191 -0.759374 0.6011161 -0.248995 -0.7593711 0.6011299 -0.2913709 -0.6482985 0.7034289 -0.2913811 -0.6482854 0.7034366 -0.3265792 -0.5212752 0.7884277 -0.3265857 -0.5213031 0.7884066 -0.3537287 -0.3817582 0.853895 -0.3536658 -0.3817744 0.8539139 -0.3721506 -0.2327728 0.8985103 -0.3722115 -0.2326979 0.8985044 -0.3815163 -0.07818979 0.9210493 -0.3815181 -0.07823938 0.9210443 -0.04116642 -0.9968934 0.06714862 -0.0411356 -0.9968935 0.06716704 -0.1222913 -0.9722179 0.1995925 -0.1223066 -0.9722214 0.1995662 -0.2004882 -0.9234501 0.3271763 -0.2004833 -0.9234568 0.3271605 -0.273586 -0.8519395 0.446486 -0.2735544 -0.8519761 0.4464356 -0.3398916 -0.7594302 0.5547427 -0.3400362 -0.759296 0.5548378 -0.3978557 -0.6482564 0.6492107 -0.3978928 -0.6482264 0.649218 -0.445925 -0.5213207 0.7275821 -0.4458299 -0.5213783 0.7275992 -0.4829257 -0.3818168 0.7880349 -0.4829978 -0.3815879 0.7881014 -0.508224 -0.2327076 0.8291897 -0.5081261 -0.2328221 0.8292176 -0.5208878 -0.0782569 0.8500306 -0.5209204 -0.07826054 0.8500102 -0.0511263 -0.9968959 0.05987393 -0.05116361 -0.9968923 0.05990087 -0.152059 -0.97221 0.1780055 -0.1519953 -0.9722242 0.1779819 -0.2491834 -0.9234663 0.2917497 -0.2491804 -0.923467 0.2917498 -0.3400979 -0.8519203 0.3982027 -0.3400416 -0.8519801 0.3981228 -0.4226186 -0.7593156 0.4948064 -0.4226131 -0.7593261 0.4947951 -0.4944962 -0.6482411 0.5790138 -0.4943916 -0.6483638 0.5789659 -0.5541078 -0.5213922 0.6489337 -0.5541954 -0.5212942 0.6489375 -0.6002963 -0.3815503 0.7028968 -0.6004139 -0.3813375 0.7029117 -0.6004139 -0.3813374 0.7029119 -0.6004139 -0.3813374 0.7029119 -0.6315515 -0.2328065 0.7395566 -0.631619 -0.2326522 0.7395475 -0.6474475 -0.07830011 0.7580772 -0.6474313 -0.07822704 0.7580986 -0.05990135 -0.9968931 0.05114835 -0.05988264 -0.9968941 0.05115163 -0.1779756 -0.9722236 0.1520065 -0.1779671 -0.9722217 0.1520283 -0.29172 -0.9234687 0.249209 -0.2918019 -0.9234364 0.2492327 -0.3981835 -0.8519288 0.3400987 -0.3981795 -0.851953 0.3400429 -0.4947748 -0.7593649 0.4225671 -0.4947686 -0.7593468 0.4226068 -0.5789104 -0.6483724 0.4944452 -0.5789756 -0.6483034 0.4944594 -0.6489351 -0.5212736 0.5542175 -0.6489003 -0.5213627 0.5541746 -0.7028424 -0.3816958 0.6002673 -0.7029029 -0.3816277 0.6002398 -0.7396003 -0.2326279 0.6315661 -0.7397051 -0.2323208 0.6315563 -0.7397051 -0.2323208 0.6315564 -0.7397052 -0.2323208 0.6315563 -0.7581056 -0.07826006 0.647419 -0.7580423 -0.07832968 0.6474847 -0.06715875 -0.9968937 0.04114532 -0.06713676 -0.9968949 0.04114955 -0.1995391 -0.9722297 0.1222844 -0.199614 -0.9722103 0.1223165 -0.3271661 -0.9234632 0.2004447 -0.3272158 -0.9234368 0.2004852 -0.446502 -0.8519395 0.2735602 -0.4463588 -0.8520162 0.273555 -0.5548381 -0.7593035 0.3400191 -0.5548132 -0.7593396 0.3399794 -0.6491325 -0.6483829 0.3977774 -0.6491673 -0.6483206 0.3978221 -0.727639 -0.5212756 0.4458848 -0.7276049 -0.521318 0.4458909 -0.788088 -0.3816587 0.4829638 -0.7881059 -0.3815712 0.4830038 -0.8291798 -0.2328525 0.5081737 -0.8292504 -0.2327017 0.5081278 -0.8500123 -0.07834035 0.5209049 -0.8500595 -0.07830774 0.5208328 -0.07273882 -0.9968956 0.03013831 -0.07275611 -0.9968935 0.03016561 -0.2162792 -0.9722151 0.08956199 -0.2161927 -0.9722334 0.08957159 -0.3545207 -0.923436 0.1469048 -0.3545668 -0.9234256 0.1468591 -0.483744 -0.8519683 0.2003542 -0.4837489 -0.8519633 0.2003641 -0.6011905 -0.7593265 0.2489845 -0.601177 -0.7593408 0.2489733 -0.7034288 -0.6483193 0.2913249 -0.7033169 -0.6484333 0.2913411 -0.7884098 -0.5212924 0.3265952 -0.7884129 -0.5213022 0.3265717 -0.853928 -0.3816909 0.3537219 -0.8539465 -0.3816215 0.3537521 -0.898505 -0.2327126 0.3722012 -0.8985344 -0.2326607 0.3721626 -0.9210525 -0.07826304 0.3814934 -0.9210363 -0.07829314 0.3815265 -0.07657253 -0.9968951 0.01835525 -0.07656759 -0.996895 0.01837652 -0.227565 -0.9722293 0.05463033 -0.2275764 -0.972227 0.05462247 -0.3732051 -0.923415 0.0895704 -0.3732076 -0.9234092 0.08961892 -0.5091602 -0.8519463 0.1222444 -0.5092009 -0.8519221 0.1222419 -0.6327226 -0.7593355 0.151894 -0.6326799 -0.7593592 0.1519536 -0.7402121 -0.6484465 0.1777731 -0.7403059 -0.6483545 0.1777184 -0.8298049 -0.5212904 0.1991989 -0.8298593 -0.5212195 0.1991572 -0.8988334 -0.3815406 0.2156975 -0.8987284 -0.381769 0.2157309 -0.9456872 -0.2327039 0.2269905 -0.9456203 -0.2328499 0.2271196 -0.9693667 -0.07825708 0.2328177 -0.9693998 -0.07814258 0.2327181 -0.07850992 -0.996894 0.006215512 -0.07850593 -0.9968947 0.006147444 -0.2332866 -0.9722346 0.01836872 -0.2333446 -0.9722213 0.0183382 -0.3826034 -0.923422 0.0301122 -0.3825399 -0.9234477 0.0301246 -0.5220425 -0.8519285 0.04110389 -0.5221026 -0.8518935 0.0410664 -0.6486331 -0.7593896 0.05101686 -0.648616 -0.7594041 0.05101931 -0.7589759 -0.6483766 0.05969494 -0.7589673 -0.6483815 0.05975145 -0.8508009 -0.5212029 0.06697165 -0.8507741 -0.521251 0.06693977 -0.9214482 -0.3816761 0.07250165 -0.9214413 -0.3816915 0.07251042 -0.9694812 -0.2329947 0.07628756 -0.9695571 -0.2327077 0.07620006 -0.9938869 -0.07802832 0.07810628 -0.9938442 -0.07839661 0.07827925 0 -0.07840806 0.9969214 0 -0.2335006 0.9723567 0 -0.2334951 0.9723581 0 -0.3826131 0.9239088 0 -0.3826134 0.9239085 0 -0.5225365 0.852617 0 -0.6494106 0.760438 0 -0.7604196 0.6494321 0 -0.7604194 0.6494325 0 -0.8526298 0.5225154 0 -0.8526411 0.5224971 0 -0.9238692 0.3827084 0 -0.9238694 0.3827078 0 -0.9723896 0.2333639 0 -0.972384 0.2333869 0 -0.9969117 0.07853096 0 -0.9969155 0.0784825 -0.3224952 -0.2216447 0.9202557 -0.3914134 -0.8988341 0.1972128 -0.3914135 -0.8988341 0.1972127 -0.3914135 -0.8988341 0.1972127 -0.04554337 -0.9983338 0.03543323 -0.2021685 -0.9710137 0.1275164 -0.2021219 -0.9710238 0.1275133 -0.2021686 -0.9710137 0.1275162 -0.1875654 -0.975038 0.1188287 -0.1876791 -0.9750268 0.1187412 -0.1875654 -0.975038 0.1188287 -0.1779696 -0.9749254 0.1335939 -0.1779696 -0.9749254 0.1335939 -0.1779696 -0.9749255 0.1335939 -0.1303906 -0.9870916 0.0929979 -0.2537742 -0.9557594 0.1487371 -0.3550564 -0.9178565 0.1774108 -0.3686048 -0.9170511 0.1521443 -0.3686049 -0.917051 0.1521443 -0.3686048 -0.9170511 0.1521442 -0.3378662 -0.9206619 0.1955201 -0.4419907 -0.8737244 0.2031016 -0.5955958 -0.7782128 0.1991245 -0.5727096 -0.7971183 0.1913276 -0.5523284 -0.7976573 0.2422319 -0.5010746 -0.8409195 0.2043983 -0.6415663 -0.7437004 0.1878893 -0.6415663 -0.7437004 0.1878893 -0.6414993 -0.7437644 0.1878648 -0.6848915 -0.7086754 0.1694193 -0.735042 -0.6497692 0.1936833 -0.735042 -0.6497693 0.1936833 -0.735042 -0.6497692 0.1936833 -0.7513164 -0.6467856 0.1311184 -0.8227284 -0.5623756 0.08277446 -0.8174245 -0.570095 0.08251768 -0.8113693 -0.5718352 0.1211791 -0.7924494 -0.6014177 0.1015914 -0.85194 -0.5213261 0.0491665 -0.8624619 -0.5035638 0.05082464 -0.8546378 -0.5039981 0.1248208 -0.8564139 -0.4994918 0.1306271 -0.8521063 -0.5009363 0.1515843 -0.8521063 -0.5009363 0.1515843 -0.8521066 -0.5009359 0.1515847 -0.8366078 -0.4997403 0.2243816 -0.8457363 -0.4855268 0.2213459 -0.8239774 -0.4868062 0.2899676 -0.8061056 -0.4719996 0.3569457 -0.8087508 -0.4623188 0.3635706 -0.7620325 -0.4630398 0.4526594 -0.5717961 -0.3675832 0.7334384 -0.6522501 -0.3666819 0.663411 -0.6315203 -0.4117315 0.6570079 -0.6995723 -0.4128582 0.5832211 -0.7285649 -0.3900913 0.5630471 -0.7286087 -0.390006 0.5630495 -0.7296173 -0.4489797 0.5158255 -0.7736511 -0.4489381 0.4471229 -0.4357331 -0.2945629 0.8505112 -0.4925063 -0.2942052 0.8190732 -0.5024954 -0.2767146 0.8191017 -0.5471515 -0.3517795 0.7595239 -0.5884138 -0.3516365 0.7280941 -0.3683831 -0.2119426 0.9051929 -0.3754944 -0.2302672 0.8977645 -0.3007493 -0.2305837 0.9254086 -0.04638266 -0.9981796 0.0385524 -0.0421369 -0.9981713 0.04334229 -0.04448121 -0.9980053 0.04479742 -0.03908485 -0.9980193 0.04929608 -0.04016047 -0.9979651 0.04952818 -0.0343821 -0.9979547 0.05389201 -0.03685772 -0.9977366 0.05624175 -0.02693682 -0.9977397 0.06156253 -0.02917444 -0.9974939 0.06445884 -0.02251946 -0.9975101 0.06683284 -0.02333205 -0.9974842 0.06693953 -0.01663017 -0.997474 0.06905812 -0.01849043 -0.9971865 0.07264471 -0.1412588 -0.9836593 0.1116256 -0.1252827 -0.9835975 0.1297708 -0.1319567 -0.9821692 0.1339069 -0.1161741 -0.9822326 0.1473866 -0.1161741 -0.9822326 0.1473866 -0.1158459 -0.9822792 0.1473344 -0.1191847 -0.9817781 0.1480097 -0.1191847 -0.981778 0.1480098 -0.1195107 -0.981729 0.1480724 -0.1020017 -0.9816267 0.1612596 -0.1089521 -0.9797657 0.1678954 -0.07944518 -0.9797769 0.1836456 -0.08589172 -0.9776207 0.1920424 -0.06587606 -0.977784 0.1989946 -0.0693295 -0.9774453 0.1994851 -0.04869204 -0.9773011 0.2061837 -0.05400717 -0.974838 0.2162737 -0.2543621 -0.9577791 0.1340126 -0.2291793 -0.9577761 0.1736141 -0.2388707 -0.9546783 0.1775676 -0.2065249 -0.9546843 0.2143025 -0.217602 -0.9506862 0.2210096 -0.1911226 -0.95095 0.243241 -0.1967405 -0.9495455 0.2442469 -0.1678498 -0.9492838 0.2658697 -0.1791709 -0.9441374 0.2765908 -0.1305447 -0.9441614 0.3025186 -0.141049 -0.9382129 0.3160091 -0.1083694 -0.9385823 0.3275966 -0.1137775 -0.9377564 0.3281277 -0.07974469 -0.9373822 0.339051 -0.08832752 -0.9306444 0.3551046 -0.3404541 -0.9182574 0.2022239 -0.3163033 -0.9178413 0.2398323 -0.3295323 -0.9117865 0.2450588 -0.284897 -0.9117676 0.2958273 -0.2996052 -0.904166 0.3045006 -0.2630183 -0.9046736 0.335242 -0.2707735 -0.9019711 0.3363478 -0.2309169 -0.9014725 0.3660939 -0.2460441 -0.8916258 0.3800864 -0.1792531 -0.8916108 0.4158108 -0.1932751 -0.8802184 0.4334287 -0.1482738 -0.8809117 0.4494547 -0.1562199 -0.8792631 0.4499911 -0.1091305 -0.8786145 0.4648948 -0.1206796 -0.8656613 0.4858673 -0.4470919 -0.8696625 0.2092751 -0.4246127 -0.8698092 0.2512694 -0.4326316 -0.8660533 0.2505629 -0.399033 -0.8655154 0.3027473 -0.4152193 -0.8557054 0.3088063 -0.3588992 -0.8556931 0.3728014 -0.3766779 -0.8434675 0.3829835 -0.3305808 -0.844163 0.4220253 -0.3406528 -0.839722 0.4228744 -0.2902029 -0.8389632 0.4603512 -0.3085342 -0.8230581 0.476846 -0.2247599 -0.8230651 0.5215812 -0.2415922 -0.8047792 0.5421842 -0.1853215 -0.8057379 0.5625322 -0.1955118 -0.803157 0.5627736 -0.1363404 -0.8021741 0.5813158 -0.1503267 -0.7814114 0.6056386 -0.5342136 -0.8073472 0.2506123 -0.5075426 -0.8075325 0.3004863 -0.5166646 -0.8022081 0.2991989 -0.4763372 -0.8015085 0.3615067 -0.4948723 -0.7871875 0.3680179 -0.4275974 -0.7871745 0.4444285 -0.4480422 -0.7692049 0.4556117 -0.3932213 -0.7701365 0.5022617 -0.4048952 -0.7638365 0.502607 -0.3446944 -0.7628518 0.5470309 -0.365452 -0.7397959 0.564931 -0.2661316 -0.7398082 0.6179466 -0.2851893 -0.7133445 0.6401615 -0.2184778 -0.7144956 0.6646529 -0.2306619 -0.7108551 0.6644397 -0.1607713 -0.709697 0.6859175 -0.1765732 -0.6799162 0.7117134 -0.6384244 -0.7467128 0.1866397 -0.6081905 -0.7460318 0.2711843 -0.6223896 -0.7339619 0.2719031 -0.5835505 -0.7347795 0.345786 -0.5938088 -0.7275025 0.3437024 -0.5472363 -0.7265605 0.4155026 -0.5671997 -0.7073532 0.4218246 -0.4900507 -0.707343 0.5094273 -0.5120764 -0.6830867 0.5207402 -0.4491681 -0.6841611 0.5746057 -0.4628769 -0.6754162 0.5740714 -0.3936208 -0.674339 0.6247637 -0.4156777 -0.6434571 0.6427871 -0.3027237 -0.6434302 0.7031045 -0.3230342 -0.6080242 0.725228 -0.246781 -0.6092146 0.753629 -0.2617201 -0.6043142 0.7525339 -0.1819522 -0.6030036 0.7767111 -0.1988733 -0.5632771 0.8019779 -0.712777 -0.6680865 0.2135636 -0.6802073 -0.6672446 0.3034845 -0.6951636 -0.6515888 0.303611 -0.6951636 -0.6515888 0.3036111 -0.6519942 -0.6522839 0.386561 -0.6630498 -0.6428713 0.383512 -0.6106133 -0.6418733 0.4638428 -0.6313611 -0.6171869 0.4695354 -0.5454497 -0.6170986 0.567163 -0.5680434 -0.5861644 0.5777006 -0.4983004 -0.5872702 0.637817 -0.5131518 -0.5763128 0.6360337 -0.4359777 -0.5751112 0.6922215 -0.4585107 -0.5355928 0.7091603 -0.3339249 -0.5355616 0.7756726 -0.3544366 -0.4907175 0.7959718 -0.2702105 -0.4919441 0.8276335 -0.2876583 -0.4855595 0.8255208 -0.1994853 -0.4843804 0.8518107 -0.2167535 -0.4342837 0.8743087 -0.7938748 -0.5930299 0.1344568 -0.7786076 -0.5917819 0.2087215 -0.788271 -0.5796952 0.2063551 -0.7440326 -0.5797273 0.3321624 -0.7589276 -0.560543 0.3313918 -0.7117063 -0.5614576 0.4221842 -0.722941 -0.5500782 0.4180556 -0.6654598 -0.549056 0.5056688 -0.6862284 -0.5184239 0.5102228 -0.5927006 -0.5183684 0.6164417 -0.6150083 -0.4802327 0.6254129 -0.5392657 -0.4812539 0.6910768 -0.5552962 -0.4677428 0.6876504 -0.4713258 -0.4666613 0.7483844 -0.4931161 -0.4182443 0.7628291 -0.3591526 -0.4181955 0.8343392 -0.3787721 -0.3637674 0.8510023 -0.2884435 -0.3648197 0.8852723 -0.3080967 -0.3571457 0.8817729 -0.2130544 -0.3560649 0.9098493 -0.2297365 -0.2958856 0.9271855 -0.00591433 -0.9971913 0.07466304 -0.007246077 -0.9968874 0.07850492 -0.01662498 -0.974856 0.222215 -0.02051347 -0.9721827 0.2333238 -0.02696496 -0.9306535 0.364907 -0.03329801 -0.9233574 0.3824951 -0.03668141 -0.8656665 0.4992755 -0.0452426 -0.8517611 0.5219736 -0.0455535 -0.7814033 0.6223616 -0.05610495 -0.7592217 0.6484093 -0.05337953 -0.6798935 0.7313655 -0.06563925 -0.6480222 0.7587877 -0.06005626 -0.5632641 0.8240916 -0.07351583 -0.5211281 0.8503065 -0.06535059 -0.4343028 0.8983932 -0.07960867 -0.3813983 0.9209766 -0.06924545 -0.2958631 0.9527173 -0.08375412 -0.2326807 0.9689401 -0.06056571 -0.07826358 0.9950913 -0.08697849 -0.1292152 0.9877947 -0.1614293 -0.1513253 0.9752134 -0.2143743 -0.1510502 0.9650013 -0.2280628 -0.1802361 0.9568189 -0.3005998 -0.2216879 0.9276283 -0.07838517 0.9969232 0 -0.07838523 0.9969232 0 -0.2334677 0.9723646 0 -0.2334878 0.9723597 0 -0.3826707 0.9238849 0 -0.3826393 0.9238979 0 -0.5225892 0.8525847 0 -0.6494038 0.7604439 0 -0.6494038 0.7604438 0 -0.7602997 0.6495724 0 -0.7603434 0.6495215 0 -0.8527128 0.52238 0 -0.8527523 0.5223158 0 -0.9238532 0.3827471 0 -0.9238845 0.3826716 0 -0.9723848 0.2333841 0 -0.9969006 0.07867187 0 -0.07838696 0.9969039 0.006177663 -0.07881838 0.9968691 0.006299316 -0.07881832 0.9968691 0.006299316 -0.07881838 0.9968691 0.006299316 -0.233436 0.9721981 0.01840418 -0.2334298 0.9722002 0.0183652 -0.3825023 0.9234647 0.03008395 -0.3824585 0.9234823 0.03009986 -0.5217564 0.8521141 0.04088997 -0.5216823 0.8521614 0.04085165 -0.5216823 0.8521613 0.04085171 -0.522107 0.8518907 0.04106938 -0.6485481 0.7594618 0.05102175 -0.6485677 0.7594465 0.05100172 -0.7589316 0.6484297 0.0596801 -0.7590258 0.6483135 0.05974537 -0.850795 0.5212124 0.06697291 -0.8507922 0.5212215 0.06693959 -0.9214414 0.3816902 0.07251459 -0.9214516 0.3816668 0.07250809 -0.9695515 0.2326987 0.07629716 -0.9694921 0.2329785 0.07619827 -0.9938631 0.07833057 0.07810646 -0.9938673 0.0781024 0.07827973 -0.07710009 0.9968546 0.01834768 -0.07700461 0.9968619 0.01835131 -0.07710009 0.9968546 0.01834756 -0.07644814 0.9969048 0.01834452 -0.2276762 0.9722024 0.05464565 -0.227682 0.9722008 0.05464899 -0.3730963 0.923462 0.08953952 -0.3731303 0.9234424 0.08959931 -0.5092689 0.8518739 0.122295 -0.5092502 0.8518918 0.1222488 -0.6325419 0.7594901 0.1518735 -0.6326773 0.7593674 0.1519235 -0.7403008 0.6483425 0.177783 -0.7402338 0.6484414 0.1777011 -0.8298701 0.5211734 0.1992331 -0.8298022 0.5213218 0.1991283 -0.8987491 0.3817507 0.2156772 -0.8988105 0.381573 0.2157357 -0.9456532 0.2328494 0.2269825 -0.9456661 0.2326529 0.2271304 -0.9693732 0.07816863 0.2328206 -0.969393 0.07826489 0.2327057 -0.07262945 0.9969046 0.03010445 -0.07262492 0.9969062 0.03006267 -0.2162972 0.9722084 0.08959144 -0.216372 0.9721827 0.08968877 -0.3544898 0.9234478 0.1469054 -0.3544186 0.9234915 0.146802 -0.483812 0.8519235 0.2003803 -0.4838389 0.8519065 0.2003875 -0.6010959 0.7594102 0.2489576 -0.6011053 0.7594112 0.2489319 -0.7033692 0.6484007 0.2912874 -0.7033636 0.6483691 0.2913711 -0.7883732 0.5213539 0.3265854 -0.7884303 0.5212779 0.3265687 -0.8539485 0.3816182 0.3537508 -0.8539283 0.3816829 0.3537297 -0.8985254 0.2326333 0.3722014 -0.8985222 0.2326992 0.3721681 -0.9210527 0.07825148 0.3814955 -0.9210335 0.07832419 0.3815268 -0.06703215 0.9969053 0.04106819 -0.06703764 0.9969046 0.04107427 -0.1996611 0.9721989 0.122331 -0.1996849 0.9721915 0.1223511 -0.3271074 0.9234892 0.2004206 -0.3271358 0.923475 0.2004401 -0.4464646 0.8519569 0.2735669 -0.4465153 0.8519093 0.2736324 -0.554785 0.7593494 0.3400035 -0.5547117 0.7594357 0.3399299 -0.6491677 0.6483499 0.3977736 -0.6491559 0.6483413 0.3978068 -0.7276192 0.5213044 0.4458835 -0.7276338 0.5212669 0.4459035 -0.7880964 0.3816218 0.4829792 -0.7880976 0.3816069 0.4829888 -0.8292146 0.2326923 0.5081905 -0.8292129 0.2328336 0.5081287 -0.8500295 0.07825142 0.5208903 -0.8500538 0.07837694 0.5208317 -0.0597828 0.9969049 0.05105507 -0.05979067 0.9969036 0.05107152 -0.1780539 0.9721974 0.1520827 -0.1780688 0.9721909 0.152107 -0.2916941 0.9234903 0.249159 -0.2916822 0.9234978 0.2491455 -0.3982633 0.8518673 0.3401596 -0.3982293 0.8519043 0.3401066 -0.4947162 0.7594251 0.4225273 -0.4947323 0.7594078 0.4225398 -0.5789564 0.6483075 0.4944764 -0.5789341 0.6483453 0.494453 -0.6488899 0.5213402 0.5542079 -0.6489348 0.5213125 0.5541815 -0.7028881 0.3815456 0.6003093 -0.7028502 0.3817688 0.6002118 -0.7395888 0.2327371 0.6315394 -0.7395312 0.2327527 0.6316009 -0.7580899 0.07829135 0.6474336 -0.7580452 0.07825016 0.6474909 -0.05105602 0.9969046 0.05978715 -0.05106049 0.9969047 0.05978268 -0.1520947 0.9721944 0.1780596 -0.1521081 0.9721863 0.1780927 -0.2491192 0.9235033 0.2916873 -0.2491226 0.9235003 0.2916935 -0.340129 0.851891 0.3982388 -0.3401178 0.8519139 0.3981994 -0.4225631 0.7593966 0.4947295 -0.422546 0.7593871 0.4947587 -0.4944445 0.648355 0.5789306 -0.4944366 0.6482728 0.5790293 -0.554165 0.5212746 0.6489792 -0.5541388 0.5214049 0.6488968 -0.600253 0.3817557 0.7028222 -0.6002467 0.381596 0.7029142 -0.6315656 0.2326528 0.7395929 -0.6315891 0.2328215 0.7395198 -0.6474488 0.07821291 0.7580849 -0.6474554 0.07825708 0.7580748 -0.04108047 0.9969063 0.06701076 -0.04107993 0.9969046 0.06703472 -0.1223639 0.9721857 0.1997051 -0.1223549 0.9721922 0.1996789 -0.2004512 0.9234959 0.32707 -0.2004294 0.9234895 0.3271014 -0.2736042 0.8518984 0.4465535 -0.2736338 0.8518974 0.4465372 -0.3399455 0.7593908 0.5547637 -0.3399365 0.759453 0.5546841 -0.3978807 0.6482374 0.6492144 -0.3978692 0.6482444 0.6492145 -0.4458948 0.5213962 0.7275465 -0.445867 0.5213158 0.7276212 -0.4829162 0.3815958 0.7881478 -0.4829975 0.3817847 0.7880063 -0.5082135 0.2328617 0.8291529 -0.5081524 0.2326685 0.8292446 -0.5208928 0.07824593 0.8500285 -0.5209129 0.07823854 0.8500168 -0.03033995 0.9968532 0.07323485 -0.03033989 0.9968532 0.07323485 -0.03034001 0.9968532 0.07323485 -0.03008854 0.9969041 0.07264262 -0.08963614 0.9721894 0.2163631 -0.08962953 0.9721921 0.2163543 -0.1468276 0.923491 0.3544095 -0.1468365 0.9234835 0.3544253 -0.2004094 0.8519166 0.4838121 -0.2004433 0.8518962 0.4838341 -0.2489673 0.7594274 0.6010702 -0.248977 0.7594323 0.60106 -0.2913814 0.6482908 0.7034316 -0.2913833 0.6482903 0.7034313 -0.3265601 0.5212789 0.7884333 -0.3266035 0.5212784 0.7884156 -0.353699 0.3817893 0.8538935 -0.3536952 0.381735 0.8539193 -0.372168 0.2326918 0.8985242 -0.3721826 0.23277 0.8984978 -0.3815234 0.07823771 0.9210422 -0.3815428 0.07818895 0.9210383 -0.01835405 0.9969078 0.07640731 -0.01835256 0.9969028 0.07647192 -0.05466365 0.9721903 0.2277233 -0.05466014 0.9721911 0.2277209 -0.08953368 0.9234904 0.3730273 -0.08954447 0.9234858 0.3730363 -0.122246 0.851878 0.509274 -0.1222613 0.8518931 0.5092449 -0.1518483 0.7594371 0.6326117 -0.1519163 0.759491 0.6325304 -0.1777715 0.6482924 0.7403474 -0.1777731 0.6482836 0.7403548 -0.1992397 0.521309 0.8297834 -0.1992419 0.5213088 0.8297829 -0.2158025 0.3817086 0.8987368 -0.2157379 0.3816078 0.8987953 -0.2270047 0.2327826 0.9456645 -0.2269897 0.232778 0.9456692 -0.2326864 0.07819211 0.9694035 -0.2327166 0.07821118 0.9693946 -0.006167531 0.996906 0.07836163 -0.006169319 0.9969043 0.0783829 -0.01837313 0.9721969 0.2334428 -0.01837801 0.9721889 0.2334761 -0.03010749 0.9235145 0.3823802 -0.03010213 0.9234706 0.3824868 -0.04108858 0.8518875 0.5221108 -0.04110175 0.8518649 0.5221463 -0.05100166 0.7594782 0.6485305 -0.05104219 0.7594976 0.6485046 -0.05972301 0.648321 0.7590211 -0.05971258 0.6482412 0.7590902 -0.06689894 0.521306 0.8507436 -0.06696796 0.5213337 0.8507212 -0.07250005 0.3816089 0.9214763 -0.07255285 0.3815926 0.9214788 -0.07632035 0.2327781 0.9695307 -0.0763399 0.2328202 0.969519 -0.07825237 0.07822072 0.9938603 -0.07819736 0.07815623 0.9938697 0 0.9969238 0.07837772 0 0.9723589 0.2334914 0 0.9723536 0.2335132 0 0.9239167 0.3825938 0 0.9239084 0.3826138 0 0.8525713 0.5226109 0 0.8525923 0.5225768 0 0.7604756 0.6493666 0 0.7604989 0.6493394 0 0.649406 0.7604419 0 0.6494064 0.7604416 0 0.5225371 0.8526166 0 0.5225278 0.8526224 0 0.3826096 0.9239102 0 0.3826186 0.9239065 0 0.233497 0.9723576 0 0.2335023 0.9723563 0 0.0783962 0.9969224 0 0.07839816 0.9969222 -0.07778412 0.07816338 0.9939015 -0.223141 0.1529659 0.9627096 -0.3686994 0.2342066 0.89956 -0.4905813 0.2995491 0.8182912 -0.7636579 0.4578996 0.4551423 -0.5764179 0.7989928 0.1713269 -0.8157572 0.5736527 0.07391154 -0.8147773 0.5743252 0.07930111 -0.8147774 0.5743252 0.07930111 -0.8147774 0.5743252 0.07930111 -0.8543512 0.5134389 0.08040308 -0.84806 0.5278617 0.04643696 -0.8494574 0.5255938 0.0466215 -0.8494573 0.5255938 0.04662156 -0.8493816 0.5257159 0.04662299 -0.5698549 0.7997777 0.1887353 -0.5933082 0.7806646 0.1963376 -0.6337782 0.7514012 0.1836341 -0.708088 0.6741635 0.210036 -0.3662111 0.9182648 0.1505964 -0.3532709 0.9189264 0.1754254 -0.4367931 0.8722493 0.2199841 -0.2043007 0.975161 0.08556967 -0.204254 0.9751703 0.08557528 -0.2042541 0.9751704 0.08557516 -0.1841776 0.9760116 0.1161036 -0.1841775 0.9760116 0.1161035 -0.1841776 0.9760117 0.1161035 -0.240489 0.9587517 0.1515264 -0.2403118 0.9587511 0.1518113 -0.04221707 0.9984976 0.03493201 -0.7497233 0.650681 0.1205377 -0.7497231 0.6506811 0.1205376 -0.7497232 0.650681 0.1205376 -0.7483075 0.6508936 0.1279589 -0.7887503 0.6005502 0.1311958 -0.7885572 0.6045005 0.1129455 -0.8508431 0.5102123 0.1254975 -0.8494974 0.5133243 0.1218702 -0.83268 0.5081958 0.2199572 -0.7752627 0.5994917 0.1989413 -0.7821542 0.5876515 0.2071247 -0.6888481 0.7033144 0.1756053 -0.6777203 0.717254 0.1619939 -0.7435651 0.5876882 0.3189573 -0.7520622 0.5682177 0.3339629 -0.6791713 0.67351 0.2917376 -0.6885288 0.6578272 0.3052726 -0.606606 0.7509832 0.2608709 -0.6161804 0.7388388 0.2728351 -0.5102402 0.8318453 0.2183771 -0.5305931 0.8108392 0.2470037 -0.439937 0.8753302 0.2006303 -0.4264132 0.8853699 0.185181 -0.7883762 0.4352344 0.4347805 -0.8416233 0.4945421 0.2170215 -0.798866 0.4947823 0.3420579 -0.8057494 0.4714635 0.3584551 -0.7591121 0.4720015 0.4482895 -0.7136648 0.5690525 0.4084874 -0.7146937 0.5569612 0.4230925 -0.6528858 0.6586059 0.3741369 -0.6550686 0.6488222 0.3871886 -0.5838676 0.7395434 0.3349242 -0.5868178 0.7318554 0.3464573 -0.5072377 0.8110978 0.2912567 -0.5104379 0.8054767 0.3010989 -0.4241042 0.8721914 0.2437576 -0.4273076 0.8683634 0.2517008 -0.3346857 0.9224995 0.1923027 -0.3346226 0.9225354 0.1922401 -0.3346856 0.9224995 0.1923028 -0.3380654 0.9196178 0.200037 -0.2489365 0.95756 0.1452909 -0.2521837 0.9604609 0.1179769 -0.2521836 0.9604609 0.1179769 -0.2521837 0.9604609 0.1179769 -0.6654631 0.3397842 0.6646094 -0.1297466 0.9824256 0.1341859 -0.1258612 0.9838867 0.1269888 -0.2137283 0.9514326 0.2215771 -0.2077993 0.955419 0.2097475 -0.2942029 0.9055619 0.3056179 -0.2868316 0.913244 0.2893324 -0.3699222 0.8455418 0.3849892 -0.3617897 0.8580609 0.3644719 -0.4394582 0.7726483 0.4581388 -0.4316613 0.7905564 0.4343836 -0.5022538 0.6871992 0.5248793 -0.4955207 0.7120137 0.4974896 -0.5568331 0.5916683 0.5829799 -0.552503 0.6230112 0.5537126 -0.6024834 0.4869505 0.632371 -0.6016417 0.5254483 0.6016075 -0.6297301 0.4198295 0.6535926 -0.550862 0.4876565 0.6773051 -0.5407051 0.4731858 0.6955094 -0.5079124 0.5925071 0.6252683 -0.5075585 0.5924713 0.6255896 -0.5079124 0.5925071 0.6252682 -0.5002289 0.5809148 0.642113 -0.4568724 0.6879585 0.5638979 -0.4516953 0.6790955 0.5786197 -0.3989161 0.7733493 0.4927443 -0.3954698 0.7665416 0.5059818 -0.3350652 0.8460982 0.4145468 -0.3330267 0.8415751 0.4252583 -0.2660777 0.9059444 0.3293442 -0.2650663 0.9030939 0.3378775 -0.1930584 0.9516422 0.2389675 -0.192617 0.9501733 0.2450906 -0.1170951 0.9825091 0.1447921 -0.1169922 0.9819432 0.1486621 -0.548309 0.1928179 0.8137436 -0.5482763 0.1929081 0.8137443 -0.5483091 0.192818 0.8137435 -0.6117835 0.3746988 0.6966504 -0.5854428 0.3748203 0.7188647 -0.5725353 0.3581172 0.7375333 -0.4976266 0.3571164 0.7904656 -0.4853147 0.4725315 0.7356519 -0.4767326 0.4232603 0.7704395 -0.4475927 0.5801415 0.680512 -0.4440622 0.5398721 0.7150853 -0.4029803 0.6782786 0.614447 -0.4032999 0.6467418 0.6473594 -0.3520562 0.7658952 0.5380159 -0.354981 0.7422799 0.5683389 -0.295749 0.8410454 0.4529626 -0.3000614 0.8248167 0.4792085 -0.2349035 0.9027407 0.3603885 -0.2395787 0.8926886 0.3817187 -0.1704341 0.9499673 0.2617525 -0.1745669 0.9447592 0.2774102 -0.1034373 0.9818669 0.1588653 -0.1063138 0.9799709 0.1683875 -0.4343823 0.2998318 0.8493604 -0.374148 0.2229112 0.90018 -0.3771656 0.4233462 0.8237258 -0.36017 0.3675459 0.8574308 -0.3491749 0.5399017 0.7658873 -0.3381531 0.4940024 0.8010082 -0.3153387 0.6468185 0.6943972 -0.309122 0.6107056 0.7290283 -0.2763087 0.7423523 0.6103824 -0.2736411 0.7154021 0.6429 -0.2325729 0.8248782 0.5152531 -0.2323892 0.8062547 0.5440118 -0.1850522 0.892726 0.4108479 -0.1862936 0.8810912 0.4347103 -0.1344119 0.944787 0.2988495 -0.1361339 0.9387108 0.3166856 -0.08165872 0.9799893 0.1815295 -0.08310139 0.9777791 0.1924636 -0.3233756 0.2344845 0.916758 -0.2998357 0.2253329 0.9269971 -0.3081575 0.3681826 0.8772005 -0.2881399 0.3603836 0.887186 -0.287499 0.4947629 0.8200939 -0.2702405 0.4882609 0.829802 -0.261029 0.6115334 0.7469209 -0.2470275 0.606443 0.7557806 -0.2297504 0.7161333 0.6590659 -0.2188006 0.7123841 0.6668097 -0.194257 0.8068547 0.5578975 -0.1852235 0.8042129 0.5647424 -0.1546164 0.8815838 0.4459864 -0.1487275 0.8800259 0.4510373 -0.1129136 0.9389925 0.3248751 -0.1089442 0.9381543 0.3286303 -0.1089442 0.9381543 0.3286303 -0.1089442 0.9381543 0.3286303 -0.06854492 0.9778977 0.1975288 -0.06627678 0.9776 0.1997641 -0.2998847 0.2253143 0.9269858 -0.2166276 0.175222 0.9604009 -0.2347866 0.3597803 0.9030135 -0.2087921 0.2979043 0.9314821 -0.2181888 0.487544 0.8453961 -0.198584 0.4362161 0.8776561 -0.197604 0.6056486 0.7708064 -0.1834737 0.5648952 0.8045066 -0.1735176 0.7116567 0.6807617 -0.1638538 0.6811025 0.7136185 -0.1463055 0.8035223 0.5770153 -0.1402442 0.7823771 0.6068096 -0.116554 0.879562 0.4612873 -0.1130774 0.8663063 0.4865458 -0.08477902 0.9378415 0.3365498 -0.08312445 0.9309797 0.3554818 -0.05157256 0.977499 0.2045388 -0.05098283 0.9749594 0.2164604 -0.01731222 0.9722105 0.2334677 -0.0199421 0.9749698 0.2214416 -0.02776545 0.9235539 0.3824622 -0.03272324 0.9310041 0.3635393 -0.0372048 0.8520005 0.5222175 -0.04515373 0.866315 0.4974531 -0.04543828 0.7597097 0.6486731 -0.05686932 0.782428 0.620139 -0.05205035 0.6485141 0.7594211 -0.06774389 0.6811544 0.728999 -0.05697786 0.5216937 0.8512281 -0.07758694 0.5649458 0.8214723 -0.05998814 0.3819335 0.922241 -0.08616179 0.4362566 0.8956876 -0.06112337 0.2330636 0.9705387 -0.0932334 0.2979486 0.950018 -0.06719499 0.1237715 0.990033 -0.1610436 0.1532355 0.9749789 -0.1610436 0.1532356 0.9749789 -0.1610436 0.1532355 0.974979 -0.7176074 0.4571546 0.525404 -0.7201259 0.4203152 0.5520454 -0.670011 0.5562706 0.4915775 -0.6757859 0.5254625 0.5169165 -0.6136349 0.6481269 0.4509811 -0.6217831 0.6229321 0.4747014 -0.5492701 0.7312119 0.4045143 -0.5586056 0.7119572 0.4255313 -0.4776577 0.8049 0.3521068 -0.487477 0.7904831 0.3708138 -0.3995876 0.8679547 0.2949314 -0.4090112 0.8580296 0.3106369 -0.3164732 0.9193397 0.233793 -0.3246365 0.9132236 0.2462393 -0.2290585 0.9585696 0.1693418 -0.2354113 0.9554093 0.1782546 -0.1329244 0.9862647 0.09804755 -0.1403409 0.983918 0.1104985 -0.04731768 0.9982083 0.03662389 -0.04226708 0.9982066 0.04239141 -0.04363626 0.9980445 0.04475653 -0.03935992 0.9980562 0.04832023 -0.03936874 0.9979927 0.04960525 -0.03480809 0.9979877 0.05300039 -0.03587162 0.9977709 0.05627375 -0.02758371 0.9977771 0.06066286 -0.02818876 0.997523 0.06444776 -0.02330273 0.9975361 0.06617158 -0.02256894 0.9975034 0.06691503 -0.01756185 0.9974927 0.06855583 -0.01747804 0.9972052 0.07263964 -0.006964862 0.9972122 0.07429301 -0.00620681 0.9969039 0.07838475 -0.9969 0.07868015 0 -0.9969269 0.07833844 0 -0.9969381 0.07819509 0 -0.9969269 0.07833844 0 -0.9723946 0.2333429 0 -0.972378 0.2334116 0 -0.9238727 0.3827 0 -0.9238827 0.3826757 0 -0.8527376 0.5223395 0 -0.8527035 0.5223952 0 -0.7603681 0.6494925 0 -0.7602929 0.6495806 0 -0.6494204 0.7604297 0 -0.6493866 0.7604586 0 -0.3826697 0.9238853 0 -0.3462312 0.9381492 -3.35743e-4 -0.4185038 0.9082151 0 -0.5226169 0.8525678 0 -0.4886502 0.8724798 -3.36016e-4 -0.4886502 0.8724798 -3.35991e-4 -0.4886502 0.8724798 -3.35998e-4 -0.5556064 0.8314455 0 -0.07839328 0.9969225 0 -0.03924983 0.9992294 -3.38448e-4 -0.1174523 0.9930785 0 -0.2334625 0.9723659 0 -0.1951289 0.9807776 -3.38637e-4 -0.2715473 0.9624252 0 -0.2333536 -0.972392 0 -0.2714291 -0.9624584 -3.38157e-4 -0.1950128 -0.9808008 0 -0.07853215 -0.9969117 0 -0.1174935 -0.9930737 -3.37041e-4 -0.03949534 -0.9992198 0 -0.5557152 -0.8313727 -3.36932e-4 -0.4886682 -0.8724698 0 -0.3827132 -0.9238673 0 -0.4187926 -0.9080818 -3.35681e-4 -0.346362 -0.938101 0 -0.5225166 -0.8526291 0 -0.6494987 -0.7603629 0 -0.6494492 -0.760405 0 -0.7602928 -0.6495806 0 -0.7603681 -0.6494925 0 -0.8527069 -0.5223898 0 -0.852741 -0.522334 0 -0.9238632 -0.3827231 0 -0.9238532 -0.3827472 0 -0.9723848 -0.233384 0 -0.9724012 -0.2333153 0 -0.9968998 -0.07868254 0 -0.9968993 -0.07868969 0 -0.9969013 0 -0.07866334 -0.9969013 0 -0.07866281 -0.972384 0 -0.2333869 -0.9723861 0 -0.2333781 -0.9238432 0 -0.3827714 -0.9238514 0 -0.3827517 -0.8527337 0 -0.522346 -0.8527156 0 -0.5223756 -0.7603192 0 -0.6495498 -0.7603323 0 -0.6495342 -0.6494569 0 -0.7603985 -0.6494822 0 -0.7603768 -0.4885735 0 -0.8725228 -0.5557255 1.2693e-4 -0.8313658 -0.4886025 -1.26398e-4 -0.8725065 -0.5556463 0 -0.8314188 -0.3462133 0 -0.9381559 -0.4191307 1.2796e-4 -0.907926 -0.4190436 1.27729e-4 -0.9079661 -0.4191307 1.27923e-4 -0.907926 -0.3462119 -1.26553e-4 -0.9381564 -0.4185379 0 -0.9081994 -0.1950546 0 -0.9807925 -0.2715653 1.27582e-4 -0.9624201 -0.1950662 -1.27251e-4 -0.9807901 -0.2715556 0 -0.9624229 -0.03937911 0 -0.9992244 -0.1176037 1.26834e-4 -0.9930607 -0.03937238 -1.2673e-4 -0.9992246 -0.1175022 0 -0.9930727 2.41425e-6 0 1 1.56324e-6 0 1 1.95279e-6 0 1 -1.02928e-5 0 1 3.38362e-6 0 1 4.01102e-6 0 1 -7.71965e-6 0 1 1.9528e-6 0 1 -2.95878e-6 0 1 4.01095e-6 0 1 8.35742e-7 0 1 -6.18876e-7 0 1 0.9078862 0.419217 0 0.9078729 0.4192457 0 0.9668262 0.2554352 0 0.9668435 0.25537 0 0.9964638 0.08402347 0 0.9964609 0.0840581 0 0.9959399 -0.0900219 0 0.9959461 -0.08995264 0 0.965282 -0.2612098 0 0.9652909 -0.2611773 0 0.9053637 -0.4246371 0 0.9053637 -0.4246371 0 0.8181399 -0.5750192 0 0.8181563 -0.5749959 0 0.7060687 -0.7081434 0 0.5726591 -0.8197937 0 0.5726428 -0.819805 0 0.4218915 -0.9066464 0 0.2582674 -0.9660736 0 0.2582587 -0.9660758 0 0.08703881 -0.9962049 0 0.08703279 -0.9962055 0 0.09192621 -0.7327227 -0.6742901 0.08510905 -0.6228591 -0.7776908 0.08365774 -0.4801067 -0.8732119 0.0773772 -0.3433035 -0.9360318 0.07869374 -0.1716759 -0.9820054 0.07906091 -0.001442313 -0.9968689 0.8285176 0.519984 -0.2077869 0.8402922 0.5381792 -0.06536281 0.839661 0.5385483 -0.07025039 0.8365035 0.5288303 -0.1435284 0.8285259 0.5200272 -0.2076452 0.7586959 0.4531648 -0.4679982 0.771691 0.457328 -0.4419776 0.801334 0.4913581 -0.3412201 0.7995452 0.4909117 -0.3460249 0.8163868 0.5027033 -0.2842574 0.4548426 0.2232427 -0.8621375 0.5016124 0.245743 -0.8294549 0.5479273 0.2901563 -0.7845924 0.58534 0.3073468 -0.7502767 0.6308685 0.3517403 -0.6915806 0.6590034 0.3637894 -0.6583098 0.7013667 0.4063181 -0.5856539 0.6928959 0.4030672 -0.5978563 0.6928959 0.4030671 -0.5978564 0.692896 0.4030671 -0.5978564 0.7268369 0.4194059 -0.5438814 0.2445335 0.07775074 -0.9665187 0.3102113 0.1113941 -0.9441189 0.3530845 0.152017 -0.9231589 0.3881696 0.1695041 -0.9058658 0.434894 0.2043086 -0.8769979 0.4350101 0.2043578 -0.8769288 0.434894 0.2043086 -0.8769979 0.04715406 -0.1224384 -0.9913554 0.01895064 -0.1042536 -0.9943702 0.1314699 0.002112567 -0.991318 0.1600024 0.01701939 -0.98697 0.2151854 0.04988306 -0.9752984 0.04618126 -0.2933412 -0.9548918 0.01518523 -0.2875946 -0.9576319 0.1438199 -0.1735945 -0.9742591 0.219571 -0.1355828 -0.9661294 0.2647251 -0.09295284 -0.9598336 0.3313965 -0.05819749 -0.941695 0.379953 -0.01036757 -0.9249477 0.437149 0.02051234 -0.8991552 0.4871968 0.0724169 -0.8702846 0.5343377 0.09875583 -0.8394823 0.5842782 0.1538292 -0.7968411 0.6212971 0.1753026 -0.763714 0.6688352 0.2319363 -0.7063038 0.6966722 0.2486974 -0.6729024 0.7390003 0.305028 -0.6006968 0.7583928 0.3170757 -0.5694766 0.7934935 0.3717909 -0.4818089 0.8056464 0.3797032 -0.4547081 0.8309149 0.4305469 -0.352434 0.8373681 0.4350072 -0.3310339 0.8503928 0.4800259 -0.2154235 0.8528783 0.4819107 -0.2008999 0.8514853 0.5191963 -0.07354038 0.8518242 0.5195469 -0.06683379 0.05327785 -0.4306183 -0.9009602 0.03827619 -0.4240564 -0.9048266 0.1644433 -0.3224982 -0.9321767 0.2240127 -0.3019205 -0.9266404 0.2921521 -0.2406355 -0.9256036 0.3445404 -0.2203253 -0.9125508 0.4130437 -0.1532419 -0.8977259 0.4576686 -0.1340902 -0.8789535 0.5244456 -0.06226688 -0.8491642 0.5611468 -0.04493057 -0.826496 0.6238887 0.03033715 -0.7809242 0.652726 0.04532462 -0.756237 0.7087728 0.1220964 -0.6947903 0.7303861 0.1345295 -0.6696552 0.7774973 0.2113265 -0.5923169 0.7922372 0.220783 -0.5688718 0.828125 0.2957232 -0.47619 0.8372723 0.3024466 -0.455523 0.8595591 0.3734857 -0.3488075 0.8642621 0.3776329 -0.3323321 0.8709657 0.442552 -0.2134634 0.8726602 0.4446327 -0.2019063 0.8621296 0.5013881 -0.07309311 0.8622294 0.5020639 -0.06702429 0.05620372 -0.5747162 -0.8164206 0.03070968 -0.5671737 -0.8230255 0.1743717 -0.4682266 -0.8662323 0.2397946 -0.4452645 -0.8626925 0.3097726 -0.3874768 -0.8682757 0.3672581 -0.3631762 -0.8562854 0.4373208 -0.2972176 -0.8487712 0.4861631 -0.2729173 -0.8301575 0.5542206 -0.1993974 -0.8081339 0.5939638 -0.1762487 -0.7849481 0.6572832 -0.09652799 -0.7474365 0.6882843 -0.07543766 -0.7215082 0.7442197 0.008934617 -0.6678752 0.7666128 0.02709406 -0.6415379 0.8124054 0.114233 -0.571794 0.8275259 0.1291841 -0.5463629 0.86043 0.2170233 -0.4610437 0.8692006 0.2283145 -0.438592 0.8867802 0.3143852 -0.3387964 0.8908081 0.3222718 -0.3203154 0.8907754 0.4042007 -0.2077041 0.8916502 0.4087377 -0.1946624 0.872332 0.4836062 -0.07184612 0.8717665 0.4856806 -0.06432467 0.06507307 -0.6877314 -0.723043 0.04937601 -0.6781621 -0.7332518 0.194333 -0.5943205 -0.780396 0.2440767 -0.5842912 -0.7739706 0.336273 -0.5165634 -0.7874534 0.3800027 -0.5039787 -0.7756311 0.4693912 -0.4252836 -0.7738253 0.5062958 -0.4112206 -0.757999 0.59016 -0.3226683 -0.7399975 0.6202322 -0.3081302 -0.7213653 0.695569 -0.2113461 -0.6866707 0.7186738 -0.1973658 -0.6667493 0.7825084 -0.09449708 -0.6154275 0.7993939 -0.08161681 -0.595238 0.8490077 0.025159 -0.5277813 0.860052 0.03609204 -0.5089282 0.8929861 0.1443526 -0.4263077 0.8993718 0.1531395 -0.409486 0.9133346 0.2596987 -0.3136506 0.9161404 0.2661385 -0.299762 0.9094819 0.3685264 -0.1924345 0.9099051 0.372673 -0.1821745 0.8814671 0.4675833 -0.06619393 0.8808509 0.4695224 -0.06041878 0.07049983 -0.7950266 -0.6024639 0.04655009 -0.7805483 -0.6233599 0.2063553 -0.7072873 -0.6761378 0.2557289 -0.6974954 -0.6694049 0.354878 -0.6339468 -0.6871485 0.3979607 -0.6206113 -0.6756249 0.4936081 -0.5431024 -0.6792576 0.5298481 -0.5274551 -0.6641176 0.6186196 -0.4373688 -0.6527009 0.6479594 -0.4204954 -0.6350845 0.7268559 -0.3191986 -0.608106 0.7492489 -0.3023895 -0.5892255 0.8149405 -0.1921386 -0.5467677 0.8307722 -0.1764135 -0.5279167 0.8804801 -0.05959749 -0.4703222 0.8906775 -0.04556673 -0.4523468 0.9216735 0.07502055 -0.3806443 0.9270809 0.08651512 -0.3647412 0.9371251 0.2076688 -0.2804823 0.9389696 0.2163143 -0.2674776 0.9263598 0.3348833 -0.1723682 0.9260076 0.3406077 -0.1627767 0.889685 0.452645 -0.05977529 0.88845 0.4558258 -0.05366075 0.8944403 0.4446082 -0.04796081 0.8947422 0.4436531 -0.05107331 0.9379487 0.3155604 -0.1437843 0.9377366 0.3137238 -0.1490887 0.9554685 0.1773496 -0.2358543 0.954104 0.1746309 -0.2432894 0.946406 0.0345081 -0.3211307 0.9433308 0.0311402 -0.33039 0.9110574 -0.1096327 -0.3974356 0.9059099 -0.1133249 -0.4080256 0.8505803 -0.2506471 -0.4622652 0.8425698 -0.2545657 -0.4746289 0.7665101 -0.3845784 -0.5143558 0.7555139 -0.3882066 -0.5277256 0.6610801 -0.5081483 -0.5520493 0.6470127 -0.510977 -0.5659304 0.5376242 -0.6174969 -0.5741586 0.5202871 -0.6191098 -0.5882214 0.3992521 -0.7098148 -0.580311 0.3786379 -0.709726 -0.5940727 0.2497193 -0.7824885 -0.5703964 0.2263752 -0.7801132 -0.5832476 0.09339523 -0.8335442 -0.5445011 0.06160211 -0.9003393 -0.4308066 0.08468943 -0.8583946 -0.5059512 0.06770247 -0.8285232 -0.5558469 0.9025545 0.4294141 -0.03160619 0.9030302 0.4282475 -0.03377342 0.9554428 0.2794962 -0.09492623 0.9556536 0.2776292 -0.09822678 0.9803916 0.1213059 -0.1552978 0.9799638 0.1187444 -0.1599085 0.9766398 -0.0404793 -0.2110363 0.9751998 -0.04370933 -0.2169674 0.9443793 -0.2008055 -0.2604318 0.941533 -0.2045364 -0.2677325 0.8843762 -0.3557013 -0.3022503 0.8800876 -0.3593515 -0.3103425 0.7988094 -0.4998778 -0.3347029 0.7923587 -0.5036013 -0.344316 0.6898906 -0.6294075 -0.3576272 0.6814106 -0.6325752 -0.3681414 0.560755 -0.7407158 -0.369992 0.5502364 -0.7429509 -0.381135 0.4153223 -0.8303724 -0.371469 0.4028711 -0.8313033 -0.3829224 0.257754 -0.8958475 -0.3619672 0.2435711 -0.8951334 -0.3733756 0.9047294 0.4252931 -0.02430355 0.9053265 0.4239204 -0.02599149 0.9601684 0.2697234 -0.07298099 0.9605674 0.2675981 -0.07551026 0.987169 0.1060988 -0.1193331 0.9870486 0.1029346 -0.1230432 0.9848862 -0.06075435 -0.1621979 0.9838547 -0.06459707 -0.1669046 0.9534494 -0.2256109 -0.2000854 0.9511374 -0.2300696 -0.2059261 0.8938652 -0.383637 -0.2320084 0.8900148 -0.3883777 -0.2388229 0.8076738 -0.5306653 -0.2570167 0.8022338 -0.5351999 -0.2645413 0.6980028 -0.6615638 -0.2740906 0.690513 -0.6658546 -0.2825412 0.5675155 -0.7731371 -0.2831702 0.5581902 -0.7765844 -0.2921311 0.420405 -0.8618491 -0.2836829 0.4093574 -0.864102 -0.2928385 0.2609351 -0.9251197 -0.2758015 0.2480077 -0.9258561 -0.285101 0.9063941 0.4220901 -0.01702404 0.9066635 0.4214777 -0.0178309 0.9636633 0.262294 -0.05054634 0.9639078 0.2610369 -0.05235892 0.9920772 0.09439516 -0.08289998 0.9920319 0.09290945 -0.08509105 0.9907326 -0.07618254 -0.1124508 0.9902385 -0.07814735 -0.1154159 0.9596948 -0.2444792 -0.1386213 0.9585953 -0.2466965 -0.1422526 0.9000074 -0.4052587 -0.1604747 0.8980656 -0.4077212 -0.1650504 0.8133162 -0.5540545 -0.1775957 0.81055 -0.5564044 -0.1828196 0.7023232 -0.6862288 -0.1892939 0.6987159 -0.6883062 -0.1950149 0.570425 -0.7978526 -0.1950554 0.5657522 -0.7995674 -0.2015357 0.4215645 -0.8855453 -0.1951742 0.4157143 -0.8867235 -0.2022451 0.2598475 -0.9468844 -0.1894444 0.2533231 -0.9471906 -0.1966151 0.9072947 0.4203721 -0.01019191 0.9074973 0.4199194 -0.01079213 0.9656639 0.2579691 -0.03074449 0.9658293 0.2572466 -0.03159356 0.9948585 0.08795613 -0.05020385 0.9948866 0.08682334 -0.05159825 0.9940556 -0.08481913 -0.068259 0.9938116 -0.08618623 -0.07007521 0.9632952 -0.2549007 -0.08419114 0.962733 -0.2563205 -0.08628547 0.9035331 -0.4173041 -0.09739261 0.9024398 -0.4190284 -0.1000881 0.8166459 -0.5669994 -0.1077098 0.8150178 -0.5687408 -0.1108151 0.7051637 -0.6997085 -0.1146834 0.7029094 -0.7013334 -0.1185326 0.5724217 -0.8113665 -0.1183972 0.5696966 -0.8126835 -0.122439 0.4225606 -0.8985825 -0.1182872 0.4192219 -0.8995653 -0.1226179 0.2599271 -0.9588028 -0.1146092 0.256141 -0.9592696 -0.1191372 0.2580644 -0.9652933 -0.04014605 0.2594139 -0.9650049 -0.03834193 0.4215282 -0.9058808 -0.04115927 0.4226112 -0.9054431 -0.03965663 0.5721674 -0.8191086 -0.04105859 0.5730423 -0.8185634 -0.03970587 0.7054849 -0.7076125 -0.03969419 0.7061629 -0.7069939 -0.03864932 0.817559 -0.5746325 -0.03734987 0.8180523 -0.5739972 -0.03630208 0.9048594 -0.4243738 -0.03370976 0.9052078 -0.4237013 -0.03280562 0.9648853 -0.2610589 -0.02906268 0.9650689 -0.2604664 -0.02827078 0.9956657 -0.08998572 -0.02350413 0.9957177 -0.08954226 -0.02299028 0.9963108 0.0840432 -0.01736843 0.9962896 0.08437263 -0.01698219 0.9667693 0.255426 -0.01070749 0.9667013 0.2556985 -0.01034414 0.9078541 0.4192707 -0.003617227 0.9078172 0.4193517 -0.003483295 0.8984834 0.4371958 -0.0398451 0.8997661 0.4341817 -0.04367476 0.9471951 0.2971967 -0.1203987 0.9480331 0.2919078 -0.1265823 0.9689773 0.1483691 -0.1976604 0.9683802 0.1411939 -0.2056797 0.9631794 -0.004191458 -0.2688271 0.9602196 -0.01350992 -0.2789189 0.9300935 -0.1564959 -0.332318 0.9239472 -0.1673895 -0.3439511 0.8705934 -0.3046302 -0.3863516 0.8605423 -0.3165138 -0.3991065 0.7867646 -0.4436186 -0.4291899 0.7722287 -0.4558358 -0.4425795 0.6807109 -0.5702351 -0.4598531 0.6615942 -0.5817443 -0.4731455 0.5557116 -0.6806852 -0.4773388 0.5315762 -0.6907667 -0.4901717 0.4150027 -0.7720357 -0.4813874 0.3862342 -0.779653 -0.4929141 0.2627661 -0.8416227 -0.4718319 0.2296321 -0.8458856 -0.4814007 0.07037204 -0.8955961 -0.4392668 0.09276086 -0.9351683 -0.3418418 0.0770561 -0.932511 -0.3528254 0.09370243 -0.9610955 -0.2598373 0.07943254 -0.9599112 -0.2688142 0.09058368 -0.9798812 -0.177841 0.08330416 -0.9791676 -0.1851795 0.08955806 -0.9901701 -0.1074373 0.08517765 -0.9900164 -0.1123049 0.08825218 -0.9954467 -0.0360198 0.08697986 -0.9955024 -0.0375455 0.003889083 0.07849198 -0.9969072 0.1686208 0.1219815 -0.9781041 0.01157712 0.2334811 -0.9722924 0.259904 0.1897796 -0.9468018 0.01896661 0.382538 -0.9237451 0.02589565 0.5223492 -0.8523384 0.5333252 0.3885499 -0.7513942 0.03217387 0.6490618 -0.7600551 0.03767424 0.759933 -0.6489087 0.6785879 0.4935019 -0.5440353 0.04223179 0.8518305 -0.5221123 0.7248361 0.5284966 -0.4419321 0.04575753 0.922966 -0.382152 0.04938012 0.9957085 -0.07827156 0.0493679 0.9957551 -0.07768315 0.1202743 0.9896755 -0.07795327 0.1389605 0.9282107 0.3451302 0.1691294 0.9825136 -0.07786148 0.2387985 0.9679392 -0.07790464 0.2437006 0.9639853 0.1065013 0.2864121 0.9548854 -0.07850015 0.338795 0.9375817 -0.07847654 0.3388123 0.9376291 -0.07783365 0.3995366 0.9134094 -0.07780617 0.4109259 0.8598161 0.3030781 0.4442669 0.8925126 -0.07777005 0.5068061 0.858542 -0.07780331 0.503471 0.8308521 0.2370694 0.548666 0.8323585 -0.07839131 0.5985197 0.797267 -0.0783559 0.6612466 0.7197301 0.211522 0.6819865 0.7272247 -0.07770967 0.732129 0.676719 -0.07770901 0.7075877 0.6315906 0.3168802 0.7647276 0.6396342 -0.07784515 0.8057857 0.5870796 -0.07776218 0.04814875 0.9712163 -0.2332824 0.04813861 0.9713661 -0.23266 0.1440001 0.9618415 -0.2326476 0.1439926 0.9618617 -0.2325687 0.2384334 0.9428879 -0.2326196 0.2383913 0.9427639 -0.2331647 0.3304856 0.9145766 -0.2330862 0.3304989 0.9147129 -0.2325317 0.4193708 0.8775325 -0.2325184 0.4193373 0.8775004 -0.2327002 0.5040948 0.8317039 -0.2327167 0.5040532 0.8316043 -0.2331628 0.5838307 0.7776847 -0.2331272 0.5984771 0.7972937 -0.07840996 0.6450866 0.7600675 -0.07849115 0.7255656 0.6476389 -0.2326334 0.7255415 0.647614 -0.232778 0.6579264 0.7162104 -0.2327565 0.6578717 0.7161325 -0.2331506 0.5838044 0.7776869 -0.2331855 0.8067206 0.5873175 -0.06527066 0.7999223 0.5827479 -0.1432803 0.786073 0.5726878 -0.2326329 0.7910751 0.5754709 -0.2074451 0.7749869 0.5645843 -0.283972 0.04575121 0.9229012 -0.3823092 0.1368182 0.913891 -0.3822094 0.1368088 0.9138477 -0.3823164 0.2265377 0.8958779 -0.3822088 0.2265212 0.8958371 -0.3823143 0.3140279 0.8690558 -0.3822679 0.3140178 0.8690434 -0.3823041 0.3984332 0.8337134 -0.3823257 0.3984298 0.8337192 -0.3823168 0.4789717 0.7902145 -0.3822922 0.4789553 0.7902327 -0.3822748 0.5547466 0.7390013 -0.3822739 0.5547781 0.7390004 -0.3822297 0.6251447 0.6805066 -0.3822368 0.6251464 0.6805288 -0.3821945 0.6894167 0.6153433 -0.3821744 0.6893845 0.6153299 -0.3822543 0.7468554 0.5441467 -0.3822453 0.7589892 0.5516784 -0.3458127 0.03766775 0.7597946 -0.6490712 0.1126325 0.7523843 -0.6490237 0.1126421 0.7524142 -0.6489874 0.1865035 0.7376187 -0.6489492 0.1865168 0.7375947 -0.6489728 0.2585644 0.7155526 -0.6489444 0.2585428 0.7154939 -0.6490179 0.3280385 0.6864422 -0.64899 0.3280619 0.6864445 -0.6489757 0.3943438 0.6506433 -0.6489657 0.3943283 0.6506406 -0.6489777 0.4567775 0.608425 -0.6489787 0.4567232 0.6084154 -0.649026 0.5147067 0.5602686 -0.6489809 0.5146604 0.5602589 -0.6490259 0.5675503 0.5066032 -0.64903 0.5675435 0.5065675 -0.6490639 0.04223716 0.8519333 -0.5219443 0.126283 0.8435674 -0.5219643 0.1262864 0.8435102 -0.5220561 0.2090901 0.8268818 -0.5220612 0.2090908 0.8268859 -0.5220544 0.2898686 0.802173 -0.5220103 0.2898389 0.8021315 -0.5220906 0.3677594 0.769516 -0.5221095 0.3678124 0.7696421 -0.5218861 0.4421086 0.72948 -0.5219185 0.4420796 0.7293887 -0.5220708 0.5120421 0.6820847 -0.5220855 0.5120644 0.6821193 -0.5220187 0.57703 0.6281249 -0.5220111 0.5770326 0.6281157 -0.5220194 0.6363297 0.5679722 -0.5220077 0.6363362 0.5679943 -0.5219759 0.6893911 0.5022703 -0.5219813 0.6148614 0.4479578 -0.6490604 0.648991 0.470687 -0.597716 0.6079662 0.4429236 -0.6589353 0.02589541 0.5223729 -0.852324 0.07743793 0.5172548 -0.8523209 0.07743442 0.5172241 -0.8523398 0.1282214 0.5070619 -0.852319 0.1282239 0.5070862 -0.8523042 0.1777346 0.4918942 -0.8523208 0.1777497 0.4918946 -0.8523174 0.2255454 0.4719275 -0.8522992 0.2254998 0.4718756 -0.8523399 0.2710484 0.4472609 -0.8523442 0.2710815 0.4472581 -0.852335 0.3140146 0.4182736 -0.8523158 0.3139936 0.4182887 -0.8523162 0.353882 0.385183 -0.8522921 0.3538426 0.3851902 -0.8523052 0.3901926 0.3483076 -0.8523096 0.3901811 0.3482587 -0.8523349 0.03217887 0.6490892 -0.7600316 0.09620684 0.6426641 -0.7600836 0.09622579 0.6427371 -0.7600196 0.1593326 0.6300939 -0.7599966 0.159307 0.6300139 -0.7600683 0.2208704 0.6112472 -0.7599956 0.2208577 0.6112281 -0.7600146 0.2802546 0.5864 -0.7599951 0.2802027 0.5863367 -0.7600631 0.3368502 0.5557487 -0.7600495 0.3368366 0.5557588 -0.7600483 0.3901565 0.5197262 -0.7600412 0.3901274 0.5196801 -0.7600876 0.4395977 0.4785257 -0.7601099 0.439621 0.4785681 -0.7600697 0.4848187 0.4327595 -0.7600462 0.4848316 0.4327419 -0.7600479 0.5254566 0.3824228 -0.7600318 0.4224322 0.3082879 -0.8523554 0.4498723 0.3267241 -0.8311836 0.385951 0.2812772 -0.8785926 0.01896327 0.3825726 -0.9237309 0.05672407 0.3788349 -0.9237243 0.05670154 0.3787837 -0.9237468 0.09390121 0.3713223 -0.9237437 0.09387952 0.3712957 -0.9237566 0.1301749 0.3601899 -0.923752 0.1301414 0.3602008 -0.9237524 0.1651527 0.3455516 -0.9237525 0.1651548 0.3455915 -0.9237372 0.198555 0.3275643 -0.9237303 0.1985133 0.3275868 -0.9237312 0.2299937 0.3063408 -0.9237199 0.2299463 0.306335 -0.9237336 0.2591404 0.2820931 -0.923726 0.2591192 0.2820605 -0.9237421 0.2857705 0.2550554 -0.9237327 0.2857469 0.2550709 -0.9237356 0.309611 0.225546 -0.9237262 0.3393012 0.2458902 -0.9079719 0.003892958 0.07850319 -0.9969063 0.01162874 0.07773262 -0.9969065 0.01163864 0.07773274 -0.9969063 0.01926118 0.07620543 -0.9969062 0.0192725 0.0761882 -0.9969072 0.02669256 0.07391136 -0.9969075 0.02672123 0.07392275 -0.9969059 0.03387838 0.07091701 -0.9969068 0.03389018 0.07091122 -0.9969068 0.04071909 0.06721198 -0.9969075 0.04071831 0.06720876 -0.9969078 0.047154 0.0628516 -0.9969083 0.04721844 0.06285309 -0.9969052 0.05315166 0.05787891 -0.9969078 0.05319964 0.05788516 -0.9969048 0.05864942 0.0523445 -0.9969055 0.05864399 0.0523265 -0.9969066 0.01157128 0.2334657 -0.9722962 0.03460597 0.2311772 -0.972296 0.03461152 0.2311918 -0.9722924 0.05731248 0.2266343 -0.9722923 0.05731207 0.2266506 -0.9722885 0.07944989 0.2198849 -0.9722852 0.07944172 0.2198429 -0.9722953 0.1008021 0.2109205 -0.9722919 0.1007896 0.2109197 -0.9722934 0.1212132 0.1999145 -0.9722868 0.121145 0.1999145 -0.9722953 0.1403639 0.1869446 -0.972291 0.1403512 0.1869497 -0.9722918 0.1581651 0.1721536 -0.9722895 0.1581063 0.1721321 -0.9723029 0.1744098 0.1556473 -0.9722938 0.1743794 0.1556838 -0.9722934 0.1889719 0.137672 -0.972284 0.06350809 0.04627275 -0.9969081 0.1173278 0.08314102 -0.989607 0.0528953 0.03856462 -0.9978552 0.08070021 0.9967385 0 0.08070325 0.9967382 0 0.2401986 0.9707238 0 0.2402161 0.9707195 0 0.3934054 0.9193652 0 0.5361862 0.8440998 0 0.5361862 0.8440997 0 0.665242 0.7466278 0 0.6652794 0.7465946 0 0.7767669 0.6297883 0 0.7767301 0.6298336 0 0.8679434 0.4966632 0 0.9366534 0.3502577 0 0.9366534 0.3502578 0 0.9808241 0.1948952 0 0.9808313 0.194859 0 0.9994095 0.03436309 0 0.9994068 0.03443819 0 0.991939 -0.1267169 0 0.9919343 -0.1267539 0 0.9585145 -0.285044 0 0.958535 -0.284975 0 0.9001519 -0.4355762 0 0.04168146 0.1293032 -0.9907287 0.958482 -0.2849488 -0.01079171 0.9917784 -0.1267346 -0.01771622 0.9991111 0.03440397 -0.02435868 0.9803887 0.1947665 -0.03007036 0.8672711 0.4962922 -0.03917789 0.7760282 0.6292796 -0.04227966 0.664577 0.7459139 -0.04415625 0.5356226 0.8432689 -0.04479128 0.2399972 0.9698225 -0.04296249 0.08245527 0.9956966 -0.04230153 0.08063584 0.9959274 -0.04033005 0.07856994 0.9889812 -0.1254717 0.05847662 0.9879649 -0.1431985 0.08226895 0.9776174 -0.1936395 0.0760954 0.9669722 -0.243258 0.08357095 0.9632316 -0.2553446 0.07472735 0.9483306 -0.3083587 0.0511586 0.9396643 -0.3382514 0.08656388 0.9205001 -0.381033 0.06815546 0.8897067 -0.4514165 0.07466876 0.8914667 -0.4468914 0.07581126 0.8679021 -0.4909161 0.05920827 0.83885 -0.5411332 0.09152495 0.8152254 -0.5718662 0.05287992 0.751282 -0.6578595 0.09033977 0.7157296 -0.6925099 0.06936371 0.6822684 -0.727804 0.06705528 0.6618382 -0.7466417 0.03983813 0.6161444 -0.786625 0.0659998 0.6120687 -0.7880457 0.06375551 0.533003 -0.8437079 0.03406065 0.4844393 -0.8741617 0.0558533 0.4793046 -0.8758696 0.06084328 0.3877817 -0.9197409 0.05223453 0.3742709 -0.9258471 0.06515234 0.3319849 -0.9410321 0.9583771 -0.2852932 -0.01101785 0.9569785 -0.2874634 -0.03945803 0.9561554 -0.290106 -0.04006713 0.9561554 -0.290106 -0.04006719 0.9561278 -0.2901977 -0.04006236 0.9532702 -0.2949985 -0.06520664 0.9524877 -0.2972594 -0.06636399 0.9481159 -0.3044036 -0.09173154 0.9462878 -0.310018 -0.09180647 0.9400328 -0.3207492 -0.1160098 0.9383974 -0.3253001 -0.1165773 0.9308505 -0.3376984 -0.139561 0.9280654 -0.3462023 -0.1372544 0.9161059 -0.3659397 -0.1638234 0.9131284 -0.3752216 -0.1593911 0.905945 -0.3872312 -0.1712177 0.9042328 -0.3907488 -0.1722745 0.8960186 -0.4038001 -0.1846514 0.8930968 -0.4135028 -0.1771826 0.8764083 -0.4401861 -0.1953065 0.8740642 -0.4488492 -0.1858668 0.8621428 -0.4678201 -0.1945621 0.8603575 -0.4726615 -0.1907258 0.8470854 -0.4930185 -0.1984418 0.8459294 -0.4996207 -0.1865015 0.9916749 -0.1274645 -0.01827287 0.9892681 -0.1311114 -0.06448781 0.9887943 -0.1341513 -0.06549388 0.983956 -0.1428957 -0.1068237 0.9833605 -0.1457839 -0.1083935 0.9760673 -0.157499 -0.1499562 0.9746028 -0.1658903 -0.1504329 0.9645743 -0.1832524 -0.1897764 0.9631312 -0.1895891 -0.190878 0.9508541 -0.2095599 -0.2279502 0.9486752 -0.2217905 -0.2254433 0.9296829 -0.2531663 -0.2675755 0.9273152 -0.2672054 -0.262084 0.9160773 -0.2861862 -0.2808911 0.9138911 -0.2913715 -0.2826761 0.9010929 -0.3115196 -0.3016409 0.8990148 -0.3265686 -0.2917625 0.8736445 -0.367147 -0.3192935 0.8723049 -0.3810997 -0.3063451 0.8545235 -0.4095314 -0.3194895 0.8527853 -0.4171259 -0.3142663 0.8331047 -0.4471231 -0.3256034 0.8334126 -0.4587601 -0.3081603 0.867798 0.4952845 -0.04024833 0.8620183 0.4867032 -0.1415783 0.8646808 0.4809675 -0.1449053 0.8547374 0.4626293 -0.2353681 0.8564816 0.4567326 -0.2404881 0.8564817 0.4567327 -0.2404881 0.8564816 0.4567327 -0.2404881 0.8399995 0.4308323 -0.3298249 0.8458768 0.4148478 -0.3352518 0.824921 0.3782429 -0.4200453 0.827728 0.3645824 -0.4265514 0.8012671 0.3218112 -0.5043895 0.8095248 0.2952864 -0.5074205 0.7697051 0.2295151 -0.5957155 0.7792435 0.1976224 -0.5947479 0.7570646 0.1598345 -0.6334874 0.754081 0.1468076 -0.6401637 0.7276396 0.1056046 -0.6777819 0.7397589 0.06749701 -0.6694782 0.6885849 -0.01432263 -0.7250143 0.7024402 -0.05436158 -0.7096638 0.668045 -0.1097722 -0.7359796 0.6704033 -0.132502 -0.7300704 0.6320583 -0.1905594 -0.7511255 0.6498727 -0.2308134 -0.7241483 0.7767364 0.6283273 -0.04342347 0.7705341 0.618862 -0.1526009 0.7744074 0.6129773 -0.1566908 0.7637185 0.5936625 -0.2535725 0.7664525 0.5872829 -0.260095 0.7489166 0.5590115 -0.3558512 0.7571408 0.5430169 -0.3631398 0.7571408 0.5430169 -0.3631399 0.7571408 0.5430169 -0.3631399 0.7350115 0.5035851 -0.4540488 0.7394416 0.4890919 -0.4626179 0.7112172 0.4430359 -0.5457924 0.7234708 0.4144638 -0.552096 0.6810132 0.3442276 -0.6463192 0.6952697 0.3087701 -0.6490463 0.6716658 0.268689 -0.6904138 0.6687076 0.2541323 -0.6987467 0.6408165 0.2102389 -0.7383453 0.6583988 0.1670994 -0.7338861 0.6038495 0.07978361 -0.7930955 0.6234797 0.03341585 -0.7811251 0.5868264 -0.02540361 -0.8093142 0.5909979 -0.05219739 -0.8049826 0.5502701 -0.1140081 -0.8271669 0.5744194 -0.1623213 -0.8023056 0.665477 0.7450338 -0.0454443 0.6591637 0.734866 -0.1596096 0.6642877 0.7291616 -0.1644547 0.6529545 0.7093565 -0.2654503 0.6566393 0.7030039 -0.273149 0.6386042 0.673347 -0.3725433 0.6500014 0.6568633 -0.3821371 0.6265983 0.6167157 -0.4764833 0.6331439 0.601037 -0.4877331 0.6040825 0.5532996 -0.5735363 0.6206216 0.5234841 -0.5837749 0.5765458 0.4506757 -0.6815324 0.5958676 0.4125518 -0.6890159 0.5714789 0.3716375 -0.7316403 0.5686842 0.3556692 -0.7416858 0.5687145 0.3557854 -0.7416068 0.5687144 0.3557854 -0.7416068 0.5400108 0.3104308 -0.7823178 0.5634257 0.2629199 -0.7832144 0.5068789 0.17238 -0.8446058 0.5325615 0.1203104 -0.837797 0.4945424 0.0595386 -0.8671119 0.5005511 0.02905398 -0.8652194 0.4585906 -0.03501713 -0.8879575 0.4894187 -0.09146988 -0.8672385 0.5370492 0.8422545 -0.04675114 0.5307937 0.8317968 -0.162396 0.5369008 0.8267973 -0.1677613 0.5252515 0.8068655 -0.2703315 0.5300572 0.8006187 -0.2793729 0.5121111 0.7705251 -0.3795171 0.526747 0.7543279 -0.3918253 0.5028765 0.7140055 -0.4871463 0.5111508 0.698574 -0.5007187 0.4821362 0.6502908 -0.5870831 0.5030391 0.6202261 -0.6018898 0.4586222 0.5466946 -0.7005645 0.4827886 0.5075024 -0.7136921 0.4583725 0.4669818 -0.7561897 0.4583724 0.4669817 -0.7561897 0.4583725 0.4669817 -0.7561896 0.4557871 0.4493101 -0.768361 0.4274466 0.4037792 -0.8088585 0.4565805 0.353366 -0.8164966 0.3994197 0.2618714 -0.8785712 0.4313396 0.2046097 -0.8786814 0.39297 0.1435764 -0.9082733 0.4009782 0.1094048 -0.9095312 0.3588215 0.04463875 -0.9323383 0.3962695 -0.01940679 -0.9179291 0.2415724 0.9693447 -0.04487472 0.2361178 0.9592562 -0.155165 0.244772 0.9559277 -0.1621383 0.233235 0.937283 -0.2590408 0.2399099 0.9324254 -0.2702336 0.2236654 0.9039175 -0.3645642 0.2438492 0.8914096 -0.3820031 0.2209939 0.8537805 -0.471403 0.2328451 0.8399202 -0.4902217 0.2063403 0.7949112 -0.5705611 0.2354968 0.767707 -0.5959592 0.1937671 0.6987726 -0.688601 0.2274159 0.6605568 -0.7155045 0.2045239 0.6237666 -0.7543775 0.2020491 0.604004 -0.7709445 0.1771092 0.5627111 -0.8074582 0.2170008 0.5099059 -0.8324102 0.1628478 0.4232179 -0.8912728 0.2061024 0.3593499 -0.9101591 0.1696978 0.3023165 -0.9379805 0.1811916 0.2623878 -0.9477986 0.1419729 0.201244 -0.9691979 0.1915774 0.1237879 -0.97364 0.09704852 0.2135409 -0.9721018 -0.04023128 0.2826772 -0.9583711 0.04167729 0.2952553 -0.954509 0.8337215 -0.5483312 -0.06512784 0.8443874 -0.5321164 -0.06214642 0.8454659 -0.5297306 -0.0676251 0.8521516 -0.5194048 -0.06369 0.8532249 -0.51741 -0.06553035 0.8589354 -0.5083929 -0.06137466 0.8610066 -0.5041834 -0.06683462 0.8685019 -0.4921957 -0.05871903 0.8709914 -0.4872086 -0.06326019 0.8744545 -0.4816221 -0.05804711 0.8754664 -0.4798411 -0.05754393 0.8782078 -0.4753328 -0.05300837 0.8808662 -0.4700477 -0.05594766 0.8854229 -0.4625188 -0.0458551 0.8878315 -0.4577139 -0.04746794 0.890483 -0.4533177 -0.0392825 0.8918523 -0.4506372 -0.03905987 0.8939884 -0.4470244 -0.0308867 0.8956874 -0.4436049 -0.03096741 0.8971431 -0.4411691 -0.02245807 0.8978393 -0.4397833 -0.02180153 0.898845 -0.4380542 -0.0136522 0.899602 -0.4365112 -0.01320552 0.900044 -0.4357833 -0.00372219 0.900145 -0.4355757 -0.003596067 0.8332522 -0.5495877 -0.06036669 0.8305641 -0.5393543 -0.1387808 0.8239706 -0.5328632 -0.1926901 0.8238099 -0.5311711 -0.1979761 0.8041367 -0.5032477 -0.3163952 0.8058432 -0.5120166 -0.2974154 0.779125 -0.478778 -0.4046432 0.9991192 0.0338695 -0.0247752 0.9957165 0.02883821 -0.08784675 0.9956949 0.02503639 -0.08924639 0.9892709 0.01307374 -0.1455067 0.988937 0.008990287 -0.1480643 0.9788937 -0.006997823 -0.2042502 0.9785366 -0.01705414 -0.2053666 0.9650762 -0.04066187 -0.258795 0.9641399 -0.04919302 -0.2607954 0.9474794 -0.07609272 -0.310633 0.9467514 -0.09242391 -0.3084149 0.9212962 -0.1344826 -0.3648669 0.9206582 -0.1530563 -0.3591133 0.9057149 -0.1785944 -0.3844277 0.9033724 -0.1850747 -0.3868668 0.8861599 -0.2119096 -0.4120863 0.8861239 -0.2326517 -0.4008214 0.8528112 -0.285893 -0.4370106 0.8536975 -0.3064006 -0.4210932 0.8307275 -0.3433257 -0.4382003 0.8294337 -0.3541456 -0.431996 0.8039125 -0.3929232 -0.4464707 0.806954 -0.4107109 -0.4244313 0.7657592 -0.472899 -0.4358664 0.7579699 -0.463438 -0.4590283 0.9805328 0.1939226 -0.03081387 0.9762062 0.1875938 -0.1087663 0.9768718 0.1829161 -0.1107395 0.969047 0.1683015 -0.1806177 0.9692419 0.1638044 -0.1836796 0.9566787 0.1439808 -0.2530521 0.9578889 0.1315866 -0.2552136 0.9414353 0.1026693 -0.321183 0.9414313 0.09210735 -0.3243817 0.9208588 0.0588622 -0.3854275 0.9224095 0.03918468 -0.3842204 0.891237 -0.01230883 -0.4533709 0.8932147 -0.03601735 -0.4481858 0.8753991 -0.06656485 -0.478796 0.8728013 -0.07496649 -0.4822844 0.8516765 -0.1077751 -0.5128663 0.8548093 -0.1346684 -0.5011641 0.81444 -0.1992179 -0.5449768 0.8186969 -0.2256397 -0.5280361 0.791125 -0.2700634 -0.5488051 0.7906413 -0.2850577 -0.541875 0.760093 -0.3312663 -0.5590361 0.7670948 -0.3560514 -0.5336601 0.7220225 -0.4244999 -0.5463364 0.7310299 -0.4453334 -0.5169851 0.6627961 -0.3739253 -0.6487535 0.714375 -0.295626 -0.6342506 0.7023819 -0.2633891 -0.6612759 0.737347 -0.210431 -0.641902 0.7364565 -0.1916138 -0.6487805 0.7364564 -0.1916139 -0.6487805 0.7364775 -0.1916943 -0.6487329 0.7679812 -0.1414349 -0.6246607 0.7591839 -0.1075723 -0.6419253 0.8055484 -0.03341221 -0.5915873 0.7983723 -0.001181542 -0.6021631 0.8226974 0.03649616 -0.567307 0.8254925 0.04710602 -0.562444 0.8457138 0.08172714 -0.5273415 0.8402438 0.109973 -0.5309391 0.8762536 0.1695003 -0.4510538 0.8716867 0.192777 -0.4505545 0.8955737 0.2312909 -0.3800688 0.8943174 0.2433462 -0.3754721 0.9133179 0.2766783 -0.2988304 0.9100072 0.291063 -0.2952443 0.9246751 0.3143284 -0.214881 0.9237686 0.3198087 -0.2106512 0.9327452 0.3364889 -0.1294679 0.9311865 0.3417512 -0.1268771 0.936334 0.3492687 -0.03591966 0.9360657 0.3500638 -0.03516215 0.6771399 -0.4023678 -0.616102 0.6350256 -0.3586099 -0.6842086 0.5878628 -0.3244102 -0.7410637 0.5978339 -0.3378258 -0.7269583 0.513509 -0.2548596 -0.8193626 0.5402928 -0.3002123 -0.786102 0.4258385 -0.188093 -0.8850325 0.459339 -0.2425789 -0.8544958 0.3314206 -0.1180861 -0.9360641 0.3718002 -0.1819114 -0.9103147 0.3718002 -0.1819114 -0.9103147 0.3718002 -0.1819114 -0.9103147 0.3147189 -0.1254262 -0.9408615 0.2253733 -0.05480617 -0.9727298 0.2963756 0.05285507 -0.9536079 0.2525888 0.1239096 -0.959607 0.2938814 0.1876561 -0.9372401 0.2840193 0.2250028 -0.9320445 0.3218873 0.284816 -0.9029222 0.2841067 0.3458993 -0.8942243 0.3404253 0.4361482 -0.8329978 0.3057037 0.4884515 -0.8172885 0.3326212 0.5323256 -0.7784552 0.3351621 0.5512914 -0.7640316 0.3351621 0.5512914 -0.7640316 0.3351622 0.5512914 -0.7640316 0.3591678 0.5906495 -0.7225868 0.3299825 0.6301468 -0.7028703 0.3735705 0.7024005 -0.6058703 0.3485926 0.7313591 -0.5861716 0.3767295 0.7786399 -0.5017917 0.3663712 0.793925 -0.4852373 0.3899821 0.8333628 -0.3916894 0.3725651 0.8480163 -0.3769133 0.3901793 0.8775233 -0.2787707 0.3901026 0.8776065 -0.278616 0.3901025 0.8776065 -0.278616 0.3843157 0.8833406 -0.2683486 0.3961006 0.9028539 -0.1672101 0.3882944 0.907419 -0.1606804 0.3941861 0.9178652 -0.04627096 0.3929975 0.9184495 -0.04476076 0.07506734 0.003358364 -0.9971728 0.008495569 0.1147091 -0.9933628 0.150707 -0.02377253 -0.9882926 0.1184471 0.01271611 -0.9928789 0.206166 -0.04729831 -0.9773733 0.2617025 -0.101948 -0.9597492 0.03002786 -0.06478345 -0.9974476 0.2020364 -0.4350464 -0.8774486 0.2541343 -0.5432325 -0.8001964 0.4961289 -0.8365117 -0.2326034 0.7995961 -0.5975012 -0.06032103 0.7933393 -0.5927869 -0.1386232 0.6396456 -0.7116103 0.2906274 0.7988743 -0.5963944 -0.07818961 0.7609235 -0.6440992 -0.07830649 0.7180702 -0.6558981 0.232751 0.7282899 -0.6807539 -0.07853704 0.6778623 -0.7309799 -0.07855725 0.6410894 -0.7634549 -0.07836532 0.59038 -0.8033187 -0.07829803 0.5903405 -0.8033462 -0.07831335 0.5445657 -0.8350395 -0.07846891 0.5058401 -0.8530709 0.1280468 0.5028411 -0.8608715 -0.07779067 0.4400833 -0.8946104 -0.07745337 0.4400834 -0.8946104 -0.07745337 0.4401039 -0.8945881 -0.07759398 0.7647258 -0.5717471 -0.2971531 0.4960661 -0.8364111 -0.2330986 0.5758762 -0.7836182 -0.2330434 0.5758281 -0.7835661 -0.2333369 0.6500459 -0.7231918 -0.2333108 0.6500755 -0.7231968 -0.2332131 0.7180022 -0.6558088 -0.2332117 0.7179921 -0.6557537 -0.2333976 0.7792691 -0.5816114 -0.2333835 0.7852451 -0.5867419 -0.1977983 0.3967762 -0.8490314 -0.348876 0.4111801 -0.8813781 -0.2326022 0.4127871 -0.8839917 -0.2194666 0.3990823 -0.8544317 0.332686 0.3879662 -0.9094989 -0.1493119 0.3879662 -0.9094989 -0.1493119 0.3879232 -0.9094947 -0.1494491 0.3957908 -0.9155616 -0.0713905 0.7119592 -0.531859 -0.4585196 0.7325775 -0.5473979 -0.404581 0.7405241 -0.5527259 -0.3822543 0.6822776 -0.6231867 -0.3822771 0.6820906 -0.6230626 -0.3828124 0.6820575 -0.6230447 -0.3829005 0.6820907 -0.6230627 -0.3828125 0.6176148 -0.6870826 -0.3827133 0.6176393 -0.68711 -0.3826248 0.6176757 -0.6871511 -0.3824919 0.6177391 -0.6872121 -0.3822801 0.5471985 -0.7446101 -0.382269 0.5471785 -0.744556 -0.382403 0.4713343 -0.7947326 -0.3824186 0.4713717 -0.7947979 -0.3822371 0.3905807 -0.8374244 -0.3823181 0.3717854 -0.7953287 -0.4787776 0.6307461 -0.4716013 -0.61624 0.6859741 -0.512107 -0.5169004 0.5495074 -0.4105845 -0.7276414 0.5839497 -0.4363073 -0.684572 0.5839498 -0.4363072 -0.6845719 0.5839498 -0.4363071 -0.6845719 0.6098276 -0.4549922 -0.6489164 0.5617778 -0.5131014 -0.6489473 0.5617445 -0.5130779 -0.6489948 0.5086071 -0.565822 -0.6489719 0.508597 -0.5657998 -0.6489991 0.4505383 -0.6130518 -0.648986 0.4505019 -0.6130329 -0.6490291 0.3880769 -0.6543383 -0.6490284 0.3880656 -0.6543315 -0.6490419 0.6833204 -0.5104086 -0.5220693 0.6297791 -0.5752251 -0.5220101 0.6297475 -0.5751827 -0.5220949 0.5701791 -0.6343119 -0.5220576 0.5702145 -0.634358 -0.5219631 0.505083 -0.6873287 -0.521987 0.5051196 -0.6873561 -0.5219156 0.4351059 -0.7336527 -0.5219547 0.4350991 -0.7336503 -0.5219637 0.3604497 -0.7730981 -0.5219153 0.3228376 -0.6888113 -0.6490878 0.337607 -0.7262348 -0.5988361 0.3098155 -0.6634051 -0.681108 0.4942738 -0.3695833 -0.7868301 0.5208645 -0.3885428 -0.7600886 0.4798279 -0.4382377 -0.7600743 0.4798699 -0.4382988 -0.7600125 0.4344798 -0.4833433 -0.7600043 0.4344108 -0.4832767 -0.7600861 0.3847818 -0.5236266 -0.7601041 0.3848438 -0.5236705 -0.7600424 0.3314945 -0.558938 -0.7600656 0.331506 -0.558952 -0.7600503 0.2749652 -0.5888275 -0.7600502 0.2874187 -0.6183562 -0.7314548 0.3289575 -0.2459006 -0.9117674 0.4148652 -0.3098084 -0.8555149 0.4192041 -0.3128635 -0.8522819 0.3862245 -0.3527672 -0.8522829 0.386158 -0.3527106 -0.8523365 0.3496381 -0.3889586 -0.8523288 0.3496609 -0.3890093 -0.8522964 0.3097469 -0.4214892 -0.8522933 0.3096912 -0.4214085 -0.8523535 0.2667711 -0.4498024 -0.8523563 0.2668239 -0.4499228 -0.8522762 0.2219649 -0.4735733 -0.8523262 0.1531212 -0.3292667 -0.9317389 0.2202134 -0.1644891 -0.961483 0.2662438 -0.1989315 -0.9431545 0.158759 -0.1186272 -0.980165 0.1875624 -0.1394931 -0.9722973 0.1726145 -0.1576352 -0.9722939 0.172613 -0.1576675 -0.9722889 0.1563387 -0.1738649 -0.9722805 0.1562492 -0.1738393 -0.9722995 0.1384403 -0.1883533 -0.9722949 0.1384332 -0.1883608 -0.9722945 0.1192556 -0.2010528 -0.9722942 0.1192246 -0.2010543 -0.9722976 0.3071061 -0.2289164 -0.9237332 0.2828396 -0.2583267 -0.9237257 0.2827613 -0.2582804 -0.9237626 0.2560317 -0.2848209 -0.9237559 0.2560331 -0.2848502 -0.9237464 0.226832 -0.308633 -0.9237385 0.2268309 -0.3087053 -0.9237148 0.1954361 -0.3294957 -0.9237086 0.1953444 -0.3294093 -0.9237588 0.1620458 -0.3470252 -0.9237504 0.0989108 -0.2118119 -0.9722924 0.1235727 -0.2687342 -0.9552548 0.09019529 -0.1928343 -0.9770771 0.04848581 -0.0362147 -0.9981672 0.03327035 -0.07120597 -0.9969066 0.04009991 -0.06759643 -0.9969066 0.04007363 -0.06759238 -0.996908 0.0465393 -0.06332451 -0.9969073 0.04651826 -0.06332969 -0.996908 0.05255997 -0.05844748 -0.9969059 0.05249524 -0.0584467 -0.9969094 0.0580675 -0.05300104 -0.9969048 0.05798029 -0.05299848 -0.99691 0.06319338 -0.04674357 -0.9969061 0.1111567 -0.08305257 -0.9903265 0.3678148 -0.9269731 -0.07371175 0.367576 -0.9272433 -0.07146859 0.2680085 -0.7441557 -0.6118855 0.2695397 -0.754126 -0.5988676 0.303216 -0.8171043 -0.4903067 0.3038807 -0.8235582 -0.4789661 0.3320491 -0.8727548 -0.3578305 0.3320491 -0.8727548 -0.3578305 0.3319862 -0.8762294 -0.3492954 0.3536663 -0.909563 -0.2182095 0.353733 -0.9092192 -0.2195302 0.3609436 -0.9204953 -0.1496936 0.08055728 -0.3136715 -0.9461082 0.09148687 -0.354005 -0.9307582 0.1318407 -0.4380152 -0.8892473 0.1368813 -0.4611725 -0.8766889 0.1813458 -0.5525445 -0.813516 0.1851885 -0.5711144 -0.7997084 0.2270841 -0.6553568 -0.7203752 0.2249124 -0.6437497 -0.7314375 0.2409033 -0.6915196 -0.6810039 -0.02885764 -0.04926836 -0.9983687 -0.02050286 -0.08531737 -0.9961429 0.02556008 -0.1835263 -0.9826825 0.03303331 -0.2159135 -0.9758536 0.06834578 -0.2908245 -0.9543322 0.3428239 -0.9367049 -0.07110452 0.3422963 -0.9364148 -0.07720464 0.3113732 -0.9259349 -0.2137558 0.309868 -0.923808 -0.2248571 0.2731989 -0.8952379 -0.3520106 0.2733021 -0.8953269 -0.3517039 0.2703354 -0.8900305 -0.3671033 0.2293423 -0.8455072 -0.4822029 0.2247213 -0.8359752 -0.5006454 0.1805247 -0.7776902 -0.6021701 0.1739677 -0.76271 -0.6229034 0.1279245 -0.6933667 -0.7091389 0.1193968 -0.67228 -0.7306054 0.07265847 -0.5943201 -0.8009397 0.06216365 -0.5666441 -0.8216145 0.0158019 -0.4827192 -0.8756327 0.003467023 -0.4480082 -0.8940228 -0.04134726 -0.3609091 -0.9316841 -0.05515688 -0.3193529 -0.9460294 -0.09759908 -0.2315127 -0.9679238 -0.1125103 -0.1836015 -0.9765409 0.3128808 -0.9472811 -0.06902378 0.3109485 -0.9472527 -0.07761079 0.2589329 -0.9426262 -0.2107359 0.2556018 -0.9407895 -0.2226721 0.1990642 -0.9163676 -0.3473383 0.1939998 -0.9115337 -0.3625888 0.1347787 -0.869226 -0.4756899 0.1278586 -0.860277 -0.4935339 0.06731438 -0.8020927 -0.5933938 0.05866503 -0.7882979 -0.6124908 -0.001503288 -0.7169114 -0.6971628 -0.01172161 -0.6975657 -0.716425 -0.07024163 -0.6155448 -0.7849655 -0.0818296 -0.5900279 -0.8032254 -0.1374642 -0.5000474 -0.8550183 -0.1499328 -0.4683831 -0.8707109 -0.201475 -0.37333 -0.9055564 -0.2143321 -0.3355414 -0.9173188 -0.2609056 -0.2383415 -0.9354794 -0.2734795 -0.1949536 -0.9419141 -0.3326319 -0.05159461 -0.9416444 -0.3745626 0.02705377 -0.9268069 -0.2571746 -0.07665085 -0.9633203 -0.1742064 -0.04612356 -0.9836284 -0.2371683 0.06077533 -0.9695656 -0.09595865 -0.07515865 -0.9925438 -0.09595865 -0.07515859 -0.9925438 -0.0959587 -0.07515865 -0.9925438 0.2843583 -0.9564915 -0.06530231 0.2806493 -0.9568906 -0.07481014 0.2078636 -0.9573717 -0.20058 0.2023001 -0.9558457 -0.2131519 0.1262153 -0.9350634 -0.3312494 0.1188521 -0.9306146 -0.3461659 0.04166883 -0.8902025 -0.4536556 0.03259563 -0.8819859 -0.4701476 -0.04388904 -0.8239117 -0.5650163 -0.05432003 -0.8112522 -0.5821678 -0.1282429 -0.7379542 -0.6625537 -0.1399933 -0.7199537 -0.6797563 -0.2094569 -0.6342884 -0.7441815 -0.2217606 -0.6110001 -0.759935 -0.2857115 -0.51545 -0.8078864 -0.2980879 -0.4865888 -0.8212034 -0.3550636 -0.3843183 -0.8521909 -0.3667886 -0.3502812 -0.8618407 -0.4158574 -0.244284 -0.8760069 -0.4263439 -0.2050206 -0.8810207 0.2577832 -0.9643808 -0.05930781 0.252132 -0.9652312 -0.06897938 0.1589761 -0.9700402 -0.1837086 0.1514158 -0.968904 -0.1956995 0.05615025 -0.9511433 -0.3036013 0.04694741 -0.9472646 -0.3169952 -0.04790329 -0.9082945 -0.4155796 -0.05864495 -0.900927 -0.4299899 -0.1506192 -0.842706 -0.5168758 -0.1625805 -0.8311393 -0.5317661 -0.2497323 -0.7558202 -0.6052848 -0.2621486 -0.739851 -0.6195956 -0.3422231 -0.650343 -0.6781869 -0.354727 -0.6294927 -0.6913087 -0.4262814 -0.5284739 -0.7341659 -0.4381495 -0.5028113 -0.7451214 -0.4995382 -0.3936282 -0.7716984 -0.5100876 -0.3633926 -0.7795875 -0.5603995 -0.2487849 -0.7899738 -0.5688582 -0.2144238 -0.7939917 -0.6173252 -0.0614646 -0.7843034 -0.6389262 -0.004573285 -0.7692546 -0.5523391 -0.07976037 -0.8297951 -0.4807326 -0.05662441 -0.8750371 -0.5115922 0.01035666 -0.859166 -0.4100039 -0.07824301 -0.9087216 0.2340791 -0.9708378 -0.05177688 0.2273423 -0.9719596 -0.06008458 0.1149287 -0.9802482 -0.1609502 0.1066204 -0.9795603 -0.1705687 -0.006977677 -0.9640372 -0.265676 -0.01664197 -0.9609252 -0.2763077 -0.1286578 -0.9226962 -0.3634268 -0.1394709 -0.9165967 -0.3746977 -0.2469207 -0.8573645 -0.4516155 -0.258385 -0.8478805 -0.4629644 -0.3586621 -0.7698243 -0.527951 -0.3703049 -0.7566657 -0.538824 -0.4609186 -0.6624658 -0.5905026 -0.4722017 -0.6454557 -0.6003437 -0.5513572 -0.537897 -0.6377085 -0.5614959 -0.51723 -0.6459069 -0.627364 -0.399693 -0.6683263 -0.6358734 -0.3752564 -0.6744239 -0.6872553 -0.25097 -0.6816849 -0.6933483 -0.2235599 -0.6850469 -0.8795691 -0.08205187 -0.4686423 -0.8365215 -0.07045519 -0.5433857 -0.7999163 -0.2303179 -0.5541549 -0.7948933 -0.2534229 -0.5512909 -0.7439491 -0.3843332 -0.5466514 -0.7364762 -0.4047857 -0.5419884 -0.6679635 -0.5279669 -0.5244767 -0.6585259 -0.5456568 -0.5182685 -0.5738022 -0.6576341 -0.4881274 -0.5631498 -0.6720686 -0.4808181 -0.4640864 -0.769567 -0.4386235 -0.4527658 -0.7807885 -0.4305492 -0.3416085 -0.8608258 -0.3772036 -0.3301952 -0.8689052 -0.3687478 -0.2097981 -0.9287784 -0.3055412 -0.1987009 -0.9339659 -0.2970282 -0.07187318 -0.9716188 -0.225369 -0.0617119 -0.9741578 -0.2172747 0.06785392 -0.9879363 -0.1392044 0.0768848 -0.9883069 -0.1316752 0.2060006 -0.9773198 -0.04908865 0.2137759 -0.9759662 -0.0423094 -0.8471055 -0.02388757 -0.5308878 -0.7891271 -0.08202117 -0.608729 -0.7357583 -0.06674206 -0.6739476 -0.7482036 -0.02701979 -0.6629188 -0.681079 -0.08077245 -0.7277411 -0.914934 -0.07574743 -0.3964316 -0.9155136 -0.06010764 -0.3977714 -0.8817197 -0.2372498 -0.4077781 -0.8785331 -0.2524948 -0.4054947 -0.8267862 -0.3928056 -0.4026517 -0.8217161 -0.4063689 -0.3995589 -0.7492865 -0.5376787 -0.3866155 -0.7427967 -0.5492848 -0.3828046 -0.6513322 -0.6679377 -0.3600356 -0.6436737 -0.677621 -0.3556881 -0.5355058 -0.7800529 -0.3236529 -0.5271874 -0.7876467 -0.3188826 -0.4045721 -0.8711456 -0.2782568 -0.3961881 -0.8765074 -0.2734407 -0.2628249 -0.9381459 -0.2254005 -0.2544696 -0.9416015 -0.2205262 -0.1134997 -0.9795407 -0.166187 -0.1054323 -0.9812412 -0.161399 0.03921562 -0.9939789 -0.1023143 0.04624909 -0.9941089 -0.09802347 0.1906708 -0.9810009 -0.0358054 0.1969265 -0.9799034 -0.03177076 -0.944512 -0.0814591 -0.3182165 -0.945047 -0.08352297 -0.3160857 -0.9143683 -0.2444891 -0.3227315 -0.9146093 -0.2462359 -0.3207148 -0.8591235 -0.4004737 -0.3186342 -0.8591098 -0.4021685 -0.3165295 -0.7802633 -0.5457161 -0.3055866 -0.7800257 -0.547089 -0.3037328 -0.6799849 -0.6758024 -0.2844498 -0.6796404 -0.6769489 -0.2825407 -0.561034 -0.7874343 -0.2553198 -0.5605828 -0.7882619 -0.2537523 -0.426576 -0.8774439 -0.2193745 -0.4259651 -0.8781837 -0.2175945 -0.2807006 -0.9432759 -0.1773069 -0.2800528 -0.94378 -0.1756411 -0.1267661 -0.9833569 -0.1301529 -0.1262345 -0.9835669 -0.1290776 0.03047901 -0.9963327 -0.0799517 0.03111803 -0.9964309 -0.07846653 0.1869279 -0.9819979 -0.02716934 0.1873698 -0.9819415 -0.02614277 -0.969222 -0.07948392 -0.2330045 -0.968709 -0.08860009 -0.2318467 -0.940801 -0.2426768 -0.2366468 -0.9389225 -0.251204 -0.2352046 -0.8865553 -0.3991843 -0.2338197 -0.8835921 -0.4066554 -0.2321556 -0.8079181 -0.5448146 -0.2246006 -0.804015 -0.5513203 -0.2227239 -0.7071646 -0.6753852 -0.2092205 -0.7025571 -0.6808052 -0.2071664 -0.5867544 -0.7876241 -0.1880632 -0.5817455 -0.791828 -0.1859592 -0.450035 -0.8782485 -0.1617038 -0.444786 -0.8813016 -0.1596025 -0.3008342 -0.9446527 -0.1308819 -0.2956879 -0.9465544 -0.1288544 -0.1430519 -0.9850037 -0.09645736 -0.1379972 -0.9859206 -0.09443205 0.01884257 -0.9980648 -0.05925941 0.02336353 -0.9980742 -0.05746513 0.1802475 -0.9834083 -0.02046775 0.1842696 -0.9826952 -0.01883798 -0.9934278 -0.08304971 -0.07876449 -0.9932194 -0.08594018 -0.07829135 -0.965865 -0.2463755 -0.08002495 -0.9651705 -0.2492435 -0.079521 -0.9117637 -0.4030296 -0.07908344 -0.9106486 -0.40565 -0.07853138 -0.8325811 -0.5486731 -0.07593804 -0.8310893 -0.5510063 -0.07538503 -0.7304053 -0.6793457 -0.07069307 -0.7287513 -0.6811729 -0.07017976 -0.6079509 -0.7914276 -0.06354749 -0.6061914 -0.7928158 -0.06304812 -0.4686615 -0.8816865 -0.05463844 -0.4667528 -0.8827291 -0.05414092 -0.3162518 -0.9476446 -0.04421031 -0.3143877 -0.9482868 -0.04373246 -0.1547854 -0.9874122 -0.03253716 -0.1530594 -0.9876951 -0.03211218 0.01093953 -0.9997404 -0.01998579 0.01266711 -0.9997285 -0.01956152 0.1764105 -0.9842929 -0.006853759 0.1780643 -0.9839978 -0.006449282 0.1764162 -0.9843158 0 0.1764162 -0.9843158 0 0.01094168 -0.9999402 0 0.0109418 -0.9999402 0 -0.1548675 -0.9879353 0 -0.1548694 -0.987935 0 -0.316558 -0.9485732 0 -0.3165618 -0.948572 0 -0.4693648 -0.8830044 0 -0.4693699 -0.8830017 0 -0.6091786 -0.7930331 0 -0.6091786 -0.7930332 0 -0.7322335 -0.6810536 0 -0.7322397 -0.681047 0 -0.834994 -0.5502591 0 -0.8349885 -0.5502676 0 -0.9146255 -0.4043022 0 -0.9146346 -0.4042817 0 -0.9689682 -0.2471853 0 -0.9965234 -0.0833131 0 -0.9965234 -0.0833131 0 -0.9969021 -0.07865411 0 -0.996902 -0.07865405 0 -0.9723848 -0.2333836 0 -0.9723848 -0.2333836 0 -0.923866 -0.3827162 0 -0.8527401 -0.5223355 0 -0.8527054 -0.5223922 0 -0.7603439 -0.6495207 0 -0.7603057 -0.6495656 0 -0.6494818 -0.7603773 0 -0.6494818 -0.7603772 0 -0.5225047 -0.8526364 0 -0.3827371 -0.9238573 0 -0.3827645 -0.923846 0 -0.2333733 -0.9723873 0 -0.233338 -0.9723958 0 -0.07852214 -0.9969124 0 -0.07851606 -0.9969128 0 0.08584362 0.9963087 0 0.08583986 0.996309 0 0.2550175 0.9669365 0 0.4167671 0.9090133 0 0.5659677 0.8244276 0 0.5659884 0.8244133 0 0.6988345 0.7152834 0 0.6988567 0.7152618 0 0.8108467 0.5852586 0 0.8989857 0.4379782 0 0.8990032 0.4379423 0 0.8944724 -0.4471232 0 0.8057457 -0.5922617 0 0.6936416 -0.7203204 0 0.6936416 -0.7203204 0 0.5615351 -0.827453 0 0.5615559 -0.8274388 0 0.4130746 -0.9106972 0 0.4130914 -0.9106895 0 0.2527583 -0.9675295 0 0.2527472 -0.9675323 0 0.08510118 -0.9963724 0 0.08510118 -0.9963724 0 -0.9969028 0.07864362 0 -0.9969029 0.07864362 0 -0.9723848 0.2333836 0 -0.9723848 0.2333836 0 -0.923866 0.3827162 0 -0.8527401 0.5223356 0 -0.8527054 0.5223921 0 -0.760344 0.6495207 0 -0.7603056 0.6495656 0 -0.6494045 0.7604432 0 -0.6494044 0.7604432 0 -0.5225931 0.8525822 0 -0.5225931 0.8525823 0 -0.3826438 0.9238961 0 -0.3826712 0.9238846 0 -0.2334882 0.9723597 0 -0.2334529 0.9723681 0 -0.07838922 0.9969229 0 -0.07838314 0.9969234 0 0.2192908 0.08205133 -0.9722033 0.07872051 0.002623021 -0.9968933 0.07811939 -0.009974956 -0.9968941 0.07376456 0.02760094 -0.9968937 0.06838983 0.03908437 -0.9968928 0.203288 0.1162173 -0.9721972 0.2032757 0.1162279 -0.9721987 0.3331968 0.1904709 -0.923418 0.0611307 0.04967582 -0.9968929 0.2296955 0.04571443 -0.9721884 0.2341135 0.007781863 -0.9721781 0.2339642 0.00815159 -0.9722111 0.2322377 -0.02959442 -0.9722087 0.2322615 -0.02973622 -0.9721988 0.18171 0.1476275 -0.9722076 0.181851 0.1474975 -0.972201 0.2980148 0.2417001 -0.9234545 0.2981572 0.2416969 -0.9234094 0.4068883 0.3298487 -0.8518461 0.05243277 0.05878442 -0.9968928 0.3593631 0.1344922 -0.9234555 0.3763034 0.07488483 -0.9234652 0.376365 0.07475864 -0.9234504 0.3834955 0.01336961 -0.9234461 0.3835138 0.01329404 -0.9234395 0.3806228 -0.04870563 -0.9234469 0.380658 -0.04878515 -0.9234281 0.1558735 0.1748194 -0.972184 0.1557673 0.1748096 -0.9722028 0.2552773 0.2864781 -0.9234521 0.2552852 0.2864959 -0.9234444 0.3484568 0.3910526 -0.8518543 0.3483729 0.3910563 -0.8518869 0.4328181 0.485835 -0.7593635 0.04222685 0.06646966 -0.9968945 0.4546537 0.2600073 -0.8518721 0.4905006 0.183514 -0.8518989 0.4905501 0.1834671 -0.8518806 0.5137072 0.1020347 -0.8518767 0.5137225 0.1020127 -0.8518702 0.5234041 0.0178554 -0.8518975 0.5233968 0.01771193 -0.8519051 0.5233967 0.01771193 -0.8519051 0.5233912 0.01815551 -0.8518991 0.519465 -0.06654059 -0.8518971 0.5194138 -0.06652736 -0.8519292 0.1255291 0.1976275 -0.9722067 0.125583 0.1976031 -0.9722048 0.2058426 0.3238965 -0.9234284 0.2057006 0.3239334 -0.923447 0.2807406 0.4420907 -0.8519041 0.2808843 0.4420328 -0.8518868 0.3489449 0.5491936 -0.7593576 0.3489859 0.549171 -0.7593551 0.4084212 0.6427528 -0.6481211 0.0310505 0.07241725 -0.996891 0.5054438 0.4098283 -0.7593203 0.5649121 0.3230644 -0.7592784 0.5646676 0.3231586 -0.7594202 0.6093637 0.2279811 -0.759408 0.6094346 0.2277954 -0.7594068 0.6383129 0.1263719 -0.7593331 0.6383129 0.1263719 -0.7593331 0.638313 0.1263719 -0.7593331 0.6381903 0.1267876 -0.759367 0.6502475 0.0226345 -0.7593852 0.6503988 0.02234303 -0.7592643 0.6455179 -0.08274239 -0.7592499 0.6454463 -0.082511 -0.759336 0.09231925 0.215263 -0.9721827 0.09210777 0.2152713 -0.9722009 0.1509657 0.3528505 -0.9234209 0.1510294 0.3528361 -0.9234158 0.2060879 0.4814442 -0.8519033 0.2060397 0.4814673 -0.851902 0.256004 0.5982302 -0.7593304 0.2559211 0.5981981 -0.7593836 0.2995122 0.7000839 -0.648209 0.299596 0.7001311 -0.6481195 0.3357082 0.7845356 -0.5213482 0.01888394 0.07646143 -0.9968937 0.5064836 0.5685696 -0.6482307 0.5914224 0.4795714 -0.6482522 0.591438 0.4795978 -0.6482184 0.6608929 0.3782024 -0.6482157 0.6608942 0.3782533 -0.6481847 0.7132582 0.2666302 -0.6482062 0.7132812 0.2666706 -0.6481642 0.7468984 0.1484004 -0.6481668 0.7469109 0.1483461 -0.6481648 0.7610837 0.02611184 -0.6481279 0.7609665 0.02635204 -0.6482558 0.7552723 -0.09651672 -0.6482656 0.7553474 -0.0967136 -0.6481488 0.05613476 0.2273232 -0.9722002 0.05619806 0.2273241 -0.9721963 0.09208434 0.3724946 -0.9234545 0.09219056 0.3725008 -0.9234415 0.125822 0.5084329 -0.8518598 0.1257769 0.5084056 -0.8518826 0.1562762 0.6316592 -0.7593316 0.1562592 0.6316676 -0.7593281 0.1828688 0.7391665 -0.6482221 0.182842 0.7391944 -0.6481979 0.2049096 0.8284002 -0.5213112 0.2049086 0.8283861 -0.5213338 0.222449 0.8972356 -0.3814249 0.2223628 0.8972392 -0.3814667 0.222449 0.8972356 -0.3814249 0.006354033 0.07852834 -0.9968916 0.4576388 0.7203414 -0.5212246 0.567646 0.6372402 -0.5212514 0.5676308 0.6372699 -0.5212317 0.662905 0.5374981 -0.5212032 0.6627716 0.537538 -0.5213316 0.7406245 0.4238973 -0.5213314 0.740827 0.4237058 -0.5211995 0.7994016 0.2988506 -0.5211961 0.7993541 0.2989019 -0.5212397 0.8371295 0.1656438 -0.5213217 0.8371522 0.1654549 -0.5213453 0.8371523 0.1654548 -0.5213452 0.8370403 0.1662092 -0.5212851 0.8528729 0.02950972 -0.5212841 0.8528742 0.02954107 -0.52128 0.8464667 -0.1084033 -0.5212897 0.8464824 -0.1083751 -0.5212702 0.01888632 0.2334748 -0.9721794 0.0189414 0.2333507 -0.9722082 0.0310415 0.3824406 -0.9234585 0.03096866 0.3825035 -0.923435 0.04226428 0.521988 -0.8519051 0.04235053 0.5220124 -0.8518859 0.05261123 0.6485536 -0.7593487 0.05263924 0.6485668 -0.7593354 0.06160461 0.7590298 -0.6481348 0.06152659 0.759005 -0.6481713 0.0689513 0.8505474 -0.5213588 0.06898689 0.850577 -0.5213059 0.07472836 0.9213148 -0.3815687 0.07458674 0.9212755 -0.3816913 0.07847696 0.9693651 -0.2327504 0.3636202 0.8497397 -0.3817368 0.495662 0.780116 -0.3817567 0.4957481 0.7801111 -0.3816552 0.6147902 0.6901955 -0.3816584 0.6147643 0.6901968 -0.3816979 0.7178577 0.5822497 -0.3816618 0.7180011 0.5821518 -0.3815412 0.80239 0.4589314 -0.3815134 0.8023355 0.4589798 -0.3815698 0.8657649 0.323791 -0.3815898 0.8656893 0.3238357 -0.3817229 0.9065564 0.1801415 -0.381713 0.9065391 0.1801136 -0.3817669 0.9238803 0.03198379 -0.3813428 0.9238804 0.03198379 -0.3813428 0.9238803 0.03198379 -0.3813428 0.9237929 0.03178191 -0.3815713 0.9168505 -0.1174052 -0.3815774 0.9168331 -0.1173393 -0.3816395 0.2336972 0.9440711 -0.2326272 0.3826481 0.8941388 -0.232586 0.3825267 0.8941666 -0.2326793 0.5216278 0.8208249 -0.2327042 0.5215036 0.8208702 -0.2328221 0.6468219 0.7262305 -0.2328321 0.6469364 0.7261556 -0.2327473 0.755417 0.6125072 -0.2327662 0.7554023 0.6125198 -0.2327809 0.8441781 0.4828689 -0.232811 0.844105 0.4829663 -0.2328743 0.9108363 0.3408117 -0.2328616 0.9109911 0.340566 -0.2326154 0.9539243 0.1895273 -0.2326112 0.9539379 0.1895179 -0.2325633 0.9720098 0.03339427 -0.2325545 0.9719165 0.03378933 -0.2328876 0.9646344 -0.1234678 -0.2328867 0.9646598 -0.1235841 -0.2327203 0.08045631 0.9936898 -0.07814955 0.2395591 0.9677333 -0.07812714 0.2394768 0.9677451 -0.07823187 0.3921098 0.9165859 -0.07823258 0.392214 0.9165494 -0.07813817 0.534601 0.8414857 -0.07812625 0.5345175 0.841531 -0.07820928 0.6631557 0.7443874 -0.07817912 0.6632351 0.7443246 -0.07810288 0.7743884 0.627872 -0.07809823 0.7743815 0.6278855 -0.07806003 0.8654769 0.4948453 -0.07796168 0.8654769 0.4948453 -0.07796168 0.8653113 0.4951189 -0.07806336 0.8653011 0.4951261 -0.07812875 0.9338126 0.3491251 -0.07813984 0.9337762 0.3492003 -0.07823938 0.9778363 0.1942146 -0.07821154 0.9778184 0.1942883 -0.07825237 0.9963331 0.03458678 -0.0782572 0.9963673 0.03431427 -0.07794088 0.9888707 -0.1267336 -0.07793241 0.9888898 -0.1263591 -0.07829731 0.08046668 0.9936919 -0.07811355 0.0784983 0.9693588 -0.2327695 0.2335814 0.9440688 -0.2327532 0.2220013 0.8972538 -0.3816425 0.3637165 0.8497283 -0.3816701 0.3358271 0.7845268 -0.5212849 0.4576046 0.7203313 -0.5212686 0.408311 0.6427126 -0.6482304 0.5064591 0.5686058 -0.6482181 0.4327758 0.4858995 -0.7593463 0.5053091 0.4098979 -0.7593724 0.4066496 0.3298471 -0.8519607 0.4544246 0.2601404 -0.8519538 0.3330278 0.1906213 -0.9234479 0.3594515 0.1342868 -0.923451 0.2193775 0.0820232 -0.9721862 0.2296234 0.0457794 -0.9722024 0.07724261 0.01541054 -0.9968933 0.955577 -0.2841661 -0.07824629 0.9556173 -0.2840132 -0.07830739 0.9322274 -0.2771098 -0.232728 0.9322189 -0.2771526 -0.2327112 0.8859792 -0.2633876 -0.3816647 0.8859879 -0.2633662 -0.3816592 0.8179903 -0.243211 -0.5212872 0.8180116 -0.2431961 -0.5212609 0.7299087 -0.2170148 -0.6481805 0.7299029 -0.2170687 -0.648169 0.6237323 -0.1854827 -0.7593116 0.6236874 -0.1853789 -0.759374 0.5020002 -0.1491593 -0.8519082 0.5019603 -0.149211 -0.8519226 0.3678688 -0.1093325 -0.9234278 0.3678988 -0.1093658 -0.923412 0.2244454 -0.06672495 -0.9721996 0.2243562 -0.06674808 -0.9722187 0.07551282 -0.02244269 -0.9968922 0.8973798 -0.4342398 -0.07839339 0.8973409 -0.434345 -0.07825434 0.8754146 -0.4237424 -0.2325764 0.8754413 -0.4235966 -0.2327417 0.8320038 -0.4025902 -0.3816949 0.8320055 -0.4026266 -0.3816525 0.7682105 -0.3717473 -0.521207 0.7681857 -0.3716531 -0.5213106 0.6854335 -0.3316342 -0.6482281 0.685431 -0.3317453 -0.648174 0.5857439 -0.2835031 -0.7592958 0.5857068 -0.2834793 -0.7593333 0.4713478 -0.2281392 -0.8519295 0.4713788 -0.2283105 -0.8518665 0.3454383 -0.1672263 -0.9234219 0.3453677 -0.1672015 -0.9234527 0.2107384 -0.1020367 -0.9722025 0.2107453 -0.1020699 -0.9721976 0.07086396 -0.03434133 -0.9968947 0 0.9969226 -0.07839256 0 0.9969226 -0.07839262 0 0.9723592 -0.2334901 0 0.9723593 -0.23349 0 0.9239082 -0.3826144 0 0.9238929 -0.3826513 0 0.8525865 -0.5225861 0 0.8526057 -0.5225549 0 0.7604559 -0.6493898 0 0.760456 -0.6493896 0 0.6494692 -0.760388 0 0.6494478 -0.7604062 0 0.5224556 -0.8526665 0 0.5224745 -0.8526549 0 0.382659 -0.9238896 0 0.3826892 -0.9238772 0 0.233428 -0.9723741 0 0.2334281 -0.9723741 0 0.07851874 -0.9969127 0.9012574 -0.4261484 -0.07831156 0.9169033 -0.3913279 -0.07842701 0.9023249 -0.3993654 0.1622251 0.8892325 -0.3935684 -0.2331731 0.8891683 -0.3935325 -0.2334781 0.8448938 -0.3739334 -0.3825287 0.8449707 -0.3739775 -0.382316 0.7798513 -0.3451569 -0.5222055 0.7797431 -0.3451 -0.5224047 0.6955185 -0.3078221 -0.6492301 0.6956728 -0.3079013 -0.6490272 0.5941345 -0.2629611 -0.7601682 0.5941354 -0.2629609 -0.7601677 0.4780526 -0.2115835 -0.852466 0.4779902 -0.2115519 -0.8525088 0.3501232 -0.1549598 -0.9237973 0.3501865 -0.1549903 -0.9237681 0.2136147 -0.09454464 -0.9723323 0.2135959 -0.09453576 -0.9723374 0.07186108 -0.03180497 -0.9969075 0.07185816 -0.0318036 -0.9969077 0.8780918 -0.4720497 -0.07825535 0.8780756 -0.4720298 -0.07855695 0.8564547 -0.4604051 -0.2334793 0.8565177 -0.460453 -0.2331535 0.8138748 -0.4375297 -0.3823294 0.8138049 -0.4374822 -0.3825324 0.7510553 -0.4037488 -0.5224012 0.7511612 -0.4038162 -0.522197 0.6700767 -0.3602271 -0.6490251 0.6699594 -0.3601546 -0.6491866 0.5722776 -0.3076438 -0.7601669 0.5723114 -0.3076635 -0.7601335 0.4603999 -0.2475038 -0.8525103 0.4604036 -0.2475031 -0.8525086 0.3373013 -0.1813268 -0.9237686 0.3372894 -0.1813207 -0.9237742 0.205734 -0.1105985 -0.9723382 0.2057296 -0.1105958 -0.9723394 0.06921309 -0.03720736 -0.9969078 0.06921219 -0.03720688 -0.9969079 -0.9938552 0.07810866 -0.07842725 -0.1223876 0.1995251 -0.9722197 -0.006165504 0.07854259 -0.9968917 -0.04118049 0.0671463 -0.996893 -0.05112093 0.05988568 -0.9968954 -0.1519531 0.1780858 -0.9722118 -0.1520318 0.1780562 -0.9722049 -0.2492344 0.2918393 -0.9234242 -0.05992573 0.05117434 -0.9968903 -0.08960515 0.216324 -0.9722011 -0.05470699 0.2275826 -0.9722209 -0.054663 0.2276629 -0.9722045 -0.01832801 0.233416 -0.9722043 -0.01835322 0.233374 -0.9722139 -0.1781077 0.1519691 -0.9722052 -0.1780074 0.1519938 -0.9722198 -0.2917338 0.2492366 -0.9234569 -0.2917479 0.2492048 -0.923461 -0.39814 0.3400812 -0.8519561 -0.06716006 0.0410822 -0.996896 -0.2005404 0.3271257 -0.9234567 -0.1468407 0.3544394 -0.9234774 -0.1468067 0.3545093 -0.9234561 -0.08958792 0.3730919 -0.923459 -0.08952295 0.3731234 -0.9234526 -0.03008145 0.3825487 -0.9234455 -0.03016978 0.3824498 -0.9234836 -0.1996743 0.1223924 -0.9721885 -0.199622 0.1222036 -0.9722229 -0.3272305 0.2003793 -0.9234546 -0.3271979 0.2004597 -0.9234487 -0.4465647 0.2734894 -0.8519293 -0.4465137 0.2736335 -0.8519098 -0.5545809 0.3404162 -0.7593135 -0.554581 0.3404161 -0.7593135 -0.5545809 0.3404161 -0.7593135 -0.07279288 0.03018242 -0.9968903 -0.3400545 0.3980671 -0.852001 -0.2736768 0.4465004 -0.8519029 -0.2736623 0.4463834 -0.8519689 -0.2003499 0.4838036 -0.8519355 -0.2003367 0.4838384 -0.8519188 -0.1221792 0.509207 -0.8519276 -0.1222488 0.5091385 -0.8519586 -0.04117059 0.5220108 -0.8519448 -0.04111355 0.5220134 -0.8519458 -0.2162139 0.08960258 -0.9722259 -0.2162445 0.08960598 -0.9722186 -0.3545213 0.1467875 -0.9234544 -0.354469 0.1468942 -0.9234575 -0.4837606 0.2003743 -0.8519541 -0.4837655 0.2005393 -0.8519125 -0.6010867 0.249038 -0.7593911 -0.6010783 0.2490354 -0.7593988 -0.70347 0.2914694 -0.6482095 -0.07657635 0.01841384 -0.9968938 -0.4947671 0.4224998 -0.7594075 -0.4225141 0.4947307 -0.7594232 -0.4225546 0.4946653 -0.7594432 -0.339973 0.554706 -0.7594205 -0.3398743 0.554782 -0.7594093 -0.2489274 0.6011824 -0.7593517 -0.2489898 0.6011248 -0.7593768 -0.15192 0.6325686 -0.7594586 -0.1518903 0.6326615 -0.7593872 -0.0510779 0.6486905 -0.7593363 -0.05113267 0.6485834 -0.7594242 -0.2276211 0.05477052 -0.9722082 -0.2276402 0.05466789 -0.9722096 -0.3730624 0.08957093 -0.9234726 -0.3730861 0.08954143 -0.9234659 -0.5092325 0.1220943 -0.8519244 -0.5091778 0.1221828 -0.8519445 -0.6326451 0.1516393 -0.759451 -0.6326792 0.1519384 -0.7593628 -0.7403766 0.1777817 -0.6482563 -0.7404042 0.1777456 -0.6482347 -0.8297156 0.1992338 -0.5214195 -0.07853281 0.006176233 -0.9968925 -0.649227 0.3977912 -0.6482797 -0.578996 0.4944261 -0.6483104 -0.5789989 0.4945487 -0.6482145 -0.4945588 0.5789308 -0.6482676 -0.4945224 0.5790171 -0.6482182 -0.3977697 0.6492672 -0.6482526 -0.397788 0.6492276 -0.6482809 -0.291364 0.703502 -0.6482222 -0.2914775 0.7033469 -0.6483395 -0.1777456 0.7403144 -0.6483373 -0.1776275 0.7404265 -0.6482416 -0.05984169 0.7590156 -0.6483166 -0.05975127 0.7591305 -0.6481903 -0.2333761 0.01824295 -0.9722155 -0.2333614 0.0184136 -0.9722158 -0.3825332 0.03016161 -0.9234494 -0.3825507 0.03011131 -0.9234437 -0.5220642 0.04112923 -0.851914 -0.5220553 0.04107397 -0.851922 -0.648598 0.05101954 -0.7594193 -0.6485884 0.05102717 -0.7594271 -0.7589824 0.05965822 -0.6483724 -0.7590781 0.05982029 -0.6482455 -0.8507741 0.06708872 -0.5212317 -0.8506886 0.06690627 -0.5213949 -0.9214315 0.07244092 -0.3817281 -0.7883795 0.326468 -0.5214178 -0.727609 0.4457666 -0.5214186 -0.7276057 0.4458486 -0.5213531 -0.6488522 0.554242 -0.5213507 -0.6488422 0.5542552 -0.5213493 -0.5542442 0.6488216 -0.5213865 -0.5541852 0.6489765 -0.5212565 -0.4458516 0.7276687 -0.5212627 -0.4459155 0.7275447 -0.5213809 -0.3266664 0.7883115 -0.5213963 -0.326534 0.7884808 -0.5212231 -0.1990865 0.8298366 -0.521283 -0.1992076 0.8297569 -0.5213634 -0.06696945 0.8506724 -0.5214131 -0.06701487 0.8506896 -0.5213792 -0.8987587 0.2156792 -0.3817267 -0.853945 0.3536271 -0.3817408 -0.8539233 0.3537961 -0.3816325 -0.78811 0.4829511 -0.3816297 -0.7881043 0.4829828 -0.3816009 -0.7028139 0.6003727 -0.3815829 -0.7028796 0.6002545 -0.3816477 -0.6002658 0.7028557 -0.3816738 -0.6003666 0.7026949 -0.3818113 -0.4829953 0.7879996 -0.3818015 -0.4828345 0.7881757 -0.3816415 -0.3536609 0.8539788 -0.3816335 -0.3537435 0.8538997 -0.3817341 -0.2157831 0.8987282 -0.3817399 -0.215753 0.8987502 -0.3817051 -0.07258671 0.9214352 -0.3816915 -0.07248824 0.9214519 -0.3816698 -0.9695196 0.07615536 -0.2328779 -0.945656 0.2269317 -0.2328881 -0.9456598 0.2271595 -0.2326502 -0.8985216 0.3721886 -0.2326688 -0.8985213 0.3721326 -0.2327594 -0.8291841 0.5082158 -0.2327455 -0.8292447 0.5080807 -0.2328245 -0.7394989 0.6316196 -0.2328048 -0.7395086 0.6316326 -0.232739 -0.631736 0.7394158 -0.2327526 -0.6316222 0.7395617 -0.2325984 -0.5080484 0.8293316 -0.2325851 -0.5081766 0.8292027 -0.2327647 -0.3722261 0.8984808 -0.2327659 -0.3722201 0.8984917 -0.2327337 -0.2270406 0.9456591 -0.2327694 -0.2270206 0.9456697 -0.2327457 -0.07626366 0.9695414 -0.2327518 -0.07632118 0.9695273 -0.2327917 -0.9938668 0.07831251 -0.07807773 -0.9693548 0.2329316 -0.07806539 -0.9694095 0.2326303 -0.0782842 -0.9210782 0.3814322 -0.07825911 -0.9210325 0.3815616 -0.07816553 -0.8500404 0.5208822 -0.07818722 -0.8501148 0.5207393 -0.07832974 -0.7580488 0.6474764 -0.07833641 -0.7579666 0.6475853 -0.07823002 -0.6474661 0.7580665 -0.07824957 -0.6473946 0.7581338 -0.07818835 -0.5209066 0.8500247 -0.07819473 -0.5210166 0.8499468 -0.07830858 -0.3815459 0.9210304 -0.07826876 -0.3814953 0.9210546 -0.07823008 -0.2327484 0.969388 -0.07820045 -0.2327486 0.9693862 -0.07822018 -0.07823318 0.9938603 -0.07823973 -0.07814347 0.993876 -0.07812952 -0.01840472 0.076572 -0.9968942 -0.9695508 0.07632601 -0.2326921 -0.9214799 0.07252198 -0.381596 -0.8987872 0.2158116 -0.3815848 -0.8297425 0.1991931 -0.5213919 -0.7883577 0.3266103 -0.5213617 -0.7035204 0.2912811 -0.6482395 -0.6492387 0.3978921 -0.6482061 -0.5547518 0.3399487 -0.7593981 -0.4947679 0.4226131 -0.7593438 -0.3981573 0.3400682 -0.8519533 -0.3400593 0.3982086 -0.8519329 -0.2492064 0.2918151 -0.9234393 -0.200469 0.327148 -0.9234644 -0.1222933 0.1996554 -0.9722048 -0.0895549 0.2162562 -0.9722208 -0.03012156 0.0727601 -0.9968946 0.1315036 -0.1938455 -0.9721783 0.04424583 -0.0652213 -0.9968895 0.05464267 -0.05675739 -0.9968916 0.162445 -0.1687318 -0.9721838 0.1624787 -0.1687267 -0.9721791 0.2662667 -0.2765172 -0.9233853 0.06354635 -0.04664134 -0.9968884 0.1888303 -0.1384922 -0.972195 0.1887815 -0.1386876 -0.9721766 0.3093257 -0.2272966 -0.9233926 0.3093228 -0.227306 -0.9233913 0.4221185 -0.3101966 -0.8518181 0.07050091 -0.03525102 -0.9968888 0.2094721 -0.1047239 -0.9721906 0.2095327 -0.1047272 -0.9721772 0.3433788 -0.1716341 -0.9233812 0.343341 -0.1715895 -0.9234036 0.4686021 -0.2342087 -0.8517972 0.468614 -0.2341628 -0.8518033 0.5822049 -0.290867 -0.7592324 0.8917301 -0.4457674 -0.07816106 0.8917012 -0.4458279 -0.07814437 0.869987 -0.4347903 -0.2325513 0.8699214 -0.4349299 -0.2325354 0.8267892 -0.413322 -0.3815555 0.8267918 -0.4132906 -0.3815839 0.7634329 -0.3815992 -0.5211068 0.7634375 -0.3815984 -0.5211009 0.6812015 -0.3404698 -0.6481086 0.8033131 -0.5904001 -0.07820314 0.8032622 -0.5904754 -0.07815909 0.783591 -0.5760596 -0.2326812 0.7835423 -0.576184 -0.2325369 0.7447389 -0.5476641 -0.3813505 0.7448193 -0.5473957 -0.3815786 0.6877118 -0.5054119 -0.5211634 0.6876728 -0.5055578 -0.5210734 0.6136071 -0.4510331 -0.648117 0.6136057 -0.4510723 -0.6480908 0.5243829 -0.3854748 -0.759231 0.6915036 -0.718119 -0.0782808 0.6914609 -0.7181668 -0.07821947 0.6745734 -0.7006306 -0.2325246 0.6746614 -0.7004934 -0.2326822 0.6412134 -0.6658198 -0.3814831 0.6411935 -0.6659024 -0.3813725 0.5919449 -0.6147756 -0.5212027 0.5918945 -0.6148332 -0.521192 0.5282109 -0.5486713 -0.6480378 0.5282125 -0.5486119 -0.648087 0.4514621 -0.4688555 -0.7591814 0.4515038 -0.4686821 -0.7592638 0.3633899 -0.3772541 -0.8518375 0.5597993 -0.8249224 -0.0782808 0.5598419 -0.8248918 -0.07829773 0.5461636 -0.8047564 -0.232535 0.5461386 -0.8047799 -0.2325125 0.5190971 -0.7648561 -0.3814885 0.5191029 -0.7648441 -0.3815044 0.4792941 -0.7062252 -0.5210789 0.4793715 -0.7060746 -0.5212119 0.4277541 -0.6300539 -0.6481193 0.4277026 -0.6301624 -0.6480478 0.3654838 -0.5384593 -0.759265 0.3654037 -0.5386759 -0.7591499 0.2941013 -0.4335666 -0.8517772 0.2941871 -0.4333298 -0.8518682 0.2155842 -0.3175977 -0.9233933 0.411835 -0.9078954 -0.07821816 0.4119219 -0.907851 -0.07827496 0.4018588 -0.885638 -0.2327123 0.4017242 -0.8857436 -0.2325429 0.3818114 -0.8419005 -0.3813446 0.3819265 -0.841786 -0.3814819 0.3526079 -0.7771394 -0.5212696 0.3524417 -0.7773425 -0.5210794 0.3144986 -0.6936776 -0.6479985 0.3146109 -0.6935117 -0.6481216 0.2688664 -0.5926979 -0.7592234 0.2689074 -0.5926477 -0.759248 0.2164679 -0.4771056 -0.8517698 0.2162725 -0.477233 -0.8517482 0.2164874 -0.4769887 -0.8518304 0.1586302 -0.3495949 -0.9233742 0.1587594 -0.3494299 -0.9234145 0.09686261 -0.2132749 -0.9721788 0.05912071 -0.2266113 -0.9721894 0.05914467 -0.226626 -0.9721844 0.09694224 -0.3714098 -0.9233943 0.09701341 -0.3714037 -0.9233893 0.1323988 -0.5068771 -0.8517901 0.1323994 -0.5068682 -0.8517952 0.1644815 -0.6296938 -0.7592309 0.1644646 -0.6297155 -0.7592166 0.1924628 -0.7368997 -0.6480255 0.192539 -0.7368345 -0.6480769 0.2157481 -0.8256598 -0.5212856 0.2155947 -0.8257971 -0.5211316 0.2335224 -0.8944369 -0.3813791 0.2336615 -0.8943439 -0.3815123 0.2458309 -0.9409651 -0.2327055 0.2457944 -0.9409871 -0.2326553 0.251933 -0.9645839 -0.07815134 0.2519755 -0.9645677 -0.07821482 0.08484017 -0.993318 -0.07824027 0.08482193 -0.9933208 -0.07822471 0.08275026 -0.9690284 -0.2326724 0.0826894 -0.9690434 -0.2326314 0.07859861 -0.9210451 -0.3814421 0.07866066 -0.9210205 -0.3814892 0.07262623 -0.850389 -0.5211181 0.07266604 -0.850378 -0.5211305 0.06484478 -0.7587702 -0.6481227 0.06481689 -0.7588596 -0.6480208 0.05539351 -0.6484405 -0.7592474 0.0553261 -0.6485009 -0.7592007 0.04453217 -0.5219651 -0.8518036 0.0444768 -0.521987 -0.8517931 0.03259295 -0.3825261 -0.9233696 0.03270286 -0.3824715 -0.9233884 0.01995241 -0.233344 -0.9721896 0.0198906 -0.2333658 -0.9721856 0.006692528 -0.07852387 -0.9968898 0.01989185 -0.07626956 -0.9968888 0.6811875 -0.3404402 -0.6481389 0.5821764 -0.2909343 -0.7592286 0.5243648 -0.385536 -0.7592124 0.4220874 -0.3103225 -0.8517875 0.3633413 -0.3774294 -0.8517807 0.2662392 -0.2765348 -0.9233879 0.215488 -0.3177886 -0.9233501 0.1314734 -0.1938615 -0.9721794 0.09681463 -0.2132542 -0.9721881 0.03256875 -0.07174658 -0.9968911 -0.07852953 0 -0.9969118 -0.07852947 0 -0.9969118 -0.2334077 0 -0.972379 -0.2334078 0 -0.9723789 -0.3827053 0 -0.9238705 -0.3827052 0 -0.9238705 -0.5225394 0 -0.8526152 -0.5225393 0 -0.8526153 -0.6494389 0 -0.7604138 -0.6494387 0 -0.760414 -0.7603502 0 -0.6495134 -0.7603505 0 -0.649513 -0.8315712 0 -0.5554182 -0.8526933 3.46063e-4 -0.5224117 -0.8725049 0 -0.4886056 -0.9080419 0 -0.4188795 -0.9238604 3.47324e-4 -0.3827295 -0.938246 0 -0.345969 -0.9623736 0 -0.27173 -0.9723873 3.48157e-4 -0.2333729 -0.980875 0 -0.1946393 -0.9930535 0 -0.1176642 -0.9969009 3.41807e-4 -0.07866692 -0.999231 0 -0.03921169 -0.9992367 0 -0.03906798 -0.9992309 0 -0.03921169 0 -0.9992201 -0.03948801 2.01713e-4 -0.996913 -0.07851511 0 -0.9930413 -0.1177669 0 -0.9930413 -0.1177669 0 -0.9930413 -0.1177669 0 -0.9807853 -0.1950906 2.0309e-4 -0.9723555 -0.2335054 0 -0.9624414 -0.2714897 0 -0.9381745 -0.3461629 2.029e-4 -0.9239099 -0.3826103 0 -0.9082006 -0.4185352 0 -0.8725323 -0.4885566 2.04693e-4 -0.8526401 -0.5224987 0 -0.8314539 -0.5555939 0 -0.7604019 -0.6494529 0 -0.7604117 -0.6494414 0 -0.6494545 -0.7604005 0 -0.6494513 -0.7604032 0 -0.522468 -0.852659 0 -0.5224654 -0.8526605 0 -0.3827145 -0.9238668 0 -0.3827211 -0.923864 0 -0.2333983 -0.9723813 0 -0.2334071 -0.9723792 0 -0.07852953 -0.9969118 0 -0.07852774 -0.996912 0.8835391 0.4617303 -0.07851046 0.8835458 0.4617302 -0.07843619 0.8618141 0.4503733 -0.2333248 0.8618466 0.450386 -0.2331802 0.8189601 0.4279724 -0.3822878 0.8188519 0.4279292 -0.3825681 0.7558103 0.3949825 -0.5222448 0.7558372 0.3949952 -0.5221965 0.6741048 0.3522815 -0.6492154 0.6742031 0.3523263 -0.6490889 0.5758001 0.3009035 -0.7602048 0.5758256 0.3009139 -0.7601814 0.463336 0.2421311 -0.8524626 0.4632549 0.2420912 -0.852518 0.3393833 0.177358 -0.9237766 0.3393387 0.1773364 -0.9237971 0.2069973 0.1081756 -0.9723427 0.2070561 0.1082037 -0.972327 0.069651 0.03639829 -0.9969072 0.06964308 0.03639441 -0.9969079 0.9161182 0.3931612 -0.07843297 0.9161061 0.3931617 -0.07857185 0.8936166 0.3835084 -0.2331754 0.8935996 0.383506 -0.2332442 0.8490375 0.3643801 -0.3825739 0.849134 0.3644113 -0.3823296 0.7837041 0.3363333 -0.5221953 0.7836309 0.3363054 -0.5223231 0.699053 0.3000094 -0.6490913 0.6990929 0.3000234 -0.6490417 0.5970522 0.2562322 -0.76018 0.5970567 0.2562333 -0.7601763 0.4803297 0.2061377 -0.8525202 0.4803593 0.2061513 -0.8525003 0.3518573 0.1510015 -0.9237939 0.3518594 0.1510031 -0.9237927 0.2146891 0.09213501 -0.972327 0.2146584 0.09212398 -0.9723348 0.07221037 0.0309903 -0.9969079 0.0722084 0.03098905 -0.9969081 0.1654136 -0.1659256 -0.9721661 0.03322136 -0.07147628 -0.9968889 0.02038419 -0.0761407 -0.9968888 0.05564886 -0.05585569 -0.9968869 0.06449514 -0.04529786 -0.9968894 0.1917373 -0.1347226 -0.9721558 0.191675 -0.1347132 -0.9721693 0.3140986 -0.2207258 -0.9233756 0.07134604 -0.03347802 -0.9968897 0.1340717 -0.1920931 -0.9721754 0.09875011 -0.2124779 -0.9721634 0.09882909 -0.2123834 -0.972176 0.06057274 -0.2262582 -0.9721822 0.06056165 -0.2262979 -0.9721736 0.2120795 -0.09955865 -0.972168 0.2121335 -0.09945833 -0.9721664 0.347611 -0.1630255 -0.9233577 0.3476113 -0.1629478 -0.9233712 0.4743466 -0.2223265 -0.8518018 0.07609575 -0.02056306 -0.9968885 0.2712045 -0.2717543 -0.9233622 0.2197601 -0.3148851 -0.9233379 0.2197206 -0.3148241 -0.9233682 0.1619856 -0.3481575 -0.9233348 0.1620266 -0.3480618 -0.9233637 0.0992524 -0.3709054 -0.9233516 0.09925842 -0.3708839 -0.9233597 0.2261485 -0.06105512 -0.9721776 0.2261726 -0.06118571 -0.9721637 0.3705341 -0.1002309 -0.923395 0.3705593 -0.100397 -0.9233669 0.5057746 -0.1370151 -0.8517153 0.5056793 -0.1367456 -0.8518152 0.6282341 -0.1699624 -0.759233 0.07849389 -0.007061362 -0.9968896 0.4285919 -0.3012977 -0.8517798 0.3700431 -0.3707892 -0.8518119 0.369951 -0.3710362 -0.8517443 0.299857 -0.4297018 -0.851729 0.3000264 -0.4294573 -0.8517926 0.2210804 -0.4749001 -0.8518177 0.2210019 -0.4750532 -0.8517527 0.1354485 -0.506079 -0.8517851 0.1353794 -0.5061543 -0.8517513 0.233329 -0.02095872 -0.972172 0.2333056 -0.0212081 -0.9721722 0.3823775 -0.0347504 -0.9233525 0.3822811 -0.03450018 -0.9234018 0.5219139 -0.04708069 -0.851698 0.5218579 -0.04708993 -0.8517318 0.6481267 -0.05842506 -0.759288 0.6481939 -0.05861824 -0.7592158 0.7585834 -0.06858092 -0.6479566 0.07854354 0.006613016 -0.9968888 0.5892624 -0.2764066 -0.7591899 0.5325157 -0.374194 -0.7592142 0.5324867 -0.3743242 -0.7591702 0.4595531 -0.4609726 -0.7591543 0.4595538 -0.4609439 -0.7591713 0.372785 -0.5335323 -0.7591934 0.372771 -0.5335636 -0.7591783 0.2745693 -0.5900586 -0.7592381 0.2745332 -0.5901605 -0.7591721 0.168173 -0.62872 -0.7592293 0.168147 -0.6288112 -0.7591596 0.2334246 0.01955336 -0.9721784 0.23339 0.0197125 -0.9721834 0.382569 0.03232896 -0.9233613 0.3825656 0.0322687 -0.9233648 0.5221194 0.04406446 -0.8517334 0.5221676 0.04392963 -0.8517108 0.6484838 0.05460977 -0.7592672 0.6484493 0.05469286 -0.7592907 0.7590376 0.06397569 -0.6478961 0.758979 0.06409043 -0.6479533 0.8504431 0.07179415 -0.5211452 0.07620018 0.02013832 -0.9968892 0.7351904 -0.1990363 -0.6479813 0.6895794 -0.3233916 -0.6479954 0.689589 -0.3234313 -0.6479655 0.6231093 -0.4380093 -0.6479836 0.6231084 -0.4380428 -0.6479618 0.5377999 -0.5393982 -0.6479359 0.5378116 -0.5393128 -0.6479972 0.4362116 -0.624351 -0.648001 0.436182 -0.6244839 -0.6478928 0.3212925 -0.6906241 -0.6479271 0.321318 -0.6905689 -0.6479732 0.1967681 -0.7358403 -0.6479363 0.1967895 -0.7357937 -0.6479827 0.2264317 0.05997025 -0.9721792 0.2264968 0.05987423 -0.9721699 0.3711435 0.09814327 -0.9233745 0.3711628 0.0980485 -0.9233769 0.5065839 0.1338554 -0.8517369 0.5066023 0.133796 -0.8517351 0.6292684 0.1662176 -0.7592055 0.6291754 0.1663312 -0.7592578 0.7363933 0.1946559 -0.647946 0.7364358 0.1946251 -0.647907 0.8251334 0.21807 -0.521153 0.8251519 0.2180397 -0.5211365 0.8937572 0.2361779 -0.3813372 0.07155489 0.03307265 -0.9968883 0.8501139 -0.07673281 -0.5209785 0.8239102 -0.2230386 -0.5209853 0.8238651 -0.2227989 -0.5211594 0.7727082 -0.3623504 -0.5211759 0.7726948 -0.3624933 -0.5210964 0.6982218 -0.4908624 -0.5210955 0.6982299 -0.4907876 -0.5211552 0.6026531 -0.604335 -0.5211417 0.6025913 -0.6044791 -0.5210459 0.4887431 -0.6997175 -0.5210814 0.4887329 -0.6997373 -0.5210642 0.3600736 -0.7738741 -0.5210239 0.3601112 -0.7737869 -0.5211275 0.2205073 -0.8244792 -0.5211628 0.2205434 -0.8245028 -0.5211102 0.2126083 0.0982716 -0.9721834 0.2126852 0.09817045 -0.9721768 0.3485826 0.1609604 -0.9233537 0.3485179 0.160991 -0.9233728 0.4756567 0.2197001 -0.8517528 0.4756773 0.2197418 -0.8517304 0.5908538 0.2728878 -0.759226 0.5908972 0.2728682 -0.7591993 0.6914228 0.3192749 -0.6480726 0.6915942 0.3191701 -0.6479413 0.7749814 0.357625 -0.5210645 0.7748746 0.3577383 -0.5211458 0.8393388 0.3874732 -0.3812804 0.8392919 0.3874974 -0.3813595 0.8829905 0.4076822 -0.2326437 0.9211148 0.077542 -0.3814902 0.9206222 -0.08311432 -0.3815061 0.9206289 -0.08312541 -0.3814877 0.8923296 -0.2412796 -0.3814867 0.8923239 -0.2414914 -0.381366 0.8369315 -0.3925589 -0.3813701 0.8369246 -0.3925034 -0.3814423 0.7562615 -0.5315701 -0.381447 0.756282 -0.5315331 -0.3814582 0.6526147 -0.6546729 -0.3814414 0.6526963 -0.6544746 -0.3816421 0.5292882 -0.7577839 -0.3815986 0.5292152 -0.7578861 -0.3814969 0.3900279 -0.8380612 -0.3814862 0.3899632 -0.8381326 -0.3813953 0.2388612 -0.8929971 -0.3814467 0.2389227 -0.8929733 -0.381464 0.9403223 0.2484666 -0.2325041 0.9691708 0.08155733 -0.2325004 0.9691598 0.08160424 -0.2325297 0.9686487 -0.08743172 -0.2325413 0.9686352 -0.08741062 -0.2326057 0.9388124 -0.2539948 -0.2326326 0.9388028 -0.2540708 -0.2325887 0.8805456 -0.4129617 -0.2325986 0.8805732 -0.4128253 -0.232736 0.7956744 -0.5592347 -0.2327205 0.7956499 -0.559316 -0.2326092 0.6867573 -0.6886504 -0.2326481 0.6867107 -0.6887512 -0.2324875 0.556831 -0.7974255 -0.2324905 0.5568641 -0.797378 -0.2325744 0.4102782 -0.8818032 -0.2325832 0.4103062 -0.8817659 -0.2326754 0.2513752 -0.9395139 -0.2326464 0.2513232 -0.9395404 -0.2325955 0.9051036 0.4179238 -0.0782777 0.9638512 0.2546836 -0.07827776 0.9638653 0.2546488 -0.07821542 0.993422 0.08364254 -0.07820928 0.9933969 0.08380573 -0.07835394 0.992893 -0.08959025 -0.07834064 0.9928967 -0.08970582 -0.0781607 0.9623219 -0.2604369 -0.07816112 0.9623317 -0.2603943 -0.07818335 0.9026659 -0.4231798 -0.07818776 0.9026133 -0.4233247 -0.07801097 0.8155869 -0.5733493 -0.07802969 0.8156416 -0.5732552 -0.07815009 0.7038908 -0.7059959 -0.07815116 0.7039209 -0.7059645 -0.07816463 0.5708143 -0.8173511 -0.07815617 0.5708946 -0.8172844 -0.07826751 0.4206079 -0.9038631 -0.07823383 0.4205991 -0.9038668 -0.07823878 0.257611 -0.9630757 -0.07824301 0.2574847 -0.9631268 -0.07802885 0.905117 0.4178966 -0.07826715 0.8829805 0.4076917 -0.2326647 0.9402349 0.2486409 -0.2326715 0.893665 0.2363176 -0.3814668 0.9211201 0.07750701 -0.3814849 0.8505733 0.07159262 -0.5209603 0.8501168 -0.07682144 -0.5209606 0.7585458 -0.06850057 -0.6480094 0.735189 -0.1989846 -0.6479987 0.6283211 -0.1700199 -0.7591481 0.5892845 -0.2764424 -0.7591597 0.4743269 -0.2225467 -0.8517553 0.4286069 -0.3013658 -0.851748 0.314058 -0.2208631 -0.9233565 0.2711964 -0.27179 -0.9233541 0.1654783 -0.165794 -0.9721776 0.1341437 -0.1920689 -0.9721703 0.04514229 -0.06459039 -0.9968903 0.08676695 -0.9931529 -0.07822382 0.08667266 -0.9931712 -0.07809489 0.08455735 -0.9689036 -0.2325425 0.0846194 -0.9688851 -0.2325966 0.08042448 -0.9208611 -0.3815059 0.0803858 -0.9208888 -0.3814474 0.07422101 -0.8503224 -0.5210021 0.07434272 -0.8501939 -0.5211944 0.0663405 -0.7587062 -0.6480462 0.06624627 -0.758798 -0.6479483 0.05661004 -0.6484217 -0.7591736 0.05663239 -0.6483715 -0.7592149 0.04558479 -0.5219295 -0.8517698 0.0454899 -0.5219872 -0.8517395 0.03333187 -0.3824142 -0.9233896 0.03327703 -0.3824939 -0.9233586 0.0203042 -0.233372 -0.9721755 0.0203197 -0.2333672 -0.9721764 0.006836712 -0.07852542 -0.9968888 0.1325962 0.1931028 -0.9721778 0.04461205 0.06497502 -0.9968892 0.03280913 0.07165658 -0.9968897 0.09751349 0.2129383 -0.9721875 0.09760659 0.2129771 -0.9721696 0.1599537 0.3489458 -0.9233914 0.02013671 0.07618796 -0.9968901 0.05986213 0.2264935 -0.9721714 0.05969405 0.2265046 -0.9721792 0.09782272 0.3712236 -0.9233763 0.09789377 0.3712209 -0.92337 0.1335973 0.5066181 -0.851757 0.006738722 0.07851892 -0.99689 0.02003055 0.2333797 -0.9721794 0.02013683 0.2334343 -0.972164 0.03299564 0.3824532 -0.9233856 0.03299099 0.3824418 -0.9233905 0.04502248 0.5219516 -0.8517861 0.04505383 0.5219441 -0.8517892 0.05597436 0.6484582 -0.7591897 0.08558553 0.9932592 -0.07817578 0.08558166 0.9932615 -0.07814943 0.08349668 0.9689686 -0.2326549 0.08351439 0.968975 -0.2326217 0.07937777 0.9209807 -0.3814364 0.07938569 0.9209789 -0.3814393 0.0732972 0.8503028 -0.5211648 0.07322448 0.850315 -0.5211551 0.06534433 0.7587694 -0.6480735 0.2542304 0.9639763 -0.07820802 0.254276 0.9639685 -0.07815688 0.2480698 0.9404096 -0.2325753 0.2479674 0.9404188 -0.2326471 0.2356907 0.89382 -0.3814913 0.2357292 0.8938375 -0.3814268 0.2176198 0.825229 -0.5211899 0.2177076 0.8252297 -0.521152 0.1942865 0.7364286 -0.6480169 0.1942034 0.7364135 -0.6480589 0.1659517 0.6293183 -0.7592225 0.4155012 0.9062292 -0.07815062 0.4154011 0.9062679 -0.07823449 0.4052466 0.8841035 -0.232672 0.4053565 0.8840742 -0.2325918 0.3852742 0.8402819 -0.3814317 0.3852688 0.8402824 -0.3814361 0.3557238 0.7758079 -0.5211359 0.3556043 0.775812 -0.5212117 0.3173286 0.6923642 -0.6480234 0.3173804 0.6923596 -0.6480031 0.2712089 0.5916108 -0.7592381 0.2712372 0.5916085 -0.7592299 0.2183476 0.4762222 -0.8517846 0.5642436 0.8218938 -0.07822924 0.5643457 0.8218348 -0.0781126 0.5505497 0.8017323 -0.2326378 0.5504451 0.8017914 -0.2326819 0.5232415 0.7620567 -0.3814286 0.5231869 0.762098 -0.3814216 0.4830202 0.7035671 -0.521234 0.4831933 0.7035285 -0.5211256 0.4312223 0.627853 -0.6479568 0.4310529 0.627873 -0.6480501 0.368356 0.5365772 -0.7592095 0.3682963 0.5365783 -0.7592375 0.2964385 0.4318655 -0.8518312 0.2966434 0.431838 -0.8517739 0.2173835 0.3164475 -0.9233663 0.6967146 0.7130688 -0.07824075 0.6967012 0.7130838 -0.07822424 0.6797352 0.6956136 -0.2325552 0.6796099 0.6957151 -0.2326176 0.6459255 0.6612236 -0.3815281 0.6460543 0.6611742 -0.3813954 0.5964915 0.6104593 -0.5210926 0.5962688 0.6105246 -0.5212708 0.5321609 0.544889 -0.6479975 0.5322855 0.5448504 -0.6479278 0.4548192 0.4655467 -0.7592139 0.4548204 0.4655094 -0.759236 0.3660953 0.3747197 -0.8517978 0.3659817 0.3748256 -0.8518 0.2682033 0.2746345 -0.9233866 0.2684282 0.2745468 -0.9233474 0.163796 0.1675198 -0.9721667 0.1899679 0.1370496 -0.9721778 0.1898962 0.1372228 -0.9721673 0.3111634 0.2247948 -0.9233876 0.3113297 0.2246533 -0.923366 0.4248336 0.3065002 -0.8518065 0.4248012 0.3066008 -0.8517864 0.5277622 0.3808491 -0.759224 0.527668 0.3809289 -0.7592495 0.6175528 0.4458068 -0.6479852 0.6176123 0.4457316 -0.6479803 0.6920798 0.4994868 -0.5210936 0.6919018 0.4995915 -0.5212295 0.7494204 0.5411112 -0.3815336 0.7495611 0.5410423 -0.3813548 0.7886323 0.5692017 -0.232527 0.7885291 0.5693072 -0.2326182 0.8083239 0.5835157 -0.07824283 0.8083911 0.5834332 -0.0781641 0.8962464 0.436585 -0.07833325 0.8962897 0.4365271 -0.0781607 0.8744194 0.4257809 -0.2325969 0.8743907 0.42582 -0.232633 0.8311123 0.4047386 -0.3813648 0.8311265 0.4047427 -0.3813294 0.7672828 0.3736554 -0.521209 0.7672569 0.3736832 -0.5212273 0.6847844 0.3335407 -0.647936 0.6847431 0.3335698 -0.6479646 0.5850935 0.2850487 -0.7592187 0.5850081 0.2850683 -0.7592771 0.4709366 0.2294688 -0.8517997 0.4708998 0.2294853 -0.8518157 0.3450895 0.168213 -0.9233729 0.3451937 0.168021 -0.923369 0.2106098 0.1025117 -0.9721805 0.2103966 0.1028238 -0.9721937 0.2103966 0.1028237 -0.9721937 0.2103374 0.1028991 -0.9721985 0.07086801 0.03445184 -0.9968907 0.06389307 0.04612076 -0.9968905 0.0654785 0.7588043 -0.648019 0.05595147 0.6483954 -0.759245 0.1659634 0.6293308 -0.7592095 0.1336039 0.5065719 -0.8517835 0.2183056 0.4762874 -0.8517587 0.1599642 0.3489513 -0.9233875 0.2172703 0.3164974 -0.9233759 0.1325851 0.1931084 -0.9721781 0.1636093 0.167626 -0.9721798 0.05504202 0.05637317 -0.9968914 0 -0.07852572 -0.9969122 0 -0.07853263 -0.9969116 0 -0.2334285 -0.972374 0 -0.3826696 -0.9238854 0 -0.3826853 -0.9238789 0 -0.5224471 -0.8526718 0 -0.5224666 -0.8526598 0 -0.6494448 -0.7604088 0 -0.6494666 -0.7603903 0 -0.760402 -0.6494529 0 -0.7603808 -0.6494777 0 -0.8526498 -0.5224829 0 -0.9238594 -0.382732 0 -0.9723846 -0.2333845 0 -0.9723945 -0.2333431 0 -0.9969121 -0.0785259 0 -0.9969121 -0.0785259 0 0.07852023 -0.9969125 0 0.07852005 -0.9969126 0 0.2334274 -0.9723743 0 0.2334307 -0.9723734 0 0.3826698 -0.9238852 0 0.3826724 -0.9238841 0 0.5224716 -0.8526568 0 0.5224629 -0.8526621 0 0.6494539 -0.760401 0 0.6494576 -0.7603979 0 0.7604526 -0.6493934 0 0.7604683 -0.6493751 0 0.8314847 -0.5555478 2.0733e-4 0.8525792 -0.522598 0 0.8723879 -0.4888145 0 0.9081933 -0.4185512 2.06449e-4 0.9239021 -0.3826288 0 0.938166 -0.3461858 0 0.9624689 -0.2713919 2.06031e-4 0.9723739 -0.2334291 0 0.9807764 -0.1951355 0 0.993072 -0.1175081 2.05762e-4 0.9969183 -0.07844734 0 0.9992284 -0.03927671 -0.07822078 -0.9938582 -0.07827877 -0.1995514 -0.1223157 -0.9722234 -0.07854062 -0.006182134 -0.9968917 -0.06715959 -0.04112309 -0.9968944 -0.05992573 -0.05117434 -0.9968903 -0.178154 -0.1518845 -0.9722101 -0.1779949 -0.1520459 -0.9722139 -0.2917599 -0.2491332 -0.9234765 -0.05113333 -0.05989307 -0.9968944 -0.2162709 -0.08961689 -0.9722118 -0.2275843 -0.05471354 -0.9722201 -0.2276554 -0.0546959 -0.9722045 -0.2334211 -0.01826214 -0.9722043 -0.2333614 -0.0184136 -0.9722158 -0.1519159 -0.1780208 -0.9722295 -0.1520937 -0.17801 -0.9722037 -0.2493106 -0.291734 -0.9234368 -0.2491966 -0.2918035 -0.9234457 -0.3401256 -0.3981154 -0.8519499 -0.04117941 -0.06715458 -0.9968925 -0.3271358 -0.2004908 -0.923464 -0.3544583 -0.146887 -0.9234629 -0.3545163 -0.1467815 -0.9234573 -0.3730763 -0.08961415 -0.9234628 -0.3731362 -0.08958059 -0.9234418 -0.3825067 -0.03028523 -0.9234563 -0.3825215 -0.03002351 -0.9234588 -0.1223881 -0.1995556 -0.9722133 -0.1222086 -0.1996822 -0.9722099 -0.2002841 -0.3272426 -0.9234709 -0.2004987 -0.3271401 -0.9234607 -0.273613 -0.4464538 -0.8519478 -0.2736476 -0.4465093 -0.8519076 -0.340039 -0.5547041 -0.7593924 -0.03012901 -0.07277816 -0.996893 -0.398229 -0.3399882 -0.8519517 -0.4465018 -0.2737162 -0.8518895 -0.4465549 -0.2735267 -0.8519225 -0.4838051 -0.2004997 -0.8518995 -0.483751 -0.2004013 -0.8519532 -0.5091446 -0.1222813 -0.8519501 -0.5092434 -0.1220664 -0.851922 -0.5220304 -0.04121202 -0.8519306 -0.522117 -0.04102212 -0.8518869 -0.08954715 -0.2163616 -0.9721981 -0.08960634 -0.2162641 -0.9722144 -0.1468578 -0.3544806 -0.9234589 -0.146798 -0.3544883 -0.9234654 -0.2003317 -0.4837595 -0.8519647 -0.2004314 -0.4837791 -0.8519302 -0.2490695 -0.6011677 -0.7593168 -0.2490023 -0.6011561 -0.7593479 -0.2913706 -0.7034092 -0.64832 -0.01841253 -0.07657909 -0.9968936 -0.4224888 -0.4947322 -0.7594362 -0.4947375 -0.4224436 -0.7594579 -0.4947977 -0.4225401 -0.759365 -0.5548043 -0.3398096 -0.7594221 -0.5546744 -0.3399698 -0.7594451 -0.6009993 -0.2491337 -0.759429 -0.6011356 -0.2488985 -0.7593983 -0.6327157 -0.1517882 -0.7593624 -0.6326237 -0.1518154 -0.7594336 -0.6485731 -0.05102926 -0.7594399 -0.6485981 -0.0510376 -0.759418 -0.05472528 -0.2277069 -0.9721907 -0.05466949 -0.2275893 -0.9722214 -0.08959871 -0.3730751 -0.9234648 -0.0896151 -0.3730794 -0.9234614 -0.1223084 -0.5091611 -0.8519364 -0.1221368 -0.5091673 -0.8519573 -0.1517682 -0.6325511 -0.7595035 -0.1520145 -0.6326661 -0.7593585 -0.1778962 -0.7404503 -0.6481408 -0.1776146 -0.7403258 -0.6483601 -0.1990457 -0.8298168 -0.5213301 -0.00616008 -0.0785523 -0.996891 -0.3978312 -0.6492205 -0.6482617 -0.4944851 -0.5790132 -0.6482502 -0.4945541 -0.5790408 -0.6481729 -0.5791448 -0.4944415 -0.6481659 -0.5789462 -0.4945135 -0.6482882 -0.6491512 -0.3979189 -0.6482772 -0.6492415 -0.3978701 -0.6482167 -0.7035317 -0.2912157 -0.6482567 -0.7034592 -0.2914475 -0.648231 -0.7404007 -0.1776779 -0.6482573 -0.7403745 -0.1778067 -0.6482519 -0.7590935 -0.05967825 -0.6482405 -0.7589823 -0.05982178 -0.6483574 -0.01830852 -0.2334019 -0.972208 -0.01834446 -0.2333776 -0.9722132 -0.03006511 -0.3824083 -0.9235042 -0.03005683 -0.3825355 -0.9234518 -0.04102015 -0.5219708 -0.8519765 -0.04111361 -0.5220835 -0.851903 -0.05108094 -0.6485978 -0.7594153 -0.05100369 -0.6486173 -0.759404 -0.05969184 -0.7590551 -0.6482841 -0.05988293 -0.7591034 -0.64821 -0.0671004 -0.8507386 -0.5212883 -0.06703758 -0.8506565 -0.5214303 -0.07260513 -0.9214212 -0.3817217 -0.3264936 -0.7883824 -0.5213974 -0.4457769 -0.7276633 -0.5213339 -0.4459766 -0.7275574 -0.5213109 -0.5542463 -0.648905 -0.5212806 -0.5541883 -0.6488929 -0.5213572 -0.6488533 -0.5542535 -0.5213375 -0.6488459 -0.5542584 -0.5213414 -0.7276436 -0.4457703 -0.5213672 -0.7275634 -0.4459172 -0.5213534 -0.7883725 -0.3265206 -0.5213955 -0.7883973 -0.3265575 -0.5213348 -0.8297713 -0.1991205 -0.5213738 -0.8297187 -0.1992745 -0.5213987 -0.8506698 -0.06709057 -0.5214018 -0.8507786 -0.06692343 -0.5212457 -0.2157679 -0.8987311 -0.3817417 -0.3536462 -0.8539435 -0.3817264 -0.3537673 -0.8539294 -0.3816455 -0.4830234 -0.7880454 -0.3816714 -0.4827899 -0.7881218 -0.3818089 -0.6002309 -0.7028149 -0.3818039 -0.6004185 -0.7027419 -0.3816433 -0.7028331 -0.6003021 -0.3816586 -0.702782 -0.6003639 -0.3816552 -0.7880919 -0.482948 -0.3816706 -0.7881247 -0.4829228 -0.3816349 -0.8539873 -0.3536396 -0.3816345 -0.8538867 -0.3537759 -0.381733 -0.8987259 -0.2157968 -0.3817379 -0.8988147 -0.2156928 -0.3815876 -0.9214967 -0.07236993 -0.3815842 -0.9214226 -0.07260918 -0.3817178 -0.07630395 -0.9695392 -0.2327475 -0.2270211 -0.9456587 -0.23279 -0.2270387 -0.9456674 -0.2327375 -0.372237 -0.8984766 -0.2327648 -0.3722302 -0.8984872 -0.232735 -0.50802 -0.8293054 -0.2327407 -0.5081999 -0.8292405 -0.2325791 -0.6317673 -0.7394382 -0.2325968 -0.6315092 -0.7395834 -0.2328356 -0.7394788 -0.6316373 -0.232821 -0.7395282 -0.6316154 -0.2327234 -0.8292875 -0.5080403 -0.2327601 -0.8291393 -0.5082538 -0.2328222 -0.89849 -0.3721702 -0.2328202 -0.8985606 -0.3720995 -0.2326602 -0.9457318 -0.2268683 -0.2326418 -0.9455868 -0.2272205 -0.2328873 -0.9694969 -0.0764141 -0.2328878 -0.9695692 -0.07609021 -0.232693 -0.07827532 -0.9938586 -0.07821893 -0.2327123 -0.9693945 -0.07822751 -0.2326681 -0.9693999 -0.07829129 -0.3815551 -0.9210233 -0.07830733 -0.381586 -0.9210097 -0.07831585 -0.5209365 -0.8499951 -0.07831686 -0.5208531 -0.8500753 -0.07800185 -0.5208926 -0.8500202 -0.07833725 -0.6473858 -0.7581302 -0.0782954 -0.6474733 -0.7580698 -0.07815873 -0.758078 -0.6474647 -0.07814902 -0.7579987 -0.6475358 -0.07833021 -0.8499938 -0.5209363 -0.0783326 -0.8501306 -0.5207489 -0.07809394 -0.9211068 -0.381393 -0.07811379 -0.921025 -0.3815587 -0.078269 -0.9693392 -0.2329281 -0.07827013 -0.9694253 -0.232634 -0.07807725 -0.9938879 -0.07804244 -0.07807916 -0.9938325 -0.07839781 -0.07842689 -0.07658642 -0.01840007 -0.9968932 -0.07638233 -0.9695467 -0.2326912 -0.07258629 -0.9214285 -0.3817079 -0.215763 -0.89873 -0.3817472 -0.1992388 -0.8297968 -0.5212882 -0.3267101 -0.7883871 -0.5212546 -0.2914854 -0.7034339 -0.6482415 -0.397706 -0.649273 -0.6482859 -0.339827 -0.5548146 -0.7594066 -0.4224822 -0.4946935 -0.7594651 -0.3400559 -0.3982006 -0.851938 -0.3981453 -0.3401249 -0.8519363 -0.2917529 -0.2491981 -0.9234612 -0.3272305 -0.2003793 -0.9234546 -0.1996571 -0.1222879 -0.9722052 -0.2162563 -0.08962017 -0.9722148 -0.07277488 -0.03017497 -0.9968919 -0.999231 0 -0.03921169 -0.9992367 0 -0.03906798 -0.9992309 0 -0.03921169 -0.9969009 -3.41807e-4 -0.07866692 -0.9930535 0 -0.1176643 -0.9808749 0 -0.1946392 -0.9723873 -3.48157e-4 -0.2333729 -0.9623736 0 -0.2717301 -0.938246 0 -0.3459691 -0.9238605 -3.47323e-4 -0.3827295 -0.9080419 0 -0.4188794 -0.872505 0 -0.4886053 -0.8526936 -3.46063e-4 -0.5224115 -0.8315712 0 -0.5554183 -0.7603504 0 -0.6495133 -0.76035 0 -0.6495137 -0.6494388 0 -0.7604139 -0.6494388 0 -0.760414 -0.5225393 0 -0.8526153 -0.5225393 0 -0.8526152 -0.2334078 0 -0.9723789 -0.07852953 0 -0.9969118 0 0.07852339 0.9969123 0 0.07852131 0.9969125 0 0.2334211 0.9723758 0 0.2334271 0.9723744 0 0.382681 0.9238806 0 0.3826713 0.9238846 0 0.5224851 0.8526484 0 0.5224617 0.8526629 0 0.649446 0.7604078 0 0.6494458 0.7604081 0 0.7604446 0.6494029 0 0.7604573 0.6493881 0 0.8525994 0.5225651 0 0.8525878 0.5225842 0 0.9238975 0.38264 0 0.9238883 0.3826624 0 0.9723713 0.2334395 0 0.9723713 0.2334396 0 0.9969175 0.07845735 0.1326248 0.1930584 0.9721828 0.0446093 0.06497138 0.9968896 0.05503904 0.05637317 0.9968916 0.1636701 0.1676309 0.9721687 0.1637539 0.16752 0.9721738 0.2683708 0.2744122 0.9234042 0.0639162 0.0461207 0.9968891 0.1899396 0.1370903 0.9721776 0.1899136 0.1372021 0.972167 0.3112456 0.2247936 0.9233602 0.3112801 0.2246581 0.9233816 0.4248281 0.3065702 0.8517839 0.070876 0.03445184 0.9968901 0.2106553 0.1023268 0.9721901 0.2106602 0.1025346 0.9721672 0.3451607 0.1680586 0.9233745 0.3451208 0.1682247 0.9233592 0.4709371 0.2294997 0.8517912 0.4709092 0.2294574 0.8518179 0.5850411 0.2850897 0.7592437 0.8962298 0.4366509 0.07815539 0.8963037 0.4364659 0.07834178 0.8744137 0.4257787 0.2326225 0.8743962 0.4258232 0.2326068 0.8311221 0.4047524 0.3813289 0.83112 0.4047112 0.381377 0.7672762 0.3736395 0.5212302 0.7672739 0.373721 0.521175 0.6847498 0.333531 0.6479775 0.8083838 0.5834333 0.07823824 0.8083276 0.5835206 0.07816845 0.788548 0.5693225 0.2325169 0.7886094 0.5691864 0.2326417 0.7495145 0.5409853 0.381527 0.7494531 0.5411875 0.3813608 0.6919751 0.4996274 0.5210979 0.6920102 0.4994642 0.5212076 0.617587 0.4457224 0.6480107 0.6175757 0.4457889 0.6479758 0.527702 0.3809597 0.7592105 0.6967119 0.7130734 0.07822352 0.6966991 0.7130827 0.07825207 0.6797178 0.6955991 0.232649 0.6796253 0.6957302 0.2325273 0.6459686 0.6612472 0.3814143 0.646026 0.6611227 0.3815327 0.596434 0.6103813 0.5212497 0.5963461 0.6106237 0.5210663 0.5322098 0.544911 0.6479389 0.5322043 0.5448385 0.6480044 0.4548246 0.4655109 0.7592328 0.454818 0.4655169 0.759233 0.3660596 0.3747426 0.8518031 0.564246 0.8219022 0.07812386 0.5643383 0.8218294 0.07822352 0.5505409 0.8017187 0.2327055 0.5504537 0.8018053 0.2326138 0.5232006 0.7620904 0.3814175 0.5232081 0.7620723 0.3814436 0.483067 0.7036081 0.5211352 0.4831544 0.7034906 0.5212128 0.4311808 0.6278066 0.6480294 0.4310938 0.6279024 0.6479944 0.3683353 0.5365538 0.7592359 0.3683081 0.5366041 0.7592136 0.296491 0.4319403 0.851775 0.296589 0.4317432 0.8518409 0.2173602 0.3164802 0.9233606 0.4154952 0.9062244 0.07823872 0.4154023 0.9062753 0.07814055 0.405255 0.884122 0.2325873 0.4053476 0.8840555 0.2326787 0.3852694 0.8402909 0.3814172 0.3852822 0.8402581 0.3814761 0.355712 0.7757564 0.5212206 0.3556125 0.7758898 0.5210902 0.3173386 0.6923632 0.6480197 0.3173612 0.6923424 0.6480309 0.2712196 0.5915899 0.7592505 0.2712116 0.5916358 0.7592177 0.2183391 0.4762005 0.8517988 0.2183158 0.4763114 0.8517428 0.159966 0.3489493 0.923388 0.1599609 0.3489482 0.9233893 0.09759086 0.2129594 0.9721751 0.05985003 0.2263968 0.9721947 0.05969882 0.2265508 0.9721681 0.09782415 0.3712434 0.9233682 0.0978927 0.3712006 0.9233782 0.1336092 0.5065681 0.8517848 0.1335958 0.5066104 0.8517618 0.1659573 0.6293166 0.7592226 0.1659597 0.6293016 0.7592346 0.194208 0.7364501 0.6480159 0.1942743 0.7363978 0.6480554 0.2177062 0.8251917 0.5212129 0.2176385 0.8252691 0.5211184 0.2357233 0.893804 0.381509 0.2356908 0.8938469 0.3814283 0.2479739 0.940443 0.2325426 0.2480639 0.9403861 0.232676 0.2542738 0.9639657 0.07819807 0.2542473 0.9639748 0.07817274 0.08558487 0.9932606 0.07815819 0.08558076 0.9932598 0.07817286 0.08349728 0.9689726 0.232638 0.08351397 0.9689705 0.2326404 0.07937902 0.9209752 0.3814495 0.07938289 0.9209791 0.3814395 0.07329022 0.8502984 0.5211731 0.07323253 0.850345 0.5211051 0.0653485 0.7588341 0.6479973 0.06547099 0.7587094 0.648131 0.05595177 0.6484491 0.759199 0.0559768 0.648399 0.7592401 0.04505443 0.5219373 0.8517932 0.04502081 0.5219603 0.8517808 0.03298741 0.3824786 0.9233753 0.03300529 0.3824479 0.9233874 0.02013146 0.2333876 0.9721754 0.02002835 0.2334184 0.9721701 0.006751239 0.07851892 0.9968898 0.0201615 0.07618796 0.9968897 0.6847683 0.3335448 0.6479508 0.585063 0.2849877 0.759265 0.5277006 0.3808118 0.7592855 0.4248016 0.3065377 0.8518089 0.3660237 0.3747895 0.8517978 0.2682519 0.27472 0.9233471 0.2173172 0.3164998 0.923364 0.1325745 0.1931308 0.9721751 0.0975418 0.2129191 0.9721888 0.03279054 0.07165664 0.9968903 0.06232392 0.02599996 0.9977173 0.07233136 0.03067845 0.9969088 0.1334028 0.0557425 0.9894931 0.2154458 0.09004211 0.9723557 0.210954 0.08840984 0.9734897 0.3531456 0.1477178 0.9238332 0.3466973 0.1453985 0.9266393 0.4819955 0.2020407 0.8525607 0.4806782 0.2015718 0.8534151 0.5988632 0.2517155 0.7602647 0.5989446 0.2517441 0.760191 0.701172 0.2948973 0.6491482 0.7000365 0.2945042 0.6505508 0.7858479 0.3309563 0.5224088 0.785847 0.33096 0.5224081 0.8514561 0.3588624 0.3824139 0.85061 0.3586066 0.3845311 0.8782514 0.3702632 0.3026215 0.8782514 0.3702632 0.3026215 0.8958484 0.3781933 0.2332926 0.8977612 0.3786634 0.225031 0.9105831 0.3840543 0.1527772 0.9184563 0.3876362 0.07858842 0.9188634 0.3875963 0.07388681 0 -0.9969122 0.07852506 0 -0.9969142 0.07849955 0 -0.9723589 0.2334915 0 -0.9238963 0.3826432 0 -0.9239053 0.3826216 0 -0.8526483 0.5224856 0 -0.8526595 0.5224671 0 -0.7603793 0.6494793 0 -0.7604042 0.6494501 0 -0.6494432 0.7604103 0 -0.5224673 0.8526594 0 -0.522467 0.8526596 0 -0.3827211 0.9238639 0 -0.3827298 0.9238603 0 -0.2333961 0.9723818 0 -0.07853239 0.9969116 0 -0.07853037 0.9969118 0.131505 -0.1938013 0.972187 0.0442425 -0.06521761 0.9968899 0.03256517 -0.07174658 0.9968912 0.09681731 -0.2132788 0.9721824 0.09685635 -0.2132319 0.9721888 0.1587837 -0.3495213 0.9233756 0.01990455 -0.07626736 0.9968888 0.05912536 -0.2266521 0.9721796 0.05914539 -0.2266082 0.9721886 0.09693074 -0.3714351 0.9233853 0.09702819 -0.3714202 0.923381 0.1323853 -0.5068606 0.851802 0.006674945 -0.07852387 0.9968899 0.0198751 -0.2333464 0.9721906 0.01995825 -0.2333539 0.9721871 0.03269368 -0.382528 0.9233653 0.0325874 -0.3824878 0.9233857 0.04447251 -0.5219586 0.8518107 0.04453736 -0.521987 0.85179 0.05531972 -0.6484598 0.7592363 0.08483934 -0.9933195 0.07822257 0.08482098 -0.9933198 0.07823818 0.0827521 -0.9690365 0.2326382 0.08269447 -0.9690315 0.2326794 0.07859706 -0.9210132 0.3815196 0.07865881 -0.9210503 0.3814175 0.07262521 -0.8503732 0.521144 0.07266891 -0.8504036 0.5210882 0.06483978 -0.7588 0.6480882 0.2519764 -0.9645714 0.078166 0.2519478 -0.9645756 0.07820624 0.2457901 -0.940966 0.2327451 0.2458349 -0.9409872 0.2326123 0.2336825 -0.8944 0.3813679 0.233499 -0.8943711 0.3815478 0.2155765 -0.8257338 0.5212395 0.2157673 -0.8257549 0.5211271 0.1925511 -0.7368615 0.6480427 0.1924459 -0.7368473 0.64809 0.1644554 -0.6297248 0.759211 0.4118612 -0.907903 0.07799094 0.4118613 -0.9079029 0.07799094 0.4118301 -0.9078884 0.07832473 0.4119233 -0.9078595 0.07816886 0.4018488 -0.8856914 0.2325265 0.4017084 -0.8857052 0.2327159 0.3817921 -0.8418449 0.3814868 0.3819527 -0.8418278 0.3813636 0.3523879 -0.7772315 0.5212811 0.3522744 -0.7772239 0.5213692 0.3522745 -0.7772239 0.5213693 0.3524038 -0.7772341 0.5212664 0.3144876 -0.6935674 0.6481218 0.3146256 -0.6936169 0.6480019 0.2688539 -0.5926694 0.7592501 0.2689192 -0.5926411 0.7592491 0.2164772 -0.4770452 0.8518013 0.5598315 -0.8249001 0.07828545 0.5598053 -0.8249177 0.07828652 0.5461622 -0.8047573 0.2325353 0.5461411 -0.8047815 0.2325012 0.5190755 -0.7648791 0.3814718 0.519106 -0.7648305 0.3815276 0.4792698 -0.7061687 0.5211778 0.4794089 -0.7061477 0.5210785 0.4277793 -0.6301009 0.648057 0.4276693 -0.6300904 0.6481397 0.3655127 -0.538573 0.7591704 0.3653478 -0.5385403 0.759273 0.2940468 -0.4334925 0.8518338 0.2942556 -0.4334239 0.8517967 0.2156212 -0.3176497 0.9233667 0.6915403 -0.718091 0.0782141 0.6914562 -0.7181637 0.07828921 0.6745499 -0.7006103 0.2326536 0.6746847 -0.7005183 0.2325402 0.6412719 -0.6658197 0.3813852 0.6411315 -0.6658945 0.3814904 0.5919668 -0.6147782 0.5211749 0.5918815 -0.6148373 0.5212021 0.5281966 -0.5486282 0.6480861 0.5282026 -0.5486702 0.6480456 0.4513933 -0.4687893 0.7592633 0.4515745 -0.4687586 0.7591745 0.3634607 -0.3772709 0.8517999 0.3632472 -0.3774079 0.8518303 0.2662167 -0.2765765 0.9233819 0.2662991 -0.2765012 0.9233807 0.162465 -0.1687271 0.9721813 0.1889003 -0.1385383 0.9721748 0.1887455 -0.1386643 0.972187 0.3093702 -0.2272107 0.9233989 0.3092919 -0.2273645 0.9233873 0.4221581 -0.3102157 0.8517915 0.422075 -0.3103148 0.8517967 0.524351 -0.3854761 0.7592524 0.5243867 -0.385484 0.7592238 0.6136072 -0.451038 0.6481134 0.6136044 -0.4510395 0.648115 0.6876552 -0.5055295 0.5211243 0.6877318 -0.5054495 0.5211005 0.7448838 -0.5474589 0.381362 0.7446768 -0.547594 0.3815721 0.7835125 -0.5761619 0.2326923 0.7836514 -0.5760338 0.2325417 0.8032238 -0.5905222 0.07820093 0.8033144 -0.5904031 0.07816785 0.8917299 -0.445769 0.07815241 0.8917287 -0.4457714 0.07815283 0.869957 -0.4348474 0.2325567 0.8699509 -0.4348713 0.2325348 0.8267903 -0.4132965 0.3815807 0.8267909 -0.4133014 0.3815738 0.7634364 -0.3816254 0.5210828 0.7634444 -0.3815882 0.521098 0.681152 -0.3404986 0.6481456 0.6812224 -0.3404167 0.6481147 0.5821751 -0.2909388 0.7592279 0.5821982 -0.2908688 0.7592369 0.4686399 -0.2341181 0.8518012 0.4685679 -0.2342666 0.8518 0.3433203 -0.1716601 0.9233982 0.3434215 -0.1715296 0.9233847 0.209516 -0.1046928 0.9721844 0.2094995 -0.1047354 0.9721834 0.07048785 -0.03525108 0.9968897 0.06355887 -0.04664134 0.9968876 0.0648216 -0.7587995 0.6480907 0.05540025 -0.6484777 0.7592151 0.1644908 -0.6296866 0.7592349 0.1324002 -0.5068765 0.8517901 0.2164835 -0.4770576 0.8517928 0.158627 -0.3495319 0.9233986 0.2154439 -0.3177114 0.923387 0.1314606 -0.1938841 0.9721764 0.1624343 -0.1687272 0.9721863 0.05463832 -0.05675739 0.9968919 0.9152403 -0.3983514 0.06042718 0.913864 -0.3983809 0.0783931 0.9079396 -0.3951195 0.1397376 0.9046425 -0.3936771 0.1632186 0.891551 -0.388256 0.2332259 0.8895443 -0.3869602 0.2428433 0.8475177 -0.36865 0.381852 0.8472201 -0.3685508 0.3826074 0.8168185 -0.3550723 0.4546771 0.8169563 -0.3551381 0.4543783 0.8167595 -0.3550441 0.4548051 0.8036474 -0.3493556 0.4817692 0.7818216 -0.3405793 0.522265 0.7662193 -0.3327658 0.5497045 0.725792 -0.3152163 0.6114448 0.6973244 -0.3035156 0.6493204 0.6796905 -0.2948467 0.6716295 0.5957083 -0.259161 0.7602415 0.5994567 -0.2606417 0.7567811 0.6299388 -0.2732753 0.7269785 0.4793503 -0.20841 0.852519 0.498525 -0.2159748 0.8395403 0.5590172 -0.2421784 0.7930003 0.2935169 -0.1300773 0.9470627 0.3163048 -0.1389038 0.9384333 0.3158903 -0.1387287 0.9385988 0.3692663 -0.159744 0.9154914 0.4371951 -0.189112 0.8792595 0.3514168 -0.1517708 0.9238355 0.2143931 -0.09259527 0.9723485 0.2191463 -0.09492206 0.9710638 0.07230043 -0.03070408 0.9969103 0.07879447 -0.03391343 0.9963139 -0.9999997 7.73283e-4 0 -0.9990403 0.04380285 -4.18969e-5 -0.9732815 0.2296115 -0.001318097 -0.9820181 0.1887875 -1.41663e-4 -0.9967573 0.08046501 5.10576e-4 -0.9913012 0.1315316 -0.004634439 -0.9959093 0.09032815 -0.002326786 -0.9334498 0.358708 -3.8945e-4 -0.9456906 0.3250682 -2.47668e-7 -0.9709388 0.2393282 -1.08928e-6 -0.9500926 0.3118792 -0.007446289 -0.9594504 0.2818435 -0.004392087 -0.8320903 0.554629 -0.003542125 -0.8585608 0.5127117 -4.20627e-4 -0.9199723 0.3919827 7.62176e-4 -0.8972281 0.4415351 -0.005338609 -0.9182866 0.3959105 -0.00219655 -0.7242091 0.6895682 -0.004116415 -0.7484833 0.6631535 -5.11023e-4 -0.7531474 0.6578495 -0.001768708 -0.776234 0.6304449 -2.21058e-4 -0.8451756 0.5344884 5.82372e-4 -0.8045412 0.5938491 -0.007543921 -0.8208537 0.5711164 -0.005035877 -0.4999537 0.8660523 0 -0.4999539 0.866052 0 -0.6324124 0.774632 0 -0.6324126 0.7746318 0 -0.6964167 0.7176377 0 0.4493288 -0.8899233 0.078359 0.5543217 -0.8286025 0.07839399 0.6885015 -0.7209943 0.07831251 0.9922622 -0.0962814 0.07839447 0.9965978 0.02526217 0.07845264 0.9861016 0.1464174 0.07852143 0.8142704 0.5751731 0.07835626 0.7381961 0.6700145 0.07840311 0.2409828 0.9673597 0.07837426 0.121396 0.9894927 0.07853251 0.0273137 0.07376855 0.9969013 0.02730351 0.07377147 0.9969013 0.08117508 0.2191326 0.9723126 0.08115267 0.2191326 0.9723144 0.1330224 0.3591427 0.9237541 0.1330256 0.3591981 0.9237321 0.1816294 0.4904928 0.8523072 0.1816432 0.4904432 0.8523328 0.225756 0.6094945 0.7599676 0.2257499 0.6095569 0.7599193 0.2641796 0.7134125 0.6490392 0.2642346 0.713415 0.649014 0.2962496 0.7998721 0.5219588 0.2962392 0.7998467 0.5220036 0.3209336 0.8665482 0.382225 0.3209237 0.8665315 0.3822712 0.3377628 0.9118958 0.2331573 0.3377048 0.9119163 0.233161 0.3462445 0.934858 0.07845699 0.03464579 0.07062578 0.996901 0.03464877 0.0706399 0.9969 0.1028882 0.2097705 0.9723222 0.1029243 0.2097902 0.9723141 0.1686971 0.3438852 0.9237339 0.168663 0.343854 0.9237517 0.2303207 0.4695414 0.8523399 0.2303463 0.4695959 0.852303 0.2862927 0.5835548 0.7599344 0.2862249 0.583559 0.7599568 0.3349953 0.6829921 0.6490764 0.3350645 0.6830485 0.6489813 0.3756696 0.7658225 0.5219084 0.3756588 0.7658348 0.5218981 0.4069452 0.8296123 0.3822818 0.4069377 0.829641 0.3822274 0.4282531 0.8730612 0.2331596 0.4282386 0.8730409 0.2332627 0.05423992 0.05702537 0.9968983 0.0541507 0.05702441 0.9969033 0.1610041 0.1693447 0.9723169 0.1610023 0.1693332 0.9723192 0.2638954 0.2776252 0.9237335 0.2639021 0.2776363 0.9237282 0.3604013 0.3791077 0.8522842 0.3603216 0.3790761 0.8523319 0.4478595 0.4710971 0.7599272 0.4477465 0.4710858 0.7600008 0.5240267 0.5513382 0.6491704 0.5242404 0.5514387 0.6489125 0.5876851 0.6182362 0.5219295 0.5876607 0.6182378 0.5219549 0.63669 0.6697486 0.3821815 0.6365994 0.6697568 0.3823182 0.6700004 0.7047876 0.2331821 0.6699607 0.7047915 0.2332842 0.06876212 0.03817552 0.9969024 0.06881022 0.03817993 0.996899 0.2043509 0.1134078 0.9723063 0.204259 0.1133907 0.9723275 0.3349134 0.1858704 0.9237344 0.3348862 0.1858823 0.9237418 0.4572983 0.253835 0.8523181 0.4573332 0.2538301 0.8523008 0.5682565 0.3154022 0.7600039 0.5682801 0.3154473 0.7599676 0.6652883 0.369248 0.6488817 0.6652708 0.3692389 0.6489049 0.7457066 0.413918 0.522105 0.745773 0.413933 0.5219982 0.8079863 0.4484396 0.3821783 0.8079217 0.4484378 0.3823168 0.8502483 0.4719124 0.2331877 0.8502178 0.4719341 0.2332555 0.8716697 0.4837926 0.07833814 0.07227134 0.03102505 0.9969024 0.07231408 0.03102266 0.9968994 0.2147154 0.09213864 0.9723208 0.2147377 0.09216302 0.9723137 0.3519964 0.1510482 0.9237332 0.3519497 0.1510361 0.923753 0.4806019 0.2062709 0.8523346 0.48067 0.2062785 0.8522942 0.5973241 0.256323 0.7599359 0.5972747 0.256312 0.7599784 0.699177 0.3000528 0.6489375 0.6991223 0.2999969 0.6490223 0.7838206 0.3363597 0.5220033 0.7838227 0.3363805 0.5219867 0.8491582 0.3643769 0.3823088 0.8491672 0.3644232 0.3822445 0.8936184 0.3834657 0.2332392 0.8936048 0.3834922 0.2332466 0.07702088 -0.0158354 0.9969038 0.07710397 -0.01583451 0.9968974 0.2288407 -0.04703742 0.9723269 0.2289082 -0.04704523 0.9723106 0.3752011 -0.07709401 0.9237319 0.3751129 -0.07708626 0.9237685 0.5122487 -0.1052848 0.8523593 0.5123831 -0.1052981 0.852277 0.6367876 -0.1308462 0.7598559 0.6366397 -0.1308342 0.7599818 0.7451833 -0.153154 0.6490345 0.7452429 -0.1531434 0.6489686 0.8354933 -0.1717132 0.5219825 0.8355883 -0.1717148 0.5218297 0.9051255 -0.185996 0.3823001 0.9051146 -0.1860012 0.3823235 0.9525433 -0.1957439 0.2331219 0.952525 -0.1957614 0.2331814 0.9765138 -0.2006761 0.07842099 0.07509982 -0.02354812 0.9968979 0.07505941 -0.02355009 0.996901 0.222991 -0.0699647 0.9723066 0.2229432 -0.06995916 0.9723179 0.3654572 -0.1146364 0.9237421 0.3654077 -0.1146582 0.9237591 0.4990833 -0.1565958 0.8522873 0.4990716 -0.1565809 0.8522968 0.6202026 -0.1945583 0.7599315 0.6200997 -0.1945878 0.7600079 0.7259078 -0.2277514 0.6489893 0.7258952 -0.227733 0.6490101 0.8139129 -0.2553748 0.5218522 0.8138464 -0.2553527 0.5219664 0.8816622 -0.2766126 0.3823052 0.8816835 -0.2766398 0.3822364 0.9278535 -0.291086 0.2331454 0.927814 -0.2911279 0.2332507 0.06877458 -0.03818243 0.9969013 0.06877934 -0.03817605 0.9969013 0.2042545 -0.1133908 0.9723284 0.2043103 -0.1134004 0.9723156 0.3349135 -0.1858698 0.9237345 0.3349163 -0.1858868 0.92373 0.4573768 -0.2538427 0.8522737 0.4573002 -0.2538322 0.8523179 0.5683593 -0.3154222 0.7599188 0.5681931 -0.3154219 0.7600432 0.6652297 -0.3692515 0.6489398 0.6652568 -0.369234 0.648922 0.7457689 -0.4139154 0.5220181 0.7457506 -0.4139203 0.5220403 0.8079164 -0.448438 0.3823277 0.807962 -0.4484598 0.3822058 0.8502636 -0.4718837 0.2331903 0.8502215 -0.4719423 0.2332257 0.8716738 -0.483796 0.07827144 0.06459945 -0.04493743 0.9968991 0.06456798 -0.04493856 0.996901 0.1918191 -0.1334883 0.9723098 0.1918185 -0.1335041 0.9723078 0.3144298 -0.2188194 0.9237164 0.314274 -0.2187964 0.923775 0.4293313 -0.2987913 0.8522901 0.4292757 -0.298817 0.8523091 0.5331323 -0.3711726 0.7602636 0.5331323 -0.3711727 0.7602638 0.5331323 -0.3711728 0.7602637 0.5334104 -0.3713149 0.7599991 0.6244478 -0.4346489 0.6489572 0.6244972 -0.4346194 0.6489292 0.7000375 -0.4872667 0.5220333 0.7000694 -0.4872351 0.5220201 0.7584368 -0.5279046 0.3822177 0.7584246 -0.5278746 0.3822833 0.7981317 -0.5555121 0.2332215 0.7981658 -0.5555332 0.2330543 0.02731728 -0.07377821 0.9969005 0.02730298 -0.0737757 0.9969011 0.08117508 -0.2191326 0.9723126 0.08116769 -0.2191282 0.9723141 0.1330061 -0.3591883 0.9237387 0.1330067 -0.359147 0.9237547 0.1816513 -0.4904618 0.8523204 0.1816515 -0.4904661 0.8523178 0.2257473 -0.6095609 0.759917 0.2257173 -0.6094775 0.7599927 0.2642107 -0.7134062 0.6490334 0.2642779 -0.7135209 0.6488799 0.2962188 -0.7998803 0.5219635 0.2962522 -0.7998497 0.5219916 0.3209091 -0.8664814 0.3823968 0.3209339 -0.8665397 0.3822441 0.3377681 -0.9119102 0.2330939 0.3377285 -0.9118967 0.2332035 0.3462187 -0.9348787 0.07832449 0.01971995 -0.07616358 0.9969004 0.01972013 -0.07616662 0.9969001 0.05857133 -0.226217 0.9723144 0.05855703 -0.2262004 0.9723192 0.09601312 -0.3707795 0.9237446 0.09599083 -0.3708067 0.9237359 0.1311056 -0.5063225 0.8523197 0.1310944 -0.5063431 0.8523093 0.1629233 -0.6291738 0.7599977 0.1629022 -0.6292314 0.7599545 0.1907066 -0.7365394 0.6489537 0.1907036 -0.7365437 0.6489495 0.2138127 -0.8257386 0.5219579 0.2137827 -0.8256769 0.5220678 0.2316265 -0.8945692 0.382224 0.2316027 -0.8945311 0.3823275 0.243753 -0.9413777 0.2332221 0.2437322 -0.9414031 0.2331414 0.003986239 0.07856893 0.9969008 0.003982543 0.07857012 0.9969007 0.01183652 0.2333477 0.9723213 0.01183354 0.2333698 0.9723161 0.01940101 0.3825138 0.9237461 0.01940017 0.3825623 0.9237261 0.0264889 0.522376 0.8523039 0.02648824 0.5223029 0.8523486 0.03292113 0.6491543 0.7599442 0.03291541 0.649093 0.7599967 0.03853362 0.7598823 0.6489176 0.03853839 0.7598438 0.6489624 0.04320174 0.8518446 0.5220099 0.04319876 0.8518673 0.5219733 0.04680234 0.9228825 0.382227 0.04680281 0.9228175 0.3823837 0.04925394 0.9711598 0.2332867 0.04925197 0.9712191 0.23304 0.05049228 0.9956538 0.07825744 0.05049347 0.9956406 0.07842355 0.01191461 0.07775825 0.996901 0.01191085 0.07776701 0.9969005 0.03538554 0.2309686 0.9723175 0.03539282 0.2309618 0.9723189 0.05800682 0.3786355 0.9237264 0.05799722 0.3786287 0.9237298 0.07919132 0.5169599 0.8523387 0.07920247 0.5169991 0.8523139 0.09843116 0.6424594 0.759972 0.09840553 0.6424464 0.7599862 0.1152094 0.7520536 0.6489548 0.11522 0.7520457 0.648962 0.1291596 0.8431351 0.521959 0.1291569 0.8431425 0.5219478 0.1399255 0.9133663 0.3823387 0.1399268 0.9133903 0.382281 0.1472489 0.9611428 0.2334998 0.147249 0.9611428 0.2334998 0.1472489 0.9611429 0.2334998 0.1472443 0.9612012 0.2332625 0.1417843 0.925484 -0.3512502 0.1713501 0.9820874 0.07838082 0.2896686 0.9539048 0.07847207 0.245761 0.9491698 -0.1966683 0.2437283 0.9413961 0.2331737 0.2437477 0.9413693 0.2332614 0.2316344 0.894568 0.382222 0.2316193 0.8945463 0.382282 0.2137919 0.8257084 0.5220142 0.2138133 0.8257574 0.5219278 0.1906923 0.7364672 0.6490398 0.1906824 0.7365434 0.6489561 0.1629223 0.6292206 0.7599592 0.1629327 0.6292342 0.7599456 0.131087 0.5063625 0.8522988 0.1311008 0.5063202 0.8523218 0.0959832 0.370761 0.9237552 0.09601795 0.3708142 0.9237301 0.05857783 0.2262245 0.9723123 0.05856895 0.2261999 0.9723185 0.01972138 0.0761556 0.9969009 0.01971542 0.07616198 0.9969006 0.5116831 0.8555846 0.07845753 0.4493218 0.8899279 0.07834684 0.4271488 0.8707923 -0.2434437 0.4036695 0.9115248 0.07857125 0.3462224 0.9348703 0.0784077 0.5543141 0.8286271 0.07818704 0.5543364 0.8285809 0.07851868 0.4983551 0.7995576 -0.3351861 0.5143533 0.8252776 0.2331471 0.5144066 0.8253255 0.23286 0.5144066 0.8253255 0.23286 0.514414 0.8253473 0.2327669 0.4887865 0.7841872 0.3822806 0.4888015 0.7842055 0.3822236 0.4512062 0.7238895 0.5219166 0.4511985 0.7239156 0.5218871 0.402442 0.6456164 0.6490147 0.4024051 0.6456525 0.6490016 0.3437926 0.5515959 0.7599662 0.3438406 0.551598 0.7599431 0.2766901 0.4439055 0.8522855 0.2766604 0.443865 0.8523162 0.2025449 0.3250113 0.9237658 0.2026216 0.3250259 0.9237439 0.1236189 0.1982946 0.9723156 0.1236085 0.1983013 0.9723156 0.04163128 0.06676489 0.9968999 0.04161643 0.06676495 0.9969005 0.04812425 0.06221014 0.9969022 0.04813349 0.06221848 0.9969012 0.1430279 0.1847698 0.9723185 0.143029 0.1847606 0.9723201 0.2344332 0.302843 0.9237571 0.2344264 0.3029152 0.9237353 0.3201802 0.4136404 0.8522831 0.320172 0.4136366 0.852288 0.3978952 0.5139716 0.7599425 0.3978218 0.5139838 0.7599727 0.4656468 0.6015992 0.6490389 0.4656438 0.6015517 0.6490852 0.5221554 0.6745015 0.5219211 0.522111 0.6745274 0.521932 0.565618 0.7307089 0.3822839 0.565631 0.7307339 0.3822166 0.5952584 0.7689548 0.2331867 0.5952103 0.7689941 0.23318 0.610237 0.7883311 0.07838952 0.6102247 0.7883443 0.07835274 0.6868196 0.7225915 0.07836037 0.6906341 0.723174 -0.00663048 0.6511521 0.7548798 0.0784704 0.05972337 0.05124837 0.9968987 0.05968362 0.05123949 0.9969014 0.1772856 0.1521807 0.9723224 0.1772989 0.1522427 0.9723103 0.290724 0.2495052 0.9237027 0.2905389 0.2494702 0.9237705 0.3968449 0.3406788 0.8523216 0.3968417 0.340689 0.8523191 0.4931381 0.4233695 0.7599822 0.4931589 0.4233779 0.7599641 0.5772731 0.4956033 0.6489478 0.5772728 0.4955672 0.6489756 0.6472262 0.5555837 0.5219436 0.6471918 0.5555983 0.5219705 0.7011037 0.6019015 0.3823197 0.7011276 0.6019017 0.3822755 0.7378184 0.633393 0.2333183 0.7378167 0.6334416 0.2331918 0.707674 0.6074951 -0.3607593 0.7711777 0.6317757 0.07838594 0.8423443 0.5332007 0.07844305 0.8125556 0.5655804 -0.1409691 0.7981395 0.5555326 0.2331458 0.7981538 0.5554884 0.2332019 0.7584424 0.5279164 0.3821902 0.7584326 0.5278722 0.3822712 0.7000365 0.4872195 0.5220787 0.7000712 0.4872621 0.5219923 0.6245187 0.434674 0.6488721 0.6244128 0.4346367 0.6489989 0.5333769 0.3712922 0.7600337 0.5335336 0.3712839 0.7599277 0.4292698 0.2987971 0.852319 0.4292648 0.2987912 0.8523236 0.3143451 0.218814 0.9237465 0.3143823 0.2187784 0.9237424 0.1918088 0.133498 0.9723105 0.1917877 0.1335176 0.972312 0.06457787 0.04493969 0.9969003 0.06459045 0.04493695 0.9968997 0.9462669 0.3137463 0.07837295 0.9214734 0.3804481 0.07839673 0.8816872 0.3783506 -0.2819197 0.9010112 0.4266608 0.07835477 0.8716542 0.4838303 0.07827699 0.9609308 0.2654014 0.07857716 0.9064537 0.284396 -0.312187 0.9278352 0.2911273 0.233167 0.927827 0.2911049 0.2332273 0.8816412 0.2766282 0.3823425 0.8816967 0.2766314 0.3822123 0.8139237 0.2553744 0.5218356 0.8138475 0.2553474 0.5219674 0.7259466 0.2277379 0.6489508 0.7258598 0.2277452 0.6490452 0.6201339 0.1945719 0.759984 0.6201625 0.1945664 0.7599621 0.4991043 0.1565955 0.8522751 0.4990502 0.1565883 0.8523081 0.3653908 0.1146391 0.9237681 0.365485 0.1146526 0.9237291 0.2230415 0.06996303 0.972295 0.2229802 0.06996107 0.9723094 0.07503861 0.02354824 0.9969026 0.07505512 0.02355015 0.9969013 0.07708179 0.01583445 0.9968991 0.0770387 0.0158354 0.9969024 0.2288886 0.04704678 0.9723151 0.2288901 0.04703617 0.9723153 0.3751558 0.07708418 0.9237511 0.3751167 0.07709705 0.923766 0.5123923 0.1053007 0.8522711 0.5122957 0.1052794 0.8523318 0.6366441 0.1308304 0.7599788 0.6367075 0.1308594 0.7599207 0.7451912 0.1531566 0.6490247 0.7452565 0.153138 0.6489542 0.8355662 0.1717283 0.5218607 0.8355159 0.1716948 0.5219524 0.905119 0.1859947 0.3823162 0.9051191 0.1860026 0.3823122 0.9525358 0.1957424 0.2331536 0.9525359 0.1957651 0.233134 0.9765086 0.2006729 0.07849401 0.976514 0.2006759 0.07842063 0.07827508 0.007958054 0.9969002 0.07830518 0.007959604 0.9968978 0.2324213 0.02363991 0.9723279 0.2324515 0.02364546 0.9723205 0.3811004 0.03874647 0.9237214 0.3809726 0.03874224 0.9237744 0.5203432 0.05291128 0.8523165 0.520405 0.052926 0.8522778 0.6467362 0.06576752 0.7598732 0.646573 0.06575566 0.7600129 0.756871 0.076972 0.649016 0.7568396 0.07695782 0.6490542 0.8485825 0.08629339 0.5219781 0.848617 0.08628541 0.5219235 0.9192932 0.09348034 0.3823109 0.9193276 0.09348726 0.3822265 0.9674642 0.09837335 0.2331009 0.9674196 0.09837949 0.2332824 0.9919734 0.1008679 -0.07625347 0.9922617 0.09628564 0.07839494 0.078749 0 0.9968945 0.07867205 0 0.9969006 0.2336577 0 0.972319 0.2337465 0 0.9722977 0.3829275 0 0.9237784 0.3829341 0 0.9237758 0.523113 0 0.8522633 0.5231046 0 0.8522686 0.649998 0 0.7599359 0.6498678 0 0.7600473 0.7607274 0 0.6490716 0.7607349 0 0.6490628 0.8529738 0 0.5219539 0.852961 0 0.5219748 0.9240736 0 0.3822147 0.9240697 0 0.382224 0.9724111 0 0.2332741 0.9724142 0 0.2332611 0.9313831 0 -0.3640409 0.9965981 -0.0252608 0.07844889 0.986101 -0.1464205 0.0785225 0.9919719 -0.1008746 -0.07626426 0.9674556 -0.09838044 0.233133 0.9674288 -0.09836888 0.2332488 0.9192859 -0.09348553 0.382327 0.9193286 -0.09348511 0.3822245 0.8486073 -0.08628928 0.5219387 0.8483566 -0.08628284 0.5223472 0.8483566 -0.08628284 0.5223472 0.8485849 -0.08629328 0.5219743 0.7569267 -0.0769611 0.6489522 0.7567742 -0.07696837 0.6491293 0.6466643 -0.06576871 0.7599341 0.6466862 -0.06575185 0.7599169 0.5203478 -0.05291396 0.8523135 0.520415 -0.05292272 0.852272 0.3810105 -0.03874683 0.9237585 0.3809591 -0.03874391 0.9237798 0.2324967 -0.02364039 0.9723099 0.2324551 -0.02364432 0.9723197 0.07822173 -0.007958471 0.9969043 0.07837724 -0.007959246 0.996892 0.9214752 -0.3804507 0.07836341 0.9462667 -0.3137468 0.07837361 0.9064597 -0.2843878 -0.3121771 0.9609313 -0.2654015 0.0785706 0.9765064 -0.2006857 0.07849019 0.9010112 -0.4266608 0.07835477 0.8816819 -0.3783622 -0.2819202 0.8936057 -0.3835029 0.2332265 0.8936261 -0.3834573 0.2332232 0.8491443 -0.3643944 0.3823229 0.8491742 -0.3644158 0.3822361 0.7837923 -0.3363569 0.5220478 0.7838487 -0.3363693 0.5219548 0.6992282 -0.3000255 0.6488949 0.699073 -0.3000218 0.6490639 0.5972628 -0.2563366 0.7599796 0.5973281 -0.2563155 0.7599351 0.4806618 -0.2062774 0.8522992 0.4806478 -0.2062695 0.8523091 0.3519333 -0.1510414 0.9237584 0.3519685 -0.1510439 0.9237445 0.2147472 -0.09213876 0.9723138 0.2147146 -0.0921579 0.9723193 0.07233601 -0.03102582 0.9968976 0.07225292 -0.03102332 0.9969038 0.7711816 -0.6317613 0.0784648 0.8142802 -0.575148 0.07843965 0.8125556 -0.5655747 -0.1409927 0.8423661 -0.5331756 0.07837784 0.8716708 -0.4838012 0.07827246 0.738184 -0.6700289 0.07839512 0.7076667 -0.6075428 -0.3606933 0.7378141 -0.6333931 0.2333313 0.7378526 -0.6334421 0.2330766 0.7011722 -0.6019063 0.3821862 0.7011235 -0.6018947 0.3822941 0.6471546 -0.5555893 0.5220264 0.6471834 -0.5555558 0.5220263 0.5772825 -0.4955906 0.6489491 0.5772629 -0.4955857 0.6489703 0.4931006 -0.4233782 0.7600019 0.4931765 -0.4233451 0.759971 0.3968418 -0.3406883 0.8523193 0.3969146 -0.3407198 0.8522728 0.2905941 -0.2495077 0.923743 0.2906005 -0.2494741 0.9237501 0.1773097 -0.1522009 0.9723148 0.1773365 -0.1522255 0.9723061 0.05968159 -0.05124485 0.9969013 0.05971741 -0.05123621 0.9968996 0.6511255 -0.7549024 0.07847273 0.6889706 -0.7247837 -0.002861142 0.6699883 -0.704813 0.2331401 0.669949 -0.7048078 0.2332689 0.6366735 -0.6697316 0.3822389 0.636659 -0.6697795 0.3821789 0.5876209 -0.6182014 0.522043 0.5876326 -0.6182084 0.5220215 0.5241799 -0.5513739 0.6490165 0.5241392 -0.5514577 0.6489781 0.4477996 -0.471108 0.759956 0.4478085 -0.4710769 0.7599699 0.3603407 -0.379076 0.852324 0.3603597 -0.3790842 0.8523122 0.2638951 -0.2776284 0.9237327 0.2638986 -0.2776291 0.9237313 0.1610233 -0.1693379 0.972315 0.1610084 -0.1693576 0.972314 0.05419087 -0.05702865 0.9969008 0.05418938 -0.0570178 0.9969015 0.04809606 -0.06221652 0.9969033 0.04814189 -0.0622105 0.9969013 0.1429908 -0.184765 0.9723248 0.1430582 -0.1847738 0.9723133 0.2344834 -0.3029087 0.9237228 0.2343922 -0.302846 0.9237665 0.3201736 -0.4135895 0.8523101 0.3201898 -0.4136362 0.8522815 0.3978291 -0.5139719 0.7599771 0.3978113 -0.51401 0.7599605 0.465663 -0.6015765 0.6490484 0.4656546 -0.6015473 0.6490814 0.5220701 -0.6744779 0.5220367 0.5221942 -0.6745563 0.5218114 0.5656097 -0.7307415 0.3822339 0.5656014 -0.7306963 0.3823325 0.5952941 -0.7689575 0.233087 0.5952147 -0.7689903 0.2331816 0.6102175 -0.7883493 0.07835775 0.6102161 -0.7883558 0.07830423 0.04158711 -0.06676763 0.9969016 0.04164493 -0.06676346 0.9968994 0.123589 -0.1982901 0.9723203 0.1236297 -0.1983219 0.9723087 0.2026039 -0.3250143 0.9237518 0.2025583 -0.3250158 0.9237613 0.2766851 -0.4439079 0.8522859 0.2766742 -0.4438766 0.8523057 0.3438506 -0.5516057 0.7599329 0.3437992 -0.5516148 0.7599495 0.402345 -0.6455868 0.6491042 0.402464 -0.6456211 0.6489963 0.4512175 -0.7239208 0.5218635 0.45124 -0.7239153 0.5218515 0.4887666 -0.78417 0.3823411 0.488784 -0.7841486 0.3823627 0.5143767 -0.8252504 0.2331917 0.5143698 -0.8252534 0.2331965 0.4983499 -0.7995492 -0.3352143 0.5116856 -0.8555889 0.078395 0.4036731 -0.9115328 0.07846122 0.427137 -0.8707849 -0.2434906 0.4282371 -0.8730813 0.233114 0.4282788 -0.8730382 0.2331986 0.4069166 -0.8295734 0.3823962 0.4069224 -0.8296086 0.3823139 0.375642 -0.7657657 0.5220116 0.3756648 -0.7658472 0.5218757 0.3350446 -0.6830382 0.6490024 0.3350178 -0.6830076 0.6490483 0.2860736 -0.5832163 0.7602768 0.2860737 -0.5832163 0.7602768 0.2860736 -0.5832163 0.7602768 0.2862576 -0.5835406 0.7599587 0.2303261 -0.4695502 0.8523336 0.2303401 -0.4695854 0.8523105 0.16869 -0.3438881 0.9237342 0.1686687 -0.3438481 0.9237529 0.1029031 -0.2097893 0.9723165 0.1029068 -0.2097957 0.9723148 0.03464537 -0.07063722 0.9969003 0.03466731 -0.0706318 0.9969 0.1713486 -0.9820783 0.07849824 0.2409793 -0.9673564 0.07842594 0.2457602 -0.9491666 -0.1966841 0.2896686 -0.9539048 0.07847207 0.3462519 -0.9348593 0.07840675 0.1213863 -0.9895101 0.078327 0.1417796 -0.9254533 -0.351333 0.1472444 -0.9612225 0.2331748 0.1472669 -0.9612302 0.2331289 0.1399139 -0.9133676 0.3823397 0.1399336 -0.9133847 0.382292 0.129163 -0.8431005 0.5220139 0.1291483 -0.8431093 0.5220034 0.1152184 -0.75198 0.6490384 0.1152043 -0.7520754 0.6489303 0.09842199 -0.6425402 0.7599048 0.09843277 -0.6424834 0.7599515 0.07919341 -0.5169674 0.852334 0.07919842 -0.5169786 0.8523268 0.05799251 -0.3785709 0.9237537 0.05800735 -0.3786121 0.9237359 0.03539901 -0.230989 0.9723122 0.03538501 -0.2309786 0.9723153 0.01192224 -0.07776021 0.9969008 0.0119127 -0.07777261 0.9969 0.003979802 -0.07856374 0.9969012 0.003946065 -0.07810062 0.9969377 0.003946065 -0.07810062 0.9969377 0.003946125 -0.07810062 0.9969378 0.01184087 -0.2333927 0.9723106 0.01183199 -0.2333385 0.9723236 0.01939684 -0.3825139 0.9237462 0.01940447 -0.3825638 0.9237253 0.02648741 -0.5223463 0.8523221 0.02649098 -0.5223571 0.8523153 0.03293073 -0.6492199 0.7598877 0.03291708 -0.6491667 0.7599337 0.03852653 -0.7597835 0.6490337 0.03854042 -0.7598419 0.6489647 0.04320263 -0.8519042 0.5219126 0.04319846 -0.8518403 0.5220174 0.04679876 -0.9228116 0.3823987 0.04680407 -0.9228838 0.3822237 0.04925972 -0.9711901 0.2331598 0.04925006 -0.9711717 0.2332383 0.05049622 -0.9956483 0.07832407 0.05049318 -0.9956471 0.07834094 0 -0.1689981 -0.9856164 0 -0.04242688 -0.9990996 -0.00306195 0 -0.9999954 0 0.04243582 -0.9990992 0 0.1689981 -0.9856164 0 0.1689805 -0.9856194 0 0.3331695 -0.942867 0 0.3331528 -0.9428728 0 0.4876968 -0.8730131 0 0.4876742 -0.8730257 0 0.6282 -0.778052 0 0.6282 -0.7780519 0 0.7506642 -0.660684 0 0.7506904 -0.6606542 0 0.8515238 -0.5243159 0 0.8515475 -0.5242775 0 0.9279046 -0.3728179 0 0.9278863 -0.3728635 0 0.977545 -0.2107272 0 0.9991035 -0.04233539 0 0.9991012 -0.0423882 0 0.9919089 0.1269519 0 0.9919156 0.1268998 0 0.9561577 0.2928526 0 0.892938 0.4501797 0 0.8929381 0.4501798 0 0.803982 0.5946536 0 0.6919416 0.7219536 0 0.691968 0.7219282 0 0.5599493 0.8285269 0 0.4119104 0.9112244 0 0.2519772 0.9677332 0 0.2519643 0.9677366 0 0.08482843 0.9963957 0 -0.08482843 0.9963957 0 -0.2519515 0.9677399 0 -0.2519643 0.9677366 0 -0.4118905 0.9112334 0 -0.4119303 0.9112155 0 -0.5599738 0.8285103 0 -0.691968 0.7219282 0 -0.803982 0.5946536 0 -0.8929167 0.450222 0 -0.8929167 0.4502219 0 -0.9561725 0.2928043 0 -0.9561577 0.2928526 0 -0.9919022 0.1270039 0 -0.9919022 0.127004 0 -0.999099 -0.04244101 0 -0.9990968 -0.04249382 0 -0.9775558 -0.2106766 0 -0.9278863 -0.3728635 0 -0.9279046 -0.3728179 0 -0.8515003 -0.5243543 0 -0.8515238 -0.5243159 0 -0.7506904 -0.6606542 0 -0.6282259 -0.7780311 0 -0.6282517 -0.7780101 0 -0.4876968 -0.8730131 0 -0.4876742 -0.8730257 0 -0.3331196 -0.9428846 0 -0.3331363 -0.9428788 0 -0.169007 -0.9856149 -0.1953021 -0.9807418 0.001624345 -0.2571842 -0.9663624 -3.51097e-4 -0.2571848 -0.9663623 -3.50287e-4 -0.2571842 -0.9663624 -3.50442e-4 -0.257013 -0.966408 0 -0.25776 -0.9662082 -0.001257181 -0.2577595 -0.9662083 -0.001257002 -0.2577597 -0.9662082 -0.001256763 -0.2764571 -0.9375827 -0.210974 -0.2761839 -0.9376202 -0.2111652 -0.2764571 -0.9375827 -0.210974 -0.2775888 -0.9374589 -0.2100366 -0.2191946 -0.9676746 -0.1247392 -0.2659168 -0.961079 -0.07493644 -0.2397546 -0.9704587 -0.02697688 -0.2361843 -0.9713919 -0.02479547 -0.2361844 -0.9713919 -0.02479541 -0.2361846 -0.9713919 -0.02479529 -0.2336962 -0.9720327 -0.02320963 -0.2336964 -0.9720326 -0.02320975 -0.2336549 -0.9720431 -0.02318918 -0.2551845 -0.9668923 3.88396e-4 -0.2551842 -0.9668924 3.88668e-4 -0.2551848 -0.9668923 3.88573e-4 -0.2317864 -0.9585898 -0.1654715 -0.2077407 -0.9707896 -0.1200481 -0.175571 -0.9798154 -0.09558612 -0.1611616 -0.9841738 -0.07368147 -0.1382287 -0.9886184 -0.05938506 -0.1234731 -0.9915035 -0.04092907 -0.06933277 -0.9975905 0.00249952 -0.06260502 -0.9980098 -0.00756663 0.08520805 -0.9362677 -0.3407966 0.08520805 -0.9362677 -0.3407967 0.08520805 -0.9362677 -0.3407967 0.08457469 -0.93633 -0.3407834 0.2520734 -0.9093493 -0.3309727 0.2520558 -0.9093559 -0.330968 0.4118996 -0.8562772 -0.3116539 0.411876 -0.8562876 -0.3116567 0.5599073 -0.7785858 -0.283387 0.5599249 -0.7785779 -0.2833738 0.6919595 -0.678399 -0.246915 0.6919603 -0.678398 -0.2469153 0.8040676 -0.5586836 -0.2033417 0.804082 -0.5586668 -0.2033312 0.8928882 -0.4231247 -0.1540002 0.8928818 -0.4231359 -0.1540077 0.9561801 -0.2751226 -0.1001362 0.9561811 -0.27512 -0.1001339 0.9918986 -0.1193714 -0.04344713 0.9918988 -0.1193695 -0.04344707 0.999099 0.03988248 0.01451629 0.9990989 0.03988486 0.01451581 0.9775611 0.1979477 0.0720486 0.97756 0.1979536 0.07204878 0.9278995 0.3503459 0.127516 0.9278987 0.3503483 0.1275157 0.8514976 0.4927357 0.1793419 0.8515005 0.492733 0.1793352 0.7506653 0.6208407 0.2259613 0.7506673 0.6208381 0.2259616 0.6283873 0.7309911 0.2660478 0.628393 0.7309858 0.266049 0.4875977 0.8204176 0.2986028 0.4875773 0.8204287 0.2986055 0.3332558 0.8859769 0.322468 0.3332555 0.885978 0.3224653 0.1690187 0.9261719 0.3371028 0.1690161 0.9261751 0.3370956 0 0.9396924 0.3420208 0 0.9396958 0.3420113 -0.169022 0.9261746 0.3370938 -0.1690211 0.9261719 0.3371016 -0.3332498 0.8859791 0.3224681 -0.3332546 0.8859786 0.3224644 -0.4875992 0.8204157 0.2986049 -0.4875863 0.8204274 0.2985942 -0.4878777 0.8202627 0.2985711 -0.4878776 0.8202626 0.2985711 -0.6283795 0.7309949 0.2660557 -0.6283831 0.7309942 0.2660493 -0.6280103 0.7312713 0.2661679 -0.750678 0.6208239 0.2259652 -0.7506763 0.6208291 0.2259566 -0.8515197 0.4927034 0.1793263 -0.8515188 0.4927041 0.1793282 -0.9278857 0.3503789 0.1275256 -0.9278877 0.3503732 0.1275261 -0.9775577 0.1979634 0.07205253 -0.9775567 0.1979687 0.07205218 -0.9990986 0.03989022 0.01451969 -0.9990986 0.0398907 0.01451921 -0.9918951 -0.1193975 -0.04345649 -0.9918948 -0.1193999 -0.04345786 -0.9561839 -0.2751114 -0.1001301 -0.9561876 -0.2751001 -0.1001258 -0.8928942 -0.4231122 -0.1539999 -0.8928856 -0.4231284 -0.1540058 -0.8040714 -0.5586803 -0.2033363 -0.6919526 -0.678404 -0.2469204 -0.6919515 -0.6784082 -0.2469121 -0.5599157 -0.7785807 -0.2833844 -0.5599254 -0.7785749 -0.2833809 -0.4118967 -0.856279 -0.3116531 -0.4118808 -0.8562845 -0.3116588 -0.2520735 -0.9093511 -0.3309677 -0.2520508 -0.9093551 -0.3309742 -0.08453261 -0.9363355 -0.3407788 -0.08490198 -0.9362974 -0.3407918 -0.08456772 -0.9363268 -0.3407942 -0.08490198 -0.9362972 -0.3407918 0.4894623 0.8720245 0 0.6039382 0.7970312 0 0.6039379 0.7970314 0 0.7071068 0.7071068 0 0.7071062 0.7071074 0 0.7970321 0.6039371 0 0.7970315 0.6039378 0 0.8720278 0.4894565 0 0.8720273 0.4894573 0 0.9306872 0.3658161 0 0.9306874 0.3658155 0 0.9719204 0.2353104 0 0.9719206 0.2353096 0 0.9949463 0.1004091 0 0.9949461 0.10041 0 0.9993381 -0.036381 0 0.999338 -0.03638005 0 0.9850122 -0.1724854 0 0.9850124 -0.1724835 0 0.9522381 -0.3053566 0 0.9522382 -0.3053565 0 0.9016274 -0.4325137 0 0.9016273 -0.432514 0 0.8341292 -0.5515692 0 0.8341295 -0.5515688 0 0.7510102 -0.6602908 0 0.7510095 -0.6602914 0 0.653823 -0.7566477 0 0.6538224 -0.7566481 0 0.5443875 -0.8388339 0 0.5443878 -0.8388338 0 0.4247617 -0.9053053 0 0.4247617 -0.9053053 0 0.2971736 -0.9548235 0 0.2971735 -0.9548235 0 0.1640247 -0.9864562 0 0.02780199 -0.9996135 0 0.02780193 -0.9996135 0 -0.1089444 -0.9940479 0 -0.1089444 -0.9940479 0 -0.2436457 -0.9698644 0 -0.2436458 -0.9698644 0 1.12548e-6 0 -1 -5.2513e-7 0 -1 8.83767e-7 0 -1 2.29185e-6 0 -1 -1.08434e-5 0 -1 -1.8436e-6 0 -1 1.60139e-7 0 -1 -5.4425e-7 0 -1 3.34717e-7 0 -1 1.92744e-7 0 -1 3.57705e-6 0 -1 -8.48738e-6 0 -1 -4.17747e-7 0 -1 4.94725e-7 0 -1 5.01132e-7 0 -1 6.03107e-7 0 -1 3.07179e-7 0 -1 3.40127e-7 0 -1 -8.71515e-7 0 -1 1.207e-6 0 -1 -1.81319e-6 0 -1 1.23662e-6 0 -1 8.82746e-7 0 -1 -1.20739e-6 0 -1 9.06177e-7 0 -1 4.41143e-7 0 -1 -1.35804e-6 0 -1 5.2684e-7 0 -1 8.82519e-7 0 -1 -9.4305e-7 0 -1 -1.97008e-6 0 1 -4.71366e-7 0 1 1.5497e-6 0 1 -8.83767e-7 0 1 2.21463e-7 0 1 -1.54196e-6 0 1 3.27483e-6 0 1 1.11668e-6 0 1 -4.58091e-7 0 1 8.84358e-7 0 1 -6.14782e-7 0 1 -8.95987e-7 0 1 -1.50874e-7 0 1 1.76845e-6 0 1 -1.54568e-6 0 1 3.06763e-7 0 1 -1.2022e-6 0 1 6.94671e-7 0 1 1.76718e-6 0 1 6.18063e-7 0 1 -2.39417e-6 0 1 9.31825e-7 0 1 -1.76651e-6 0 1 1.77638e-6 0 1 1.81173e-6 0 1 -1.87563e-6 0 1 -1.78015e-6 0 1 -1.81965e-6 0 1 1.88844e-6 0 1 -2.46506e-6 0 1 1.78452e-6 0 1 -1.82829e-6 0 1 -9.5105e-7 0 1 -8.52406e-7 0 1 7.19382e-7 0 1 2.96946e-7 0 1 9.89629e-7 0 1 -6.26157e-7 0 1 -0.2003738 -0.9797196 0 -0.6121075 -0.7907745 -4.56902e-4 -0.6163498 -0.7874724 6.05029e-4 -0.6530759 -0.7572926 1.0341e-5 -0.693933 -0.7200396 -1.61268e-4 -0.6906343 -0.7232037 8.13034e-4 -0.7430205 -0.6692686 -3.57636e-4 -0.7404695 -0.6720901 0 -0.7764391 -0.6301923 0 -0.7735565 -0.6337271 6.00212e-4 -0.8194171 -0.5731973 -8.14842e-4 -0.8167968 -0.5769257 0 -0.8477972 -0.5303207 0 -0.8449558 -0.5348362 2.65858e-4 -0.8798069 -0.4753299 -0.001229286 -0.8743478 -0.4852977 0.001403331 -0.9063743 -0.4224757 -3.41528e-4 -0.9038038 -0.4279471 0 -0.9268965 -0.3753172 0 -0.9243197 -0.3816172 0.001213669 -0.9513104 -0.3082334 -9.60585e-4 -0.94919 -0.3147037 0 -0.9658915 -0.2589472 0 -0.9639066 -0.2662398 7.31108e-4 -0.979529 -0.201299 -0.001330673 -0.9819058 -0.1893686 8.1186e-4 -0.9891616 -0.1468309 0 -0.9903375 -0.1386788 0 -0.9953246 -0.09658426 -6.40212e-4 -0.9964743 -0.08388417 0.001566767 -0.999867 -0.01628583 -9.36347e-4 -0.999679 -0.02533602 0 -0.9993829 0.03512996 0 -0.9996781 0.02533292 0.00140649 -0.9943284 0.1063379 -0.001844406 -0.9953246 0.0965861 0 -0.989162 0.146829 0 -0.987553 0.157287 1.98991e-4 -0.9795284 0.201299 -0.001729309 -0.9748968 0.2226496 0.001850843 -0.963907 0.2662391 -2.24173e-4 -0.9608167 0.2771847 0 -0.9453297 0.3261165 0 -0.949188 0.3147014 0.002292454 -0.919653 0.392728 -0.001814365 -0.9243203 0.3816176 0 -0.898254 0.4394769 0 -0.9038009 0.4279513 0.00139141 -0.8743477 0.485296 -0.00197947 -0.8646135 0.5024364 0.001069486 -0.8449608 0.5348284 0 -0.8376421 0.5462194 0 -0.8167963 0.5769253 -0.001006007 -0.8045398 0.593895 0.00216794 -0.7644243 0.6447115 -0.001613318 -0.7735591 0.6337242 0 -0.7302737 0.6831547 0 -0.740464 0.6720919 0.00233978 -0.6796709 0.7335112 -0.002972424 -0.6906327 0.7232058 0 -0.6531338 0.7572426 0 -0.6410764 0.7674771 1.48605e-4 -0.612106 0.7907726 -0.002249658 -0.58622 0.8101486 0.002357184 -0.5560526 0.8311471 -1.27204e-4 -0.4999561 0.8660507 3.81295e-4 -0.5132302 0.8582439 0.003497004 -0.4351958 0.9003317 -0.002765893 -0.4507049 0.8926731 0 -0.40491 0.9143565 0 -0.3883597 0.9215075 8.48382e-4 -0.3473042 0.9377494 -0.002405405 -0.3216162 0.9468693 0.001228094 -0.2905546 0.9568585 0 -0.2725419 0.962144 0 -0.2417232 0.9703444 -0.001247227 -0.0506497 0.9987165 0 -0.03037941 0.9995296 -0.004197537 -0.1217685 0.9925527 0.003397643 -0.1016098 0.9948244 0 -0.1718866 0.9851168 0 -0.1526115 0.9882834 -0.002388656 -0.2133731 0.9769675 0.002544283 -0.5560507 -0.8311485 1.95718e-4 -0.5579722 -0.8298597 0 -0.5132332 -0.8582492 0 -0.5145758 -0.8574449 -2.06219e-4 -0.4507042 -0.8926734 2.60179e-4 -0.4520989 -0.8919678 0 -0.4049124 -0.9143555 0 -0.4056639 -0.9140225 -3.89519e-5 -0.3473049 -0.9377523 1.70797e-4 -0.3481318 -0.9374457 -1.40877e-5 -0.2905545 -0.9568585 1.80977e-6 -0.290611 -0.9568414 0 -0.2417235 -0.9703452 0 -0.2697471 -0.9629187 -0.004908263 -0.1718826 -0.9850928 0.006976902 -0.2003738 -0.9797196 0 -0.1217677 -0.9925587 0 -0.07133698 -0.9974506 0.001847803 -0.05064642 -0.9987167 0 -1 0 0 -1 0 0 -1 0 0 -1 0 0 -1 -1.20952e-7 0 -1 0 0 -1 0 0 -1 0 0 -1 0 0 -1 0 0 -1 0 0 -1 0 0 -1 0 0 -1 0 0 -1 0 0 -1 0 0 -1 0 0 -1 0 0 -1 0 0 -1 0 0 -1 0 0 -1 0 0 -1 0 0 -1 0 0 -1 0 0 -1 0 0 -1 0 0 -1 0 0 -1 0 0 -1 0 0 -1 0 0 -1 0 0 1 -4.94536e-7 0 1 -7.7109e-7 0 1 0 0 1 -3.86188e-6 0 1 1.98186e-6 0 1 4.257e-6 0 1 1.02434e-6 0 1 -8.35871e-7 0 1 8.7433e-7 0 1 0 0 1 -3.53604e-6 0 1 0 0 1 6.24189e-6 0 1 -4.98538e-7 0 1 -1.81484e-7 0 1 7.17704e-7 0 1 0 0 1 0 0 1 8.98354e-6 0 1 -2.61262e-6 0 1 1.87118e-6 0 1 -2.8632e-6 0 1 2.47143e-7 0 1 -3.24697e-6 0 1 7.11732e-7 0 1 -2.35742e-5 0 1 -5.3622e-6 0 1 2.22998e-7 0 1 3.72825e-6 0 1 -4.65755e-6 0 1 5.931e-7 0 1 -7.05218e-7 0 1 3.92053e-7 0 1 0 0 1 1.66197e-6 0 1 7.99945e-7 0 0 0 -1 9.49793e-7 0 -1 -5.28886e-6 0 -1 5.5719e-6 0 -1 3.97178e-6 0 -1 2.06089e-6 0 -1 -3.33366e-6 0 -1 8.53767e-6 0 -1 -8.65741e-6 0 -1 4.73516e-5 0.3420466 -0.9396831 -5.30212e-6 0.3420224 -0.9396919 6.99393e-7 0.342018 -0.9396935 -4.78448e-5 0.3420064 -0.9396977 -4.14308e-5 0.3420057 -0.9396979 -6.60833e-7 0.3420239 -0.9396913 0 0.3420203 -0.9396926 2.47645e-5 0.342015 -0.9396946 -2.36205e-5 0.342024 -0.9396913 2.63285e-6 0.3420147 -0.9396947 3.08995e-5 0.3420027 -0.939699 2.73584e-5 0.3420243 -0.9396912 -2.99895e-5 0.3420063 -0.9396978 2.79612e-5 0.3420301 -0.939689 1.22979e-5 0.3420125 -0.9396954 -2.0521e-5 0.342029 -0.9396894 2.26614e-5 0.3420137 -0.939695 -1.62385e-5 0.342033 -0.939688 2.13848e-5 0.3420082 -0.939697 8.55887e-5 0.3419992 -0.9397003 -1.06858e-5 0.3420165 -0.9396939 -8.30087e-7 0.3420197 -0.9396929 -1.58173e-5 0.3420136 -0.939695 9.41539e-5 0.3420534 -0.9396805 9.2693e-6 0.3420163 -0.939694 -2.69839e-5 0.3420317 -0.9396885 4.00896e-5 0.3420023 -0.9396992 1.75913e-5 0.3420116 -0.9396958 9.42792e-6 0.3420207 -0.9396924 3.09321e-6 0.3420222 -0.9396919 -2.04876e-5 0.342036 -0.9396869 2.15293e-5 0.3420015 -0.9396994 -3.91324e-5 0.3420365 -0.9396868 4.14801e-5 0.3420016 -0.9396994 -6.22613e-5 0.342045 -0.9396836 -6.54107e-5 0.3420552 -0.93968 9.34486e-6 0.3420199 -0.9396928 2.51095e-6 0.3420201 -0.9396927 6.30452e-6 0.3420215 -0.9396922 -6.53322e-5 0.341989 -0.939704 -3.20359e-5 0.3419957 -0.9397016 3.15229e-5 0.3420435 -0.9396841 -3.10335e-6 0.3420155 -0.9396944 -1.62006e-5 0.3420117 -0.9396957 8.98073e-6 0.342022 -0.939692 -7.7935e-6 0.3420202 -0.9396926 0 0.3420204 -0.9396926 2.55873e-6 0.3420167 -0.9396939 7.92488e-6 0.3420214 -0.9396922 -2.83865e-6 0.3420191 -0.939693 7.50728e-6 0.3420243 -0.9396911 -3.11918e-6 0.3420193 -0.939693 3.52411e-6 0.3420207 -0.9396924 2.28552e-6 0.3420194 -0.9396929 0 0.3420204 -0.9396926 0 0.3420205 -0.9396925 -2.34972e-6 0.3420202 -0.9396926 8.61692e-7 0.3420195 -0.9396929 -2.55721e-6 0.3420204 -0.9396925 -3.20229e-6 0.3420162 -0.9396941 -3.99148e-6 0.3420204 -0.9396926 -3.65746e-7 0.3420195 -0.9396929 0 0.9396907 0.3420255 0 0.9396896 0.3420285 -7.33058e-6 -0.3420194 0.939693 -8.00853e-6 -0.3420321 0.9396884 5.0566e-5 -0.3420541 0.9396803 -1.5887e-5 -0.3420466 0.939683 5.26469e-5 -0.3419695 0.9397112 -1.52647e-6 -0.3420196 0.9396929 1.98617e-5 -0.3420287 0.9396895 8.02974e-5 -0.3420606 0.9396779 -7.38111e-5 -0.3420602 0.9396781 0 -0.3420196 0.9396928 7.53904e-5 -0.342033 0.939688 3.35328e-7 -0.3420187 0.9396932 -4.22212e-5 -0.3420125 0.9396954 2.00167e-5 -0.3419913 0.9397032 1.01248e-5 -0.3420305 0.9396889 -5.0224e-5 -0.3420401 0.9396854 0 -0.3420208 0.9396924 -8.56152e-5 -0.3419668 0.9397121 -7.50434e-6 -0.3420087 0.9396968 -2.95352e-6 -0.3420233 0.9396915 4.26837e-5 -0.3420534 0.9396806 3.93141e-5 -0.3420411 0.9396851 1.94061e-5 -0.3420281 0.9396898 -1.04041e-5 -0.3420147 0.9396947 -1.21215e-5 -0.3420154 0.9396944 -6.80661e-6 -0.3420178 0.9396936 2.62582e-5 -0.3420339 0.9396877 0 -0.3420192 0.939693 -1.5133e-5 -0.3420124 0.9396954 -1.13388e-5 -0.3420104 0.9396963 0 -0.3420198 0.9396928 1.03827e-5 -0.3420151 0.9396945 1.00098e-4 -0.3419821 0.9397065 -5.77692e-5 -0.3420459 0.9396833 1.74595e-5 -0.342012 0.9396957 3.99527e-6 -0.3420206 0.9396924 1.73988e-6 -0.3420194 0.9396929 3.02026e-5 -0.3420171 0.9396937 -1.20865e-4 -0.3420549 0.93968 1.98463e-4 -0.3419579 0.9397153 1.98464e-4 -0.3419579 0.9397153 2.55478e-6 -0.34202 0.9396927 3.91872e-5 -0.3420414 0.9396849 -8.591e-5 -0.3419824 0.9397065 0 -0.3420186 0.9396933 2.63808e-5 -0.3420107 0.9396961 1.80356e-6 -0.3420205 0.9396926 -1.75684e-6 -0.3420187 0.9396932 5.60678e-6 -0.3420101 0.9396964 5.92817e-5 -0.3419868 0.9397047 5.47969e-7 -0.3420168 0.9396939 -9.79433e-6 -0.3420339 0.9396876 9.34271e-6 -0.3420153 0.9396945 -2.46896e-5 -0.3420347 0.9396874 -1.50063e-6 -0.3420197 0.9396929 3.52934e-7 -0.3420185 0.9396933 2.86508e-5 -0.3420321 0.9396883 1.16206e-5 -0.3420218 0.939692 -6.14876e-6 -0.3420171 0.9396938 -7.02045e-5 -0.3419916 0.9397031 2.66782e-5 -0.3420304 0.939689 0 -0.3420197 0.9396928 -2.67423e-5 -0.3420188 0.9396932 -2.7138e-5 -0.3420162 0.9396941 1 0 0 0.07845747 -0.9969175 0 0.07845723 -0.9969175 0 0.2334409 -0.972371 0 0.2334409 -0.972371 0 0.3826891 -0.9238772 0 0.3826881 -0.9238776 0 0.5225143 -0.8526306 0 0.5225139 -0.8526308 0 0.6494393 -0.7604135 0 0.649441 -0.760412 0 0.7604041 -0.6494503 0 0.760405 -0.6494493 0 0.8526464 -0.5224886 0 0.8526477 -0.5224863 0 0.9238771 -0.3826894 0 0.9238774 -0.3826887 0 0.9723685 -0.2334516 0 0.9723703 -0.2334442 0 0.9969165 -0.07846969 0 0.9969166 -0.07846921 0 0.07845973 0.9367924 0.3409752 0.07844763 0.9367946 0.3409718 0.2334932 0.9137164 0.3325707 0.2334107 0.91374 0.3325638 0.3826304 0.8681874 0.3159822 0.3827087 0.8681519 0.3159851 0.5225281 0.8012012 0.2916184 0.522526 0.801202 0.2916196 0.6494547 0.7145412 0.2600759 0.6494555 0.7145407 0.2600754 0.7604198 0.6102646 0.2221236 0.7603816 0.6103108 0.2221275 0.8526341 0.4909992 0.1787035 0.8526575 0.490961 0.1786971 0.923878 0.3596082 0.1308873 0.9238792 0.3596043 0.1308897 0.9723703 0.2193657 0.07984286 0.9723664 0.2193818 0.07984608 0.9969165 0.07373714 0.02683657 0.9969165 0.07373803 0.02683722 -2.55349e-6 0.3420391 -0.9396858 1.44686e-6 0.341995 -0.9397018 -2.80884e-5 0.3420463 -0.9396832 -1.30211e-5 0.3419973 -0.9397009 -1.02128e-5 0.3419992 -0.9397003 -2.6045e-5 0.3420267 -0.9396904 7.65848e-5 0.3419293 -0.9397257 2.89401e-6 0.3420369 -0.9396865 -2.55371e-5 0.3420497 -0.9396819 4.34088e-6 0.3420245 -0.9396911 2.04256e-5 0.342001 -0.9396997 -4.34086e-6 0.342035 -0.9396873 3.06414e-5 0.3420236 -0.9396914 4.70267e-6 0.3420329 -0.939688 0 0.3420383 -0.939686 0 0.3420391 -0.9396858 -3.06423e-5 0.3420346 -0.9396874 -1.80872e-6 0.3420271 -0.9396902 -2.04273e-5 0.3420266 -0.9396903 4.34072e-6 0.3420262 -0.9396905 2.04289e-5 0.3420377 -0.9396862 -4.34093e-6 0.3420286 -0.9396896 4.77564e-4 0.3422706 -0.9396014 4.77617e-4 0.3422704 -0.9396014 4.7763e-4 0.3422704 -0.9396014 1.44691e-5 0.3420141 -0.9396948 1.53198e-5 0.3420073 -0.9396974 2.31508e-5 0.342022 -0.939692 4.59611e-5 0.3420272 -0.9396901 1.4468e-6 0.342002 -0.9396992 2.04279e-5 0.3420426 -0.9396845 -1.15747e-5 0.3420012 -0.9396996 -2.55321e-5 0.3419852 -0.9397054 7.23496e-6 0.3420241 -0.9396912 7.6599e-6 0.342009 -0.9396967 1.01289e-5 0.3420463 -0.9396831 6.38471e-6 0.3420946 -0.9396656 -1.01276e-5 0.3419882 -0.9397042 2.91239e-6 0.3419856 -0.9397052 1.44689e-6 0.3420216 -0.9396921 -3.32001e-5 0.342123 -0.9396552 -1.88109e-5 0.3420203 -0.9396926 4.34034e-5 0.3419495 -0.9397184 2.60422e-5 0.3419818 -0.9397066 5.10639e-6 0.3420054 -0.9396981 -3.03883e-5 0.3420666 -0.9396757 -5.10721e-6 0.3420411 -0.9396851 3.47231e-5 0.3419989 -0.9397004 -5.10681e-6 0.3420171 -0.9396938 -2.24289e-5 0.3420385 -0.939686 3.57462e-5 0.3420141 -0.9396948 -6.51115e-6 0.3420297 -0.9396892 -9.19271e-5 0.3420582 -0.9396789 4.62971e-5 0.3419869 -0.9397048 1.02134e-4 0.3419926 -0.9397027 -5.20913e-5 0.3420232 -0.9396916 -2.04271e-5 0.3420255 -0.9396907 -2.17039e-6 0.3420241 -0.9396913 2.04278e-5 0.342028 -0.9396898 1.66402e-5 0.3420328 -0.939688 1.02138e-5 0.3420236 -0.9396914 -4.05131e-5 0.3420091 -0.9396967 4.48569e-5 0.3420562 -0.9396796 -5.61668e-5 0.3419398 -0.9397219 -1.73617e-5 0.3419833 -0.9397061 5.61827e-5 0.3421068 -0.9396611 5.78808e-6 0.3420315 -0.9396885 -3.06375e-5 0.3419608 -0.9397143 1.30224e-5 0.3420292 -0.9396893 3.06455e-5 0.3420746 -0.9396728 -1.15753e-5 0.3420111 -0.9396959 -1.0214e-5 0.3420347 -0.9396874 -8.682e-6 0.342049 -0.9396821 0 0.3419424 -0.9397209 5.78814e-6 0.3420359 -0.9396869 0.08488821 -0.9363074 -0.3407676 0.08469039 -0.9363137 -0.3407994 0.2520116 -0.9093585 -0.3309943 0.2520235 -0.9093553 -0.3309943 0.41183 -0.8562998 -0.3116839 0.4119828 -0.8562464 -0.3116286 0.5600363 -0.7785109 -0.2833379 0.559913 -0.7785806 -0.2833898 0.6918768 -0.6784693 -0.2469537 0.691969 -0.6783941 -0.2469015 0.8040453 -0.5587148 -0.2033439 0.8039793 -0.5587919 -0.2033939 0.8929054 -0.4230892 -0.1539987 0.8929448 -0.4230211 -0.1539576 0.9561751 -0.2751399 -0.1001368 0.9561589 -0.2751868 -0.1001629 0.9918999 -0.1193611 -0.043446 0.9919 -0.1193602 -0.04344445 0.9990994 0.03987395 0.01451319 0.9990994 0.03987449 0.0145139 0.9775503 0.1979946 0.07206755 0.9775586 0.1979605 0.07204729 0.9279034 0.3503389 0.1275066 0.9278773 0.3503962 0.1275389 0.8515496 0.492654 0.1793191 0.8515532 0.4926489 0.1793163 0.7506465 0.6208558 0.225982 0.7506426 0.6208605 0.2259825 0.628207 0.7311199 0.2661194 0.6282397 0.7310998 0.2660977 0.4876909 0.8203674 0.2985885 0.4877133 0.8203559 0.2985836 0.3331269 0.8860209 0.3224802 0.3331374 0.8860155 0.3224842 0.1689945 0.9261806 0.3370911 0 0.9396941 0.3420163 0 0.9396954 0.3420127 -0.1689938 0.9261755 0.3371055 -0.1689938 0.9261804 0.3370922 -0.3331283 0.8860199 0.3224816 -0.3331394 0.8860158 0.3224812 -0.4876855 0.8203685 0.2985944 -0.4877071 0.820359 0.2985848 -0.6282064 0.7311236 0.2661107 -0.6282402 0.7310962 0.2661064 -0.750649 0.6208528 0.2259818 -0.7506462 0.6208572 0.2259795 -0.8515539 0.4926479 0.1793155 -0.8515579 0.4926409 0.1793165 -0.9278899 0.3503669 0.1275281 -0.927866 0.3504272 0.1275364 -0.9775581 0.1979627 0.07204866 -0.977566 0.197926 0.07204222 -0.999098 0.03990411 0.01452636 -0.9990975 0.03991425 0.01452636 -0.991898 -0.1193759 -0.04344779 -0.9918997 -0.1193624 -0.04344761 -0.9561675 -0.2751604 -0.1001527 -0.9561509 -0.2752137 -0.1001642 -0.8929057 -0.4230941 -0.153983 -0.8929462 -0.4230123 -0.1539735 -0.8040415 -0.5587135 -0.2033632 -0.8039783 -0.5588001 -0.2033756 -0.6918948 -0.6784617 -0.2469237 -0.6919899 -0.6783678 -0.2469154 -0.5600206 -0.7785136 -0.2833611 -0.5598938 -0.7786002 -0.2833739 -0.4118354 -0.8563089 -0.3116518 -0.4119905 -0.8562328 -0.3116557 -0.2520076 -0.9093605 -0.3309923 -0.2520232 -0.9093548 -0.3309956 -0.08488303 -0.9362972 -0.3407966 -0.08468663 -0.9363232 -0.3407743 0 0.9396929 0.3420197 0 0.939693 0.3420193 0 0.9108475 0.4127432 0 0.9108099 0.4128262 0 0.8374785 0.5464704 0 0.7446169 0.6674921 0 0.6343889 0.7730141 0 0.5094254 0.8605149 0 0.5094254 0.8605149 0 0.3725787 0.9280006 0 0.3725787 0.9280006 0 0.2270689 0.9738788 0 0.2270689 0.9738788 0 0.07627689 0.9970867 0 0.07627695 0.9970867 0 0.8374729 0.5464789 0 0.8374729 0.5464789 0 0.7446002 0.6675108 0 0.7446002 0.6675108 0 0.6344566 0.7729586 0 0.6344075 0.7729988 0 0.509377 0.8605436 0 0.5094208 0.8605176 0 0.3726111 0.9279876 0 0.372611 0.9279876 0 0.2270452 0.9738843 0 0.2270451 0.9738843 0 0.07631421 0.9970839 0.1686462 0.9856767 0 0.1686462 0.9856767 0 0.05645745 0.998405 0 0.05645751 0.998405 0 0.2832219 0.9590544 0 0.2832218 0.9590544 0 -0.4493292 0.889924 0.07835066 -0.5543454 0.8285757 0.07850944 -0.6885048 0.7209951 0.07827657 -0.9922593 0.09629005 0.07841932 -0.8142824 -0.5751411 0.07846564 -0.7382052 -0.670018 0.07828861 -0.240982 -0.9673569 0.07841163 -0.1213907 -0.9895017 0.07842683 -0.02728426 -0.07377821 0.9969014 -0.02732568 -0.07378047 0.9969002 -0.08116984 -0.2191171 0.9723165 -0.08115476 -0.2191388 0.9723129 -0.1329979 -0.3591672 0.9237481 -0.133014 -0.3591664 0.9237461 -0.1816513 -0.4904616 0.8523204 -0.1816535 -0.4904721 0.852314 -0.2257243 -0.6094995 0.7599729 -0.2257418 -0.609534 0.7599401 -0.2642452 -0.7134985 0.6489179 -0.2642386 -0.7134255 0.649001 -0.2962185 -0.7997882 0.5221048 -0.2960971 -0.799605 0.5224543 -0.2960972 -0.799605 0.5224542 -0.320934 -0.8665478 0.3822255 -0.3210636 -0.8666898 0.3817946 -0.3210636 -0.8666898 0.3817946 -0.3210636 -0.8666898 0.3817946 -0.3377631 -0.9118957 0.2331575 -0.3377371 -0.9119149 0.23312 -0.3462179 -0.934879 0.07832437 -0.03465265 -0.07063972 0.9968999 -0.0346601 -0.07062923 0.9969004 -0.1029015 -0.2097975 0.972315 -0.1029074 -0.2097836 0.9723173 -0.1686869 -0.3438614 0.9237446 -0.1686872 -0.3439052 0.9237282 -0.2303336 -0.4695693 0.852321 -0.2303324 -0.4695679 0.8523222 -0.2862926 -0.5835551 0.7599343 -0.2862198 -0.5835486 0.7599667 -0.3350099 -0.6830214 0.6490379 -0.3350526 -0.6830241 0.6490131 -0.3756564 -0.7657957 0.521957 -0.3756502 -0.7658172 0.5219301 -0.4069067 -0.8296023 0.3823442 -0.4069321 -0.82958 0.3823657 -0.4282599 -0.8730749 0.2330963 -0.428264 -0.8730575 0.2331537 -0.05423098 -0.05701577 0.9968993 -0.05414372 -0.05702525 0.9969035 -0.16103 -0.1693739 0.9723075 -0.1610327 -0.1693561 0.9723102 -0.2638549 -0.2775827 0.9237579 -0.2638722 -0.2776058 0.9237459 -0.3603739 -0.3791505 0.8522769 -0.3603779 -0.3790626 0.8523141 -0.4478147 -0.4710474 0.7599845 -0.4477869 -0.4711304 0.7599493 -0.5241398 -0.5514593 0.6489763 -0.5242083 -0.5513997 0.6489716 -0.5876566 -0.6181999 0.5220044 -0.5876129 -0.6182143 0.5220367 -0.6366768 -0.6697274 0.3822406 -0.6366428 -0.6697596 0.3822409 -0.6699754 -0.7048287 0.2331297 -0.6699597 -0.7047833 0.2333121 -0.06870657 -0.03818136 0.996906 -0.06883186 -0.03818196 0.9968973 -0.2042447 -0.1133841 0.9723313 -0.204259 -0.1133909 0.9723275 -0.3349392 -0.1858841 0.9237223 -0.3348836 -0.1858716 0.923745 -0.4573373 -0.2538566 0.8522908 -0.4573562 -0.2538489 0.8522828 -0.5682066 -0.3153724 0.7600538 -0.5683177 -0.3154713 0.7599295 -0.6651854 -0.3692311 0.6489968 -0.6652066 -0.3692075 0.6489886 -0.7458069 -0.4139397 0.5219444 -0.7457845 -0.4139428 0.5219742 -0.8079368 -0.4484503 0.3822703 -0.8078682 -0.4484323 0.3824362 -0.8502786 -0.4718962 0.2331106 -0.850245 -0.4719634 0.2330969 -0.8716793 -0.4838021 0.07817125 -0.07227551 -0.03102695 0.9969021 -0.07231396 -0.03102284 0.9968994 -0.2147154 -0.09213966 0.9723207 -0.2147216 -0.09214717 0.9723187 -0.3519748 -0.1510384 0.923743 -0.3519638 -0.1510632 0.9237432 -0.4806835 -0.2062795 0.8522864 -0.4806325 -0.2062733 0.8523167 -0.5973581 -0.2563385 0.759904 -0.5972213 -0.2563086 0.7600215 -0.6991249 -0.3000262 0.649006 -0.6992311 -0.3000468 0.648882 -0.7838429 -0.3363756 0.5219596 -0.783795 -0.3363555 0.5220446 -0.8492819 -0.3644322 0.381981 -0.8493175 -0.3644419 0.3818926 -0.8492819 -0.3644323 0.381981 -0.8491364 -0.3643944 0.3823404 -0.893655 -0.3834815 0.2330727 -0.8936078 -0.3834878 0.2332426 -0.07702517 -0.015836 0.9969034 -0.07707625 -0.01583504 0.9968996 -0.2288592 -0.04703915 0.9723225 -0.2288769 -0.04704105 0.9723181 -0.3752436 -0.07710325 0.923714 -0.3751557 -0.07709348 0.9237504 -0.5121745 -0.1052654 0.8524063 -0.5123624 -0.1052955 0.8522897 -0.6367529 -0.1308432 0.7598854 -0.6366761 -0.1308448 0.7599496 -0.7451804 -0.1531524 0.6490382 -0.7452254 -0.1531393 0.6489896 -0.8355346 -0.171707 0.5219184 -0.8354488 -0.1716961 0.5220592 -0.9051084 -0.1860063 0.3823359 -0.9051255 -0.1859965 0.3822998 -0.9525277 -0.1957545 0.2331764 -0.9525676 -0.1957685 0.2330017 -0.9765176 -0.200679 0.07836675 -0.07827532 -0.007958352 0.9969 -0.07832378 -0.007959842 0.9968962 -0.2325097 -0.02364271 0.9723067 -0.2324311 -0.02364093 0.9723256 -0.3810466 -0.03874617 0.9237436 -0.3809826 -0.03874957 0.92377 -0.5204064 -0.05291771 0.8522776 -0.5204102 -0.05292242 0.8522748 -0.6466794 -0.06575965 0.759922 -0.6466119 -0.06575286 0.75998 -0.7568552 -0.07696831 0.6490347 -0.7569051 -0.07696825 0.6489767 -0.8485515 -0.08628761 0.5220298 -0.8485222 -0.08629018 0.5220768 -0.919292 -0.09348231 0.382313 -0.9192798 -0.09348607 0.3823416 -0.9674953 -0.09837859 0.232969 -0.9674546 -0.09837734 0.2331385 -0.0767554 0.01578444 0.9969251 -0.07675534 0.01578462 0.996925 -0.07708609 0.0158351 0.9968988 -0.07701987 0.01583594 0.9969038 -0.2289339 0.04704093 0.9723047 -0.2288931 0.04703879 0.9723145 -0.3751968 0.07709258 0.9237338 -0.3751649 0.07710474 0.9237457 -0.5123634 0.1052905 0.8522897 -0.5122104 0.1052689 0.8523844 -0.636686 0.1308431 0.7599414 -0.6366806 0.1308525 0.7599444 -0.7451781 0.153154 0.6490404 -0.745245 0.1531367 0.6489677 -0.8354543 0.1716905 0.5220523 -0.8355422 0.1717015 0.5219081 -0.9051134 0.1860073 0.3823233 -0.9051156 0.1859987 0.3823221 -0.952571 0.1957634 0.2329921 -0.9525286 0.1957598 0.2331681 -0.9765133 0.2006781 0.07842308 -0.07504314 0.02355092 0.9969022 -0.07505893 0.02355045 0.996901 -0.2230225 0.06995433 0.9723001 -0.2229439 0.06995409 0.9723182 -0.3655497 0.1146654 0.923702 -0.3654505 0.114669 0.9237408 -0.4989274 0.1565501 0.852387 -0.4990676 0.1565858 0.8522983 -0.6202717 0.1945769 0.7598704 -0.6200367 0.1945642 0.7600653 -0.7258915 0.2277494 0.6490082 -0.7260227 0.2277686 0.6488548 -0.8138899 0.2553434 0.5219033 -0.8137825 0.2553411 0.5220719 -0.8816453 0.2766252 0.3823353 -0.8816471 0.276617 0.3823369 -0.9278466 0.2911028 0.2331522 -0.9278156 0.2911294 0.2332421 -0.06883466 0.03817915 0.9968973 -0.06878906 0.03818118 0.9969003 -0.2042546 0.1133896 0.9723287 -0.204318 0.1133931 0.9723148 -0.3349289 0.1858789 0.9237271 -0.3348778 0.1858758 0.9237462 -0.457364 0.2538345 0.852283 -0.4573448 0.2538558 0.8522868 -0.5683955 0.3154413 0.7598838 -0.568144 0.3153968 0.7600903 -0.6651782 0.3692271 0.6490065 -0.6652634 0.369221 0.6489225 -0.74582 0.4139469 0.5219201 -0.7457498 0.4139567 0.5220126 -0.8078842 0.4484233 0.382413 -0.8079406 0.4484328 0.3822829 -0.8502566 0.4719212 0.2331397 -0.8502666 0.4719417 0.233062 -0.8716488 0.4838214 0.07839268 -0.06460899 0.04494392 0.9968981 -0.06456673 0.04493772 0.9969012 -0.191743 0.1334819 0.9723258 -0.1918144 0.1335067 0.9723082 -0.3144009 0.2187993 0.923731 -0.3143297 0.2187954 0.9237561 -0.4293013 0.2988173 0.8522961 -0.4292656 0.2987957 0.8523218 -0.5334479 0.3712319 0.7600133 -0.5334217 0.371318 0.7599896 -0.6244416 0.4346425 0.6489675 -0.6244978 0.4346673 0.6488967 -0.7000738 0.487239 0.5220103 -0.7000309 0.4872353 0.5220714 -0.7584227 0.5278937 0.3822609 -0.7584235 0.5278738 0.3822866 -0.798189 0.5555012 0.233051 -0.7981301 0.5555326 0.2331782 -0.02728247 0.07377338 0.9969019 -0.02731895 0.07377356 0.9969008 -0.08116984 0.2191169 0.9723165 -0.08114707 0.2191349 0.9723144 -0.1330305 0.3591656 0.923744 -0.1330136 0.359165 0.9237467 -0.1816191 0.4904646 0.8523256 -0.1816652 0.4905038 0.8522934 -0.2257788 0.6095566 0.759911 -0.2257299 0.6094881 0.7599806 -0.2642222 0.7134369 0.648995 -0.2642252 0.7134001 0.6490342 -0.2962294 0.799908 0.5219153 -0.2962377 0.7998104 0.52206 -0.320934 0.8665478 0.3822255 -0.3209353 0.8665421 0.3822377 -0.3377684 0.9119099 0.233094 -0.3377004 0.9119037 0.233217 -0.3462143 0.934869 0.07845777 -0.01971739 0.07615393 0.9969012 -0.01972097 0.07617026 0.9968998 -0.05856758 0.2262036 0.9723178 -0.05857372 0.2262008 0.9723181 -0.09601312 0.3707795 0.9237446 -0.09599071 0.3708062 0.9237362 -0.1310967 0.5063523 0.8523034 -0.1311007 0.5063648 0.8522953 -0.1629319 0.6292036 0.7599712 -0.162914 0.629213 0.7599673 -0.1906821 0.73651 0.6489942 -0.1906925 0.7365009 0.6490015 -0.2138053 0.8257096 0.5220068 -0.2138 0.8257561 0.5219353 -0.2316264 0.8945694 0.3822238 -0.2316244 0.8945336 0.3823086 -0.2437568 0.9413924 0.2331587 -0.243721 0.9413803 0.233245 -0.003984689 -0.07857966 0.9969 -0.003986239 -0.07856196 0.9969013 -0.01183366 -0.2333337 0.9723247 -0.01183724 -0.2334033 0.9723079 -0.01940131 -0.3825625 0.923726 -0.01940006 -0.3825218 0.9237428 -0.0264858 -0.5223206 0.8523378 -0.0264908 -0.5223563 0.8523157 -0.03292566 -0.649123 0.7599706 -0.0329203 -0.6492342 0.7598758 -0.03852975 -0.759851 0.6489543 -0.03853565 -0.7597928 0.6490224 -0.04320007 -0.8518161 0.5220567 -0.04320073 -0.8519104 0.5219027 -0.04680091 -0.9228596 0.3822825 -0.04680365 -0.9228397 0.3823304 -0.04925447 -0.9711753 0.2332221 -0.04925167 -0.9711881 0.2331698 -0.05049568 -0.9956431 0.07839041 -0.05049252 -0.9956505 0.07829964 -0.01191544 -0.07776302 0.9969007 -0.01191192 -0.07777392 0.9968999 -0.03538185 -0.2309985 0.9723106 -0.03539264 -0.2309612 0.9723191 -0.05799967 -0.3785893 0.9237457 -0.05800217 -0.378605 0.9237391 -0.07919144 -0.5169581 0.8523399 -0.07920366 -0.5170102 0.852307 -0.09844261 -0.6425924 0.7598578 -0.09841251 -0.6424376 0.7599928 -0.1151993 -0.7519885 0.649032 -0.1152233 -0.7520675 0.6489361 -0.1291595 -0.8431352 0.5219587 -0.1291563 -0.8431042 0.5220096 -0.1399254 -0.9133664 0.3823384 -0.1399283 -0.9133732 0.3823214 -0.1472595 -0.9612237 0.2331601 -0.1472446 -0.9612377 0.2331116 -0.1417796 -0.9254534 -0.3513329 -0.1713485 -0.9820783 0.07849824 -0.2896686 -0.9539048 0.07847207 -0.245761 -0.9491698 -0.1966683 -0.2437245 -0.9413813 0.2332372 -0.2437625 -0.9414067 0.2330948 -0.2316185 -0.8945717 0.3822233 -0.2316137 -0.8945404 0.382299 -0.213792 -0.8257083 0.5220144 -0.2138034 -0.825707 0.5220115 -0.1907088 -0.7365312 0.6489623 -0.1907013 -0.7365521 0.6489407 -0.1628978 -0.6291903 0.7599895 -0.1629186 -0.6291768 0.7599962 -0.1310961 -0.5063305 0.8523164 -0.1311061 -0.5063406 0.852309 -0.0959832 -0.370761 0.9237552 -0.09602349 -0.3708356 0.9237211 -0.05855751 -0.2262101 0.9723169 -0.05856537 -0.2261872 0.9723218 -0.01972532 -0.0761711 0.9968997 -0.01971757 -0.07617074 0.9968999 -0.5116805 -0.8555919 0.07839423 -0.4493218 -0.8899279 0.07834684 -0.4271303 -0.8708003 -0.2434471 -0.4036707 -0.9115275 0.07853454 -0.3462521 -0.9348593 0.07840681 -0.554317 -0.8286065 0.07838404 -0.4983343 -0.7995233 -0.335299 -0.5143502 -0.8252705 0.2331792 -0.5143972 -0.8252326 0.2332093 -0.4887936 -0.7841437 0.3823605 -0.4887508 -0.7841648 0.3823718 -0.4512487 -0.723904 0.52186 -0.4511921 -0.7239084 0.5219026 -0.4024415 -0.6456176 0.6490138 -0.4023932 -0.6456335 0.6490279 -0.3438102 -0.5516235 0.7599382 -0.3438296 -0.5515784 0.7599622 -0.2766746 -0.4438785 0.8523046 -0.2766613 -0.4438665 0.8523151 -0.2025573 -0.3250313 0.9237561 -0.202636 -0.3250501 0.9237322 -0.1236189 -0.1982954 0.9723155 -0.1235852 -0.1982948 0.9723199 -0.04163545 -0.06677174 0.9968993 -0.04159796 -0.06676185 0.9969015 -0.04816192 -0.06221646 0.9969 -0.04811507 -0.0622074 0.9969028 -0.143028 -0.1847681 0.9723188 -0.143051 -0.1847897 0.9723113 -0.2344474 -0.302863 0.923747 -0.2343872 -0.3028614 0.9237629 -0.3201624 -0.4136144 0.8523024 -0.3202252 -0.4136396 0.8522666 -0.3978385 -0.5139876 0.7599616 -0.3977938 -0.5139572 0.7600054 -0.4656624 -0.6015778 0.6490476 -0.4657377 -0.6016331 0.6489422 -0.5221332 -0.6745616 0.5218655 -0.5220972 -0.6744775 0.5220103 -0.5655776 -0.7307074 0.3823463 -0.5655997 -0.7306966 0.3823344 -0.5952612 -0.7689626 0.2331542 -0.5952525 -0.768985 0.2331021 -0.6102202 -0.7883539 0.07829099 -0.61022 -0.7883413 0.07841986 -0.6868297 -0.7226 0.07819372 -0.6906341 -0.723173 -0.006736338 -0.6510665 -0.7549493 0.07851177 -0.05972141 -0.05124694 0.9968988 -0.0596835 -0.05123937 0.9969014 -0.1773141 -0.1522052 0.9723134 -0.177317 -0.1522076 0.9723125 -0.2906455 -0.2494933 0.9237307 -0.2905325 -0.2494732 0.9237716 -0.2909559 -0.2496178 0.9235994 -0.3968448 -0.3406798 0.8523213 -0.3968983 -0.340718 0.852281 -0.4931631 -0.423391 0.7599541 -0.493152 -0.4233627 0.7599771 -0.5772487 -0.4955802 0.6489871 -0.5773099 -0.4956074 0.648912 -0.6471636 -0.5555905 0.522014 -0.6471385 -0.5555258 0.5221139 -0.7011306 -0.6019247 0.3822339 -0.701166 -0.601875 0.382247 -0.7378136 -0.6333867 0.2333503 -0.7378541 -0.6334503 0.2330496 -0.7076427 -0.6075221 -0.3607753 -0.7711862 -0.6317574 0.07844966 -0.8423733 -0.5331801 0.07827085 -0.8125408 -0.5655691 -0.1410999 -0.798143 -0.5555341 0.2331301 -0.7981801 -0.5555239 0.2330273 -0.7584329 -0.527861 0.3822857 -0.7583999 -0.5278971 0.3823013 -0.7001096 -0.4872715 0.5219322 -0.7000005 -0.4872273 0.5221196 -0.6244728 -0.4345902 0.6489724 -0.6244732 -0.4346725 0.6489168 -0.5333365 -0.3712631 0.7600764 -0.5335283 -0.3712891 0.7599289 -0.4292939 -0.2988166 0.8523002 -0.4293394 -0.2988122 0.8522788 -0.3143596 -0.2188237 0.9237394 -0.3143476 -0.2187945 0.9237503 -0.1918355 -0.1334707 0.9723089 -0.1917629 -0.1334946 0.97232 -0.06458425 -0.04494428 0.9968997 -0.06459063 -0.04493677 0.9968997 -0.9462691 -0.3137398 0.07837259 -0.921477 -0.3804467 0.07836246 -0.8816996 -0.3783817 -0.2818393 -0.9009996 -0.426663 0.07847678 -0.8716641 -0.4837943 0.07838934 -0.9609366 -0.2654162 0.07845568 -0.9064962 -0.2843913 -0.3120678 -0.9278334 -0.2911267 0.2331749 -0.9278341 -0.2910872 0.2332212 -0.8816452 -0.2766305 0.3823317 -0.8816552 -0.2766045 0.3823273 -0.8138727 -0.2553552 0.5219244 -0.8137884 -0.2553352 0.5220658 -0.7259408 -0.2277351 0.6489582 -0.7259719 -0.2277848 0.6489059 -0.6201536 -0.1946011 0.7599606 -0.620159 -0.1945472 0.75997 -0.4989448 -0.1565434 0.852378 -0.4990522 -0.1565859 0.8523074 -0.3654145 -0.1146695 0.923755 -0.3655747 -0.1146677 0.9236918 -0.2229533 -0.06995671 0.9723158 -0.222925 -0.06995111 0.9723227 -0.07511252 -0.02355092 0.9968969 -0.07505488 -0.02355027 0.9969013 -0.9965963 -0.02525657 0.07847303 -0.99226 -0.09628462 0.07841783 -0.9919829 -0.1008749 -0.07611936 -0.9861079 -0.1463754 0.0785216 -0.9765108 -0.2006887 0.07842761 -0.9965962 0.02525711 0.07847434 -0.9314292 0 -0.3639227 -0.9724453 0 0.2331317 -0.9724462 0 0.2331276 -0.9240349 0 0.3823081 -0.9240225 0 0.3823381 -0.8528943 0 0.5220838 -0.8529105 0 0.5220571 -0.7608051 0 0.6489806 -0.7608013 0 0.648985 -0.6498507 0 0.760062 -0.6500152 0 0.7599213 -0.523064 0 0.8522935 -0.5231318 0 0.8522519 -0.3829558 0 0.9237667 -0.3830262 0 0.9237376 -0.2336992 0 0.972309 -0.2336275 0 0.9723262 -0.07863062 0 0.9969039 -0.07879024 0 0.9968913 -0.9861078 0.1463754 0.07852303 -0.9919844 0.100869 -0.07610905 -0.9674894 0.09838598 0.2329902 -0.9674599 0.09837353 0.2331185 -0.9192861 0.09348762 0.382326 -0.9192916 0.09347772 0.382315 -0.8485305 0.08629143 0.5220631 -0.8485506 0.08628267 0.5220317 -0.756918 0.07696127 0.6489625 -0.7568517 0.07697558 0.6490381 -0.6466423 0.06576073 0.7599534 -0.6466082 0.06575435 0.7599831 -0.5204132 0.05291855 0.8522732 -0.520389 0.05292212 0.8522879 -0.3810082 0.03874707 0.9237594 -0.3811245 0.03874665 0.9237115 -0.2324627 0.02364319 0.9723179 -0.2323994 0.0236411 0.9723332 -0.07828718 0.00795865 0.9968991 -0.0782929 0.007959485 0.9968987 -0.9214746 0.3804463 0.07839167 -0.9462685 0.3137412 0.07837378 -0.9064849 0.2844077 -0.3120858 -0.960936 0.265416 0.07846224 -0.9765177 0.2006763 0.07837247 -0.9009985 0.4266625 0.0784921 -0.8817027 0.3783691 -0.2818461 -0.8936228 0.383506 0.2331554 -0.8936297 0.3834604 0.2332038 -0.8491031 0.3643778 0.3824301 -0.8491412 0.3643885 0.3823351 -0.7838573 0.3363848 0.521932 -0.783783 0.3363604 0.5220593 -0.6991741 0.3000075 0.6489617 -0.6991877 0.3000711 0.6489175 -0.5973048 0.2563526 0.7599411 -0.5972825 0.2562775 0.7599839 -0.4806515 0.206274 0.8523059 -0.480627 0.2062813 0.8523179 -0.3519495 0.1510494 0.9237509 -0.3520332 0.1510511 0.9237188 -0.2146856 0.09214085 0.9723272 -0.2147443 0.0921517 0.9723132 -0.07226777 0.03102523 0.9969027 -0.07231694 0.0310226 0.9968991 -0.7711806 0.6317704 0.07840138 -0.8142554 0.5751903 0.07838642 -0.8125531 0.5655603 -0.1410644 -0.8423513 0.5332052 0.07833606 -0.8716739 0.4838008 0.0782392 -0.7381904 0.6700347 0.07828509 -0.70765 0.6074745 -0.3608412 -0.737784 0.6334238 0.233343 -0.7378519 0.6334125 0.2331593 -0.7010937 0.6018954 0.3823477 -0.7011294 0.6018987 0.3822767 -0.6472278 0.5555936 0.5219309 -0.6471657 0.5555694 0.522034 -0.577244 0.4955607 0.6490062 -0.5773025 0.4956103 0.6489163 -0.4931386 0.4234088 0.7599602 -0.4931964 0.4233694 0.7599447 -0.3968305 0.3406786 0.8523284 -0.396854 0.3406885 0.8523135 -0.2905672 0.2494851 0.9237574 -0.2906705 0.2494675 0.9237297 -0.1772282 0.1521875 0.9723318 -0.1773409 0.152222 0.9723059 -0.05969142 0.05125331 0.9969002 -0.0597195 0.05123823 0.9968993 -0.6510931 0.7549267 0.07850939 -0.6889724 0.7247824 -0.002760171 -0.6699799 0.7047999 0.2332043 -0.6699843 0.7047761 0.233263 -0.6366277 0.6697487 0.3822852 -0.6366406 0.6697241 0.3823068 -0.5876643 0.6182407 0.5219475 -0.5876976 0.6182375 0.5219139 -0.5243521 0.5516099 0.6486768 -0.5241628 0.5514153 0.6489951 -0.4477535 0.4710621 0.7600114 -0.4478462 0.4711134 0.759925 -0.3604331 0.3791717 0.8522423 -0.3603515 0.3790761 0.8523193 -0.2638544 0.2775871 0.9237567 -0.2638845 0.2776138 0.92374 -0.1610544 0.1693705 0.9723041 -0.1609781 0.1693365 0.9723227 -0.05417835 0.05701601 0.9969022 -0.05420863 0.0570302 0.9968997 -0.04815399 0.0622062 0.996901 -0.04813569 0.06221526 0.9969014 -0.143014 0.1847925 0.9723162 -0.1430479 0.1847618 0.9723171 -0.2344403 0.3028535 0.9237519 -0.2344111 0.3028684 0.9237544 -0.320187 0.4136892 0.8522568 -0.3201742 0.413618 0.8522961 -0.3977984 0.5139347 0.7600183 -0.3978649 0.5139934 0.7599436 -0.4656729 0.6015902 0.6490286 -0.4656999 0.6016491 0.6489546 -0.5220968 0.6745144 0.5219629 -0.5221271 0.6745162 0.5219302 -0.5655849 0.7307168 0.3823177 -0.5656245 0.7306981 0.3822948 -0.5952399 0.7689774 0.2331591 -0.5952135 0.7689941 0.2331715 -0.6102122 0.7883435 0.07845777 -0.6102473 0.7883245 0.07837617 -0.0416187 0.06676524 0.9969004 -0.04163181 0.06676924 0.9968996 -0.1236177 0.1982836 0.9723181 -0.1235868 0.1982776 0.9723232 -0.20261 0.3250254 0.9237465 -0.2026002 0.3250831 0.9237284 -0.2766615 0.4438701 0.8523132 -0.2766734 0.4438734 0.8523076 -0.3438425 0.5515896 0.7599483 -0.3437721 0.5515719 0.7599929 -0.4024062 0.6456845 0.648969 -0.4024577 0.6456136 0.6490077 -0.4511665 0.7238948 0.5219437 -0.4512215 0.7238866 0.5219076 -0.4887854 0.7842001 0.3822553 -0.4888026 0.7841926 0.3822489 -0.5143817 0.8252563 0.2331604 -0.5143422 0.8252378 0.2333127 -0.5145259 0.8252768 0.232769 -0.5144954 0.8252703 0.2328596 -0.4983396 0.7995318 -0.3352709 -0.511678 0.8555877 0.07845675 -0.4036683 0.9115222 0.07860791 -0.4271454 0.8707978 -0.24343 -0.4282385 0.8730803 0.2331148 -0.4282357 0.8732025 0.2326622 -0.4282383 0.8731766 0.2327545 -0.4282356 0.8732025 0.2326622 -0.4069479 0.8296373 0.3822244 -0.4069347 0.829616 0.3822846 -0.3756682 0.7658193 0.5219141 -0.3756603 0.765838 0.5218924 -0.3350301 0.6830082 0.6490413 -0.3350297 0.6830319 0.6490166 -0.2862462 0.583545 0.7599594 -0.2862509 0.5835275 0.7599712 -0.2303392 0.4695773 0.8523151 -0.2303277 0.4695616 0.8523269 -0.1686795 0.343868 0.9237436 -0.1686961 0.3439014 0.9237281 -0.1029031 0.2097877 0.9723169 -0.1029084 0.2097692 0.9723204 -0.03464311 0.07063257 0.9969007 -0.03465145 0.07063311 0.9969003 -0.1713501 0.9820874 0.07838076 -0.2409799 0.9673596 0.07838511 -0.2457665 0.9491749 -0.1966363 -0.2896686 0.9539048 0.07847207 -0.3461958 0.934858 0.0786705 -0.3461958 0.934858 0.07867056 -0.3461958 0.934858 0.07867056 -0.1213964 0.989496 0.07849091 -0.1417827 0.9254739 -0.3512777 -0.147249 0.9612526 0.2330477 -0.1472582 0.9611949 0.2332793 -0.1399303 0.9133656 0.3823386 -0.1399201 0.9133793 0.3823096 -0.1291556 0.8431613 0.5219175 -0.1291571 0.8431466 0.5219408 -0.1152283 0.7520457 0.6489605 -0.115196 0.7520213 0.6489945 -0.09841197 0.642475 0.7599613 -0.0984252 0.6424378 0.759991 -0.07918876 0.5169402 0.852351 -0.07920378 0.5170114 0.8523063 -0.05800682 0.3786624 0.9237153 -0.05801099 0.3786363 0.9237259 -0.03539675 0.2309744 0.9723159 -0.03538262 0.2309631 0.972319 -0.01192224 0.07776027 0.9969008 -0.01191222 0.07776904 0.9969003 -0.003988027 0.07856416 0.9969012 -0.003982603 0.07857179 0.9969006 -0.01183855 0.2333488 0.9723212 -0.0118314 0.2333698 0.9723161 -0.01940751 0.3825624 0.9237259 -0.01939046 0.3824968 0.9237534 -0.02648729 0.5223503 0.8523196 -0.02648943 0.5223293 0.8523324 -0.03291565 0.6490903 0.7599989 -0.03292119 0.6491686 0.759932 -0.03852975 0.759851 0.6489543 -0.03854197 0.7598765 0.6489241 -0.04319947 0.8518459 0.522008 -0.04319828 0.8518415 0.5220154 -0.04679852 0.9228123 0.382397 -0.04680383 0.9228845 0.3822221 -0.04925602 0.9712058 0.2330952 -0.04924982 0.971172 0.2332372 -0.05049175 0.9956486 0.07832372 -0.05049437 0.9956524 0.07827341 -0.03064662 -0.07313781 -0.996851 -0.1368778 -0.3348934 -0.9322612 -0.2685306 -0.9585704 -0.09504884 -0.268539 -0.9585631 -0.09509813 -0.2685301 -0.9585708 -0.09504544 -0.2685445 -0.9586269 -0.09443759 -0.2862175 -0.9581535 0.004634559 -0.2778508 -0.9366385 -0.2133241 -0.3073577 -0.8276616 -0.4695821 -0.2784345 -0.911214 -0.3035842 -0.2809891 -0.9110534 -0.301707 -0.2702127 -0.7163953 -0.643244 -0.2726835 -0.722554 -0.6352633 -0.2746372 -0.7275294 -0.6287094 -0.2481019 -0.641029 -0.7263107 -0.2553292 -0.6580917 -0.7083236 -0.2596071 -0.6688805 -0.6965652 -0.2135201 -0.5418625 -0.8128925 -0.2238252 -0.5645381 -0.7944803 -0.233623 -0.5878717 -0.7744852 -0.2336845 -0.5879656 -0.7743953 -0.2336845 -0.5879656 -0.7743953 -0.162279 -0.410564 -0.8972753 -0.1730041 -0.4324575 -0.8849013 -0.1835808 -0.4550547 -0.8713342 -0.1990458 -0.491087 -0.848065 -0.1172719 -0.2938517 -0.9486299 -0.06456589 -0.161827 -0.9847047 -0.08074605 -0.1959145 -0.9772909 -0.09384047 -0.2260733 -0.9695797 -0.09384047 -0.2260733 -0.9695798 -0.09391492 -0.2261914 -0.969545 -0.01096266 -0.02620482 -0.9995965 -0.0174517 -0.04374188 -0.9988905 -0.02090287 -0.04227632 -0.9988873 -0.0208432 -0.04228234 -0.9988883 -0.02514183 -0.03991776 -0.9988867 -0.02509009 -0.03991603 -0.998888 -0.02905321 -0.03713274 -0.998888 -0.02907079 -0.03714054 -0.9988871 -0.03275126 -0.03395807 -0.9988865 -0.03267937 -0.03394663 -0.9988892 -0.03605264 -0.03040957 -0.9988871 -0.03600573 -0.03042179 -0.9988885 -0.03900259 -0.02656215 -0.998886 -0.03890872 -0.02655297 -0.99889 -0.0415399 -0.02241188 -0.9988855 -0.04144465 -0.02241641 -0.9988893 -0.04366582 -0.01803821 -0.9988834 -0.04351067 -0.0180298 -0.9988903 -0.04521822 -0.01346325 -0.9988865 -0.04511588 -0.01346623 -0.998891 -0.04642307 -0.008757114 -0.9988836 -0.04626238 -0.008760452 -0.9988909 -0.04693174 -0.003956556 -0.9988903 -0.04696923 -0.003955423 -0.9988885 -0.04713481 8.88997e-4 -0.9988881 -0.04715591 8.88975e-4 -0.9988872 -0.04691404 0.005723595 -0.9988825 -0.04671692 0.005722939 -0.9988918 -0.04598605 0.01049643 -0.998887 -0.04594093 0.01049906 -0.998889 -0.04474776 0.01516294 -0.9988833 -0.04456782 0.01516216 -0.9988914 -0.04284554 0.01966559 -0.9988882 -0.04287135 0.01967126 -0.998887 -0.0406323 0.02396917 -0.9988867 -0.04056996 0.02395993 -0.9988894 -0.03754407 0.02789789 -0.9989055 -0.03754401 0.02789801 -0.9989055 -0.03754407 0.02789789 -0.9989055 -0.03788197 0.02800601 -0.9988897 -0.03486573 0.03175318 -0.9988874 -0.03486716 0.0317406 -0.9988878 -0.03143578 0.03515452 -0.9988874 -0.03136384 0.03515177 -0.9988898 -0.02763229 0.03818947 -0.9988884 -0.02763605 0.03820621 -0.9988877 -0.02362519 0.04084217 -0.9988863 -0.02353447 0.04083794 -0.9988886 -0.01927828 0.0430423 -0.9988873 -0.01924538 0.04303264 -0.9988884 -0.01476937 0.04478698 -0.9988874 -0.01472473 0.0447908 -0.998888 -0.01007467 0.04607301 -0.9988874 -0.01004773 0.0460633 -0.998888 -0.00528115 0.04685753 -0.9988876 -0.005275785 0.04685592 -0.9988878 -0.0014292 0.04708451 -0.9988899 -0.001434445 0.04709672 -0.9988893 -0.005461871 0.1797472 -0.9836977 -0.01051795 0.3460428 -0.9381598 -0.01526093 0.5021612 -0.8646395 -0.01955103 0.6432921 -0.7653713 -0.0232591 0.7652762 -0.6432817 -0.02627032 0.8643823 -0.5021485 -0.02850365 0.9378274 -0.34593 -0.03034555 0.9984262 -0.04716414 -0.03034317 0.9984357 -0.04696452 -0.03034317 0.9984357 -0.04696452 -0.03034317 0.9984357 -0.04696452 -0.1014952 0.9937452 -0.04657649 -0.1010944 0.8972736 0.4297441 -0.152447 0.9871935 -0.0470007 -0.1524374 0.9872108 -0.04666572 -0.1524374 0.9872109 -0.04666566 -0.2131444 0.9759067 -0.04664355 -0.2856863 0.8682149 0.4056926 -0.272246 0.9610856 -0.04687082 -0.213133 0.9759038 -0.04675817 -0.5855768 0.8092577 -0.04692512 -0.4994278 0.8650829 -0.04694014 -0.4994182 0.8651053 -0.04662996 -0.4347174 0.8993566 -0.04667359 -0.3275192 0.7320352 0.597374 -0.3879382 0.9205186 -0.04636132 -0.3212367 0.9458617 -0.0463978 -0.5479125 0.6132053 0.569009 -0.6403537 0.7666456 -0.04692536 -0.5855841 0.8092588 -0.04681336 -0.8036538 0.5932458 -0.04690605 -0.7635623 0.644025 -0.04695385 -0.6407463 0.5835685 0.4988908 -0.7294801 0.6824231 -0.04645007 -0.6789539 0.7327113 -0.04643148 -0.8215748 0.484692 0.3001476 -0.8367081 0.545623 -0.04706746 -0.8036599 0.5932326 -0.0469678 -0.7229421 0.3317335 0.606059 -0.8972687 0.438999 -0.04678577 -0.8636601 0.5019036 -0.04673427 -0.9738334 0.2224015 -0.04675745 -0.9597592 0.2768931 -0.04682463 -0.9235962 0.3136675 0.2204152 -0.9442922 0.3257724 -0.04673969 -0.9186425 0.3923069 -0.04681253 -0.841228 0.1028861 0.5308012 -0.9864741 0.1571263 -0.04669409 -0.9738366 0.2224119 -0.04664123 -0.9953813 -0.0837832 -0.04686653 -0.9987979 -0.01625186 -0.04624634 -0.9987979 -0.01625198 -0.04624634 -0.9987979 -0.01625192 -0.04624634 -0.8367307 0.01577442 0.5473874 -0.9983018 0.03508371 -0.04650455 -0.9983018 0.03508371 -0.04650455 -0.9983063 0.0350818 -0.04640883 -0.9932328 0.1062154 -0.04697966 -0.9691159 -0.1832216 0.1650584 -0.9892378 -0.1385163 -0.04713779 -0.995371 -0.08379292 -0.04706948 -0.7638251 -0.2276549 0.6039408 -0.9648342 -0.2586746 -0.04671663 -0.9808358 -0.1891645 -0.04666942 -0.8788254 -0.47481 -0.04713112 -0.9053636 -0.4220037 -0.04721987 -0.8678843 -0.359238 0.3431107 -0.9258787 -0.3749262 -0.04667979 -0.9502696 -0.3079051 -0.04671597 -0.7270781 -0.4954955 0.4752279 -0.84686 -0.529762 -0.04669409 -0.8788524 -0.4748106 -0.04661923 -0.6156577 -0.7866047 -0.04710549 -0.6931585 -0.7192515 -0.04699659 -0.6931824 -0.7192326 -0.04693281 -0.7421957 -0.6685358 -0.04696261 -0.6226673 -0.5255752 0.5797037 -0.7755972 -0.6294966 -0.04672378 -0.8185388 -0.5725516 -0.04667997 -0.4293264 -0.6828637 0.5910804 -0.5573673 -0.828954 -0.04665946 -0.6156782 -0.786606 -0.04681307 -0.2902976 -0.9557839 -0.04695242 -0.3477577 -0.9364088 -0.04694068 -0.3477594 -0.9364183 -0.04673558 -0.405147 -0.9130389 -0.0470764 -0.4051469 -0.9130389 -0.0470764 -0.4051469 -0.9130389 -0.0470764 -0.397853 -0.8062475 0.4378107 -0.4516066 -0.890987 -0.04683637 -0.5140103 -0.8565065 -0.04680007 -0.02987194 0.9832935 -0.1795594 -0.02989095 0.9833453 -0.179273 -0.1101375 0.9776385 -0.1791448 -0.1101466 0.9776771 -0.1789284 -0.2099264 0.961188 -0.1790214 -0.2099308 0.9612153 -0.1788696 -0.3074977 0.9345679 -0.1789643 -0.3074883 0.9345445 -0.1791025 -0.4018095 0.8980539 -0.1790212 -0.4018003 0.8980535 -0.1790435 -0.4918764 0.8520553 -0.179052 -0.4918438 0.8519845 -0.179478 -0.5766844 0.7970069 -0.1794864 -0.5767388 0.7970349 -0.1791871 -0.6555166 0.7336193 -0.1791665 -0.6555233 0.7336223 -0.17913 -0.7273643 0.6624661 -0.1791085 -0.7273733 0.6624734 -0.1790448 -0.7915646 0.584276 -0.1790176 -0.7914608 0.5842688 -0.1794989 -0.8472684 0.4999069 -0.1795253 -0.8473156 0.4999472 -0.1791903 -0.8941621 0.4103165 -0.1792052 -0.8941987 0.4103343 -0.1789819 -0.9316067 0.3163495 -0.1789754 -0.9315167 0.3163369 -0.1794649 -0.9590681 0.2190458 -0.1794643 -0.9591511 0.2190584 -0.1790046 -0.9765722 0.1194362 -0.1790027 -0.9765985 0.1194334 -0.1788601 -0.9837005 0.01854467 -0.178856 -0.9836609 0.01855063 -0.1790732 -0.9803655 -0.08254313 -0.1790816 -0.9802823 -0.08251798 -0.1795479 -0.9666352 -0.1827045 -0.179543 -0.9667328 -0.1827439 -0.1789764 -0.9428668 -0.2810164 -0.1789755 -0.9428307 -0.2810088 -0.179177 -0.9089955 -0.3763281 -0.1791772 -0.9089738 -0.3762968 -0.1793525 -0.8655433 -0.4676179 -0.1793553 -0.8655845 -0.4676498 -0.179073 -0.8130064 -0.5540326 -0.1790776 -0.8130009 -0.5540417 -0.1790739 -0.7518336 -0.6345683 -0.1790793 -0.7518386 -0.6345649 -0.1790704 -0.682699 -0.7084224 -0.1790524 -0.6826587 -0.7083456 -0.1795094 -0.6063656 -0.7746719 -0.1794555 -0.6063973 -0.7747626 -0.178956 -0.5236307 -0.8329296 -0.1789957 -0.5236594 -0.8329014 -0.1790426 -0.4353815 -0.8822664 -0.179022 -0.4353702 -0.8822675 -0.1790447 -0.3424963 -0.9222944 -0.1790791 -0.3424768 -0.9222409 -0.1793919 -0.2900024 -0.9400048 -0.1796935 -0.281794 -0.9131484 -0.2945376 -0.281794 -0.9131483 -0.2945377 -0.2817898 -0.9131348 -0.2945835 -0.02850705 0.9378226 -0.3459424 -0.1050529 0.9324703 -0.3456345 -0.1050501 0.9324313 -0.3457403 -0.2002144 0.9167413 -0.345687 -0.2002093 0.9166845 -0.3458408 -0.2932796 0.8913207 -0.3457378 -0.2932704 0.8913501 -0.3456698 -0.3832308 0.8565461 -0.3456344 -0.3832177 0.8565062 -0.3457477 -0.4691509 0.8126401 -0.3457075 -0.4691107 0.812641 -0.3457598 -0.5500811 0.7601938 -0.3457112 -0.5500929 0.7602289 -0.3456153 -0.6252136 0.6997439 -0.3456392 -0.625211 0.6997212 -0.3456898 -0.6937438 0.6318395 -0.3456857 -0.693723 0.6318237 -0.3457561 -0.7549107 0.5572787 -0.3457605 -0.7549703 0.5572799 -0.3456284 -0.8081759 0.4768515 -0.3456361 -0.8081978 0.4768539 -0.3455816 -0.8528749 0.3913721 -0.3455898 -0.8528163 0.3913362 -0.3457751 -0.8884708 0.3017278 -0.3458033 -0.8885282 0.3017393 -0.345646 -0.9148152 0.2089263 -0.3456344 -0.9147859 0.2089238 -0.3457135 -0.9314025 0.1139067 -0.3457092 -0.9313812 0.113906 -0.3457666 -0.9381582 0.01769143 -0.345755 -0.9381762 0.01769226 -0.3457055 -0.935037 -0.07871675 -0.3457015 -0.9350876 -0.07871454 -0.3455653 -0.922063 -0.1743001 -0.3455709 -0.921988 -0.1742877 -0.3457774 -0.8992264 -0.268014 -0.3457752 -0.8992809 -0.2680228 -0.3456267 -0.8670146 -0.3589344 -0.3456181 -0.8669695 -0.3589171 -0.3457491 -0.8255503 -0.4460176 -0.3457384 -0.8255513 -0.4460237 -0.345728 -0.7754101 -0.5284157 -0.345711 -0.7753979 -0.5284243 -0.3457251 -0.7170737 -0.6052073 -0.3457304 -0.7170552 -0.6052292 -0.3457306 -0.6511278 -0.6756438 -0.3457427 -0.651157 -0.6756472 -0.3456811 -0.5783482 -0.7389273 -0.3456876 -0.578334 -0.7389 -0.3457697 -0.4994158 -0.7943741 -0.3457655 -0.4994457 -0.7943936 -0.3456776 -0.4152477 -0.8414689 -0.3456869 -0.4152408 -0.8414419 -0.3457609 -0.3313541 -0.8778312 -0.345857 -0.2784053 -0.7619883 -0.5846918 -0.02627378 0.8644208 -0.5020822 -0.09683632 0.8595432 -0.501805 -0.09683722 0.8595339 -0.5018207 -0.1845618 0.8450868 -0.5017622 -0.1845672 0.8450415 -0.5018367 -0.2703433 0.8216212 -0.5018497 -0.270341 0.8216523 -0.5018 -0.3532471 0.7895609 -0.5018068 -0.3532894 0.7895714 -0.5017607 -0.432477 0.749135 -0.5017573 -0.4324721 0.7491575 -0.5017281 -0.5070595 0.7008116 -0.5017508 -0.5070893 0.7007814 -0.5017629 -0.5763484 0.6450273 -0.5017593 -0.5763378 0.6450007 -0.5018056 -0.6394965 0.5824369 -0.5018082 -0.6395519 0.5824757 -0.5016927 -0.6959667 0.513754 -0.5016845 -0.6958934 0.5136783 -0.5018635 -0.7449391 0.4395317 -0.5018742 -0.7450116 0.439565 -0.5017374 -0.7861866 0.3607767 -0.5017477 -0.7861519 0.3607391 -0.5018292 -0.8190197 0.278135 -0.5018442 -0.8190537 0.278133 -0.5017899 -0.8432654 0.1925966 -0.5018069 -0.8432371 0.1925821 -0.5018599 -0.8585487 0.1049962 -0.5018666 -0.8586049 0.1050025 -0.501769 -0.8648286 0.01631075 -0.5018024 -0.8648279 0.01630896 -0.5018036 -0.861924 -0.07256174 -0.5018185 -0.8619602 -0.0725615 -0.5017563 -0.8499428 -0.1606652 -0.5017809 -0.8499724 -0.1606628 -0.5017314 -0.8289737 -0.2470796 -0.5017512 -0.8289257 -0.2470542 -0.5018432 -0.7991643 -0.3308582 -0.5018657 -0.7992027 -0.3308459 -0.5018129 -0.7609975 -0.4111458 -0.5018385 -0.7610597 -0.4111704 -0.5017243 -0.7148113 -0.4871317 -0.5017446 -0.7147833 -0.4871017 -0.5018137 -0.6609714 -0.5579196 -0.5018392 -0.6610711 -0.5579646 -0.501658 -0.6002729 -0.6228583 -0.501717 -0.6002658 -0.6228401 -0.5017483 -0.533127 -0.6811655 -0.501786 -0.5331565 -0.681172 -0.501746 -0.4603775 -0.7323133 -0.5017666 -0.4604334 -0.7323068 -0.501725 -0.3827849 -0.7757 -0.5017623 -0.3828253 -0.7757407 -0.5016685 -0.3124091 -0.8065178 -0.5019261 -0.2656639 -0.7058928 -0.656611 -0.02325987 0.7652795 -0.6432778 -0.08574372 0.7610595 -0.6429904 -0.08574706 0.7610793 -0.6429665 -0.1634202 0.7482336 -0.6429933 -0.1634352 0.7482941 -0.6429191 -0.2393815 0.7275635 -0.6429215 -0.239362 0.7275154 -0.6429831 -0.3127853 0.6990879 -0.6429942 -0.312811 0.6991285 -0.6429377 -0.3829343 0.6633514 -0.6429046 -0.3829141 0.6633383 -0.6429302 -0.4489936 0.6205126 -0.6429377 -0.4489558 0.6204468 -0.6430276 -0.5102965 0.5710889 -0.6430047 -0.5103352 0.5711344 -0.6429335 -0.566223 0.5157152 -0.6429848 -0.566276 0.5157341 -0.6429229 -0.6162007 0.4548744 -0.642951 -0.6162452 0.4548968 -0.6428925 -0.659668 0.3892256 -0.6429166 -0.659618 0.3892026 -0.6429817 -0.6961028 0.3194192 -0.6429715 -0.6961898 0.3194748 -0.6428497 -0.7253167 0.2463147 -0.6428413 -0.7251808 0.2462623 -0.6430147 -0.7466379 0.1705136 -0.6430063 -0.7467481 0.170547 -0.6428694 -0.7603023 0.09298676 -0.6428795 -0.7602058 0.09296768 -0.6429963 -0.7657293 0.01443898 -0.643001 -0.7657884 0.0144422 -0.6429306 -0.7632082 -0.06425124 -0.6429502 -0.763176 -0.06424647 -0.642989 -0.7525457 -0.1422511 -0.6429927 -0.7525799 -0.1422604 -0.6429507 -0.7340062 -0.2187646 -0.642944 -0.734015 -0.2187693 -0.6429324 -0.7076886 -0.2929604 -0.6429239 -0.70765 -0.2929548 -0.642969 -0.6738432 -0.3640537 -0.6429622 -0.6738432 -0.364072 -0.6429518 -0.6329218 -0.4313268 -0.6429365 -0.6329337 -0.4313221 -0.6429279 -0.585316 -0.4940241 -0.6429195 -0.5852564 -0.4939755 -0.643011 -0.5314618 -0.5514463 -0.643005 -0.531473 -0.5514718 -0.6429738 -0.4720569 -0.6031175 -0.642971 -0.4720938 -0.6031699 -0.6428948 -0.4076839 -0.6484223 -0.6429172 -0.4076466 -0.6484197 -0.6429434 -0.3389319 -0.6868284 -0.6429557 -0.3389245 -0.6868274 -0.6429606 -0.2824315 -0.7116409 -0.6432726 -0.2422965 -0.6284747 -0.7391292 -0.01955133 0.6433321 -0.7653376 -0.07208901 0.6398803 -0.7650859 -0.07209414 0.6399096 -0.765061 -0.1374027 0.6291257 -0.7650629 -0.1374011 0.6291291 -0.7650605 -0.2012599 0.6116978 -0.7650624 -0.201271 0.6117011 -0.7650567 -0.2630147 0.5878292 -0.765036 -0.2629617 0.5877379 -0.7651243 -0.3219293 0.5576319 -0.7651198 -0.3219435 0.5576892 -0.7650721 -0.3774667 0.5216837 -0.7650915 -0.3775283 0.5217235 -0.765034 -0.4290879 0.4801992 -0.765044 -0.4290568 0.4802057 -0.7650575 -0.4760937 0.4336205 -0.7650545 -0.4760769 0.4335715 -0.7650926 -0.5180529 0.3824197 -0.7650991 -0.5180079 0.3823801 -0.7651494 -0.5545158 0.3271843 -0.7651553 -0.5545956 0.327226 -0.7650797 -0.5852621 0.2685613 -0.7650772 -0.5852217 0.2685559 -0.76511 -0.6097135 0.2070561 -0.7650996 -0.6097534 0.2070713 -0.7650637 -0.6277959 0.1433778 -0.7650591 -0.6277279 0.1433622 -0.7651177 -0.6391448 0.07816314 -0.7651042 -0.6391732 0.07816982 -0.7650799 -0.6438347 0.01213818 -0.7650684 -0.6438633 0.01214092 -0.7650442 -0.641691 -0.05401825 -0.7650586 -0.6416339 -0.05401664 -0.7651066 -0.632719 -0.119603 -0.7650895 -0.632744 -0.1196121 -0.7650673 -0.6171417 -0.1839343 -0.7650519 -0.6171353 -0.1839368 -0.7650565 -0.5949993 -0.2463141 -0.7650525 -0.5949814 -0.2463117 -0.7650672 -0.5665464 -0.3060916 -0.7650707 -0.5664748 -0.3060571 -0.7651376 -0.5320727 -0.3626006 -0.7651272 -0.5321586 -0.3626394 -0.765049 -0.4921075 -0.4153614 -0.7650524 -0.4920764 -0.4153383 -0.7650851 -0.4468493 -0.4636648 -0.7650756 -0.4468244 -0.4636372 -0.765107 -0.3968399 -0.5070619 -0.7651185 -0.3968921 -0.5070779 -0.7650809 -0.3427539 -0.5451474 -0.7650715 -0.3427156 -0.5451371 -0.7650959 -0.2849647 -0.5774431 -0.7650847 -0.2849341 -0.5773856 -0.7651395 -0.2408253 -0.596742 -0.7654426 -0.2076291 -0.5292232 -0.8226864 -0.01526457 0.5022276 -0.8646009 -0.05627804 0.4995631 -0.8644475 -0.0562902 0.4995973 -0.864427 -0.1072643 0.4911724 -0.8644328 -0.1072828 0.491189 -0.8644211 -0.1571425 0.4776121 -0.8644033 -0.1571275 0.4775518 -0.8644393 -0.2053194 0.4589098 -0.8644338 -0.2053503 0.45897 -0.8643945 -0.2513633 0.4354524 -0.864406 -0.251354 0.4354072 -0.8644315 -0.2947527 0.4073341 -0.8644072 -0.2947488 0.4073473 -0.8644023 -0.3350018 0.3749363 -0.8644054 -0.3350188 0.3749191 -0.8644062 -0.3717049 0.3385457 -0.8644202 -0.3716951 0.3385164 -0.864436 -0.4044658 0.2985789 -0.864441 -0.4045684 0.2986305 -0.8643751 -0.4330704 0.2555267 -0.864382 -0.433037 0.255478 -0.8644132 -0.4569354 0.2096832 -0.8644322 -0.4569967 0.2097014 -0.8643954 -0.4760876 0.161685 -0.8644066 -0.4760959 0.1616704 -0.8644047 -0.490153 0.1119442 -0.8644181 -0.4901508 0.1119421 -0.8644196 -0.4990345 0.06103336 -0.8644301 -0.4991104 0.06103837 -0.864386 -0.5026949 0.009479165 -0.8644121 -0.5027315 0.009477734 -0.8643908 -0.5010451 -0.0421741 -0.864393 -0.5010161 -0.04217445 -0.8644099 -0.4940044 -0.09338867 -0.8644295 -0.4940416 -0.09338372 -0.8644088 -0.4818044 -0.143608 -0.8644313 -0.4818795 -0.1436136 -0.8643885 -0.4645644 -0.1923172 -0.8644039 -0.4645533 -0.1923136 -0.8644107 -0.4423245 -0.2389929 -0.8644255 -0.4423981 -0.2389963 -0.8643869 -0.4154874 -0.283154 -0.864404 -0.4154604 -0.2831105 -0.8644312 -0.384191 -0.3242617 -0.8644372 -0.3842438 -0.3242955 -0.8644011 -0.3489103 -0.3620254 -0.8644069 -0.3489081 -0.3620241 -0.8644084 -0.3098514 -0.395919 -0.8644307 -0.3099139 -0.3959348 -0.864401 -0.2676147 -0.4256758 -0.8643972 -0.2675865 -0.4256161 -0.8644353 -0.2224974 -0.4508646 -0.8644166 -0.2225124 -0.4509072 -0.8643906 -0.1923794 -0.4640528 -0.8646649 -0.1492195 -0.3861092 -0.910304 -0.1492785 -0.3862262 -0.9102447 -0.1492195 -0.3861092 -0.910304 -0.01051551 0.3460819 -0.9381454 -0.03879296 0.344325 -0.9380488 -0.03878659 0.3442956 -0.9380598 -0.07393962 0.3385052 -0.9380551 -0.07392746 0.3385074 -0.9380552 -0.108314 0.3291434 -0.9380473 -0.108277 0.3291249 -0.9380581 -0.1415247 0.3162879 -0.9380474 -0.1414883 0.3162524 -0.9380648 -0.173239 0.3000727 -0.9380537 -0.1732128 0.3000516 -0.9380652 -0.2031244 0.2806707 -0.9380642 -0.2030804 0.2806689 -0.9380743 -0.2308596 0.2583403 -0.9380641 -0.2308031 0.2583221 -0.938083 -0.2561082 0.2332587 -0.9380826 -0.2561532 0.2333081 -0.938058 -0.2787693 0.205765 -0.9380557 -0.2787382 0.2057699 -0.9380638 -0.2984014 0.1760683 -0.9380601 -0.2984091 0.1760805 -0.9380552 -0.3149211 0.144515 -0.9380512 -0.3148313 0.1444753 -0.9380875 -0.3280276 0.1113857 -0.9380785 -0.3280773 0.1114222 -0.9380567 -0.3378164 0.07715064 -0.9380447 -0.3377602 0.07714468 -0.9380654 -0.3439432 0.04206007 -0.938048 -0.3438447 0.04205518 -0.9380844 -0.3463771 0.006531536 -0.9380727 -0.3463241 0.00653088 -0.9380922 -0.3452252 -0.02905982 -0.9380699 -0.3452123 -0.02906262 -0.9380745 -0.3404558 -0.06435197 -0.9380558 -0.3403836 -0.06434386 -0.9380826 -0.3319926 -0.09894621 -0.9380782 -0.3319844 -0.09894949 -0.9380807 -0.3201106 -0.1325075 -0.9380677 -0.3201041 -0.1325364 -0.9380658 -0.3048589 -0.1646966 -0.9380491 -0.3048116 -0.1646868 -0.9380663 -0.2863091 -0.1951022 -0.938063 -0.2862876 -0.1951061 -0.9380688 -0.2647923 -0.2234668 -0.9380553 -0.2647336 -0.223474 -0.9380702 -0.2404453 -0.249467 -0.9380577 -0.2403982 -0.2494816 -0.9380659 -0.2135764 -0.2728388 -0.9380534 -0.213533 -0.2728177 -0.9380694 -0.1844262 -0.2932941 -0.9380649 -0.1843659 -0.2932879 -0.9380787 -0.1533262 -0.3106935 -0.9380622 -0.1533119 -0.3107008 -0.9380621 -0.1325026 -0.3197412 -0.9381944 -0.1018865 -0.2637866 -0.959185 -0.005463778 0.1797471 -0.9836977 -0.02014976 0.1788455 -0.9836708 -0.0201503 0.1788458 -0.9836707 -0.03840237 0.1758322 -0.9836708 -0.03840202 0.1758348 -0.9836704 -0.05624741 0.1709613 -0.983671 -0.05625218 0.1709595 -0.983671 -0.07351869 0.1642928 -0.9836682 -0.07348757 0.1642711 -0.983674 -0.08996111 0.1558606 -0.9836741 -0.08997118 0.1558626 -0.9836728 -0.1054992 0.1458085 -0.9836716 -0.1055033 0.1458244 -0.9836689 -0.119942 0.1342142 -0.9836668 -0.119935 0.1342354 -0.9836649 -0.1330941 0.1212134 -0.9836632 -0.1330612 0.1211835 -0.9836714 -0.1447744 0.1068863 -0.9836746 -0.1447997 0.1068864 -0.9836709 -0.1550007 0.09145689 -0.983672 -0.1549819 0.09144449 -0.9836761 -0.1635448 0.07504981 -0.9836772 -0.1636297 0.07507616 -0.9836611 -0.1704483 0.05788415 -0.9836651 -0.1704 0.05786865 -0.9836742 -0.1754463 0.0400691 -0.9836733 -0.1755031 0.04007977 -0.9836627 -0.1786605 0.02185237 -0.9836681 -0.1786523 0.02184987 -0.9836697 -0.1799475 0.00339365 -0.9836704 -0.1799756 0.003393173 -0.9836652 -0.1793435 -0.01509755 -0.9836707 -0.179375 -0.01509702 -0.9836649 -0.1768176 -0.03342932 -0.9836758 -0.1768812 -0.0334357 -0.9836642 -0.1725282 -0.05141782 -0.9836616 -0.1725126 -0.05141621 -0.9836645 -0.1662957 -0.06885284 -0.9836692 -0.1662915 -0.06883794 -0.983671 -0.1583142 -0.08554404 -0.9836762 -0.1583605 -0.08555042 -0.9836682 -0.1487252 -0.1013567 -0.9836705 -0.1487269 -0.1013479 -0.9836712 -0.1375309 -0.1160756 -0.9836726 -0.1375418 -0.1160972 -0.9836685 -0.1248967 -0.1296015 -0.9836688 -0.1249052 -0.1295919 -0.983669 -0.1109564 -0.1417316 -0.983667 -0.1109098 -0.1417376 -0.9836714 -0.09581416 -0.1523793 -0.9836667 -0.09579187 -0.1523848 -0.9836681 -0.07965975 -0.1614138 -0.9836666 -0.07964259 -0.1613882 -0.9836722 -0.06888067 -0.166055 -0.9837079 -0.04524242 -0.1233782 -0.9913279 0.9238886 -0.3826614 -3.52791e-4 0.9466208 -0.3223493 9.65902e-6 0.9064804 -0.4222481 4.85234e-6 0.7765849 -0.6300128 -1.68878e-4 0.8122404 -0.5833229 5.82378e-6 0.8794931 -0.4759117 7.89916e-6 0.8566818 -0.5158454 -2.48433e-4 0.8865453 -0.462642 -5.84241e-5 0.7875965 -0.6161915 2.74386e-5 0.7299818 -0.6834665 -4.88737e-4 0.7529358 -0.6580939 -3.03854e-4 0.6735604 -0.7391322 -9.04478e-5 0.6655169 -0.7463828 -1.33675e-4 0.7085326 -0.7056782 -1.30639e-5 0.5405311 -0.841324 2.37674e-5 0.4905692 -0.8714022 -2.96641e-4 0.560733 -0.8279968 -3.13102e-5 0.5982234 -0.8013294 -3.25477e-6 0.5982235 -0.8013294 -3.14271e-6 0.5982235 -0.8013294 -3.09144e-6 0.6042311 -0.7968091 -4.81386e-7 0.6042311 -0.7968092 -6.59726e-7 0.6042311 -0.7968091 -6.05639e-7 0.6243513 -0.7811437 1.92776e-6 0.3924022 -0.9197937 -9.03579e-5 0.4058427 -0.913943 -3.66269e-5 0.4557209 -0.8901227 -2.60109e-6 0.2579568 -0.9661566 -4.24643e-5 0.2959268 -0.9552106 -9.15808e-6 0.2959268 -0.9552107 -9.18737e-6 0.2959268 -0.9552106 -9.24118e-6 0.3331363 -0.9428787 5.58175e-6 0.09619128 -0.9953629 -2.71171e-6 0.152643 -0.9882814 4.61103e-7 0.2332985 -0.9724052 -1.37204e-5 0.1867781 -0.9824022 -2.39571e-4 0.2268643 -0.9739264 -1.2181e-4 0.2268643 -0.9739264 -1.21957e-4 0.2268643 -0.9739264 -1.2191e-4 0.01973617 -0.9998052 -2.42089e-4 0.06739628 -0.9977263 -3.5662e-5 -0.008123159 -0.999967 0 -0.1003416 -0.9949531 -9.69553e-7 -0.08804017 -0.9961169 -5.94118e-5 -0.2069203 -0.9783579 2.54772e-5 -0.2204087 -0.9754077 -1.68966e-6 -0.2580881 -0.9661214 -7.02217e-7 -0.2580882 -0.9661214 -3.33895e-7 -0.2580882 -0.9661214 0 0.9992622 -0.0384081 4.1936e-5 0.9987075 -0.05082625 0 0.94133 -0.3374877 -1.57588e-4 0.9603396 -0.2788332 0 0.9871858 -0.1595753 0 0.973192 -0.2299938 -4.00622e-4 0.9871394 -0.1598627 -6.09596e-5 0.9999989 0 -0.001488626 0.9968097 7.69195e-5 -0.07981532 0.99889 -0.001644015 -0.04707551 0.9921157 1.69332e-6 -0.1253262 0.9838207 -1.33778e-6 -0.179156 0.9673339 0.00121057 -0.2535028 0.9775955 -0.001344978 -0.2104879 0.9580906 3.94706e-6 -0.2864655 0.9364811 -9.85399e-6 -0.3507182 0.9079908 0.00256884 -0.4189823 0.8567037 -5.42542e-4 -0.5158087 0.9297765 -9.8635e-4 -0.3681235 0.8980439 4.3377e-6 -0.4399058 0.8626911 -1.73828e-5 -0.5057312 0.8240192 0.003816902 -0.566549 0.6434603 7.62133e-4 -0.7654792 0.6091967 0.004875361 -0.7930042 0.6640827 -6.08224e-6 -0.7476592 0.7654774 1.36747e-5 -0.6434628 0.7180703 0.006399869 -0.6959412 0.7645108 5.59286e-4 -0.6446108 0.04709559 0 -0.9988904 0.0359202 0.001179218 -0.9993541 0.1253319 -0.001122713 -0.9921143 0.1138799 -7.51342e-5 -0.9934945 0.210451 8.83535e-5 -0.9776044 0.2064322 5.10169e-4 -0.9784608 0.2865553 -2.78579e-4 -0.9580637 0.2818095 -3.03824e-5 -0.9594705 0.3681259 7.00363e-5 -0.929776 0.3668586 2.05734e-4 -0.9302768 0.4399161 -5.67076e-5 -0.8980389 0.4382877 -1.01825e-5 -0.8988348 0.5158007 4.27602e-5 -0.8567087 0.513856 2.60979e-4 -0.8578764 0.5792154 -2.89745e-5 -0.8151746 0.04657775 -0.007534801 -0.9988862 0.04547065 -0.01257985 -0.9988865 0.0454325 -0.01258063 -0.9988882 0.3214553 -0.1266007 -0.9384236 0.3241509 -0.1338354 -0.9364905 0.3831649 -0.1060718 -0.9175693 0.2868494 -0.08338624 -0.9543398 0.2602004 -0.07204157 -0.9628634 0.1733628 -0.04798942 -0.9836881 0.1927756 -0.1261448 -0.9731007 0.1333218 -0.03690224 -0.9903856 0.5816308 -0.1609657 -0.797368 0.5413205 -0.14982 -0.8273609 0.4756617 -0.1700979 -0.8630254 0.4753428 -0.1674396 -0.8637206 0.4270136 -0.1182096 -0.8964853 0.6134252 -0.2729041 -0.7411025 0.620612 -0.1718001 -0.7650658 0.716204 -0.1982529 -0.6691395 0.7130357 -0.2904503 -0.638137 0.7692 -0.2128816 -0.6025055 0.864433 -0.2393482 -0.4421177 0.8077818 -0.3156711 -0.4978359 0.8131046 -0.2915343 -0.5038537 0.7980548 -0.2208773 -0.560644 0.9281921 -0.2570174 -0.2690755 0.9150095 -0.271403 -0.298493 0.8553199 -0.3914242 -0.3394332 0.8607281 -0.3755125 -0.3437116 0.8846771 -0.2449465 -0.3966707 0.9395013 -0.2601504 -0.2228435 0.8785669 -0.4446932 -0.1742652 0.9545117 -0.264315 -0.1380041 0.9721261 -0.2296764 -0.04711371 0.9593853 -0.2785205 -0.0447905 0.9596084 -0.2777236 -0.04496175 0.959663 -0.2657922 -0.09165883 0.9976016 -0.05076885 -0.04704755 0.9976126 -0.05058491 -0.04701477 0.990863 -0.05023658 -0.1251668 0.975268 0.1354143 -0.1746867 0.9763916 -0.04966115 -0.2102223 0.8552348 0.05859708 -0.5149174 0.8971113 -0.04553437 -0.4394519 0.9371194 -0.04756379 -0.3457528 0.9193365 0.1495084 -0.3639612 0.9569588 -0.04868072 -0.2861124 0.8638836 -0.04399025 -0.5017671 0.764889 -0.03893899 -0.6429843 0.7649027 -0.03889936 -0.6429702 0.6431328 -0.03270685 -0.765056 0.6431161 -0.03270441 -0.7650701 0.5156212 -0.02622401 -0.8564153 0.5045751 0.005012154 -0.8633533 0.4397602 -0.02234977 -0.8978371 0.3680658 -0.01870638 -0.9296117 0.3491113 0.01620465 -0.9369412 0.2865773 -0.01456058 -0.9579466 0.2104417 -0.01069736 -0.9775479 0.1829005 0.02436488 -0.9828295 0.1253246 -0.006370484 -0.9920954 0.04711228 -0.002394258 -0.9988868 0.04708999 -0.002394735 -0.9988878 0.04658299 -0.007536828 -0.9988861 0.1776373 -0.02874898 -0.9836761 0.1776458 -0.02874666 -0.9836747 0.3422092 -0.05537652 -0.9379906 0.3422019 -0.05538225 -0.937993 0.4964525 -0.08034127 -0.864338 0.496447 -0.08034449 -0.864341 0.6358389 -0.1028972 -0.764932 0.6358357 -0.1028816 -0.7649368 0.7561767 -0.1223578 -0.6428261 0.7561857 -0.122372 -0.642813 0.8539867 -0.1382003 -0.5016048 0.8539829 -0.1382291 -0.5016033 0.9263303 -0.1499168 -0.3455968 0.9263552 -0.1498457 -0.345561 0.9711648 -0.1570742 -0.1793509 0.9711419 -0.1571896 -0.1793736 0.9860644 -0.1595807 -0.04702299 0.9860431 -0.1597065 -0.04704254 -0.03149431 -0.9971737 -0.06821089 0.002955138 -0.02844876 -0.9995909 0.01912206 -0.9998171 -3.24057e-4 -0.1036335 -0.9664343 -0.2350848 -0.1345699 -0.3686241 -0.9197865 -0.09916317 -0.2770172 -0.9557344 -0.09904837 -0.2767177 -0.9558331 -0.09916317 -0.2770172 -0.9557344 -0.1856303 -0.5233768 -0.8316358 -0.1555642 -0.5676302 -0.8084527 -0.2029823 -0.5695249 -0.7965173 -0.1931719 -0.7595384 -0.6211167 -0.1738036 -0.8873611 -0.4270628 0.4677564 -0.1894704 -0.8633105 0.4677565 -0.1894704 -0.8633104 0.4867733 -0.3648397 -0.79369 0.4867731 -0.3648399 -0.79369 0.4867732 -0.3648397 -0.79369 -0.1625008 -0.9658291 -0.2019096 -0.2114614 -0.9047137 -0.3698341 -0.08016616 -0.9860942 -0.1455737 -0.0357486 -0.9834069 -0.1778569 0.787304 -0.6162603 -0.01938557 0.2023271 -0.9792755 -0.009134352 0.2234501 -0.9741376 -0.03355485 0.4424023 -0.8967464 -0.011231 0.4248147 -0.9052565 -0.006578028 0.4229167 -0.9061508 -0.005671083 0.3505176 -0.9364928 -0.01089096 0.323829 -0.9461143 -0.001672387 0.5091394 -0.8605766 -0.01360201 0.4864285 -0.8736788 -0.008534908 0.3922442 -0.9194046 -0.02897697 0.3556417 -0.9344371 -0.01860779 0.3260529 -0.9448488 -0.03082597 0.2938076 -0.9556753 -0.01902109 0.2930362 -0.9558514 -0.0218628 0.2462587 -0.9691684 -0.008325815 0.5150906 -0.8562918 -0.03802788 0.4865168 -0.8730775 -0.03220486 0.3981077 -0.9158051 -0.0530222 0.3660355 -0.9295345 -0.04453808 0.3659464 -0.9295699 -0.04453492 0.3660355 -0.9295345 -0.04453808 0.291858 -0.9546271 -0.0592119 0.5643436 -0.8254571 -0.01169937 0.5643437 -0.8254572 -0.01169937 0.5643437 -0.8254572 -0.01169937 0.5929948 -0.8050601 -0.01534295 0.5910492 -0.8065671 -0.01050281 0.6223267 -0.7826018 -0.01561975 0.8743743 -0.4847374 -0.02234429 0.8905401 -0.4545457 -0.01807403 0.6085737 -0.7841069 -0.1217147 0.6709743 -0.7360084 -0.08991819 0.6656689 -0.7407913 -0.09007292 0.7253072 -0.6861014 -0.05652022 0.7056335 -0.7021893 -0.09492951 0.7602092 -0.6470852 -0.057989 0.7326955 -0.6778886 -0.06020212 0.7885974 -0.6145233 -0.02180188 0.7482371 -0.6632071 -0.01725 0.7934762 -0.5901895 -0.1485661 0.7936775 -0.589921 -0.148558 0.8378424 -0.523867 -0.1535701 0.8627683 -0.4935684 -0.1096416 0.8629379 -0.4932847 -0.1095838 0.8629379 -0.4932847 -0.1095839 0.9193223 -0.3928583 -0.02255851 0.8986771 -0.438075 -0.02167725 0.5606114 -0.8280057 -0.01102292 0.5606896 -0.8279525 -0.01103878 0.5606114 -0.8280057 -0.01102298 0.5551089 -0.8317241 -0.009442687 0.4551588 -0.8897361 -0.03464502 0.4263156 -0.9041529 -0.02761441 0.3415994 -0.9387679 -0.04499632 0.3068821 -0.9511293 -0.03430187 0.2677818 -0.9621188 -0.05119079 0.2676377 -0.9621523 -0.05131375 0.2130362 -0.9751388 -0.06099224 0.1811684 -0.9804303 -0.07703638 0.3549699 -0.9247089 -0.1375132 0.4155799 -0.9016686 -0.11953 0.4183645 -0.9003726 -0.1195837 0.4859217 -0.8684356 -0.09848839 0.483667 -0.8696867 -0.0985459 0.5571056 -0.8271386 -0.07399374 0.5490101 -0.8324997 -0.07437968 0.6267214 -0.7778795 -0.0460872 0.4852188 -0.8637502 -0.136009 0.550586 -0.8273454 -0.1111518 0.5487986 -0.8285218 -0.1112292 0.6177213 -0.7820313 -0.08275049 0.6113983 -0.7869263 -0.08330279 0.6825147 -0.7290916 -0.05098271 0.6704937 -0.7400534 -0.05252885 0.7433221 -0.66875 -0.01567727 0.7188261 -0.6949497 -0.01827669 0.6554508 -0.7237787 -0.2157055 0.7184976 -0.6570779 -0.2280568 0.7190935 -0.6563504 -0.2282735 0.5942022 -0.7784006 -0.202525 0.5942022 -0.7784006 -0.2025251 0.5940895 -0.7784892 -0.2025151 0.6563979 -0.7229065 -0.2157499 0.702451 -0.688479 -0.1804421 0.7579228 -0.6242449 -0.1893981 0.757047 -0.6254131 -0.1890461 0.8407728 -0.5410411 -0.01938253 0.8422641 -0.5386534 -0.02106422 0.7999871 -0.5964176 -0.06562662 0.7911412 -0.6085438 -0.06140261 0.7453302 -0.6592389 -0.09943383 0.7094959 -0.6983116 -0.09474509 0.6528131 -0.7464278 -0.1291533 0.6099407 -0.7830354 -0.1217699 0.6099407 -0.7830355 -0.1217699 0.6099407 -0.7830355 -0.1217699 0.5480664 -0.8228346 -0.1502218 0.4830513 -0.8649779 -0.1359224 0.4831342 -0.8649349 -0.1359012 0.4831343 -0.8649349 -0.1359012 0.4218966 -0.8928343 -0.1576394 0.3474889 -0.9276085 -0.1370911 0.2939175 -0.9435812 -0.1525356 0.2361015 -0.9501707 -0.203548 0.3132401 -0.9204394 -0.2338206 0.3607006 -0.9074053 -0.2156638 0.4257571 -0.8731909 -0.23721 0.4773541 -0.8522589 -0.2139813 0.5397809 -0.8095536 -0.2307806 0.5424005 -0.8074235 -0.2320973 0.6061578 -0.7556388 -0.2481588 0.6083472 -0.753553 -0.2491416 0.6083472 -0.753553 -0.2491416 0.6083472 -0.753553 -0.2491416 0.6765982 -0.6869935 -0.2650566 0.6777293 -0.6857256 -0.2654492 0.6777942 -0.6856564 -0.2654629 0.6777293 -0.6857257 -0.2654492 0.8233572 -0.5573293 -0.1070836 0.7878206 -0.6071724 -0.1033462 0.7457985 -0.6506897 -0.1427852 0.7006554 -0.7003766 -0.1362153 0.649012 -0.7413468 -0.1708464 0.5959269 -0.786798 -0.1606864 0.5397446 -0.8203049 -0.1891454 0.4826281 -0.8581073 -0.1752777 0.4266151 -0.8825117 -0.1979214 0.3511025 -0.9197601 -0.1754098 0.3019946 -0.9338251 -0.1917549 0.2250205 -0.9605064 -0.1636872 0.1840955 -0.967059 -0.1758011 0.6684355 -0.7435793 -0.01684826 0.6683643 -0.7436431 -0.01685553 0.6684355 -0.7435793 -0.01684826 0.6461556 -0.7630866 -0.01348674 0.5603021 -0.8272056 -0.04233926 0.5336815 -0.8448584 -0.0373978 0.4516631 -0.8901981 -0.05956554 0.4182924 -0.906827 -0.05192691 0.3473388 -0.9352862 -0.0677908 0.3558992 -0.9326425 -0.05927753 0.2677128 -0.960383 -0.07742327 0.2633206 -0.9614325 -0.0794357 0.2113686 -0.9732664 -0.08986639 0.2122206 -0.9731196 -0.08944702 0.1590804 -0.9821523 -0.100351 0.1294988 -0.9846466 -0.1170524 0.9087235 -0.332403 -0.2524481 0.8447226 -0.4884757 -0.218713 0.9087548 -0.3634289 -0.2051441 0.9253934 -0.3536844 -0.1362151 0.9335144 -0.330852 -0.1381591 0.931979 -0.3506865 -0.091838 0.9338492 -0.3487902 -0.07918971 0.8993052 -0.4350397 -0.0446161 0.9404528 -0.3396353 -0.01401591 0.09421694 -0.9928427 -0.0733937 0.1048436 -0.9912694 -0.07995539 0.104297 -0.990696 -0.08742809 0.1721436 -0.9695999 -0.1739041 0.2478048 -0.946807 -0.2053029 0.2915009 -0.9373902 -0.1905964 0.3685215 -0.9038937 -0.2171826 0.3689441 -0.9036952 -0.2172912 0.3686482 -0.9038341 -0.2172151 0.4208058 -0.8854854 -0.1970742 0.4822862 -0.8493217 -0.2145993 0.5366491 -0.8224164 -0.1887831 0.5968051 -0.7763486 -0.2027475 0.6487084 -0.7416021 -0.1708909 0.7024609 -0.688469 -0.1804418 0.7471724 -0.6491213 -0.1427412 0.7923924 -0.5916133 -0.1486884 0.826065 -0.553373 -0.1067487 0.8613093 -0.4960615 -0.1098604 0.3053511 -0.9235369 -0.2320352 0.3053511 -0.9235369 -0.2320352 0.3052263 -0.9235901 -0.2319875 0.3713029 -0.8922486 -0.2569563 0.3713029 -0.8922486 -0.2569563 0.419435 -0.8765708 -0.2360038 0.419435 -0.8765708 -0.2360039 0.419435 -0.8765709 -0.2360038 0.4847197 -0.8362389 -0.2564202 0.4880979 -0.8336833 -0.2583267 0.5563119 -0.782919 -0.2784869 0.5583217 -0.781122 -0.2795096 0.6329228 -0.7138434 -0.2997272 0.6342516 -0.7123376 -0.3004996 0.3644022 -0.8955271 -0.2554255 0.431554 -0.8575962 -0.2798034 0.435141 -0.8551765 -0.2816479 0.5062525 -0.8062422 -0.3060753 0.5088493 -0.8040879 -0.307433 0.5091072 -0.8038915 -0.3075199 0.5088494 -0.8040879 -0.307433 0.5888252 -0.7366387 -0.3326383 0.5891255 -0.7363147 -0.3328242 0.5898611 -0.7355231 -0.3332714 0.6545045 -0.669316 -0.3516248 0.6929067 -0.6486966 -0.3147588 0.7123003 -0.6239726 -0.3213824 0.7489776 -0.6005041 -0.280049 0.7486606 -0.6009572 -0.2799247 0.7816095 -0.5762134 -0.2388822 0.7812292 -0.5767778 -0.2387642 0.8116573 -0.5500338 -0.1966601 0.8115033 -0.5502857 -0.1965914 0.8392497 -0.5216743 -0.1533491 0.8144098 -0.4099072 -0.4107467 0.3845613 -0.8719603 -0.3029816 0.4579582 -0.8248567 -0.3314902 0.4604488 -0.8228486 -0.3330274 0.5444834 -0.755915 -0.3634975 0.5457833 -0.7547109 -0.3640496 0.6148298 -0.6872046 -0.3869551 0.6148298 -0.6872046 -0.386955 0.6148927 -0.6871358 -0.3869773 0.6547153 -0.668942 -0.351944 0.6987347 -0.6162669 -0.3632974 0.6987347 -0.6162669 -0.3632974 0.6988375 -0.6161781 -0.3632502 0.7338613 -0.5970244 -0.3240517 0.7338613 -0.5970245 -0.3240517 0.7339437 -0.5969094 -0.3240771 0.7725116 -0.5414115 -0.3318123 0.7725115 -0.5414116 -0.3318124 0.8019064 -0.5228809 -0.2890357 0.8018541 -0.5229612 -0.2890358 0.8018541 -0.5229611 -0.2890359 0.8170573 -0.4963856 -0.2932897 0.8426589 -0.4784018 -0.2470988 0.8422308 -0.479142 -0.2471238 0.8639963 -0.4610255 -0.2024003 0.8628209 -0.4634451 -0.2018879 0.8818846 -0.4445002 -0.1571598 0.811636 -0.5697274 -0.1290642 0.8964586 -0.4287627 -0.1119129 0.9101672 -0.408789 -0.06698817 0.8831534 -0.4644783 -0.06557583 0.8638578 -0.4988607 -0.06991273 0.8532726 -0.5174115 -0.06489509 0.8238295 -0.5633956 -0.0623731 0.7848955 -0.610907 -0.1035954 0.7484973 -0.6556678 -0.09925609 0.6986936 -0.7023303 -0.1362327 0.6545193 -0.7449299 -0.1291671 0.59737 -0.785704 -0.1606807 0.545942 -0.82425 -0.1501979 0.4864528 -0.8558652 -0.175666 0.4864528 -0.8558652 -0.1756661 0.4154763 -0.8958714 -0.1574613 0.3607519 -0.9158923 -0.1760664 0.2841091 -0.9467173 -0.1516855 0.2371498 -0.9573335 -0.1651437 0.6979729 -0.7159551 -0.01556193 0.6940561 -0.7197731 -0.01459187 0.6125633 -0.7890028 -0.04733705 0.5765907 -0.8159852 -0.04137039 0.4998624 -0.8636608 -0.06502127 0.4979118 -0.8651971 -0.05931133 0.4117316 -0.9075474 -0.08267414 0.4103813 -0.9080309 -0.08406752 0.3447421 -0.933277 -0.1007324 0.3453056 -0.9331389 -0.1000802 0.2812904 -0.9526117 -0.1157874 0.282893 -0.9524204 -0.1134334 0.222053 -0.9665515 -0.1283388 0.2241086 -0.9665881 -0.1244301 0.1677181 -0.9760447 -0.1385908 0.1696318 -0.9763943 -0.1337133 0.1183118 -0.9819873 -0.1473203 0.1114371 -0.9786246 -0.1728464 0.1367028 -0.9731739 -0.185054 0.1241407 -0.9753189 -0.1825987 0.1974899 -0.9560018 -0.2169294 0.1865969 -0.958649 -0.2148805 0.2625522 -0.9322974 -0.2487732 0.2541539 -0.9352408 -0.2464354 0.3198205 -0.9068199 -0.2745768 0.3125442 -0.9099106 -0.2727251 0.3816154 -0.8739289 -0.3010284 0.2640678 -0.9643693 -0.01612842 0.1556638 -0.9872324 -0.03377771 0.2188634 -0.9748082 -0.04298758 0.1478171 -0.987477 -0.05513179 0.1839662 -0.980318 -0.07164627 0.1029911 -0.9908904 -0.08677119 0.1410183 -0.9858189 -0.09096705 0.03626424 -0.9926771 -0.1152261 0.09204846 -0.9854912 -0.1425983 0.03495126 -0.986257 -0.1614797 0.09338176 -0.9766868 -0.1932942 0.08251374 -0.9781612 -0.1907674 0.152579 -0.9617556 -0.2274768 0.1420982 -0.9639062 -0.2251511 0.2154074 -0.9407487 -0.2618999 0.2428 -0.9314646 -0.2709649 0.2708429 -0.9176635 -0.2907539 0.334491 -0.8862214 -0.3205112 0.3344909 -0.8862215 -0.3205113 0.3344148 -0.8862645 -0.3204718 0.3373522 -0.8844169 -0.3224906 0.3374545 -0.8843502 -0.3225666 0.3373523 -0.8844169 -0.3224906 0.4117347 -0.8391379 -0.3554183 0.4139246 -0.8375365 -0.3566498 0.5014643 -0.770895 -0.3927524 0.5019832 -0.770364 -0.3931313 0.5741108 -0.7028807 -0.419947 0.6143836 -0.6876614 -0.3868523 0.6143835 -0.6876614 -0.3868523 0.614319 -0.6877298 -0.3868333 0.6612734 -0.6339669 -0.4010032 0.6981546 -0.616924 -0.3632975 0.7423856 -0.5562182 -0.3734771 0.7737837 -0.5395562 -0.3318706 0.8108698 -0.4776383 -0.3381597 0.8108698 -0.4776383 -0.3381597 0.8108698 -0.4776383 -0.3381597 0.8359465 -0.4636451 -0.2936443 0.8359465 -0.4636451 -0.2936443 0.762386 -0.4127478 -0.4984043 0.7622898 -0.4130517 -0.4982995 0.7568553 -0.4237502 -0.4976003 0.7568084 -0.4238338 -0.4976002 0.7567615 -0.4239174 -0.4976004 0.7134868 -0.5029515 -0.4878283 0.3298286 -0.8548403 -0.4005761 0.4203977 -0.78953 -0.447111 0.4195606 -0.7902626 -0.4466024 0.496135 -0.7214956 -0.4830055 0.4961349 -0.7214956 -0.4830055 0.4960893 -0.7215617 -0.4829536 0.5362701 -0.7123929 -0.4526709 0.5361936 -0.7124505 -0.4526706 0.5362701 -0.7123929 -0.4526708 0.5878604 -0.6564557 -0.4727431 0.626727 -0.6444033 -0.4381298 0.6752814 -0.5819157 -0.4531768 0.5759267 -0.5900871 -0.565779 0.5759266 -0.590087 -0.5657791 0.5759267 -0.590087 -0.565779 0.5197976 -0.6607844 -0.5414559 0.5145905 -0.6664839 -0.5394403 0.4632929 -0.7214513 -0.5146532 0.4632928 -0.7214513 -0.5146532 0.4633733 -0.721399 -0.5146541 0.05294823 -0.9673194 -0.2479711 -0.09290248 -0.9770309 -0.1917808 0.4768676 -0.6451102 -0.5970177 0.4452736 -0.6616829 -0.6032472 0.4456539 -0.6613934 -0.603284 0.4456539 -0.6613934 -0.6032839 0.006053805 -0.9607425 -0.2773759 0.740195 -0.2982351 -0.6026336 0.7403818 -0.2983124 -0.6023658 0.8280192 0.1538938 -0.5391669 0.8280037 0.1542217 -0.539097 0.7050083 -0.4050978 -0.5821161 0.7050411 -0.4050101 -0.5821375 0.7050083 -0.4050978 -0.5821162 0.6971929 -0.4205909 -0.5805388 0.6521067 -0.502139 -0.5679907 0.6521067 -0.5021389 -0.5679907 0.6521552 -0.5020579 -0.5680067 0.6415787 -0.518772 -0.5650243 0.3173469 -0.8526078 -0.4151518 0.6067976 -0.5938248 -0.5283643 0.5544591 -0.6593233 -0.507807 0.7651321 -0.3171877 -0.5603256 0.7651451 -0.3172618 -0.5602658 0.7651323 -0.3171878 -0.5603254 0.8059834 -0.3113072 -0.5034667 0.7989108 -0.3291143 -0.5034138 0.798859 -0.3291872 -0.5034481 0.7989109 -0.3291141 -0.5034139 0.8355146 -0.3262416 -0.4421335 0.8355146 -0.3262416 -0.4421334 0.8354719 -0.3263254 -0.442152 0.9183872 0.09392243 -0.3843742 0.8546803 -0.3349407 -0.3966566 0.8778055 -0.3326101 -0.3447146 0.8778055 -0.3326101 -0.3447146 0.8778055 -0.3326101 -0.3447146 0.00916922 -0.9765127 -0.2152646 -0.05107676 -0.9836115 -0.172915 -0.08377557 -0.9771558 -0.1953161 -0.09498101 -0.9780231 -0.1856062 -0.1042222 -0.9851956 -0.1361155 -0.08518069 -0.9847033 -0.1519998 0.3822605 -0.7941989 -0.4723613 0.3823925 -0.7941435 -0.4723476 0.3823924 -0.7941435 -0.4723476 0.4596018 -0.7248399 -0.5131992 0.4993177 -0.7183797 -0.4843681 0.5502511 -0.6640086 -0.506277 0.5502511 -0.6640086 -0.506277 0.5502511 -0.6640085 -0.5062771 0.5895583 -0.6545425 -0.4732814 0.6446086 -0.5847077 -0.492541 0.389416 -0.8440793 -0.3686261 0.7085291 -0.5110068 -0.4866813 0.7085291 -0.5110068 -0.4866812 0.708529 -0.5110068 -0.4866814 0.7726306 -0.4896268 -0.4041133 0.8099139 -0.4192746 -0.4101809 0.846526 -0.4073761 -0.3426932 0.8465261 -0.407376 -0.3426931 0.846526 -0.4073761 -0.3426931 0.8760462 -0.3369917 -0.3449343 0.8937873 -0.3347095 -0.2985195 -0.2804344 -0.8670887 -0.4117207 -0.2791094 -0.8674085 -0.4119474 -0.2772864 -0.8672332 -0.4135444 -0.07991421 -0.9619523 -0.2612695 0.01838606 -0.9110835 -0.4118117 0.04660177 -0.9234527 -0.3808718 0.03943586 -0.9257951 -0.3759633 0.08484125 -0.9366623 -0.3398025 0.08499521 -0.9366467 -0.339807 0.1259418 -0.9405258 -0.3155152 0.1168706 -0.9437245 -0.3093954 0.0741409 -0.9657855 -0.2485186 0.3994167 -0.7128437 -0.5764723 0.3611762 -0.7114843 -0.6027784 0.3611204 -0.7115492 -0.6027352 0.3611762 -0.7114843 -0.6027785 0.3703162 -0.7022432 -0.6080465 0.3703944 -0.7021896 -0.6080607 0.3703162 -0.7022433 -0.6080464 0.3332053 -0.6978234 -0.6340481 0.3332683 -0.6977606 -0.6340839 0.3332053 -0.6978233 -0.634048 0.3437886 -0.6866539 -0.640559 0.5102933 -0.5788074 -0.6360682 0.4698671 -0.5792897 -0.6660694 0.2067032 -0.8338016 -0.511907 0.4478937 -0.5504906 -0.7045222 0.4477556 -0.5506228 -0.7045066 0.4478937 -0.5504904 -0.7045223 0.4544088 -0.6516152 -0.60738 0.4146278 -0.6510953 -0.6357348 0.4242094 -0.6404227 -0.6402384 0.3846275 -0.6372988 -0.6677664 0.3950285 -0.6247625 -0.6735163 0.3954107 -0.6244761 -0.6735578 0.158344 -0.9404422 -0.3008252 0.1271863 -0.9397549 -0.3173081 0.2168853 -0.9011262 -0.3754098 0.1696733 -0.8991813 -0.4033414 0.1748053 -0.8966959 -0.4066689 0.1202464 -0.8867118 -0.4464113 0.1313142 -0.8808455 -0.4548271 0.1312098 -0.8809028 -0.4547466 0.1313142 -0.8808456 -0.4548271 0.094594 -0.8673577 -0.488613 0.01874953 -0.9024233 -0.4304427 0.01874947 -0.9024232 -0.4304427 0.01874953 -0.9024233 -0.4304426 0.1655354 -0.805728 -0.568683 0.1655354 -0.8057281 -0.5686829 0.1655353 -0.8057283 -0.5686828 0.406824 -0.546964 -0.7316589 0.4068241 -0.5469641 -0.7316588 0.4068241 -0.546964 -0.7316588 0.3676691 -0.6042307 -0.7069122 0.3676942 -0.6041942 -0.7069303 0.3676943 -0.6041942 -0.7069301 0.3561157 -0.6188107 -0.700182 0.3559956 -0.6189476 -0.7001222 0.3559957 -0.6189476 -0.7001221 0.3181477 -0.6676862 -0.6730358 0.3069945 -0.6795384 -0.6663197 0.2396835 -0.7527766 -0.61309 0.2396835 -0.7527766 -0.61309 0.2397221 -0.7527142 -0.6131516 0.2715795 -0.7612008 -0.5889126 0.4143507 -0.6232935 -0.6631883 0.4143506 -0.6232936 -0.6631883 0.4143506 -0.6232935 -0.6631883 0.2883 -0.7817638 -0.5529274 0.3227878 -0.7847319 -0.5291541 0.3915301 -0.7204314 -0.5724358 0.6208617 -0.2526413 -0.7420938 0.6208618 -0.2526413 -0.7420938 0.6208618 -0.2526413 -0.7420937 0.608573 -0.2838659 -0.7409853 0.6085731 -0.2838658 -0.7409852 0.6085731 -0.2838658 -0.7409852 0.5754598 -0.3619794 -0.7333601 0.5754599 -0.3619794 -0.7333601 0.5755297 -0.3618538 -0.7333672 0.55897 -0.3951337 -0.728987 -0.1054654 -0.9482187 -0.299597 -0.1015251 -0.9476454 -0.3027553 -0.03216892 -0.9233011 -0.3827273 -0.06077235 -0.9283239 -0.3667719 0.01031684 -0.8935448 -0.4488557 -0.1199328 -0.9679548 -0.2206348 -0.09265452 -0.9558351 -0.2789167 -0.142426 -0.9563485 -0.2551717 -0.1548808 -0.9447407 -0.2889242 -0.1174929 -0.9332157 -0.3395643 -0.1140867 -0.9329553 -0.3414362 -0.07446283 -0.9164184 -0.3932337 0.3147457 -0.5504952 -0.7732336 0.3012454 -0.5693245 -0.764932 0.2706544 -0.6141235 -0.7413491 0.258316 -0.6297457 -0.7325936 0.1988031 -0.7057039 -0.6800436 0.2281382 -0.718781 -0.6567397 0.3696221 -0.4137048 -0.8320024 0.4581237 -0.4231244 -0.7817215 0.4581539 -0.4230382 -0.7817505 0.4581237 -0.4231244 -0.7817215 0.4375639 -0.4600031 -0.7726157 0.437564 -0.4600031 -0.7726157 0.4376112 -0.4599225 -0.772637 0.5234826 -0.4630519 -0.7152266 0.5235236 -0.4629686 -0.7152505 0.5235236 -0.4629685 -0.7152505 0.505512 -0.4927422 -0.7082816 0.2877979 -0.518261 -0.8053435 0.2755237 -0.537251 -0.7971501 0.2478548 -0.5806431 -0.7755138 0.2347499 -0.5987027 -0.7657987 0.1798871 -0.6749432 -0.7156064 0.2088084 -0.6909939 -0.6920453 0.1276439 -0.7793687 -0.613426 0.1533646 -0.7938512 -0.5884553 0.2678012 -0.6964213 -0.6657928 -0.00328952 -0.9778277 -0.2093855 -0.04226136 -0.9711022 -0.2348923 -0.01885455 -0.9684754 -0.2483952 -0.06108844 -0.9556592 -0.2880693 -0.03131639 -0.9505696 -0.3089284 -0.05339986 -0.93964 -0.3379721 0.02211064 -0.9077177 -0.4189987 0.005910873 -0.8981202 -0.4397105 0.08772397 -0.8446909 -0.528017 0.06739699 -0.8312436 -0.5518078 0.1366994 -0.7681114 -0.6255543 0.1129652 -0.7513943 -0.650112 0.189943 -0.6581645 -0.72852 0.1613754 -0.6391486 -0.7519623 0.2118692 -0.5624386 -0.7992336 0.2245804 -0.5433892 -0.8088832 0.2486222 -0.5025101 -0.8280524 -0.06886684 -0.9154056 -0.3965981 -0.02045065 -0.8891235 -0.4572104 -0.008524537 -0.8789465 -0.4768444 0.02437978 -0.8622077 -0.505968 0.07528597 -0.822611 -0.5635983 0.07528603 -0.8226112 -0.5635982 0.07540625 -0.8225595 -0.5636577 0.05611497 -0.8060154 -0.5892285 0.122341 -0.7381025 -0.6635039 0.09893411 -0.7179751 -0.6890022 0.1713995 -0.6206785 -0.7651016 0.1428818 -0.5985668 -0.7882275 0.1884717 -0.5220448 -0.831834 0.1999499 -0.504006 -0.8402369 0.2208599 -0.4649683 -0.8573362 0.2213027 -0.4647852 -0.8573215 0.2607327 -0.4831816 -0.8357954 0.2850071 -0.4365618 -0.8533374 0.3269693 -0.4488511 -0.8316393 0.1292028 -0.7641947 -0.6319123 0.1292027 -0.7641947 -0.6319124 0.1292834 -0.7641111 -0.631997 0.3463708 -0.4976152 -0.7952398 0.3877488 -0.5059871 -0.7704727 0.3878641 -0.5059009 -0.7704711 0.3877488 -0.5059871 -0.7704727 0.3405684 -0.5800306 -0.739985 0.3285258 -0.5961047 -0.7326186 0.3285259 -0.5961046 -0.7326187 0.2946107 -0.6424123 -0.707468 0.2811598 -0.6581574 -0.6984111 0.2811599 -0.6581572 -0.6984112 0.2811599 -0.6581572 -0.6984112 0.2185868 -0.7314443 -0.6459173 0.2487498 -0.7418988 -0.6226634 0.1608895 -0.8215863 -0.5469102 0.1608894 -0.8215863 -0.5469102 0.1609567 -0.8215397 -0.5469602 0.2026498 -0.8343532 -0.5126285 0.1876439 -0.8442778 -0.501981 0.1877492 -0.8442114 -0.5020531 0.2498296 -0.8527685 -0.4586624 0.249758 -0.8528137 -0.4586175 0.2496863 -0.8528588 -0.4585726 0.2418739 -0.8576378 -0.453822 0.3207992 -0.3149278 -0.8932573 0.3364692 -0.2780378 -0.899713 0.4306294 -0.2844083 -0.8565456 0.4532004 -0.2267689 -0.862082 0.5151618 -0.2261519 -0.8267186 -0.2478614 -0.8137243 -0.5257542 -0.2423027 -0.8140966 -0.5277653 -0.2398756 -0.7508512 -0.6153718 -0.2398754 -0.7508512 -0.6153718 -0.2398754 -0.7508511 -0.6153717 -0.23857 -0.7491838 -0.6179062 -0.2226669 -0.64658 -0.7296258 -0.229293 -0.6438513 -0.7299866 -0.2165728 -0.7514901 -0.6231845 -0.212029 -0.7326003 -0.6467925 -0.2129131 -0.792382 -0.5716632 -0.2099637 -0.7811896 -0.5879271 -0.2135711 -0.8380347 -0.5020811 -0.2328732 -0.8530474 -0.4669905 -0.2327536 -0.8282275 -0.5097697 -0.1341289 -0.8576309 -0.4964663 -0.1403093 -0.8322945 -0.5362828 -0.09689122 -0.7853696 -0.6113974 -0.172599 -0.884181 -0.4340894 -0.176778 -0.8626831 -0.4738432 -0.1375795 -0.8266052 -0.5457069 -0.1375795 -0.8266051 -0.5457069 -0.1375795 -0.8266051 -0.5457069 -0.143398 -0.7945423 -0.5900337 -0.1059058 -0.74682 -0.6565394 0.2057213 -0.296527 -0.9326041 0.1903083 -0.4330565 -0.8810476 0.1535611 -0.4085265 -0.8997361 0.1535236 -0.4086092 -0.8997051 0.1535237 -0.4086092 -0.8997051 0.2116646 -0.2752509 -0.937782 0.170889 -0.2605034 -0.9502289 0.02226763 -0.4713727 -0.881653 0.04655081 -0.5115895 -0.8579681 0.00154978 -0.5954438 -0.8033956 0.00154972 -0.5954437 -0.8033956 0.001568138 -0.5953682 -0.8034515 0.02057355 -0.6344025 -0.7727292 -0.017596 -0.6927804 -0.720934 -0.02604377 -0.7011482 -0.7125399 -0.05374747 -0.7391093 -0.6714378 -0.0608316 -0.7453759 -0.6638631 -0.1006302 -0.7944526 -0.5989315 -0.09226614 -0.8223603 -0.5614361 -0.1369225 -0.8625994 -0.4870059 -0.1337282 -0.5217158 -0.8425732 -0.1290982 -0.5789482 -0.8050794 -0.130073 -0.5799821 -0.8041778 -0.1251778 -0.6501266 -0.7494437 -0.1232277 -0.6482176 -0.751418 -0.1053345 -0.6155459 -0.7810301 -0.153277 -0.6262614 -0.764397 -0.1526578 -0.6240118 -0.7663583 -0.1488239 -0.6893301 -0.7089962 -0.1495246 -0.6916829 -0.7065531 -0.1449032 -0.7437369 -0.6525783 -0.194806 -0.7594783 -0.6206797 -0.1950284 -0.7069979 -0.6797925 -0.1978918 -0.7065658 -0.6794142 -0.1967983 -0.6447779 -0.7386013 -0.2008317 -0.6436663 -0.7384852 -0.1983335 -0.5735875 -0.7947711 -0.2099431 -0.5685967 -0.7953752 -0.172567 -0.4186606 -0.8915963 -0.1621794 -0.4392908 -0.8835845 -0.1621537 -0.4391225 -0.8836729 -0.1621795 -0.4392907 -0.8835846 -0.05506563 -0.5224431 -0.8508943 -0.05506563 -0.5224431 -0.8508942 -0.05499178 -0.5222945 -0.8509903 -0.05005103 -0.5159499 -0.8551553 -0.0673573 -0.4514141 -0.8897687 -0.06348246 -0.4460276 -0.8927651 0.01282799 -0.2706931 -0.9625803 0.009281158 -0.2853973 -0.9583644 0.03914487 -0.3248643 -0.9449502 0.03914493 -0.3248643 -0.9449502 0.03914487 -0.3248643 -0.9449502 0.03461134 -0.3423743 -0.938926 0.0643624 -0.379211 -0.9230691 0.03991574 -0.2050563 -0.977936 -9.85025e-4 -0.3802197 -0.9248958 0.06474381 -0.2669671 -0.9615284 0.1018626 -0.2961745 -0.9496867 0.05862665 -0.3982059 -0.9154207 0.0880627 -0.4326093 -0.8972705 0.04005712 -0.5300794 -0.8470013 0.06382799 -0.5662598 -0.8217518 0.01329177 -0.6500687 -0.7597593 0.03226453 -0.6834237 -0.7293087 -0.008826076 -0.7387531 -0.6739184 -0.01816362 -0.7468392 -0.6647567 -0.04711699 -0.781364 -0.6222944 -0.05499684 -0.7872925 -0.614122 -0.09627974 -0.8304057 -0.5487775 -0.1141617 -0.7497216 -0.6518318 -0.08959335 -0.7289392 -0.6786904 -0.06718617 -0.6959035 -0.7149856 -0.06051415 -0.6894522 -0.721799 -0.03486222 -0.6486806 -0.760262 -0.02744847 -0.6405678 -0.7674109 0.007903695 -0.5793756 -0.8150225 -0.01163339 -0.5354531 -0.844485 0.02800774 -0.453743 -0.8906924 0.002014398 -0.4069573 -0.913445 0.009171187 -0.3958594 -0.9182654 -0.01822227 -0.3433336 -0.9390367 -0.01225382 -0.3337522 -0.9425812 -0.08549058 -0.4175296 -0.9046328 -0.06894475 -0.4244975 -0.9028005 -0.0976088 -0.4407742 -0.8922952 -0.08791607 -0.4970807 -0.8632391 -0.09089976 -0.5007916 -0.8607817 -0.07786512 -0.5683662 -0.819083 -0.08201473 -0.5732087 -0.8152948 -0.1516191 -0.5411718 -0.8271306 -0.1584934 -0.5282173 -0.834186 -0.1289883 -0.4631358 -0.8768507 -0.1324852 -0.4175002 -0.8989668 -0.09934926 -0.3369385 -0.9362705 -0.1063259 -0.2981826 -0.9485684 -0.1176987 -0.2908301 -0.9495077 -0.09282582 -0.3798993 -0.9203586 -0.05287611 -0.2797199 -0.9586245 -0.05292922 -0.2876757 -0.9562642 -0.01210737 -0.1791993 -0.9837383 -0.1024596 -0.6125434 -0.7837683 -0.1119559 -0.5440216 -0.8315686 -0.1100896 -0.5418631 -0.8332255 -0.1131938 -0.5162021 -0.8489539 -0.1252861 -0.5035161 -0.8548539 -0.1287976 -0.4617903 -0.8775881 -0.09262979 -0.3765649 -0.9217476 -0.09953647 -0.3398473 -0.9351986 -0.06460767 -0.2503108 -0.9660074 -0.087888 -0.251348 -0.9638983 -0.08662301 -0.2505069 -0.9642317 -0.08706384 -0.2506759 -0.9641482 -0.08693158 -0.2506251 -0.9641733 -0.0683211 -0.2278473 -0.971297 -0.04983812 -0.18764 -0.9809728 -0.03870332 -0.1495029 -0.9880035 -0.0311256 -0.1388486 -0.9898244 -0.009319603 -0.08521121 -0.9963194 -0.1594654 -0.4662229 -0.8701765 -0.1524472 -0.4666197 -0.871221 -0.1329514 -0.4218813 -0.8968501 -0.1360918 -0.377145 -0.9161008 -0.1499047 -0.3561086 -0.9223423 0.1430653 -0.2621369 -0.9543672 -0.1810714 -0.5247172 -0.8317964 -0.1822611 -0.6027615 -0.7768267 -0.1791312 -0.603279 -0.7771528 -0.1788464 -0.672254 -0.718393 -0.1770265 -0.672285 -0.7188147 -0.1755564 -0.7311884 -0.6591991 -0.1749173 -0.7311343 -0.659429 -0.1722921 -0.7803993 -0.601076 -0.1926552 -0.7812579 -0.593734 -0.1817523 -0.7925819 -0.5820481 -0.2095562 -0.823073 -0.5278608 -0.2243323 -0.8070241 -0.5462485 -0.2243421 -0.8048291 -0.5494732 -0.2202541 -0.7923048 -0.5689828 -0.2331486 -0.7721941 -0.5910652 -0.2306434 -0.7188487 -0.6557897 -0.2148728 -0.6958509 -0.6852893 -0.2241423 -0.6726398 -0.7052064 -0.2146658 -0.6753611 -0.7055537 -0.2117295 -0.6130259 -0.7611635 -0.2177431 -0.6104614 -0.7615279 0.2231397 -0.363797 -0.9043564 0.2494945 -0.3110129 -0.9170734 0.2534507 -0.2994021 -0.9198485 0.282153 -0.2285197 -0.9317556 0.282153 -0.2285197 -0.9317556 0.282153 -0.2285196 -0.9317557 0.3541203 -0.2363184 -0.9048494 0.4848517 0.2500908 -0.8380773 0.4848517 0.2500908 -0.8380772 0.4848517 0.2500907 -0.8380773 0.4018872 -0.1915735 -0.8954252 0.2274397 -0.1073002 -0.9678626 0.2339363 -0.1493376 -0.9607144 0.2615427 -0.1511635 -0.9532812 0.2569485 -0.1701253 -0.9513332 0.3063343 -0.1728814 -0.9360936 0.3113203 -0.1558575 -0.937437 0.3113203 -0.1558575 -0.937437 0.3113203 -0.1558575 -0.9374371 0.366813 -0.1549073 -0.917307 0.3668131 -0.1549072 -0.9173069 -0.1788809 -0.829559 -0.5289929 -0.2109767 -0.8584956 -0.4674122 -0.2124227 -0.8653831 -0.45386 -0.223298 -0.872502 -0.4346012 -0.2231293 -0.8718843 -0.4359258 -0.2366827 -0.8790021 -0.4139284 -0.2373378 -0.8316761 -0.5019817 -0.2523558 -0.859466 -0.4445614 -0.251963 -0.8125514 -0.5256188 -0.2708255 -0.7961177 -0.5411565 -0.2675939 -0.7958247 -0.5431912 -0.2463342 -0.7761518 -0.5804377 -0.262998 -0.774718 -0.5750167 -0.2392163 -0.7488213 -0.6180956 -0.2538953 -0.7206233 -0.645166 -0.2358268 -0.6958938 -0.6783197 -0.2455424 -0.6697967 -0.700772 -0.2402478 -0.6751937 -0.6974199 -0.2342491 -0.9370831 -0.258849 -0.2160298 -0.9190391 -0.3296946 -0.1943975 -0.9496698 -0.2456356 -0.1751234 -0.9476019 -0.267175 -0.1459177 -0.9703565 -0.1926562 0.02448403 -0.999646 -0.01041477 0.1243482 -0.9918416 -0.02806895 0.09874093 -0.9950804 -0.008087158 0.1943913 -0.9809105 -0.005146205 0.1884806 -0.982077 2.09297e-5 0.1488057 -0.9884107 -0.03001958 0.1479731 -0.9881576 -0.04060536 0.04119521 -0.9973561 -0.05986464 0.02568322 -0.9984897 -0.04856806 0.02138382 -0.08463186 -0.9961828 0.1323727 -0.03964483 -0.9904069 0.1070184 -0.1006981 -0.9891446 0.1779764 -0.107123 -0.9781866 0.1355939 -0.2242893 -0.9650433 0.176093 -0.2403444 -0.9545816 0.1761279 -0.2402077 -0.9546095 0.1760929 -0.2403444 -0.9545815 0.1256229 -0.3624928 -0.9234814 0.1605898 -0.3869726 -0.9079995 0.1031512 -0.5046066 -0.8571651 0.1320721 -0.5332279 -0.8355987 0.07098686 -0.6344369 -0.7697083 0.07106816 -0.6343941 -0.7697359 0.07098686 -0.6344368 -0.7697083 0.09476208 -0.6617808 -0.7436843 0.0347836 -0.7404937 -0.6711626 0.03478366 -0.7404937 -0.6711626 0.0347836 -0.7404937 -0.6711626 0.05364596 -0.7639245 -0.6430721 0.007028102 -0.8115113 -0.5842945 -0.002633929 -0.8180884 -0.5750867 -0.03469687 -0.846117 -0.5318667 -0.04229897 -0.8504535 -0.524347 -0.08144295 -0.8797805 -0.4683517 -0.08788698 -0.881259 -0.4643906 -0.125203 -0.9042123 -0.4083192 -0.1295377 -0.9047023 -0.4058743 -0.1662116 -0.9223891 -0.3486718 6.15219e-4 -0.1882124 -0.9821282 0.005124092 -0.1755762 -0.9844526 -0.007310092 -0.2348334 -0.9720082 -0.01079589 -0.238777 -0.9710144 -0.04098802 -0.3170692 -0.9475163 -0.02185177 -0.3145807 -0.9489792 -0.05510658 -0.3438866 -0.9373928 -0.03813612 -0.3912273 -0.9195037 -0.03813606 -0.3912273 -0.9195037 -0.03813606 -0.3912273 -0.9195037 -0.04322457 -0.3991053 -0.9158858 -0.02101784 -0.4587196 -0.8883325 -0.02738118 -0.4677557 -0.8834336 -0.006358325 -0.5198839 -0.8542133 -0.03789877 -0.5809524 -0.8130548 -0.03789883 -0.5809523 -0.8130548 -0.03789883 -0.5809524 -0.8130548 -0.044667 -0.5891651 -0.8067772 -0.06870031 -0.6326295 -0.7714015 -0.07388883 -0.6381553 -0.7663539 -0.09555602 -0.6747705 -0.7318155 -0.09987157 -0.6789423 -0.7273672 -0.1178651 -0.7075265 -0.6967886 -0.1206427 -0.7099829 -0.6938081 -0.146345 -0.7479807 -0.6473856 -0.1411945 -0.7889539 -0.59801 -0.1793648 -0.8313683 -0.52598 -0.1757925 -0.8595168 -0.4799249 -0.2088968 -0.8838428 -0.4185501 -0.198073 -0.899491 -0.3894651 -0.2223737 -0.8868559 -0.4050145 -0.2085915 -0.9032494 -0.375007 -0.1918742 -0.8963369 -0.3997055 -0.2373995 -0.8973045 -0.3721371 -0.2400912 -0.8528996 -0.4635932 -0.2374643 -0.8491145 -0.4718211 -0.2756265 -0.8284668 -0.4875169 0.6894579 -0.2779644 -0.6688674 0.6894578 -0.2779644 -0.6688674 0.6895174 -0.277897 -0.6688341 0.6784622 -0.3047615 -0.6684381 0.6784623 -0.3047616 -0.6684381 0.6784623 -0.3047616 -0.668438 0.6414333 -0.3898683 -0.6607314 0.6306644 -0.4114857 -0.6579834 0.6306644 -0.4114856 -0.6579834 0.5879992 -0.4894172 -0.6439937 0.5741372 -0.512004 -0.6389199 0.5741371 -0.512004 -0.6389198 0.5741371 -0.5120041 -0.6389197 0.2567464 -0.849082 -0.461672 0.2567464 -0.8490821 -0.461672 0.2567465 -0.8490821 -0.4616718 0.5362545 -0.5952604 -0.5984115 0.5362545 -0.5952603 -0.5984115 0.5362545 -0.5952603 -0.5984115 0.4855651 -0.6592424 -0.5741308 0.4855651 -0.6592423 -0.5741308 0.4855103 -0.6593131 -0.5740959 0.4799669 -0.6653917 -0.5717393 0.4301241 -0.7193558 -0.5454545 0.4242563 -0.7248835 -0.5427251 0.4242563 -0.7248836 -0.5427251 0.4242563 -0.7248836 -0.542725 0.3479998 -0.7940247 -0.4984185 0.3481379 -0.7938209 -0.4986466 0.3847181 -0.7918087 -0.4743742 0.2936727 -0.8575504 -0.4223313 0.4440494 -0.7547715 -0.4828459 0.1428219 -0.9397057 -0.3107333 0.2537736 -0.8984704 -0.3582598 0.2537737 -0.8984704 -0.3582597 0.2538159 -0.8984285 -0.3583348 0.1605821 -0.9391651 -0.3036155 0.0141474 -0.1130146 -0.9934927 0.0141474 -0.1130146 -0.9934926 0.01414746 -0.1130146 -0.9934927 0.09080123 -0.1466902 -0.9850062 0.09080117 -0.1466902 -0.9850062 0.09080123 -0.1466902 -0.9850062 0.07658886 -0.1788651 -0.9808881 0.1402163 -0.204914 -0.9686846 0.09674119 -0.3156569 -0.943929 0.1318129 -0.3417561 -0.9304988 0.08150845 -0.4527618 -0.8878983 0.1106826 -0.4843176 -0.8678629 0.05621737 -0.5845081 -0.8094381 0.07972204 -0.6164497 -0.7833482 0.02432912 -0.6986948 -0.7150061 0.04312014 -0.7268365 -0.6854557 -9.73726e-4 -0.7781696 -0.6280535 -0.01041102 -0.7855723 -0.6186823 -0.04104661 -0.8169295 -0.5752751 -0.0489369 -0.822094 -0.5672449 -0.04873543 -0.821855 -0.5676084 -0.04873543 -0.821855 -0.5676084 -0.08647978 -0.8553673 -0.5107527 -0.09299397 -0.8571459 -0.5066096 -0.1296292 -0.8844168 -0.4483341 -0.1338812 -0.8850003 -0.4459264 -0.16847 -0.9059416 -0.3884428 -0.1595703 -0.9089496 -0.3851597 -0.2028578 -0.9270085 -0.3154427 -0.1865362 -0.937868 -0.2925883 -0.2000728 -0.9404906 -0.2746785 -0.1947717 -0.9413671 -0.275485 -0.2116075 -0.9047609 -0.3696349 -0.2347473 -0.9223295 -0.3069236 -0.2415456 -0.8791342 -0.4108268 -0.2498713 -0.8816516 -0.4003183 -0.2779791 -0.9141773 -0.2949703 -0.09656924 -0.9854254 -0.1400403 -0.1427188 -0.9719495 -0.1869379 -0.1989626 -0.9596613 -0.1986564 -0.1988798 -0.9595083 -0.1994763 -0.2226409 -0.9363431 -0.2714639 -0.2246979 -0.9379565 -0.2640996 -0.2804477 -0.9143382 -0.2921209 -0.0578342 -0.9924474 -0.1081823 -0.09645235 -0.985516 -0.1394822 -0.08506166 -0.9850382 -0.1498813 -0.1438253 -0.9665992 -0.2121327 -0.1655492 -0.9679276 -0.1889698 -0.1889221 -0.946357 -0.2621391 -0.1494413 -0.9363929 -0.3175464 -0.1594934 -0.9342052 -0.3190965 -0.1242101 -0.9205827 -0.3702694 -0.1201081 -0.9201627 -0.372659 -0.0817784 -0.9007323 -0.426607 -0.07566964 -0.8995071 -0.4303036 -0.03506308 -0.8738598 -0.484912 -0.02760243 -0.870172 -0.4919746 0.006034314 -0.8450067 -0.5347217 0.01554471 -0.8393601 -0.5433534 0.01568245 -0.8393807 -0.5433178 0.01554465 -0.8393602 -0.5433535 0.06444323 -0.7957719 -0.602158 0.06415718 -0.795892 -0.60203 0.06415718 -0.795892 -0.60203 0.04531353 -0.7758074 -0.6293407 0.1086625 -0.702297 -0.703542 0.1086625 -0.702297 -0.703542 0.1086625 -0.7022971 -0.703542 0.08538752 -0.6787809 -0.7293598 0.1521401 -0.5789229 -0.8010628 0.123429 -0.5535386 -0.8236264 0.163865 -0.479566 -0.8620702 0.1638091 -0.479686 -0.862014 0.163865 -0.4795659 -0.8620702 0.1955885 -0.4246379 -0.883984 0.1955885 -0.4246379 -0.8839842 0.1955885 -0.4246379 -0.8839842 0.2330963 -0.4442828 -0.8650313 0.2331146 -0.4442417 -0.8650473 0.2330963 -0.444283 -0.8650311 0.2649919 -0.3793928 -0.8864764 0.09482908 -0.7071233 -0.7007027 0.09482902 -0.7071232 -0.7007027 0.09482914 -0.7071233 -0.7007027 0.301294 -0.356671 -0.884312 0.3912932 -0.3719378 -0.8417553 0.3912932 -0.3719378 -0.8417553 0.3912932 -0.3719378 -0.8417553 0.4120836 -0.3258948 -0.85087 0.4120836 -0.3258948 -0.85087 0.4120835 -0.3258948 -0.8508701 0.5054686 -0.3255709 -0.7990652 0.5054688 -0.325571 -0.7990651 0.5055335 -0.3256115 -0.7990075 0.6398492 0.2256296 -0.7346321 0.6396139 0.2260399 -0.7347109 0.5483865 -0.2567134 -0.7958458 -0.0127418 -0.9982002 -0.05860066 -0.008756101 -0.998194 -0.05943208 0.01368749 -0.996738 -0.07953613 -0.03499501 -0.9948142 -0.09549903 -0.02266001 -0.9941548 -0.1055597 -0.001606106 -0.9937093 -0.1119791 -0.002871513 -0.9944238 -0.1054183 0.001943588 -0.9940973 -0.1084753 0.001060783 -0.9889481 -0.1482591 0.0130788 -0.9877569 -0.1554518 0.03323471 -0.9816297 -0.1878794 0.04878407 -0.9791468 -0.1972099 0.05234974 -0.9778596 -0.2026084 0.1058455 -0.9664767 -0.2339224 0.1092354 -0.9649805 -0.2384961 0.1957207 -0.937759 -0.2868826 0.1987266 -0.9360334 -0.2904296 0.2910763 -0.8946074 -0.3390461 0.2910104 -0.8946498 -0.3389909 0.2910104 -0.8946498 -0.3389909 0.2932044 -0.8933435 -0.3405418 0.3684203 -0.8493308 -0.3780261 0.3684203 -0.8493309 -0.378026 0.3685066 -0.8492898 -0.3780342 0.3699069 -0.8484103 -0.3786409 0.369907 -0.8484103 -0.3786408 0.3699403 -0.8483619 -0.3787167 0.4600428 -0.7820105 -0.4205 0.4600428 -0.7820106 -0.4205001 0.4600428 -0.7820105 -0.4205 0.4600783 -0.7819967 -0.420487 0.5348181 -0.7137755 -0.4522103 0.5348181 -0.7137755 -0.4522104 0.5748457 -0.7020508 -0.4203299 0.6251383 -0.6462123 -0.437735 0.62507 -0.6462796 -0.4377329 0.6251383 -0.6462123 -0.4377349 0.6635961 -0.6311929 -0.4015419 0.7104784 -0.5687965 -0.4143562 0.7104046 -0.5689836 -0.4142259 0.7104342 -0.5689086 -0.414278 0.4702745 -0.8231012 -0.3183495 0.7692084 -0.4954851 -0.4035008 0.7692778 -0.4953608 -0.4035212 0.7692778 -0.4953608 -0.4035212 0.8116717 -0.476288 -0.3381405 0.8116718 -0.4762879 -0.3381404 0.8116716 -0.4762879 -0.3381404 0.844542 -0.411498 -0.3426635 0.865829 -0.4027345 -0.2968925 0.8789187 -0.3709037 -0.2998875 0.8904744 -0.3671203 -0.2688459 0.7619705 0.647611 -0.001033365 0.7344399 0.6786658 -0.003296673 0.7484825 0.6631525 -0.001607 0.4999539 0.866052 0 0.4999531 0.8660525 0 0.6324095 0.7746344 0 0.6324093 0.7746344 0 0.6963168 0.7177346 0 0.7105149 0.7036823 -1.3531e-4 0.8737948 0.4862948 -1.82217e-4 0.8810603 0.4730042 1.86397e-6 0.8543419 0.5197108 -9.33797e-4 0.8320293 0.5547205 -0.003551006 0.8451749 0.5344871 -0.001743018 0.8100947 0.5862991 1.60701e-4 0.7846013 0.6200008 -1.30768e-4 0.9461191 0.3238189 1.34822e-5 0.9293279 0.3692556 -5.10998e-4 0.9199711 0.3919813 -0.001975178 0.9135452 0.4067354 -0.001306056 0.8992881 0.4373568 -4.60702e-6 0.958846 0.2839265 -5.01858e-5 0.970937 0.2393279 -0.001887083 0.9720316 0.2348449 -0.001624047 0.9999998 7.38498e-4 0 0.9990416 0.04377394 -4.19055e-5 0.9952839 0.09697014 -0.002652943 0.9967562 0.08046454 -0.001594245 0.9900283 0.1408684 1.48137e-4 0.9809702 0.1941583 -1.73561e-4 1 7.54421e-7 0 1 -2.85006e-7 0 1 -1.42505e-7 0 1 8.54954e-7 0 1 -8.55001e-7 0 1 1.42503e-7 0 1 -2.85008e-7 0 1 1.50878e-6 0 1 -5.6998e-7 0 1 -7.54384e-7 0 1 -3.77215e-7 0 1 -1.88605e-7 0 1 2.4165e-7 0 1 3.77206e-7 0 1 -7.54403e-7 0 1 7.54394e-7 0 1 2.84998e-7 0 1 -1.50885e-6 0 1 2.84987e-7 0 1 5.69993e-7 0 1 -2.84998e-7 0 1 -1.50877e-6 0 1 5.69977e-7 0 1 5.70007e-7 0 1 5.69988e-7 0 1 -2.82901e-7 0 1 -5.70016e-7 0 1 3.7721e-7 0 1 5.69975e-7 0 0 0.08482062 0.9963963 0 0.08481842 0.9963965 0 0.2519778 0.9677331 0 0.2519713 0.9677347 0 0.4118979 0.91123 0 0.4119179 0.911221 0 0.5599331 0.8285379 0 0.5599576 0.8285213 0 0.6919568 0.721939 0 0.6919567 0.7219391 0 0.80399 0.594643 0 0.80399 0.5946431 0 0.8929199 0.4502157 0 0.8929199 0.4502158 0 0.9561796 0.2927809 0 0.9561721 0.2928053 0 0.9919006 0.1270167 0 0.9918973 0.127043 0 0.9990993 -0.04243606 0 0.9991004 -0.04240947 0 0.9775481 -0.2107121 0 0.9278885 -0.3728579 0 0.9278977 -0.372835 0 0.8515276 -0.5243099 0 0.8515395 -0.5242907 0 0.7506587 -0.6606901 0 0.7506587 -0.6606902 0 0.6282187 -0.7780368 0 0.6282317 -0.7780265 0 0.4877041 -0.873009 0 0.4877041 -0.8730091 0 0.3331248 -0.9428827 0 0.3331332 -0.9428799 0 0.1690142 -0.9856137 0 0.1690142 -0.9856137 0 -0.1690053 -0.9856151 0 -0.1690142 -0.9856137 0 -0.3331332 -0.9428799 0 -0.3331499 -0.9428739 0 -0.4876928 -0.8730154 0 -0.4876814 -0.8730218 0 -0.6282317 -0.7780264 0 -0.6282186 -0.778037 0 -0.7506853 -0.6606602 0 -0.750672 -0.6606752 0 -0.8515157 -0.5243293 0 -0.8515038 -0.5243486 0 -0.9278885 -0.3728579 0 -0.927907 -0.372812 0 -0.9775592 -0.2106612 0 -0.9775537 -0.2106868 0 -0.9991004 -0.04240942 0 -0.9990993 -0.04243606 0 -0.9919039 0.1269905 0 -0.991904 0.1269905 0 -0.9561647 0.2928296 0 -0.9561497 0.2928783 0 -0.8929414 0.4501732 0 -0.8929199 0.4502158 0 -0.8040027 0.5946258 0 -0.8040153 0.5946086 0 -0.6919302 0.7219645 0 -0.6919434 0.7219518 0 -0.5599702 0.8285128 0 -0.5599824 0.8285045 0 -0.4118979 0.91123 0 -0.2519843 0.9677314 0 -0.2519713 0.9677347 0 -0.08481842 0.9963965 0 -0.08481389 0.9963968</float_array>
          <technique_common>
            <accessor source="#camera_mount_left-mesh-normals-array" count="9931" stride="3">
              <param name="X" type="float"/>
              <param name="Y" type="float"/>
              <param name="Z" type="float"/>
            </accessor>
          </technique_common>
        </source>
        <vertices id="camera_mount_left-mesh-vertices">
          <input semantic="POSITION" source="#camera_mount_left-mesh-positions"/>
        </vertices>
        <triangles count="9927">
          <input semantic="VERTEX" source="#camera_mount_left-mesh-vertices" offset="0"/>
          <input semantic="NORMAL" source="#camera_mount_left-mesh-normals" offset="1"/>
          <p>0 0 2 0 1 0 2 1 3 1 1 1 2 2 4 2 3 2 4 3 5 3 3 3 4 4 6 4 5 4 6 5 7 5 5 5 6 6 8 6 7 6 9 7 11 7 10 7 11 8 12 8 10 8 9 9 10 10 13 11 10 12 14 12 13 12 10 13 15 14 14 15 15 16 16 16 14 16 17 17 19 18 18 19 19 20 20 21 18 22 19 23 16 23 20 23 16 24 21 25 20 26 16 27 15 28 21 29 22 30 24 31 23 32 24 33 25 34 23 35 24 36 19 36 25 36 19 37 26 38 25 39 19 40 17 41 26 42 27 43 29 44 28 45 29 46 30 47 28 48 29 49 31 50 30 51 31 52 29 53 32 54 29 55 33 55 32 55 29 56 24 56 33 56 24 57 34 58 33 59 24 60 22 61 34 62 27 63 35 64 29 65 35 66 36 66 29 66 35 67 37 67 36 67 36 68 0 68 38 68 0 69 39 69 38 69 39 70 0 70 40 70 0 71 41 71 40 71 0 72 1 72 41 72 37 73 42 74 36 75 42 76 0 76 36 76 42 77 43 77 0 77 43 78 44 78 0 78 43 79 45 79 44 79 45 80 46 80 44 80 45 81 47 81 46 81 47 82 48 82 46 82 48 83 49 83 46 83 48 84 50 84 49 84 51 85 49 85 52 85 49 86 53 86 52 86 49 87 50 87 53 87 54 88 56 88 55 88 56 89 57 89 55 89 56 90 51 90 57 90 51 91 58 91 57 91 51 92 52 92 58 92 54 93 59 93 56 93 59 94 60 94 56 94 59 95 61 95 60 95 61 96 62 96 60 96 62 97 63 97 60 97 62 98 64 98 63 98 65 99 63 99 66 99 63 100 67 100 66 100 63 101 64 101 67 101 68 102 70 102 69 102 68 103 71 103 70 103 72 104 70 104 73 104 70 105 74 105 73 105 70 106 71 106 74 106 75 107 70 108 76 109 76 110 70 110 77 110 70 111 78 112 77 113 70 114 79 115 78 116 79 117 70 118 80 119 70 120 81 121 80 122 70 123 82 123 81 123 83 124 70 124 84 124 82 125 70 125 85 125 70 126 86 126 85 126 70 127 83 127 86 127 84 128 70 128 87 128 70 129 88 130 87 131 70 132 89 132 88 132 89 133 70 133 90 133 70 134 91 134 90 134 70 135 92 136 91 137 93 138 75 139 94 140 75 141 95 142 94 143 75 144 96 145 95 146 69 147 70 147 97 147 70 148 98 148 97 148 70 149 75 149 98 149 75 150 99 150 98 150 75 151 93 151 99 151 92 152 70 152 100 152 70 153 101 154 100 155 70 156 65 156 101 156 65 157 102 157 101 157 65 158 66 158 102 158 72 159 103 159 70 159 103 160 104 160 70 160 103 161 105 161 104 161 105 162 106 162 104 162 105 163 107 163 106 163 107 164 108 164 106 164 107 165 109 165 108 165 109 166 110 166 108 166 109 167 111 167 110 167 111 168 112 168 110 168 111 169 113 169 112 169 114 170 116 170 115 170 116 170 114 170 117 170 114 171 118 171 117 171 114 170 119 170 118 170 113 172 111 172 120 172 111 170 121 170 120 170 111 173 109 173 121 173 109 174 122 174 121 174 109 175 107 175 122 175 107 176 123 176 122 176 107 177 105 177 123 177 123 170 105 170 124 170 105 178 125 178 124 178 105 179 103 179 125 179 103 170 126 170 125 170 103 170 72 170 126 170 119 180 127 180 118 180 127 181 128 181 118 181 127 182 120 182 128 182 120 170 129 170 128 170 120 170 121 170 129 170 130 183 132 183 131 183 132 184 133 184 131 184 132 185 134 185 133 185 134 186 135 186 133 186 134 187 136 187 135 187 136 188 137 188 135 188 136 189 138 189 137 189 138 190 139 190 137 190 138 191 140 191 139 191 140 192 141 192 139 192 140 193 142 193 141 193 142 194 143 194 141 194 142 195 144 195 143 195 144 196 145 196 143 196 144 197 146 197 145 197 146 198 147 198 145 198 146 199 148 199 147 199 148 200 149 200 147 200 148 201 150 201 149 201 150 202 151 202 149 202 150 203 152 203 151 203 152 204 153 204 151 204 152 205 154 205 153 205 154 206 155 206 153 206 154 207 156 207 155 207 156 207 157 207 155 207 156 208 158 208 157 208 158 208 159 208 157 208 158 209 160 209 159 209 160 209 161 209 159 209 160 210 162 210 161 210 162 210 163 210 161 210 162 211 164 211 163 211 164 211 165 211 163 211 164 212 166 212 165 212 166 213 167 213 165 213 166 214 168 214 167 214 168 214 169 214 167 214 168 215 170 215 169 215 170 216 171 216 169 216 170 217 172 217 171 217 172 218 173 218 171 218 172 219 174 219 173 219 174 220 175 220 173 220 174 221 176 221 175 221 176 222 177 222 175 222 176 223 178 223 177 223 178 223 179 223 177 223 178 224 180 224 179 224 180 224 181 224 179 224 180 225 182 225 181 225 182 225 183 225 181 225 182 226 184 226 183 226 184 226 185 226 183 226 184 227 186 227 185 227 186 227 187 227 185 227 186 228 188 228 187 228 188 228 189 228 187 228 188 229 190 229 189 229 190 230 191 230 189 230 190 231 192 231 191 231 192 232 193 232 191 232 192 233 194 233 193 233 194 234 195 234 193 234 194 235 196 235 195 235 196 236 197 236 195 236 196 237 198 237 197 237 198 238 199 238 197 238 198 239 200 239 199 239 200 240 201 240 199 240 200 241 202 241 201 241 202 242 203 242 201 242 202 243 204 243 203 243 204 244 130 244 203 244 204 245 132 245 130 245 205 246 207 246 206 246 207 247 208 247 206 247 207 248 209 248 208 248 209 249 210 249 208 249 209 250 211 250 210 250 211 251 212 251 210 251 211 252 213 252 212 252 213 253 214 253 212 253 213 254 215 254 214 254 215 255 216 255 214 255 215 256 217 256 216 256 217 257 218 257 216 257 217 258 219 258 218 258 219 259 220 259 218 259 219 260 221 260 220 260 221 261 222 261 220 261 221 262 223 262 222 262 223 263 224 263 222 263 223 264 225 264 224 264 225 265 226 265 224 265 225 266 227 266 226 266 227 267 228 267 226 267 227 268 229 268 228 268 229 269 230 269 228 269 229 270 231 270 230 270 231 271 232 271 230 271 231 272 233 272 232 272 233 273 234 273 232 273 233 274 235 274 234 274 235 275 236 275 234 275 235 276 237 276 236 276 237 277 238 278 236 279 237 280 239 280 238 280 239 281 240 281 238 281 239 282 241 282 240 282 241 283 242 283 240 283 241 284 243 284 242 284 243 285 244 285 242 285 243 286 245 286 244 286 245 287 246 287 244 287 245 288 247 288 246 288 247 289 248 289 246 289 247 290 249 291 248 292 249 293 250 294 248 295 249 296 251 296 250 296 251 297 252 297 250 297 251 298 253 298 252 298 253 299 254 299 252 299 253 300 255 300 254 300 255 301 256 301 254 301 255 302 257 302 256 302 257 303 258 303 256 303 257 304 259 304 258 304 259 305 260 305 258 305 259 306 261 306 260 306 261 307 262 307 260 307 261 308 263 308 262 308 263 309 264 309 262 309 263 310 265 310 264 310 265 311 266 311 264 311 265 312 267 312 266 312 267 313 268 313 266 313 267 314 269 314 268 314 269 315 270 315 268 315 269 316 271 316 270 316 271 317 272 317 270 317 271 318 273 318 272 318 273 319 274 319 272 319 273 320 275 320 274 320 275 321 276 321 274 321 275 322 277 322 276 322 277 323 278 323 276 323 277 324 205 324 278 324 205 325 206 326 278 327 279 170 281 170 280 170 281 328 282 328 280 328 281 170 283 170 282 170 283 329 7 329 282 329 283 170 284 170 7 170 284 330 5 330 7 330 284 331 285 331 5 331 285 332 3 332 5 332 285 333 286 333 3 333 286 334 1 334 3 334 286 170 287 170 1 170 287 170 41 170 1 170 287 170 288 170 41 170 288 170 40 170 41 170 289 335 291 335 290 335 291 336 292 336 290 336 291 335 293 335 292 335 294 335 296 335 295 335 296 335 297 335 295 335 296 337 298 337 297 337 299 335 301 335 300 335 301 338 302 338 300 338 301 335 303 335 302 335 303 339 293 339 302 339 303 335 304 335 293 335 304 335 292 335 293 335 0 340 305 340 2 340 305 341 306 341 2 341 306 335 4 335 2 335 306 342 307 342 4 342 307 335 6 335 4 335 307 335 308 335 6 335 308 335 8 335 6 335 308 335 309 335 8 335 309 343 310 343 8 343 309 335 311 335 310 335 311 344 312 344 310 344 311 345 313 345 312 345 313 346 314 346 312 346 313 335 315 335 314 335 315 347 316 347 314 347 315 335 297 335 316 335 297 348 317 348 316 348 297 349 298 349 317 349 305 350 0 350 318 350 0 335 319 335 318 335 0 351 44 351 319 351 44 335 320 335 319 335 44 352 46 352 320 352 46 353 321 353 320 353 46 354 49 354 321 354 301 355 299 355 112 355 299 356 110 356 112 356 299 357 322 357 110 357 322 358 108 358 110 358 322 335 323 335 108 335 323 335 106 335 108 335 323 335 324 335 106 335 324 359 104 359 106 359 321 360 49 360 325 360 49 335 326 335 325 335 49 361 51 361 326 361 51 362 327 362 326 362 51 335 56 335 327 335 56 363 328 363 327 363 56 364 60 364 328 364 328 365 60 365 329 365 60 366 330 366 329 366 60 335 63 335 330 335 63 335 331 335 330 335 63 335 65 335 331 335 65 367 332 367 331 367 65 335 70 335 332 335 70 335 333 335 332 335 70 335 104 335 333 335 104 335 334 335 333 335 104 335 324 335 334 335 335 368 337 368 336 368 338 369 340 369 339 369 340 370 341 370 339 370 340 371 342 371 341 371 342 372 343 372 341 372 342 373 344 373 343 373 344 374 345 374 343 374 344 375 346 375 345 375 346 376 347 376 345 376 346 377 348 377 347 377 348 378 349 378 347 378 348 379 350 379 349 379 350 380 351 380 349 380 350 381 352 381 351 381 352 382 353 382 351 382 352 383 354 383 353 383 354 384 355 384 353 384 354 385 356 385 355 385 356 386 357 386 355 386 356 387 358 387 357 387 358 388 359 388 357 388 358 389 360 389 359 389 360 390 361 390 359 390 360 391 362 391 361 391 362 392 363 392 361 392 362 393 364 393 363 393 364 394 365 394 363 394 364 395 366 395 365 395 366 396 367 396 365 396 366 397 368 397 367 397 368 398 369 398 367 398 368 399 370 399 369 399 370 400 371 400 369 400 370 401 372 401 371 401 371 402 374 402 373 402 374 403 375 403 373 403 374 404 376 404 375 404 377 405 371 405 378 405 379 406 371 406 380 406 381 407 374 407 382 407 374 408 383 408 382 408 383 409 374 409 384 409 374 410 385 410 384 410 374 411 371 411 385 411 371 412 386 412 385 412 371 413 379 413 386 413 380 414 371 414 387 414 371 415 388 415 387 415 371 416 377 416 388 416 378 417 371 417 389 417 371 418 390 418 389 418 371 419 372 419 390 419 391 420 381 420 392 420 381 421 393 421 392 421 381 422 382 422 393 422 375 423 376 423 394 423 376 424 395 424 394 424 376 425 396 425 395 425 397 426 399 426 398 426 399 427 396 427 398 427 399 428 400 428 396 428 400 429 395 429 396 429 397 430 398 430 401 430 398 431 402 431 401 431 398 432 403 432 402 432 402 433 403 433 404 433 403 434 405 434 404 434 403 435 406 435 405 435 407 436 409 436 408 436 409 437 406 437 408 437 409 438 410 438 406 438 410 439 405 439 406 439 411 440 413 440 412 440 335 441 336 441 414 441 336 442 415 442 414 442 336 443 411 443 415 443 411 444 416 444 415 444 411 445 412 445 416 445 417 446 419 446 418 446 419 447 420 447 418 447 419 448 421 448 420 448 421 449 419 449 422 449 419 450 423 450 422 450 419 451 424 451 423 451 424 452 419 452 335 452 419 453 337 453 335 453 419 454 425 454 337 454 425 455 408 455 337 455 425 456 426 456 408 456 426 457 407 457 408 457 413 458 411 458 427 458 411 459 428 459 427 459 411 460 429 460 428 460 419 461 417 461 430 461 417 462 431 462 430 462 417 463 432 463 431 463 432 464 433 464 431 464 432 465 434 465 433 465 434 466 435 466 433 466 435 467 436 467 433 467 436 468 437 468 433 468 436 469 438 469 437 469 438 470 439 470 437 470 438 471 440 471 439 471 440 472 441 472 439 472 440 473 442 473 441 473 441 474 442 474 443 474 442 475 444 475 443 475 442 476 445 476 444 476 445 477 446 477 444 477 447 478 449 478 448 478 449 479 450 479 448 479 447 480 448 480 451 480 448 481 452 481 451 481 448 482 453 482 452 482 453 483 454 483 452 483 453 484 455 484 454 484 455 485 456 485 454 485 455 486 457 486 456 486 457 487 458 487 456 487 457 488 459 488 458 488 459 489 460 489 458 489 459 490 461 490 460 490 461 491 462 491 460 491 461 492 446 492 462 492 446 493 463 493 462 493 446 494 445 494 463 494 464 495 466 495 465 495 467 496 469 496 468 496 469 497 470 497 468 497 469 498 471 498 470 498 450 499 471 499 448 499 471 500 472 500 448 500 471 501 469 501 472 501 473 502 475 502 474 502 475 503 464 503 474 503 475 504 469 504 464 504 469 505 466 505 464 505 469 506 467 506 466 506 115 507 116 507 290 507 116 507 289 507 290 507 476 507 338 507 477 507 338 508 478 508 477 508 289 507 116 507 339 507 116 507 338 507 339 507 116 507 479 507 338 507 479 509 478 509 338 509 480 507 289 507 481 507 289 510 482 510 481 510 289 511 339 511 482 511 483 507 485 507 484 507 485 507 486 507 484 507 486 507 338 507 484 507 338 512 487 512 484 512 338 513 476 513 487 513 488 514 490 514 489 514 490 507 491 507 489 507 490 507 492 507 491 507 488 507 289 507 490 507 289 515 493 515 490 515 289 507 480 507 493 507 154 507 474 507 156 507 154 507 152 507 474 507 186 507 494 507 188 507 494 516 190 516 188 516 494 517 192 517 190 517 180 518 494 518 182 518 494 519 184 519 182 519 494 520 186 520 184 520 202 507 200 507 495 507 200 521 198 521 495 521 295 507 134 507 496 507 134 522 497 522 496 522 134 507 295 507 136 507 295 523 138 523 136 523 295 507 297 507 138 507 297 524 140 524 138 524 297 525 142 525 140 525 156 507 474 507 158 507 474 526 160 526 158 526 474 527 162 527 160 527 497 528 134 528 498 528 134 529 499 529 498 529 134 530 500 530 499 530 202 507 495 507 204 507 495 531 132 531 204 531 495 507 501 507 132 507 501 507 134 507 132 507 501 507 502 507 134 507 502 507 500 507 134 507 174 507 172 507 494 507 172 507 170 507 494 507 174 507 494 507 176 507 494 532 178 532 176 532 494 533 180 533 178 533 152 507 150 507 474 507 150 534 473 534 474 534 150 507 148 507 473 507 148 535 503 535 473 535 148 536 504 536 503 536 142 507 297 507 144 507 297 537 146 537 144 537 297 507 505 507 146 507 505 538 148 538 146 538 505 507 506 507 148 507 162 507 474 507 164 507 474 539 166 539 164 539 474 507 494 507 166 507 494 540 168 540 166 540 494 541 170 541 168 541 494 542 508 542 507 542 508 507 494 507 509 507 494 543 510 543 509 543 494 544 511 544 510 544 512 507 514 507 513 507 514 545 494 545 513 545 514 507 515 507 494 507 515 507 511 507 494 507 504 507 148 507 516 507 148 546 517 546 516 546 148 547 518 547 517 547 518 507 148 507 519 507 148 548 520 548 519 548 148 549 506 549 520 549 192 550 495 550 194 550 495 551 196 551 194 551 495 552 198 552 196 552 495 507 192 507 521 507 192 553 522 553 521 553 192 554 494 554 522 554 494 555 523 555 522 555 494 556 507 556 523 556 524 557 526 557 525 557 526 557 527 557 525 557 528 557 526 557 529 557 530 557 296 557 531 557 532 558 534 558 533 558 534 559 535 559 533 559 294 560 537 560 536 560 538 557 527 557 539 557 527 561 540 561 539 561 527 562 541 562 540 562 294 557 542 557 537 557 535 563 534 563 543 563 534 564 544 564 543 564 534 557 527 557 544 557 527 565 545 565 544 565 527 566 538 566 545 566 541 567 527 567 546 567 527 568 547 568 546 568 527 569 526 569 547 569 526 557 548 557 547 557 526 570 549 570 548 570 549 571 526 571 550 571 526 557 551 557 550 557 526 572 528 572 551 572 529 557 526 557 552 557 526 573 553 573 552 573 526 557 296 557 553 557 296 574 554 574 553 574 296 575 530 575 554 575 555 576 557 576 556 576 557 577 558 577 556 577 531 557 296 557 559 557 296 578 560 578 559 578 296 557 294 557 560 557 294 579 561 579 560 579 294 580 536 580 561 580 562 557 537 557 563 557 558 557 557 557 564 557 557 581 565 581 564 581 557 582 566 582 565 582 566 557 557 557 567 557 557 583 568 583 567 583 557 557 534 557 568 557 534 584 569 584 568 584 534 585 532 585 569 585 562 586 570 586 537 586 563 557 537 557 571 557 537 587 572 587 571 587 537 588 542 588 572 588 555 557 537 557 557 557 537 589 573 589 557 589 537 590 570 590 573 590 574 591 575 591 494 591 575 170 576 170 494 170 574 170 494 170 577 170 494 170 578 170 577 170 494 170 579 170 578 170 579 170 494 170 580 170 494 170 581 170 580 170 494 592 582 592 581 592 464 170 465 170 527 170 465 593 525 593 527 593 464 170 527 170 474 170 527 170 494 170 474 170 527 170 583 170 494 170 583 170 582 170 494 170 525 594 465 594 584 594 465 170 585 170 584 170 465 170 586 170 585 170 586 170 587 170 585 170 588 595 590 595 589 595 590 596 591 596 589 596 585 597 587 597 592 597 587 598 591 598 592 598 587 599 593 599 591 599 593 600 589 600 591 600 594 601 596 601 595 601 596 601 576 601 595 601 597 602 494 602 598 602 599 603 601 603 600 603 601 604 602 604 600 604 601 605 603 605 602 605 604 606 513 606 605 606 513 607 606 607 605 607 513 608 607 608 606 608 599 609 608 609 601 609 608 610 609 610 601 610 608 611 610 611 609 611 611 612 613 612 612 612 598 613 494 613 614 613 494 614 615 614 614 614 494 615 616 615 615 615 617 616 609 616 618 616 609 617 619 617 618 617 609 618 610 618 619 618 603 619 601 619 620 619 601 620 621 620 620 620 601 621 622 621 621 621 622 622 623 622 621 622 622 623 624 623 623 623 604 624 625 624 513 624 625 625 626 625 513 625 625 626 627 626 626 626 627 627 628 627 626 627 627 628 613 628 628 628 613 629 629 629 628 629 613 630 611 630 629 630 612 631 613 631 630 631 613 632 631 632 630 632 613 633 623 633 631 633 623 634 632 634 631 634 623 635 624 635 632 635 607 636 513 636 633 636 513 637 634 637 633 637 513 638 635 638 634 638 616 639 494 639 636 639 494 640 637 640 636 640 494 641 576 641 637 641 635 642 513 642 638 642 513 643 639 643 638 643 513 644 494 644 639 644 494 645 640 645 639 645 494 646 597 646 640 646 617 647 641 647 609 647 641 648 642 648 609 648 641 649 643 649 642 649 637 650 576 650 644 650 576 651 645 651 644 651 576 652 596 652 645 652 596 653 646 653 645 653 596 654 647 654 646 654 647 655 648 655 646 655 642 656 643 656 649 656 643 657 650 657 649 657 643 658 651 658 650 658 651 659 643 659 652 659 643 660 653 660 652 660 643 661 646 661 653 661 646 662 654 662 653 662 646 663 648 663 654 663 626 664 655 664 513 664 655 665 512 665 513 665 261 666 259 666 512 666 259 667 514 667 512 667 259 668 257 668 514 668 261 669 512 670 263 671 512 672 265 672 263 672 512 673 267 673 265 673 267 674 512 674 269 674 512 675 271 675 269 675 512 676 273 676 271 676 273 677 512 677 275 677 512 678 277 678 275 678 512 679 655 679 277 679 227 680 656 680 229 680 245 681 243 681 514 681 243 682 595 682 514 682 243 683 241 683 595 683 245 684 514 684 247 684 514 685 249 685 247 685 514 686 251 686 249 686 213 687 657 687 215 687 657 688 217 688 215 688 657 689 219 689 217 689 251 690 514 690 253 690 514 691 255 691 253 691 514 692 257 692 255 692 277 693 655 693 205 693 655 694 207 694 205 694 655 695 658 695 207 695 658 696 209 696 207 696 659 697 211 697 660 697 211 698 661 698 660 698 211 699 209 699 661 699 209 700 662 700 661 700 209 701 663 701 662 701 213 702 211 702 657 702 211 703 664 703 657 703 211 704 659 704 664 704 219 705 657 705 221 705 657 706 223 706 221 706 657 707 656 707 223 707 656 708 225 708 223 708 656 709 227 709 225 709 663 710 209 710 665 710 209 711 666 711 665 711 209 712 658 712 666 712 667 713 668 713 237 713 668 714 239 714 237 714 668 715 669 715 239 715 669 716 670 716 239 716 229 717 656 717 231 717 656 718 233 718 231 718 656 719 671 719 233 719 671 720 235 720 233 720 671 721 672 721 235 721 667 722 237 722 673 722 237 723 674 723 673 723 237 724 235 724 674 724 235 725 675 725 674 725 235 726 672 726 675 726 241 727 239 727 595 727 239 728 594 728 595 728 239 729 670 729 594 729 609 730 656 730 601 730 656 731 657 731 601 731 609 732 671 732 656 732 609 733 642 733 671 733 642 734 672 734 671 734 642 735 649 735 672 735 649 736 675 736 672 736 649 737 650 737 675 737 650 738 674 738 675 738 650 739 651 739 674 739 651 740 673 740 674 740 651 741 652 741 673 741 652 742 667 742 673 742 652 743 653 743 667 743 653 744 668 744 667 744 653 745 654 745 668 745 654 746 669 746 668 746 654 747 648 747 669 747 648 748 670 748 669 748 648 749 647 749 670 749 647 750 594 750 670 750 647 751 596 751 594 751 657 752 622 752 601 752 657 753 664 753 622 753 664 754 624 754 622 754 664 755 659 755 624 755 659 756 632 756 624 756 659 757 660 757 632 757 660 758 631 758 632 758 660 759 661 759 631 759 661 760 630 760 631 760 661 761 662 761 630 761 662 762 612 762 630 762 662 763 663 763 612 763 663 764 611 764 612 764 663 765 665 765 611 765 665 766 629 766 611 766 665 767 666 767 629 767 666 768 628 768 629 768 666 769 658 769 628 769 658 770 626 770 628 770 658 771 655 771 626 771 254 772 256 772 676 772 256 773 677 773 676 773 256 774 258 774 677 774 258 775 678 775 677 775 258 776 260 776 678 776 260 777 679 777 678 777 260 778 262 778 679 778 262 779 680 779 679 779 262 780 264 780 680 780 264 781 681 781 680 781 264 782 266 782 681 782 266 783 682 783 681 783 266 784 268 784 682 784 268 785 683 785 682 785 268 786 270 786 683 786 270 787 684 787 683 787 270 788 272 788 684 788 272 789 685 789 684 789 272 790 274 790 685 790 274 791 686 791 685 791 274 792 276 792 686 792 276 793 687 793 686 793 276 794 278 794 687 794 278 795 688 795 687 795 278 796 206 796 688 796 206 797 689 797 688 797 206 798 208 798 689 798 208 799 690 799 689 799 208 800 210 800 690 800 210 801 691 801 690 801 210 802 212 802 691 802 212 803 692 803 691 803 212 804 214 804 692 804 214 805 693 805 692 805 214 806 216 806 693 806 216 807 694 807 693 807 216 808 218 808 694 808 218 809 695 809 694 809 218 810 220 810 695 810 220 811 696 811 695 811 220 812 222 812 696 812 222 813 697 813 696 813 222 814 224 814 697 814 224 815 698 815 697 815 224 816 226 816 698 816 226 817 699 817 698 817 226 818 228 818 699 818 228 819 700 819 699 819 228 820 230 820 700 820 230 821 701 821 700 821 230 822 232 822 701 822 232 823 702 823 701 823 232 824 234 824 702 824 234 825 703 825 702 825 234 826 236 826 703 826 236 827 704 827 703 827 236 828 238 828 704 828 238 829 705 829 704 829 238 830 240 830 705 830 240 831 706 831 705 831 240 832 242 832 706 832 242 833 707 833 706 833 242 834 244 834 707 834 244 835 708 835 707 835 244 836 246 836 708 836 246 837 709 837 708 837 246 838 248 838 709 838 248 839 710 839 709 839 248 840 250 840 710 840 250 841 711 841 710 841 250 842 252 842 711 842 252 843 712 843 711 843 252 844 254 844 712 844 254 845 676 845 712 845 689 846 690 846 625 846 690 847 627 847 625 847 690 848 691 848 627 848 691 849 613 849 627 849 691 850 692 850 613 850 692 851 623 851 613 851 692 852 693 852 623 852 693 853 621 853 623 853 693 854 694 854 621 854 694 855 620 855 621 855 694 856 695 856 620 856 695 857 603 857 620 857 695 858 696 858 603 858 696 859 602 859 603 859 696 860 697 860 602 860 697 861 600 861 602 861 697 862 698 862 600 862 698 863 599 863 600 863 698 864 699 864 599 864 699 865 608 865 599 865 699 866 700 866 608 866 700 867 610 867 608 867 700 868 701 868 610 868 701 869 619 869 610 869 701 870 702 870 619 870 702 871 618 871 619 871 702 872 703 872 618 872 703 873 617 873 618 873 703 874 704 874 617 874 704 875 641 875 617 875 704 876 705 876 641 876 705 877 643 877 641 877 705 878 706 878 643 878 706 879 646 879 643 879 706 880 707 880 646 880 707 881 645 881 646 881 707 882 708 882 645 882 708 883 644 883 645 883 708 884 709 884 644 884 709 885 637 885 644 885 709 886 710 886 637 886 710 887 636 887 637 887 710 888 711 888 636 888 711 889 616 889 636 889 711 890 712 890 616 890 712 891 615 891 616 891 712 892 676 892 615 892 676 893 614 893 615 893 676 894 677 894 614 894 677 895 598 895 614 895 677 896 678 896 598 896 678 897 597 897 598 897 678 898 679 898 597 898 679 899 640 899 597 899 679 900 680 900 640 900 680 901 639 901 640 901 680 902 681 902 639 902 681 903 638 903 639 903 681 904 682 904 638 904 682 905 635 905 638 905 682 906 683 906 635 906 683 907 634 907 635 907 683 908 684 908 634 908 684 909 633 909 634 909 684 910 685 910 633 910 685 911 607 911 633 911 685 912 686 912 607 912 686 913 606 913 607 913 686 914 687 914 606 914 687 915 605 915 606 915 687 916 688 916 605 916 688 917 604 917 605 917 688 918 689 918 604 918 689 919 625 919 604 919 713 920 537 920 714 920 537 921 715 921 714 921 537 922 555 922 715 922 555 923 716 923 715 923 555 924 556 924 716 924 556 925 717 925 716 925 556 926 558 926 717 926 558 927 718 927 717 927 558 928 564 928 718 928 564 928 719 928 718 928 564 929 565 929 719 929 565 930 720 930 719 930 565 931 566 931 720 931 566 931 721 931 720 931 566 932 567 932 721 932 567 933 722 933 721 933 567 934 568 934 722 934 568 935 723 935 722 935 568 936 569 936 723 936 569 936 724 936 723 936 569 937 532 937 724 937 532 938 725 938 724 938 532 939 533 939 725 939 533 940 726 940 725 940 533 941 535 941 726 941 535 942 727 942 726 942 535 943 543 943 727 943 543 944 728 944 727 944 543 945 544 945 728 945 544 946 729 946 728 946 544 947 545 947 729 947 545 948 730 948 729 948 545 949 538 949 730 949 538 950 731 950 730 950 538 951 539 951 731 951 539 952 732 952 731 952 539 953 540 953 732 953 540 953 733 953 732 953 540 954 541 954 733 954 541 954 734 954 733 954 541 955 546 955 734 955 546 955 735 955 734 955 546 956 547 956 735 956 547 956 736 956 735 956 547 957 548 957 736 957 548 958 737 958 736 958 548 959 549 959 737 959 549 960 738 960 737 960 549 961 550 961 738 961 550 962 739 962 738 962 550 963 551 963 739 963 551 963 740 963 739 963 551 964 528 964 740 964 528 965 741 965 740 965 528 966 529 966 741 966 529 967 742 967 741 967 529 968 552 968 742 968 552 969 743 969 742 969 552 970 553 970 743 970 553 971 744 971 743 971 553 972 554 972 744 972 554 972 745 972 744 972 554 973 530 973 745 973 530 974 746 974 745 974 530 975 531 975 746 975 531 976 747 976 746 976 531 977 559 977 747 977 559 977 748 977 747 977 559 978 560 978 748 978 560 979 749 979 748 979 560 980 561 980 749 980 561 981 750 981 749 981 561 982 536 982 750 982 536 983 713 983 750 983 536 984 537 984 713 984 195 557 197 557 722 557 197 985 721 985 722 985 197 986 199 986 721 986 199 557 720 557 721 557 199 557 201 557 720 557 201 557 719 557 720 557 201 557 203 557 719 557 203 987 718 987 719 987 203 557 130 557 718 557 130 988 717 988 718 988 130 557 131 557 717 557 131 989 716 989 717 989 131 990 133 990 716 990 133 991 715 991 716 991 133 992 135 992 715 992 135 993 714 993 715 993 135 557 137 557 714 557 137 994 713 994 714 994 137 557 139 557 713 557 139 995 750 995 713 995 139 996 141 996 750 996 141 997 749 997 750 997 141 557 143 557 749 557 143 557 748 557 749 557 143 557 145 557 748 557 145 998 747 998 748 998 145 557 147 557 747 557 147 999 746 999 747 999 147 557 149 557 746 557 149 557 745 557 746 557 149 1000 151 1000 745 1000 151 1001 744 1001 745 1001 151 557 153 557 744 557 153 1002 743 1002 744 1002 153 1003 155 1003 743 1003 155 557 742 557 743 557 155 1004 157 1004 742 1004 157 1005 741 1005 742 1005 157 557 159 557 741 557 159 557 740 557 741 557 159 1006 161 1006 740 1006 161 1007 739 1007 740 1007 161 557 163 557 739 557 163 987 738 987 739 987 163 557 165 557 738 557 165 1008 737 1008 738 1008 165 1009 167 1009 737 1009 167 1010 736 1010 737 1010 167 557 169 557 736 557 169 1011 735 1011 736 1011 169 557 171 557 735 557 171 1012 734 1012 735 1012 171 557 173 557 734 557 173 1013 733 1013 734 1013 173 1014 175 1014 733 1014 175 1015 732 1015 733 1015 175 557 177 557 732 557 177 1001 731 1001 732 1001 177 557 179 557 731 557 179 557 730 557 731 557 179 557 181 557 730 557 181 1016 729 1016 730 1016 181 557 183 557 729 557 183 557 728 557 729 557 183 557 185 557 728 557 185 557 727 557 728 557 185 557 187 557 727 557 187 1017 726 1017 727 1017 187 557 189 557 726 557 189 1018 725 1018 726 1018 189 557 191 557 725 557 191 557 724 557 725 557 191 557 193 557 724 557 193 557 723 557 724 557 193 1019 195 1019 723 1019 195 1007 722 1007 723 1007 127 1020 303 1020 120 1020 303 1021 301 1021 120 1021 301 507 112 507 120 507 112 507 113 507 120 507 304 557 303 557 119 557 303 557 127 557 119 557 290 1022 114 1022 115 1022 290 1023 292 1023 114 1023 292 1024 119 1024 114 1024 292 1025 304 1025 119 1025 751 1026 521 1026 752 1026 495 1027 521 1027 557 1027 521 1028 534 1028 557 1028 521 1029 751 1029 534 1029 595 335 753 335 514 335 753 335 754 335 514 335 515 335 514 335 755 335 514 1030 756 1030 755 1030 514 1031 757 1031 756 1031 757 335 514 335 758 335 514 1032 759 1032 758 1032 514 1033 754 1033 759 1033 507 1034 508 1034 760 1034 508 1035 761 1035 760 1035 508 1036 509 1036 761 1036 509 1037 762 1037 761 1037 509 1038 510 1038 762 1038 510 1039 763 1039 762 1039 510 1040 511 1040 763 1040 511 1041 755 1041 763 1041 511 1042 515 1042 755 1042 764 1043 507 1043 765 1043 507 1044 766 1044 765 1044 507 1045 760 1045 766 1045 507 1046 764 1046 523 1046 764 1047 522 1047 523 1047 764 1048 767 1048 522 1048 767 1049 521 1049 522 1049 767 1050 752 1050 521 1050 557 1051 501 1051 495 1051 557 1052 573 1052 501 1052 573 1053 502 1053 501 1053 573 1054 570 1054 502 1054 570 1055 500 1055 502 1055 570 1056 562 1056 500 1056 562 1057 499 1057 500 1057 562 1058 563 1058 499 1058 563 1059 498 1059 499 1059 563 1060 571 1060 498 1060 571 1061 497 1061 498 1061 571 1061 572 1061 497 1061 572 1062 496 1062 497 1062 572 1063 542 1063 496 1063 542 1064 295 1064 496 1064 542 1064 294 1064 295 1064 763 1065 581 1065 762 1065 534 1066 583 1066 527 1066 767 1067 583 1067 752 1067 583 1068 751 1068 752 1068 583 1069 534 1069 751 1069 581 1070 582 1070 762 1070 582 1071 761 1071 762 1071 582 1072 760 1072 761 1072 760 1073 582 1073 766 1073 582 1074 765 1074 766 1074 582 1075 583 1075 765 1075 583 1076 764 1076 765 1076 583 1077 767 1077 764 1077 576 1078 575 1078 595 1078 575 1079 753 1079 595 1079 575 1080 574 1080 753 1080 574 1081 754 1081 753 1081 574 1082 577 1082 754 1082 577 1083 759 1083 754 1083 577 1084 578 1084 759 1084 578 1085 758 1085 759 1085 578 1086 579 1086 758 1086 579 1087 757 1087 758 1087 579 1088 580 1088 757 1088 580 1089 756 1089 757 1089 580 1090 581 1090 756 1090 581 1091 755 1091 756 1091 581 1092 763 1092 755 1092 524 1093 768 1093 526 1093 768 1094 769 1094 526 1094 769 1095 768 1095 770 1095 768 1096 771 1096 770 1096 768 1097 772 1097 771 1097 771 1098 772 1098 773 1098 772 1099 774 1099 773 1099 772 1100 775 1100 774 1100 775 1101 776 1101 774 1101 775 1102 777 1102 776 1102 777 1103 778 1103 776 1103 777 1104 779 1104 778 1104 778 1105 779 1105 780 1105 779 1106 781 1106 780 1106 779 1107 782 1107 781 1107 782 1108 783 1108 781 1108 782 1109 784 1109 783 1109 784 1110 785 1110 783 1110 784 1111 786 1111 785 1111 786 1112 787 1112 785 1112 787 1113 788 1113 785 1113 787 1114 789 1114 788 1114 789 1115 790 1115 788 1115 790 1116 791 1116 788 1116 790 1117 792 1117 791 1117 791 1118 792 1118 793 1118 792 1119 794 1119 793 1119 792 1120 795 1120 794 1120 795 1121 796 1121 794 1121 795 1122 797 1122 796 1122 797 1123 798 1123 796 1123 797 1124 799 1124 798 1124 799 1125 800 1125 798 1125 799 1126 801 1126 800 1126 801 1127 802 1127 800 1127 802 1128 279 1128 800 1128 802 1129 281 1129 279 1129 96 601 804 601 803 601 804 601 805 601 803 601 804 601 806 601 805 601 96 601 808 601 807 601 809 1130 810 1130 804 1130 810 601 811 601 804 601 810 1131 812 1131 811 1131 809 601 804 601 813 601 804 1132 814 1132 813 1132 804 1133 96 1133 814 1133 96 1134 815 1134 814 1134 96 1135 807 1135 815 1135 808 601 96 601 816 601 96 601 817 601 816 601 96 601 75 601 817 601 812 601 810 601 818 601 810 1136 819 1136 818 1136 810 601 820 601 819 601 821 601 823 601 822 601 823 1137 824 1137 822 1137 823 601 819 601 824 601 819 1138 825 1138 824 1138 819 1139 820 1139 825 1139 826 1140 374 1140 381 1140 827 1141 374 1141 828 1141 374 1142 829 1142 828 1142 829 1140 374 1140 830 1140 374 1140 831 1140 830 1140 374 1140 826 1140 831 1140 832 1140 374 1140 833 1140 374 1140 834 1140 833 1140 374 1143 835 1143 834 1143 835 1140 374 1140 836 1140 374 1144 837 1144 836 1144 374 1145 827 1145 837 1145 838 1140 374 1140 839 1140 374 1146 840 1146 839 1146 374 1147 832 1147 840 1147 396 1148 376 1148 838 1148 376 170 374 170 838 170 336 170 337 170 841 170 337 170 408 170 841 170 396 170 838 170 398 170 838 170 403 170 398 170 838 1149 841 1149 403 1149 841 170 406 170 403 170 841 170 408 170 406 170 336 601 842 601 411 601 843 601 844 601 841 601 844 601 336 601 841 601 844 601 845 601 336 601 842 601 336 601 846 601 336 1150 847 1150 846 1150 336 601 848 601 847 601 848 601 336 601 849 601 336 1151 850 1151 849 1151 336 1152 851 1152 850 1152 851 601 336 601 852 601 336 1153 853 1153 852 1153 336 1154 854 1154 853 1154 854 601 336 601 855 601 336 1155 856 1155 855 1155 336 1156 857 1156 856 1156 857 601 336 601 858 601 336 1157 859 1157 858 1157 336 1158 860 1158 859 1158 860 601 336 601 861 601 336 1159 862 1159 861 1159 336 1160 845 1160 862 1160 863 1140 865 1140 864 1140 865 1140 866 1140 864 1140 865 1161 12 1161 866 1161 867 1140 865 1140 868 1140 865 1140 869 1140 868 1140 10 1140 12 1140 870 1140 12 1140 871 1140 870 1140 12 1162 872 1162 871 1162 872 1163 12 1163 873 1163 12 1164 874 1164 873 1164 12 1140 865 1140 874 1140 865 1165 875 1165 874 1165 865 1166 867 1166 875 1166 876 1140 869 1140 877 1140 869 1167 878 1167 877 1167 869 1140 865 1140 878 1140 876 1140 879 1140 869 1140 879 1168 880 1168 869 1168 879 1140 881 1140 880 1140 881 1140 879 1140 882 1140 879 1169 883 1169 882 1169 879 1140 884 1140 883 1140 884 1170 885 1171 883 1172 886 557 888 557 887 557 888 557 889 557 887 557 888 557 890 557 889 557 889 557 890 557 891 557 890 557 892 557 891 557 890 557 893 557 892 557 893 557 894 557 892 557 895 557 897 557 896 557 894 1173 898 1173 892 1173 898 1174 899 1174 892 1174 898 557 900 557 899 557 895 557 901 557 897 557 901 557 902 557 897 557 901 557 886 557 902 557 886 557 903 557 902 557 886 557 887 557 903 557 896 557 904 557 895 557 904 557 905 557 895 557 904 1175 906 1175 905 1175 907 1176 909 1177 908 1178 905 557 906 557 910 557 906 1179 911 1179 910 1179 906 1180 912 1180 911 1180 907 557 899 557 909 557 899 1181 913 1181 909 1181 899 1182 900 1182 913 1182 914 1183 916 1184 915 1185 916 1186 914 1187 917 1188 914 1189 918 1189 917 1189 914 557 912 557 918 557 912 557 919 557 918 557 912 1190 906 1190 919 1190 920 335 922 335 921 335 922 335 923 335 921 335 922 335 924 335 923 335 925 335 927 335 926 335 927 335 925 335 928 335 925 1191 929 1191 928 1191 925 1192 930 1192 929 1192 930 335 925 335 931 335 925 1193 932 1193 931 1193 925 1194 922 1194 932 1194 922 1195 933 1195 932 1195 922 335 920 335 933 335 934 1196 936 1196 935 1196 43 1197 937 1197 45 1197 938 1198 924 1198 939 1198 940 1199 942 1199 941 1199 943 1200 945 1200 944 1200 945 1201 946 1201 944 1201 945 1202 947 1202 946 1202 948 1203 943 1203 949 1203 950 1204 952 1204 951 1204 953 1205 955 1205 954 1205 955 1206 956 1206 954 1206 957 1207 959 1207 958 1207 959 1208 960 1208 958 1208 961 1209 963 1210 962 1211 963 1212 102 1212 962 1212 963 1213 964 1213 102 1213 964 1214 101 1214 102 1214 965 1215 43 1215 42 1215 966 1216 968 1216 967 1216 969 1217 971 1217 970 1217 972 1218 974 1218 973 1218 974 1219 975 1219 973 1219 976 1220 978 1220 977 1220 978 1221 979 1221 977 1221 980 1222 982 1222 981 1222 982 1223 983 1223 981 1223 935 1224 936 1224 984 1224 936 1225 985 1225 984 1225 936 1226 986 1226 985 1226 926 1227 927 1227 984 1227 927 1228 935 1228 984 1228 927 1229 928 1229 935 1229 928 1230 934 1230 935 1230 928 1231 929 1231 934 1231 930 1232 987 1232 929 1232 987 1233 934 1233 929 1233 987 1234 988 1234 934 1234 988 1235 936 1235 934 1235 988 1236 981 1236 936 1236 981 1237 986 1237 936 1237 981 1238 983 1238 986 1238 931 1239 989 1239 930 1239 989 1240 987 1240 930 1240 989 1241 990 1241 987 1241 990 1242 988 1242 987 1242 990 1243 991 1243 988 1243 991 1244 981 1244 988 1244 991 1245 978 1245 981 1245 978 1246 980 1246 981 1246 978 1247 976 1247 980 1247 932 1248 992 1248 931 1248 992 1249 989 1249 931 1249 992 1250 993 1250 989 1250 993 1251 990 1251 989 1251 993 1252 994 1252 990 1252 994 1253 991 1253 990 1253 994 1254 995 1254 991 1254 995 1255 978 1255 991 1255 995 1256 974 1256 978 1256 974 1257 979 1257 978 1257 974 1258 972 1258 979 1258 933 1259 996 1259 932 1259 996 1260 992 1260 932 1260 996 1261 997 1261 992 1261 997 1262 993 1262 992 1262 997 1263 998 1263 993 1263 998 1264 994 1264 993 1264 998 1265 999 1265 994 1265 999 1266 995 1266 994 1266 999 1267 1000 1267 995 1267 1000 1268 974 1268 995 1268 1000 1269 1001 1269 974 1269 1001 1270 975 1270 974 1270 1001 1271 1002 1271 975 1271 920 1272 1003 1272 933 1272 1003 1273 996 1273 933 1273 1003 1274 1004 1274 996 1274 1004 1275 997 1275 996 1275 1004 1276 1005 1276 997 1276 1005 1277 998 1277 997 1277 1005 1278 1006 1278 998 1278 1006 1279 999 1279 998 1279 1006 1280 1007 1280 999 1280 1007 1281 1000 1281 999 1281 1007 1282 1008 1282 1000 1282 1008 1283 1001 1283 1000 1283 1008 1284 969 1284 1001 1284 969 1285 1002 1285 1001 1285 969 1286 970 1287 1002 1288 921 1289 1009 1289 920 1289 1009 1290 1003 1290 920 1290 1009 1291 1010 1291 1003 1291 1010 1292 1004 1292 1003 1292 1010 1293 1011 1293 1004 1293 1011 1294 1005 1294 1004 1294 1011 1295 1012 1295 1005 1295 1012 1296 1006 1296 1005 1296 1012 1297 1013 1297 1006 1297 1013 1298 1007 1298 1006 1298 1013 1299 1014 1299 1007 1299 1014 1300 1008 1300 1007 1300 1014 1301 1015 1301 1008 1301 1015 1302 969 1302 1008 1302 1015 1303 966 1303 969 1303 966 1304 971 1304 969 1304 966 1305 967 1305 971 1305 923 1306 1016 1306 921 1306 1016 1307 1009 1307 921 1307 1016 1308 1017 1308 1009 1308 1017 1309 1010 1309 1009 1309 1017 1310 1018 1310 1010 1310 1018 1311 1011 1311 1010 1311 1018 1312 1019 1312 1011 1312 1019 1313 1012 1313 1011 1313 1019 1314 1020 1314 1012 1314 1020 1315 1013 1315 1012 1315 1020 1316 1021 1316 1013 1316 1021 1317 1014 1317 1013 1317 1021 1318 1022 1318 1014 1318 1022 1319 1015 1319 1014 1319 1022 1320 1023 1320 1015 1320 1023 1321 966 1321 1015 1321 1023 1322 937 1322 966 1322 937 1323 968 1323 966 1323 937 1324 43 1324 968 1324 43 1325 965 1325 968 1325 961 1326 962 1326 957 1326 962 1327 959 1327 957 1327 962 1328 1024 1328 959 1328 61 1329 1025 1329 62 1329 1025 1330 1024 1330 62 1330 1025 1331 1026 1331 1024 1331 1026 1332 959 1332 1024 1332 1026 1333 1027 1333 959 1333 1027 1334 960 1334 959 1334 1027 1335 953 1335 960 1335 1028 1336 1030 1336 1029 1336 1030 1337 1031 1337 1029 1337 1030 1338 1032 1338 1031 1338 1032 1339 1033 1339 1031 1339 1032 1340 1034 1340 1033 1340 1034 1341 955 1341 1033 1341 1034 1342 950 1342 955 1342 950 1343 956 1343 955 1343 950 1344 951 1344 956 1344 58 1345 1035 1345 57 1345 1035 1346 1028 1346 57 1346 1035 1347 1036 1347 1028 1347 1036 1348 1030 1348 1028 1348 1036 1349 1037 1349 1030 1349 1037 1350 1032 1350 1030 1350 1037 1351 1038 1351 1032 1351 1038 1352 1034 1352 1032 1352 1038 1353 1039 1353 1034 1353 1039 1354 950 1354 1034 1354 1039 1355 948 1355 950 1355 948 1356 952 1356 950 1356 948 1357 949 1357 952 1357 1040 1358 1042 1358 1041 1358 1042 1359 1043 1359 1041 1359 1042 1360 1044 1360 1043 1360 1044 1361 1045 1361 1043 1361 1044 1362 1046 1362 1045 1362 1046 1363 1047 1363 1045 1363 1046 1364 1048 1364 1047 1364 1048 1365 1049 1365 1047 1365 1048 1366 1050 1366 1049 1366 1050 1367 1051 1367 1049 1367 1050 1368 1052 1368 1051 1368 1052 1369 945 1369 1051 1369 1052 1370 940 1370 945 1370 940 1371 947 1371 945 1371 940 1372 941 1372 947 1372 47 1373 1053 1373 48 1373 1053 1374 1040 1374 48 1374 1053 1375 1054 1375 1040 1375 1054 1376 1042 1376 1040 1376 1054 1377 1055 1377 1042 1377 1055 1378 1044 1378 1042 1378 1055 1379 1056 1379 1044 1379 1056 1380 1046 1380 1044 1380 1056 1381 1057 1381 1046 1381 1057 1382 1048 1382 1046 1382 1057 1383 1058 1383 1048 1383 1058 1384 1050 1384 1048 1384 1058 1385 1059 1385 1050 1385 1059 1386 1052 1386 1050 1386 1059 1387 1060 1387 1052 1387 1060 1388 940 1388 1052 1388 1060 1389 938 1389 940 1389 938 1390 942 1390 940 1390 938 1391 939 1391 942 1391 62 1392 1024 1392 64 1392 1024 1393 67 1393 64 1393 1024 1394 962 1394 67 1394 962 1395 66 1395 67 1395 962 1396 102 1396 66 1396 953 1397 1027 1397 955 1397 1027 1398 1033 1398 955 1398 1027 1399 1026 1399 1033 1399 1026 1400 1031 1400 1033 1400 1026 1401 1025 1401 1031 1401 1025 1402 1029 1402 1031 1402 1025 1403 61 1403 1029 1403 57 1404 1028 1404 55 1404 1028 1405 54 1405 55 1405 1028 1406 1029 1406 54 1406 1029 1407 59 1407 54 1407 1029 1408 61 1408 59 1408 943 1409 948 1409 945 1409 948 1410 1051 1410 945 1410 948 1411 1039 1411 1051 1411 1039 1412 1049 1412 1051 1412 1039 1413 1038 1413 1049 1413 1038 1414 1047 1414 1049 1414 1038 1415 1037 1415 1047 1415 1037 1416 1045 1416 1047 1416 1037 1417 1036 1417 1045 1417 1036 1418 1043 1418 1045 1418 1036 1419 1035 1419 1043 1419 1035 1420 1041 1420 1043 1420 1035 1421 58 1421 1041 1421 48 1422 1040 1422 50 1422 1040 1423 53 1423 50 1423 1040 1424 1041 1424 53 1424 1041 1425 52 1425 53 1425 1041 1426 58 1426 52 1426 924 1427 938 1427 923 1427 938 1428 1016 1428 923 1428 938 1429 1060 1429 1016 1429 1060 1430 1017 1430 1016 1430 1060 1431 1059 1431 1017 1431 1059 1432 1018 1432 1017 1432 1059 1433 1058 1433 1018 1433 1058 1434 1019 1434 1018 1434 1058 1435 1057 1435 1019 1435 1057 1436 1020 1436 1019 1436 1057 1437 1056 1437 1020 1437 1056 1438 1021 1438 1020 1438 1056 1439 1055 1439 1021 1439 1055 1440 1022 1440 1021 1440 1055 1441 1054 1441 1022 1441 1054 1442 1023 1442 1022 1442 1054 1443 1053 1443 1023 1443 1053 1444 937 1444 1023 1444 1053 1445 47 1445 937 1445 47 1446 45 1446 937 1446 903 1447 1061 1447 902 1447 903 1448 1062 1448 1061 1448 1062 1449 1063 1449 1061 1449 1062 1450 1064 1450 1063 1450 1064 1451 1065 1451 1063 1451 1064 1451 1066 1451 1065 1451 1066 1452 1067 1452 1065 1452 1066 1453 1068 1453 1067 1453 1068 1454 1069 1454 1067 1454 1068 1454 1070 1454 1069 1454 1070 1455 1071 1455 1069 1455 1070 1456 1072 1456 1071 1456 1072 1457 1073 1457 1071 1457 1072 1457 1074 1457 1073 1457 1074 1458 1075 1458 1073 1458 1074 1459 1076 1459 1075 1459 1076 1460 1077 1460 1075 1460 1076 1461 1078 1461 1077 1461 1078 1462 925 1462 1077 1462 1078 1463 922 1463 925 1463 99 1464 93 1464 1079 1464 93 1465 1080 1465 1079 1465 93 1466 94 1466 1080 1466 94 1467 1081 1467 1080 1467 94 1468 95 1468 1081 1468 95 1469 803 1469 1081 1469 95 1470 96 1470 803 1470 98 1471 99 1471 1082 1471 99 1472 1083 1472 1082 1472 99 1473 1079 1473 1083 1473 1084 1474 97 1474 1085 1474 97 1475 1086 1475 1085 1475 97 1476 98 1476 1086 1476 98 1477 1087 1477 1086 1477 98 1478 1082 1478 1087 1478 1084 1479 1088 1479 97 1479 1088 1480 69 1480 97 1480 1088 1481 1089 1481 69 1481 1089 1482 1090 1482 69 1482 1090 1483 68 1483 69 1483 1090 1484 1091 1484 68 1484 1091 1485 1092 1485 68 1485 1092 1486 71 1486 68 1486 1092 1487 1093 1487 71 1487 1093 1488 1094 1488 71 1488 1094 1489 74 1489 71 1489 1094 1490 1095 1490 74 1490 1095 1491 1096 1491 74 1491 1096 1492 73 1492 74 1492 1096 1493 1097 1493 73 1493 1097 1494 72 1494 73 1494 1097 1495 126 1495 72 1495 1098 1496 38 1496 1099 1496 40 1497 288 1497 39 1497 288 1498 1100 1498 39 1498 38 1499 39 1499 1099 1499 39 1500 1101 1500 1099 1500 39 1501 1100 1501 1101 1501 36 1502 38 1502 1102 1502 38 1503 1103 1503 1102 1503 38 1504 1098 1504 1103 1504 1104 1505 29 1505 1105 1505 29 1506 1106 1506 1105 1506 29 1507 36 1507 1106 1507 36 1508 1107 1508 1106 1508 36 1509 1102 1509 1107 1509 29 1510 1104 1510 24 1510 1104 1511 19 1511 24 1511 1104 1512 1108 1512 19 1512 16 1513 1109 1513 14 1513 1109 1514 16 1514 1110 1514 16 1515 1111 1515 1110 1515 16 1516 19 1516 1111 1516 19 1517 1112 1517 1111 1517 19 1518 1108 1518 1112 1518 12 1519 11 1519 866 1519 11 1520 1113 1520 866 1520 11 1521 9 1521 1113 1521 9 1522 1114 1522 1113 1522 9 1523 13 1523 1114 1523 13 1524 1115 1524 1114 1524 13 1525 14 1525 1115 1525 14 1526 1116 1526 1115 1526 14 1527 1109 1527 1116 1527 811 1528 1117 1528 804 1528 811 1529 1118 1529 1117 1529 1118 1530 1119 1530 1117 1530 1118 1531 1120 1531 1119 1531 1120 1532 1121 1532 1119 1532 1120 1533 1122 1533 1121 1533 1122 1534 1123 1534 1121 1534 1122 1534 1124 1534 1123 1534 1124 1535 1125 1535 1123 1535 1124 1536 1126 1536 1125 1536 1126 1537 1127 1537 1125 1537 1126 1538 1128 1538 1127 1538 1128 1539 1129 1539 1127 1539 1128 1540 1130 1540 1129 1540 1130 1541 1131 1541 1129 1541 1130 1542 1132 1542 1131 1542 1132 1543 1133 1543 1131 1543 1132 1543 1134 1543 1133 1543 1134 1544 887 1544 1133 1544 1134 1544 903 1544 887 1544 810 1545 1135 1545 820 1545 1135 1546 1136 1546 820 1546 1135 1547 1137 1547 1136 1547 1137 1548 1138 1548 1136 1548 1137 1549 1139 1549 1138 1549 1139 1550 1140 1550 1138 1550 1139 1551 1141 1551 1140 1551 1141 1552 1142 1552 1140 1552 1141 1553 1143 1553 1142 1553 1143 1554 1144 1554 1142 1554 1143 1555 1145 1555 1144 1555 1145 1556 1146 1556 1144 1556 1145 1557 1147 1557 1146 1557 1147 1558 1148 1558 1146 1558 1147 1559 1149 1559 1148 1559 1149 1560 1150 1560 1148 1560 1149 1561 1151 1561 1150 1561 1151 1562 1152 1562 1150 1562 1151 1563 922 1563 1152 1563 922 1564 1078 1564 1152 1564 820 1565 1136 1565 825 1565 1136 1566 1153 1566 825 1566 1136 1567 1138 1567 1153 1567 1138 1568 1154 1568 1153 1568 1138 1569 1140 1569 1154 1569 1140 1570 1155 1570 1154 1570 1140 1571 1142 1571 1155 1571 1142 1572 1156 1572 1155 1572 1142 1573 1144 1573 1156 1573 1144 1574 1157 1574 1156 1574 1144 1575 1146 1575 1157 1575 1146 1576 1158 1576 1157 1576 1146 1577 1148 1577 1158 1577 1148 1578 1159 1578 1158 1578 1148 1579 1150 1579 1159 1579 1150 1580 1160 1580 1159 1580 1150 1581 1152 1581 1160 1581 1152 1582 1161 1582 1160 1582 1152 1583 1078 1583 1161 1583 1078 1584 1076 1584 1161 1584 825 1585 1153 1585 824 1585 1153 1586 1162 1586 824 1586 1153 1587 1154 1587 1162 1587 1154 1588 1163 1588 1162 1588 1154 1589 1155 1589 1163 1589 1155 1590 1164 1590 1163 1590 1155 1591 1156 1591 1164 1591 1156 1592 1165 1592 1164 1592 1156 1593 1157 1593 1165 1593 1157 1594 1166 1594 1165 1594 1157 1595 1158 1595 1166 1595 1158 1596 1167 1596 1166 1596 1158 1597 1159 1597 1167 1597 1159 1598 1168 1598 1167 1598 1159 1599 1160 1599 1168 1599 1160 1600 1169 1600 1168 1600 1160 1601 1161 1601 1169 1601 1161 1602 1170 1602 1169 1602 1161 1603 1076 1603 1170 1603 1076 1604 1074 1604 1170 1604 824 1605 1162 1605 822 1605 1162 1606 1171 1606 822 1606 1162 1607 1163 1607 1171 1607 1163 1608 1172 1608 1171 1608 1163 1609 1164 1609 1172 1609 1164 1610 1173 1610 1172 1610 1164 1611 1165 1611 1173 1611 1165 1612 1174 1612 1173 1612 1165 1613 1166 1613 1174 1613 1166 1614 1175 1614 1174 1614 1166 1615 1167 1615 1175 1615 1167 1616 1176 1616 1175 1616 1167 1617 1168 1617 1176 1617 1168 1618 1177 1618 1176 1618 1168 1619 1169 1619 1177 1619 1169 1620 1178 1620 1177 1620 1169 1621 1170 1621 1178 1621 1170 1622 1179 1622 1178 1622 1170 1623 1074 1623 1179 1623 1074 1624 1072 1624 1179 1624 822 1625 1171 1625 821 1625 1171 1626 1180 1626 821 1626 1171 1627 1172 1627 1180 1627 1172 1628 1181 1628 1180 1628 1172 1629 1173 1629 1181 1629 1173 1630 1182 1630 1181 1630 1173 1631 1174 1631 1182 1631 1174 1632 1183 1632 1182 1632 1174 1633 1175 1633 1183 1633 1175 1634 1184 1634 1183 1634 1175 1635 1176 1635 1184 1635 1176 1636 1185 1636 1184 1636 1176 1637 1177 1637 1185 1637 1177 1638 1186 1638 1185 1638 1177 1639 1178 1639 1186 1639 1178 1640 1187 1641 1186 1642 1178 1643 1179 1643 1187 1643 1179 1644 1188 1644 1187 1644 1179 1645 1072 1645 1188 1645 1072 1646 1070 1646 1188 1646 821 1647 1180 1647 823 1647 1180 1648 1189 1648 823 1648 1180 1649 1181 1649 1189 1649 1181 1650 1190 1650 1189 1650 1181 1651 1182 1651 1190 1651 1182 1652 1191 1652 1190 1652 1182 1653 1183 1653 1191 1653 1183 1654 1192 1654 1191 1654 1183 1655 1184 1655 1192 1655 1184 1656 1193 1656 1192 1656 1184 1657 1185 1657 1193 1657 1185 1658 1194 1658 1193 1658 1185 1659 1186 1659 1194 1659 1186 1660 1195 1660 1194 1660 1186 1661 1187 1661 1195 1661 1187 1662 1196 1662 1195 1662 1187 1663 1188 1663 1196 1663 1188 1664 1197 1665 1196 1666 1188 1667 1070 1667 1197 1667 1070 1668 1068 1668 1197 1668 823 1669 1189 1669 819 1669 1189 1670 1198 1670 819 1670 1189 1671 1190 1671 1198 1671 1190 1672 1199 1672 1198 1672 1190 1673 1191 1673 1199 1673 1191 1674 1200 1674 1199 1674 1191 1675 1192 1675 1200 1675 1192 1676 1201 1676 1200 1676 1192 1677 1193 1677 1201 1677 1193 1678 1202 1678 1201 1678 1193 1679 1194 1679 1202 1679 1194 1680 1203 1680 1202 1680 1194 1681 1195 1681 1203 1681 1195 1682 1204 1682 1203 1682 1195 1683 1196 1683 1204 1683 1196 1684 1205 1684 1204 1684 1196 1685 1197 1685 1205 1685 1197 1686 1206 1686 1205 1686 1197 1687 1068 1687 1206 1687 1068 1688 1066 1688 1206 1688 819 1689 1198 1689 818 1689 1198 1690 1207 1690 818 1690 1198 1691 1199 1691 1207 1691 1199 1692 1208 1692 1207 1692 1199 1693 1200 1693 1208 1693 1200 1694 1209 1694 1208 1694 1200 1695 1201 1695 1209 1695 1201 1696 1210 1696 1209 1696 1201 1697 1202 1697 1210 1697 1202 1698 1211 1698 1210 1698 1202 1699 1203 1699 1211 1699 1203 1700 1212 1700 1211 1700 1203 1701 1204 1701 1212 1701 1204 1702 1213 1702 1212 1702 1204 1703 1205 1703 1213 1703 1205 1704 1214 1704 1213 1704 1205 1705 1206 1705 1214 1705 1206 1706 1215 1706 1214 1706 1206 1707 1066 1707 1215 1707 1066 1708 1064 1708 1215 1708 818 1709 1207 1709 812 1709 1207 1710 1216 1710 812 1710 1207 1711 1208 1711 1216 1711 1208 1712 1217 1712 1216 1712 1208 1713 1209 1713 1217 1713 1209 1714 1218 1714 1217 1714 1209 1715 1210 1715 1218 1715 1210 1716 1219 1716 1218 1716 1210 1717 1211 1717 1219 1717 1211 1718 1220 1718 1219 1718 1211 1719 1212 1719 1220 1719 1212 1720 1221 1720 1220 1720 1212 1721 1213 1721 1221 1721 1213 1722 1222 1722 1221 1722 1213 1723 1214 1723 1222 1723 1214 1724 1223 1724 1222 1724 1214 1725 1215 1725 1223 1725 1215 1726 1224 1726 1223 1726 1215 1727 1064 1727 1224 1727 1064 1728 1062 1728 1224 1728 812 1729 1216 1729 811 1729 1216 1730 1118 1730 811 1730 1216 1731 1217 1731 1118 1731 1217 1732 1120 1732 1118 1732 1217 1733 1218 1733 1120 1733 1218 1734 1122 1734 1120 1734 1218 1735 1219 1735 1122 1735 1219 1736 1124 1736 1122 1736 1219 1737 1220 1737 1124 1737 1220 1738 1126 1738 1124 1738 1220 1739 1221 1739 1126 1739 1221 1740 1128 1740 1126 1740 1221 1741 1222 1741 1128 1741 1222 1742 1130 1742 1128 1742 1222 1743 1223 1743 1130 1743 1223 1744 1132 1744 1130 1744 1223 1745 1224 1745 1132 1745 1224 1746 1134 1746 1132 1746 1224 1747 1062 1747 1134 1747 1062 1748 903 1748 1134 1748 922 1749 1225 1749 924 1749 922 1749 1151 1749 1225 1749 1151 1750 1226 1750 1225 1750 1151 1751 1149 1751 1226 1751 1149 1752 1227 1752 1226 1752 1149 1753 1147 1753 1227 1753 1147 1754 1228 1754 1227 1754 1147 1754 1145 1754 1228 1754 1145 1755 1229 1755 1228 1755 1145 1755 1143 1755 1229 1755 1143 1756 1230 1756 1229 1756 1143 1757 1141 1757 1230 1757 1141 1758 1231 1758 1230 1758 1141 1759 1139 1759 1231 1759 1139 1760 1232 1760 1231 1760 1139 1761 1137 1761 1232 1761 1137 1762 1233 1762 1232 1762 1137 1763 1135 1763 1233 1763 1135 1764 809 1764 1233 1764 1135 1765 810 1765 809 1765 1234 1766 946 1766 947 1766 85 1767 1235 1768 82 1769 1236 1770 75 1770 76 1770 79 1771 1237 1772 78 1773 1237 1774 77 1775 78 1776 1237 1777 1238 1778 77 1779 1238 1780 76 1780 77 1780 1239 1781 79 1781 80 1781 82 1782 1235 1782 81 1782 1235 1783 80 1784 81 1785 1235 1786 1240 1786 80 1786 1241 1787 85 1787 86 1787 87 1788 1242 1788 84 1788 1242 1789 83 1789 84 1789 1242 1790 1243 1790 83 1790 1243 1791 86 1791 83 1791 1244 1792 87 1793 88 1794 88 1795 89 1795 1245 1795 89 1796 1246 1797 1245 1798 89 1799 90 1799 1246 1799 100 1800 1247 1800 92 1800 1247 1801 91 1801 92 1801 1247 1802 1248 1802 91 1802 1248 1803 90 1803 91 1803 101 1804 964 1804 100 1804 964 1805 1247 1805 100 1805 964 1806 963 1806 1247 1806 963 1807 1248 1807 1247 1807 963 1808 961 1809 1248 1810 961 1811 1249 1811 1248 1811 961 1812 957 1812 1249 1812 957 1813 958 1813 1249 1813 958 1814 960 1814 1249 1814 960 1815 1250 1815 1249 1815 960 1816 1251 1816 1250 1816 1252 1817 1253 1817 951 1817 1253 1818 956 1818 951 1818 1253 1819 1254 1819 956 1819 1254 1820 954 1820 956 1820 1254 1821 1251 1822 954 1822 1251 1823 953 1823 954 1823 1251 1824 960 1824 953 1824 944 1825 1255 1825 943 1825 1255 1826 949 1826 943 1826 1255 1827 1252 1827 949 1827 1252 1828 952 1828 949 1828 1252 1829 951 1829 952 1829 944 1830 946 1830 1255 1830 946 1831 1256 1831 1255 1831 946 1832 1234 1832 1256 1832 75 1833 1236 1833 817 1833 1236 1834 816 1834 817 1834 1236 1835 1257 1835 816 1835 1257 1836 808 1836 816 1836 1257 1837 1258 1837 808 1837 1258 1838 807 1838 808 1838 1258 1839 1259 1839 807 1839 1259 1840 815 1840 807 1840 1259 1841 1260 1841 815 1841 1260 1842 814 1842 815 1842 1260 1843 1261 1843 814 1843 1261 1844 813 1844 814 1844 1261 1845 1262 1845 813 1845 76 1846 1238 1846 1236 1846 1238 1847 1257 1847 1236 1847 1238 1848 1263 1848 1257 1848 1263 1849 1258 1850 1257 1851 1263 1852 1264 1853 1258 1854 1264 1855 1259 1855 1258 1855 1264 1856 1265 1856 1259 1856 1265 1857 1260 1857 1259 1857 1265 1858 1266 1858 1260 1858 1266 1859 1261 1859 1260 1859 1266 1860 1267 1860 1261 1860 1267 1861 1262 1861 1261 1861 1267 1862 1268 1862 1262 1862 79 1863 1239 1863 1237 1863 1239 1864 1238 1864 1237 1864 1239 1865 1269 1865 1238 1865 1269 1866 1263 1866 1238 1866 1269 1867 1270 1867 1263 1867 1270 1868 1264 1868 1263 1868 1270 1869 1271 1869 1264 1869 1271 1870 1265 1870 1264 1870 1271 1871 1272 1871 1265 1871 1272 1872 1266 1872 1265 1872 1272 1873 1273 1873 1266 1873 1273 1874 1267 1874 1266 1874 1273 1875 1274 1875 1267 1875 1274 1876 1268 1876 1267 1876 1274 1877 1275 1877 1268 1877 80 1878 1240 1878 1239 1878 1240 1879 1269 1879 1239 1879 1240 1880 1276 1880 1269 1880 1276 1881 1270 1881 1269 1881 1276 1882 1277 1882 1270 1882 1277 1883 1271 1883 1270 1883 1277 1884 1278 1884 1271 1884 1278 1885 1272 1885 1271 1885 1278 1886 1279 1886 1272 1886 1279 1887 1273 1887 1272 1887 1279 1888 1280 1888 1273 1888 1280 1889 1274 1889 1273 1889 1280 1890 1281 1890 1274 1890 1281 1891 1275 1891 1274 1891 1281 1892 1282 1892 1275 1892 85 1893 1241 1893 1235 1893 1241 1894 1240 1894 1235 1894 1241 1895 1283 1895 1240 1895 1283 1896 1276 1896 1240 1896 1283 1897 1284 1897 1276 1897 1284 1898 1277 1898 1276 1898 1284 1899 1285 1899 1277 1899 1285 1900 1278 1900 1277 1900 1285 1901 1286 1901 1278 1901 1286 1902 1279 1902 1278 1902 1286 1903 1287 1903 1279 1903 1287 1904 1280 1904 1279 1904 1287 1905 1288 1905 1280 1905 1288 1906 1281 1906 1280 1906 1288 1907 1289 1907 1281 1907 1289 1908 1282 1908 1281 1908 1289 1909 1290 1909 1282 1909 86 1910 1243 1910 1241 1910 1243 1911 1283 1911 1241 1911 1243 1912 1291 1912 1283 1912 1291 1913 1284 1913 1283 1913 1291 1914 1292 1914 1284 1914 1292 1915 1285 1915 1284 1915 1292 1916 1293 1916 1285 1916 1293 1917 1286 1917 1285 1917 1293 1918 1294 1918 1286 1918 1294 1919 1287 1919 1286 1919 1294 1920 1295 1920 1287 1920 1295 1921 1288 1921 1287 1921 1295 1922 1296 1922 1288 1922 1296 1923 1289 1923 1288 1923 1296 1924 1297 1924 1289 1924 1297 1925 1290 1925 1289 1925 1297 1926 1298 1926 1290 1926 87 1927 1244 1927 1242 1927 1244 1928 1243 1928 1242 1928 1244 1929 1299 1929 1243 1929 1299 1930 1291 1930 1243 1930 1299 1931 1300 1931 1291 1931 1300 1932 1292 1932 1291 1932 1300 1933 1301 1933 1292 1933 1301 1934 1293 1934 1292 1934 1301 1935 1302 1935 1293 1935 1302 1936 1294 1936 1293 1936 1302 1937 1303 1937 1294 1937 1303 1938 1295 1938 1294 1938 1303 1939 1304 1939 1295 1939 1304 1940 1296 1940 1295 1940 1304 1941 1305 1941 1296 1941 1305 1942 1297 1942 1296 1942 1305 1943 1306 1943 1297 1943 1306 1944 1298 1944 1297 1944 1306 1945 1307 1945 1298 1945 88 1946 1245 1946 1244 1946 1245 1947 1299 1947 1244 1947 1245 1948 1308 1948 1299 1949 1308 1950 1300 1950 1299 1950 1308 1951 1309 1951 1300 1951 1309 1952 1301 1952 1300 1952 1309 1953 1310 1953 1301 1953 1310 1954 1302 1954 1301 1954 1310 1955 1311 1955 1302 1955 1311 1956 1303 1956 1302 1956 1311 1957 1312 1957 1303 1957 1312 1958 1304 1958 1303 1958 1312 1959 1313 1959 1304 1959 1313 1960 1305 1960 1304 1960 1313 1961 1314 1961 1305 1961 1314 1962 1306 1962 1305 1962 1314 1963 1315 1963 1306 1963 1315 1964 1307 1964 1306 1964 1315 1965 1316 1965 1307 1965 90 1966 1248 1966 1246 1966 1248 1967 1245 1967 1246 1967 1248 1968 1249 1968 1245 1968 1249 1969 1308 1969 1245 1969 1249 1970 1250 1970 1308 1970 1250 1971 1309 1971 1308 1971 1250 1972 1251 1972 1309 1972 1251 1973 1310 1973 1309 1973 1251 1974 1254 1974 1310 1974 1254 1975 1311 1975 1310 1975 1254 1976 1253 1976 1311 1976 1253 1977 1312 1977 1311 1977 1253 1978 1252 1978 1312 1978 1252 1979 1313 1979 1312 1979 1252 1980 1255 1980 1313 1980 1255 1981 1314 1981 1313 1981 1255 1982 1256 1982 1314 1982 1256 1983 1315 1983 1314 1983 1256 1984 1234 1984 1315 1984 1234 1985 1316 1985 1315 1985 1234 1986 1317 1986 1316 1986 813 1987 1262 1987 809 1987 1262 1988 1233 1988 809 1988 1262 1989 1268 1989 1233 1989 1268 1990 1232 1990 1233 1990 1268 1991 1275 1991 1232 1991 1275 1992 1231 1992 1232 1992 1275 1993 1282 1993 1231 1993 1282 1994 1230 1994 1231 1994 1282 1995 1290 1995 1230 1995 1290 1996 1229 1996 1230 1996 1290 1997 1298 1997 1229 1997 1298 1998 1228 1998 1229 1998 1298 1999 1307 1999 1228 1999 1307 2000 1227 2000 1228 2000 1307 2001 1316 2001 1227 2001 1316 2002 1226 2002 1227 2002 1316 2003 1317 2003 1226 2003 1317 2004 1225 2004 1226 2004 1317 2005 924 2005 1225 2005 924 2006 1317 2006 939 2006 1317 2007 942 2007 939 2007 1317 2008 1234 2008 942 2008 1234 2009 941 2009 942 2009 1234 2010 947 2010 941 2010 865 2011 1318 2011 878 2011 865 2012 1319 2012 1318 2012 1319 2013 1320 2013 1318 2013 1319 2014 1321 2014 1320 2014 1321 2015 1322 2015 1320 2015 1321 2016 1323 2016 1322 2016 1323 2017 1324 2017 1322 2017 1323 2017 1325 2017 1324 2017 1325 2018 1326 2018 1324 2018 1325 2019 1327 2019 1326 2019 1327 2020 1328 2020 1326 2020 1327 2021 1329 2021 1328 2021 1329 2022 1330 2022 1328 2022 1329 2023 1331 2023 1330 2023 1331 2024 1332 2024 1330 2024 1331 2025 1333 2025 1332 2025 1333 2026 1334 2026 1332 2026 1333 2026 1335 2026 1334 2026 1335 2027 902 2027 1334 2027 1335 2027 897 2027 902 2027 878 2028 1318 2028 877 2028 1318 2029 1336 2030 877 2031 1318 2032 1320 2032 1336 2032 1320 2033 1337 2033 1336 2033 1320 2034 1322 2034 1337 2034 1322 2035 1338 2035 1337 2035 1322 2036 1324 2037 1338 2038 1324 2039 1339 2039 1338 2039 1324 2040 1326 2040 1339 2040 1326 2041 1340 2041 1339 2041 1326 2042 1328 2042 1340 2042 1328 2043 1341 2043 1340 2043 1328 2044 1330 2044 1341 2044 1330 2045 1342 2045 1341 2045 1330 2046 1332 2046 1342 2046 1332 2047 1343 2047 1342 2047 1332 2048 1334 2048 1343 2048 1334 2049 1344 2049 1343 2049 1334 2050 902 2050 1344 2050 902 2051 1061 2051 1344 2051 877 2052 1336 2053 876 2054 1336 2055 1345 2055 876 2055 1336 2056 1337 2056 1345 2056 1337 2057 1346 2057 1345 2057 1337 2058 1338 2058 1346 2058 1338 2059 1347 2059 1346 2059 1338 2060 1339 2060 1347 2060 1339 2061 1348 2061 1347 2061 1339 2062 1340 2062 1348 2062 1340 2063 1349 2063 1348 2063 1340 2064 1341 2064 1349 2064 1341 2065 1350 2065 1349 2065 1341 2066 1342 2066 1350 2066 1342 2067 1351 2067 1350 2067 1342 2068 1343 2068 1351 2068 1343 2069 1352 2069 1351 2069 1343 2070 1344 2070 1352 2070 1344 2071 1353 2071 1352 2071 1344 2072 1061 2072 1353 2072 1061 2073 1063 2073 1353 2073 876 2074 1345 2074 879 2074 1345 2075 1354 2075 879 2075 1345 2076 1346 2076 1354 2076 1346 2077 1355 2077 1354 2077 1346 2078 1347 2078 1355 2078 1347 2079 1356 2079 1355 2079 1347 2080 1348 2080 1356 2080 1348 2081 1357 2081 1356 2081 1348 2082 1349 2082 1357 2082 1349 2083 1358 2083 1357 2083 1349 2084 1350 2084 1358 2084 1350 2085 1359 2085 1358 2085 1350 2086 1351 2086 1359 2086 1351 2087 1360 2087 1359 2087 1351 2088 1352 2088 1360 2088 1352 2089 1361 2089 1360 2089 1352 2090 1353 2090 1361 2090 1353 2091 1362 2091 1361 2091 1353 2092 1063 2092 1362 2092 1063 2093 1065 2093 1362 2093 879 2094 1354 2094 884 2094 1354 2095 1363 2095 884 2095 1354 2096 1355 2096 1363 2096 1355 2097 1364 2097 1363 2097 1355 2098 1356 2098 1364 2098 1356 2099 1365 2099 1364 2099 1356 2100 1357 2100 1365 2100 1357 2101 1366 2101 1365 2101 1357 2102 1358 2102 1366 2102 1358 2103 1367 2103 1366 2103 1358 2104 1359 2104 1367 2104 1359 2105 1368 2105 1367 2105 1359 2106 1360 2106 1368 2106 1360 2107 1369 2107 1368 2107 1360 2108 1361 2108 1369 2108 1361 2109 1370 2109 1369 2109 1361 2110 1362 2110 1370 2110 1362 2111 1371 2111 1370 2111 1362 2112 1065 2112 1371 2112 1065 2113 1067 2113 1371 2113 884 2114 1363 2114 885 2114 1363 2115 1372 2115 885 2115 1363 2116 1364 2116 1372 2116 1364 2117 1373 2117 1372 2117 1364 2118 1365 2118 1373 2118 1365 2119 1374 2119 1373 2119 1365 2120 1366 2120 1374 2120 1366 2121 1375 2121 1374 2121 1366 2122 1367 2122 1375 2122 1367 2123 1376 2123 1375 2123 1367 2124 1368 2124 1376 2124 1368 2125 1377 2125 1376 2125 1368 2126 1369 2126 1377 2126 1369 2127 1378 2127 1377 2127 1369 2128 1370 2128 1378 2128 1370 2129 1379 2129 1378 2129 1370 2130 1371 2130 1379 2130 1371 2131 1380 2131 1379 2131 1371 2132 1067 2132 1380 2132 1067 2133 1069 2133 1380 2133 885 2134 1372 2134 883 2134 1372 2135 1381 2135 883 2135 1372 2136 1373 2136 1381 2136 1373 2137 1382 2137 1381 2137 1373 2138 1374 2138 1382 2138 1374 2139 1383 2139 1382 2139 1374 2140 1375 2140 1383 2140 1375 2141 1384 2141 1383 2141 1375 2142 1376 2142 1384 2142 1376 2143 1385 2143 1384 2143 1376 2144 1377 2144 1385 2144 1377 2145 1386 2145 1385 2145 1377 2146 1378 2146 1386 2146 1378 2147 1387 2147 1386 2147 1378 2148 1379 2148 1387 2148 1379 2149 1388 2149 1387 2149 1379 2150 1380 2150 1388 2150 1380 2151 1389 2151 1388 2151 1380 2152 1069 2152 1389 2152 1069 2153 1071 2153 1389 2153 883 2154 1381 2154 882 2154 1381 2155 1390 2155 882 2155 1381 2156 1382 2156 1390 2156 1382 2157 1391 2157 1390 2157 1382 2158 1383 2158 1391 2158 1383 2159 1392 2159 1391 2159 1383 2160 1384 2160 1392 2160 1384 2161 1393 2161 1392 2161 1384 2162 1385 2162 1393 2162 1385 2163 1394 2163 1393 2163 1385 2164 1386 2164 1394 2164 1386 2165 1395 2165 1394 2165 1386 2166 1387 2166 1395 2166 1387 2167 1396 2167 1395 2167 1387 2168 1388 2168 1396 2168 1388 2169 1397 2169 1396 2169 1388 2170 1389 2170 1397 2170 1389 2171 1398 2171 1397 2171 1389 2172 1071 2172 1398 2172 1071 2173 1073 2173 1398 2173 882 2174 1390 2175 881 2176 1390 2177 1399 2177 881 2177 1390 2178 1391 2178 1399 2178 1391 2179 1400 2179 1399 2179 1391 2180 1392 2180 1400 2180 1392 2181 1401 2181 1400 2181 1392 2182 1393 2182 1401 2182 1393 2183 1402 2183 1401 2183 1393 2184 1394 2184 1402 2184 1394 2185 1403 2185 1402 2185 1394 2186 1395 2186 1403 2186 1395 2187 1404 2187 1403 2187 1395 2188 1396 2188 1404 2188 1396 2189 1405 2189 1404 2189 1396 2190 1397 2190 1405 2190 1397 2191 1406 2191 1405 2191 1397 2192 1398 2192 1406 2192 1398 2193 1407 2193 1406 2193 1398 2194 1073 2194 1407 2194 1073 2195 1075 2195 1407 2195 881 2196 1399 2196 880 2196 1399 2197 1408 2197 880 2197 1399 2198 1400 2198 1408 2198 1400 2199 1409 2199 1408 2199 1400 2200 1401 2200 1409 2200 1401 2201 1410 2201 1409 2201 1401 2202 1402 2202 1410 2202 1402 2203 1411 2203 1410 2203 1402 2204 1403 2204 1411 2204 1403 2205 1412 2205 1411 2205 1403 2206 1404 2206 1412 2206 1404 2207 1413 2207 1412 2207 1404 2208 1405 2208 1413 2208 1405 2209 1414 2209 1413 2209 1405 2210 1406 2210 1414 2210 1406 2211 1415 2211 1414 2211 1406 2212 1407 2212 1415 2212 1407 2213 1416 2213 1415 2213 1407 2214 1075 2214 1416 2214 1075 2215 1077 2215 1416 2215 880 2216 1408 2216 869 2216 1408 2217 1417 2217 869 2217 1408 2218 1409 2218 1417 2218 1409 2219 1418 2219 1417 2219 1409 2220 1410 2220 1418 2220 1410 2221 1419 2221 1418 2221 1410 2222 1411 2222 1419 2222 1411 2223 1420 2223 1419 2223 1411 2224 1412 2224 1420 2224 1412 2225 1421 2225 1420 2225 1412 2226 1413 2226 1421 2226 1413 2227 1422 2227 1421 2227 1413 2228 1414 2228 1422 2228 1414 2229 1423 2229 1422 2229 1414 2230 1415 2230 1423 2230 1415 2231 1424 2231 1423 2231 1415 2232 1416 2232 1424 2232 1416 2233 1425 2233 1424 2233 1416 2234 1077 2234 1425 2234 1077 2235 925 2235 1425 2235 869 2236 1426 2236 868 2236 869 2236 1417 2236 1426 2236 1417 2237 1427 2237 1426 2237 1417 2238 1418 2238 1427 2238 1418 2239 1428 2239 1427 2239 1418 2240 1419 2240 1428 2240 1419 2241 1429 2241 1428 2241 1419 2242 1420 2242 1429 2242 1420 2243 1430 2243 1429 2243 1420 2244 1421 2244 1430 2244 1421 2245 1431 2245 1430 2245 1421 2246 1422 2246 1431 2246 1422 2247 1432 2247 1431 2247 1422 2248 1423 2248 1432 2248 1423 2249 1433 2249 1432 2249 1423 2250 1424 2250 1433 2250 1424 2251 1434 2251 1433 2251 1424 2252 1425 2252 1434 2252 1425 2253 926 2253 1434 2253 1425 2254 925 2254 926 2254 984 2255 1434 2255 926 2255 986 2256 1435 2256 985 2256 980 2257 1436 2257 982 2257 977 2258 1437 2258 976 2258 970 2259 1438 2259 1002 2259 22 2260 1439 2260 34 2260 28 2261 1440 2261 27 2261 1440 2262 35 2263 27 2264 1440 2265 965 2265 35 2265 965 2266 37 2266 35 2266 965 2267 42 2268 37 2269 34 2270 1439 2270 33 2270 1439 2271 32 2271 33 2271 1439 2272 1441 2272 32 2272 1441 2273 1442 2273 32 2273 17 2274 1443 2274 26 2274 1443 2275 25 2275 26 2275 1443 2276 1444 2276 25 2276 15 2277 1445 2278 21 2279 1445 2280 20 2281 21 2282 1445 2283 1446 2283 20 2284 870 2285 15 2285 10 2285 31 2286 1447 2287 30 2288 1447 2289 28 2289 30 2289 1447 2290 1448 2290 28 2290 1448 2291 1440 2291 28 2291 1448 2292 968 2292 1440 2292 968 2293 965 2293 1440 2293 1448 2294 1449 2294 968 2294 1448 2295 1447 2295 1449 2295 1447 2296 1442 2296 1449 2296 1447 2297 31 2297 1442 2297 31 2298 32 2298 1442 2298 1449 2299 1442 2299 1450 2299 1442 2300 1451 2300 1450 2300 1442 2301 1441 2301 1451 2301 1441 2302 1452 2302 1451 2302 1441 2303 1439 2303 1452 2303 1439 2304 1453 2304 1452 2304 1439 2305 22 2305 1453 2305 22 2306 1444 2306 1453 2306 22 2307 23 2307 1444 2307 23 2308 25 2308 1444 2308 970 2309 971 2309 1438 2309 968 2310 1449 2310 967 2310 1449 2311 971 2311 967 2311 1449 2312 1450 2312 971 2312 1450 2313 1438 2313 971 2313 1450 2314 1451 2314 1438 2314 1451 2315 1454 2315 1438 2315 1451 2316 1452 2316 1454 2316 1452 2317 1455 2317 1454 2317 1452 2318 1453 2318 1455 2318 1453 2319 1456 2319 1455 2319 1453 2320 1444 2320 1456 2320 1444 2321 1457 2321 1456 2321 1444 2322 1443 2322 1457 2322 1443 2323 1458 2323 1457 2323 1443 2324 17 2325 1458 2326 17 2327 1446 2327 1458 2327 17 2328 18 2328 1446 2328 18 2329 20 2330 1446 2331 975 2332 1459 2332 973 2332 1460 2333 1462 2333 1461 2333 1462 2334 1463 2334 1461 2334 1462 2335 1464 2335 1463 2335 1464 2336 1465 2336 1463 2336 1464 2337 1466 2337 1465 2337 1466 2338 1467 2338 1465 2338 1466 2339 1468 2339 1467 2339 1468 2340 1469 2340 1467 2340 1468 2341 1470 2341 1469 2341 1470 2342 1471 2342 1469 2342 1470 2343 1472 2343 1471 2343 1472 2344 1473 2344 1471 2344 1472 2345 1474 2345 1473 2345 1474 2346 1475 2346 1473 2346 1474 2347 1459 2347 1475 2347 1459 2348 1476 2348 1475 2348 1459 2349 975 2349 1476 2349 1459 2350 1474 2350 1477 2350 1474 2351 1478 2351 1477 2351 1474 2352 1472 2353 1478 2354 1472 2355 1479 2355 1478 2355 1472 2356 1470 2356 1479 2356 1470 2357 1480 2357 1479 2357 1470 2358 1468 2358 1480 2358 1468 2359 1481 2359 1480 2359 1468 2360 1466 2360 1481 2360 1466 2361 1482 2361 1481 2361 1466 2362 1464 2362 1482 2362 1464 2363 1483 2363 1482 2363 1464 2364 1462 2364 1483 2364 1462 2365 1484 2365 1483 2365 1462 2366 1460 2366 1484 2366 1460 2367 1485 2367 1484 2367 977 2368 979 2369 1437 2370 973 2371 1459 2371 972 2371 1459 2372 979 2372 972 2372 1459 2373 1477 2373 979 2373 1477 2374 1437 2374 979 2374 1477 2375 1478 2375 1437 2375 1478 2376 1486 2376 1437 2376 1478 2377 1479 2377 1486 2377 1479 2378 1487 2378 1486 2378 1479 2379 1480 2379 1487 2379 1480 2380 1488 2380 1487 2380 1480 2381 1481 2381 1488 2381 1481 2382 1489 2382 1488 2382 1481 2383 1482 2383 1489 2383 1482 2384 1490 2384 1489 2384 1482 2385 1483 2385 1490 2385 1483 2386 1491 2386 1490 2386 1483 2387 1484 2387 1491 2387 1484 2388 1492 2388 1491 2388 1484 2389 1485 2389 1492 2389 1485 2390 1493 2390 1492 2390 976 2391 1437 2391 980 2391 1437 2392 1436 2392 980 2392 1437 2393 1486 2393 1436 2393 1486 2394 1494 2394 1436 2394 1486 2395 1487 2395 1494 2395 1487 2396 1495 2396 1494 2396 1487 2397 1488 2397 1495 2397 1488 2398 1496 2398 1495 2398 1488 2399 1489 2399 1496 2399 1489 2400 1497 2400 1496 2400 1489 2401 1490 2401 1497 2401 1490 2402 1498 2402 1497 2402 1490 2403 1491 2403 1498 2403 1491 2404 1499 2404 1498 2404 1491 2405 1492 2405 1499 2405 1492 2406 1500 2406 1499 2406 1492 2407 1493 2407 1500 2407 1493 2408 1501 2408 1500 2408 982 2409 1436 2409 983 2409 1436 2410 1502 2410 983 2410 1436 2411 1494 2411 1502 2411 1494 2412 1503 2412 1502 2412 1494 2413 1495 2413 1503 2413 1495 2414 1504 2414 1503 2414 1495 2415 1496 2415 1504 2415 1496 2416 1505 2416 1504 2416 1496 2417 1497 2417 1505 2417 1497 2418 1506 2418 1505 2418 1497 2419 1498 2419 1506 2419 1498 2420 1507 2420 1506 2420 1498 2421 1499 2421 1507 2421 1499 2422 1508 2422 1507 2422 1499 2423 1500 2423 1508 2423 1500 2424 1509 2425 1508 2426 1500 2427 1501 2427 1509 2427 1501 2428 1510 2428 1509 2428 983 2429 1502 2429 986 2429 1502 2430 1435 2430 986 2430 1502 2431 1503 2431 1435 2431 1503 2432 1511 2432 1435 2432 1503 2433 1504 2433 1511 2433 1504 2434 1512 2434 1511 2434 1504 2435 1505 2435 1512 2435 1505 2436 1513 2436 1512 2436 1505 2437 1506 2437 1513 2437 1506 2438 1514 2438 1513 2438 1506 2439 1507 2439 1514 2439 1507 2440 1515 2440 1514 2440 1507 2441 1508 2441 1515 2441 1508 2442 1516 2442 1515 2442 1508 2443 1509 2443 1516 2443 1509 2444 1517 2444 1516 2444 1509 2445 1510 2445 1517 2445 1510 2446 1518 2446 1517 2446 1426 2447 1427 2447 1518 2447 1427 2448 1517 2448 1518 2448 1427 2449 1428 2449 1517 2449 1428 2450 1516 2450 1517 2450 1428 2451 1429 2451 1516 2451 1429 2452 1515 2452 1516 2452 1429 2453 1430 2453 1515 2453 1430 2454 1514 2454 1515 2454 1430 2455 1431 2455 1514 2455 1431 2456 1513 2456 1514 2456 1431 2457 1432 2457 1513 2457 1432 2458 1512 2458 1513 2458 1432 2459 1433 2459 1512 2459 1433 2460 1511 2460 1512 2460 1433 2461 1434 2461 1511 2461 1434 2462 1435 2462 1511 2462 1434 2463 984 2463 1435 2463 984 2464 985 2465 1435 2466 1002 2467 1438 2467 975 2467 1438 2468 1476 2468 975 2468 1438 2469 1454 2469 1476 2469 1454 2470 1475 2470 1476 2470 1454 2471 1455 2471 1475 2471 1455 2472 1473 2472 1475 2472 1455 2473 1456 2473 1473 2473 1456 2474 1471 2474 1473 2474 1456 2475 1457 2475 1471 2475 1457 2476 1469 2476 1471 2476 1457 2477 1458 2477 1469 2477 1458 2478 1467 2478 1469 2478 1458 2479 1446 2479 1467 2479 1446 2480 1465 2480 1467 2480 1446 2481 1445 2481 1465 2481 1445 2482 1463 2482 1465 2482 1445 2483 15 2483 1463 2483 15 2484 1461 2484 1463 2484 15 2485 870 2485 1461 2485 870 2486 1460 2486 1461 2486 870 2487 871 2487 1460 2487 871 2488 1485 2488 1460 2488 871 2489 872 2489 1485 2489 872 2490 1493 2490 1485 2490 872 2491 873 2491 1493 2491 873 2492 1501 2492 1493 2492 873 2493 874 2493 1501 2493 874 2494 1510 2494 1501 2494 874 2495 875 2495 1510 2495 875 2496 1518 2496 1510 2496 875 2497 867 2497 1518 2497 867 2498 1426 2498 1518 2498 867 2499 868 2499 1426 2499 886 2500 1519 2500 888 2500 886 2501 1520 2502 1519 2503 1520 2504 1521 2504 1519 2504 1520 2505 1522 2505 1521 2505 1522 2506 1523 2506 1521 2506 1522 2507 1524 2507 1523 2507 1524 2508 1525 2508 1523 2508 1524 2509 1526 2509 1525 2509 1526 2510 1527 2510 1525 2510 1526 2511 1528 2511 1527 2511 1528 2512 1529 2512 1527 2512 1528 2513 1530 2513 1529 2513 1531 2514 1533 2514 1532 2514 1533 2515 1531 2515 1534 2515 1531 2516 1535 2516 1534 2516 1531 2517 1529 2517 1535 2517 1529 2518 1536 2519 1535 2520 1529 2521 1530 2521 1536 2521 1537 2522 838 2522 839 2522 838 2523 1537 2523 1538 2523 1537 2524 1539 2524 1538 2524 1537 2525 1532 2525 1539 2525 1532 2526 1540 2526 1539 2526 1532 2527 1533 2527 1540 2527 1541 2528 1543 2528 1542 2528 1543 2529 1541 2529 1544 2529 1541 2530 1545 2530 1544 2530 1541 2531 843 2531 1545 2531 843 2532 1546 2532 1545 2532 843 2533 841 2533 1546 2533 1547 2534 1549 2534 1548 2534 1549 2535 1550 2535 1548 2535 1549 2536 1542 2536 1550 2536 1542 2537 1551 2537 1550 2537 1542 2538 1543 2538 1551 2538 1549 2539 1547 2539 1552 2539 1547 2540 1553 2540 1552 2540 1547 2541 1554 2541 1553 2541 1554 2542 1555 2542 1553 2542 1554 2543 1556 2543 1555 2543 1556 2544 1557 2544 1555 2544 1556 2545 1558 2545 1557 2545 1558 2546 1559 2546 1557 2546 1558 2547 1560 2547 1559 2547 1560 2548 1561 2548 1559 2548 1560 2549 1562 2549 1561 2549 1562 2550 895 2550 1561 2550 1562 2551 901 2551 895 2551 901 2552 1520 2552 886 2552 901 2553 1562 2553 1520 2553 1562 2554 1522 2554 1520 2554 1562 2555 1560 2555 1522 2555 1560 2556 1524 2556 1522 2556 1560 2557 1558 2557 1524 2557 1558 2558 1526 2558 1524 2558 1558 2559 1556 2559 1526 2559 1556 2560 1528 2560 1526 2560 1556 2561 1554 2561 1528 2561 1554 2562 1530 2562 1528 2562 1554 2563 1547 2563 1530 2563 1536 2564 1550 2564 1535 2564 1536 2565 1530 2565 1550 2565 1530 2566 1548 2566 1550 2566 1530 2567 1547 2567 1548 2567 1534 2568 1543 2568 1533 2568 1534 2569 1535 2570 1543 2571 1535 2572 1551 2572 1543 2572 1535 2573 1550 2573 1551 2573 1540 2574 1545 2574 1539 2574 1540 2575 1533 2575 1545 2575 1533 2576 1544 2576 1545 2576 1533 2577 1543 2577 1544 2577 1538 2578 841 2578 838 2578 1538 2579 1539 2579 841 2579 1539 2580 1546 2580 841 2580 1539 2581 1545 2581 1546 2581 1563 170 1565 170 1564 170 1565 170 1566 170 1564 170 1565 170 1567 170 1566 170 1568 601 906 601 1569 601 906 601 904 601 1569 601 905 2582 1561 2582 895 2582 1549 335 905 335 1542 335 1561 335 905 335 1559 335 905 2583 1557 2583 1559 2583 905 2584 1555 2584 1557 2584 1555 2585 905 2585 1553 2585 905 2586 1552 2586 1553 2586 905 2587 1549 2587 1552 2587 844 335 843 335 1570 335 843 335 905 335 1570 335 843 335 1541 335 905 335 1541 335 1542 335 905 335 1529 335 890 335 1527 335 890 2588 1525 2588 1527 2588 890 2589 1523 2589 1525 2589 1537 335 890 335 1532 335 890 2590 1531 2590 1532 2590 890 2591 1529 2591 1531 2591 1523 335 890 335 1521 335 890 2592 1519 2592 1521 2592 890 2582 888 2582 1519 2582 1571 335 890 335 840 335 890 335 839 335 840 335 890 2593 1537 2593 839 2593 892 1140 1572 1140 891 1140 1572 1140 1573 1140 891 1140 1574 170 1576 170 1575 170 1576 170 1577 170 1575 170 1576 170 1578 170 1577 170 383 2594 1579 2594 382 2594 383 2595 1580 2595 1579 2595 1580 2596 1581 2596 1579 2596 1580 2597 1582 2597 1581 2597 1582 2598 1583 2598 1581 2598 1582 2599 1584 2599 1583 2599 1584 2600 1585 2600 1583 2600 1584 2601 1586 2601 1585 2601 1586 2602 1587 2602 1585 2602 1586 2603 1588 2603 1587 2603 1588 2604 1589 2604 1587 2604 1588 2605 1590 2605 1589 2605 1590 2606 1591 2606 1589 2606 1590 2607 1592 2607 1591 2607 1592 2608 1593 2608 1591 2608 1592 2608 1594 2608 1593 2608 1594 2609 1595 2609 1593 2609 1594 2610 1596 2610 1595 2610 1596 2611 1597 2611 1595 2611 1596 2611 1598 2611 1597 2611 1598 2612 1599 2612 1597 2612 1598 2613 1600 2613 1599 2613 1600 2614 805 2614 1599 2614 1600 2615 803 2615 805 2615 1084 2616 1601 2616 1088 2616 1089 2617 1602 2617 1090 2617 1091 2618 1603 2618 1092 2618 1093 2619 1604 2619 1094 2619 1095 2620 1605 2620 1096 2620 1097 2621 1606 2621 126 2621 1607 2622 1609 2622 1608 2622 370 2623 1610 2623 372 2623 1610 2624 1607 2624 372 2624 1610 2625 1611 2625 1607 2625 1611 2626 1609 2626 1607 2626 1612 2627 1614 2627 1613 2627 1614 2628 1615 2628 1613 2628 1614 2629 1608 2629 1615 2629 1608 2630 1616 2630 1615 2630 1608 2631 1609 2631 1616 2631 1617 2632 1619 2632 1618 2632 1619 2633 1620 2633 1618 2633 1619 2634 1621 2634 1620 2634 1621 2635 1622 2635 1620 2635 1621 2636 1623 2636 1622 2636 1623 2637 1624 2637 1622 2637 1623 2638 1612 2638 1624 2638 1612 2639 1625 2640 1624 2641 1612 2642 1613 2642 1625 2642 1626 2643 1628 2643 1627 2643 1628 2644 1629 2644 1627 2644 1628 2645 1617 2645 1629 2645 1617 2646 1630 2646 1629 2646 1617 2647 1618 2648 1630 2649 1096 2650 1605 2650 1097 2650 1605 2651 1606 2651 1097 2651 1605 2652 1626 2652 1606 2652 1626 2653 1631 2653 1606 2653 1626 2654 1627 2654 1631 2654 1094 2655 1604 2655 1095 2655 1604 2656 1605 2656 1095 2656 1604 2657 1632 2657 1605 2657 1632 2658 1626 2658 1605 2658 1632 2659 1633 2659 1626 2659 1633 2660 1628 2660 1626 2660 1633 2661 1634 2661 1628 2661 1634 2662 1617 2662 1628 2662 1634 2663 1635 2663 1617 2663 1635 2664 1619 2664 1617 2664 1635 2665 1636 2665 1619 2665 1636 2666 1621 2666 1619 2666 1636 2667 1637 2667 1621 2667 1637 2668 1623 2668 1621 2668 1637 2669 1638 2669 1623 2669 1638 2670 1612 2670 1623 2670 1638 2671 1639 2671 1612 2671 1639 2672 1614 2672 1612 2672 1639 2673 1640 2673 1614 2673 1640 2674 1608 2674 1614 2674 1640 2675 1641 2675 1608 2675 1641 2676 1607 2676 1608 2676 1641 2677 390 2677 1607 2677 390 2678 372 2678 1607 2678 1092 2679 1603 2679 1093 2679 1603 2680 1604 2680 1093 2680 1603 2681 1642 2681 1604 2681 1642 2682 1632 2682 1604 2682 1642 2683 1643 2683 1632 2683 1643 2684 1633 2684 1632 2684 1643 2685 1644 2685 1633 2685 1644 2686 1634 2686 1633 2686 1644 2687 1645 2687 1634 2687 1645 2688 1635 2688 1634 2688 1645 2689 1646 2689 1635 2689 1646 2690 1636 2690 1635 2690 1646 2691 1647 2691 1636 2691 1647 2692 1637 2692 1636 2692 1647 2693 1648 2693 1637 2693 1648 2694 1638 2694 1637 2694 1648 2695 1649 2695 1638 2695 1649 2696 1639 2696 1638 2696 1649 2697 1650 2697 1639 2697 1650 2698 1640 2698 1639 2698 1650 2699 1651 2699 1640 2699 1651 2700 1641 2700 1640 2700 1651 2701 389 2701 1641 2701 389 2702 390 2702 1641 2702 1090 2703 1602 2703 1091 2703 1602 2704 1603 2704 1091 2704 1602 2705 1652 2705 1603 2705 1652 2706 1642 2706 1603 2706 1652 2707 1653 2707 1642 2707 1653 2708 1643 2708 1642 2708 1653 2709 1654 2709 1643 2709 1654 2710 1644 2710 1643 2710 1654 2711 1655 2711 1644 2711 1655 2712 1645 2712 1644 2712 1655 2713 1656 2713 1645 2713 1656 2714 1646 2714 1645 2714 1656 2715 1657 2715 1646 2715 1657 2716 1647 2716 1646 2716 1657 2717 1658 2717 1647 2717 1658 2718 1648 2718 1647 2718 1658 2719 1659 2719 1648 2719 1659 2720 1649 2720 1648 2720 1659 2721 1660 2721 1649 2721 1660 2722 1650 2722 1649 2722 1660 2723 1661 2723 1650 2723 1661 2724 1651 2724 1650 2724 1661 2725 378 2725 1651 2725 378 2726 389 2726 1651 2726 1088 2727 1601 2727 1089 2727 1601 2728 1602 2728 1089 2728 1601 2729 1662 2729 1602 2729 1662 2730 1652 2730 1602 2730 1662 2731 1663 2731 1652 2731 1663 2732 1653 2732 1652 2732 1663 2733 1664 2733 1653 2733 1664 2734 1654 2734 1653 2734 1664 2735 1665 2735 1654 2735 1665 2736 1655 2736 1654 2736 1665 2737 1666 2737 1655 2737 1666 2738 1656 2738 1655 2738 1666 2739 1667 2739 1656 2739 1667 2740 1657 2740 1656 2740 1667 2741 1668 2741 1657 2741 1668 2742 1658 2742 1657 2742 1668 2743 1669 2743 1658 2743 1669 2744 1659 2744 1658 2744 1669 2745 1670 2745 1659 2745 1670 2746 1660 2746 1659 2746 1670 2747 1671 2747 1660 2747 1671 2748 1661 2748 1660 2748 1671 2749 377 2749 1661 2749 377 2750 378 2750 1661 2750 1085 2751 1672 2751 1084 2751 1672 2752 1601 2752 1084 2752 1672 2753 1673 2753 1601 2753 1673 2754 1662 2754 1601 2754 1673 2755 1674 2755 1662 2755 1674 2756 1663 2756 1662 2756 1674 2757 1675 2757 1663 2757 1675 2758 1664 2758 1663 2758 1675 2759 1676 2759 1664 2759 1676 2760 1665 2760 1664 2760 1676 2761 1677 2761 1665 2761 1677 2762 1666 2762 1665 2762 1677 2763 1678 2763 1666 2763 1678 2764 1667 2764 1666 2764 1678 2765 1679 2765 1667 2765 1679 2766 1668 2766 1667 2766 1679 2767 1680 2767 1668 2767 1680 2768 1669 2768 1668 2768 1680 2769 1681 2769 1669 2769 1681 2770 1670 2770 1669 2770 1681 2771 1682 2771 1670 2771 1682 2772 1671 2772 1670 2772 1682 2773 388 2773 1671 2773 388 2774 377 2774 1671 2774 388 2775 1682 2775 387 2775 1682 2776 1683 2776 387 2776 1682 2777 1681 2777 1683 2777 1681 2778 1684 2778 1683 2778 1681 2779 1680 2779 1684 2779 1680 2780 1685 2780 1684 2780 1680 2781 1679 2781 1685 2781 1679 2782 1686 2782 1685 2782 1679 2783 1678 2783 1686 2783 1678 2784 1687 2784 1686 2784 1678 2785 1677 2785 1687 2785 1677 2786 1688 2786 1687 2786 1677 2787 1676 2787 1688 2787 1676 2788 1689 2788 1688 2788 1676 2789 1675 2789 1689 2789 1675 2790 1690 2790 1689 2790 1675 2791 1674 2791 1690 2791 1674 2792 1691 2792 1690 2792 1674 2793 1673 2793 1691 2793 1673 2794 1692 2794 1691 2794 1673 2795 1672 2795 1692 2795 1672 2796 1693 2796 1692 2796 1672 2797 1085 2797 1693 2797 1082 2798 1693 2798 1087 2798 1693 2799 1086 2799 1087 2799 1693 2800 1085 2800 1086 2800 380 2801 1694 2801 379 2801 1694 2802 1695 2802 379 2802 1694 2803 1696 2803 1695 2803 1696 2804 1697 2804 1695 2804 1696 2805 1698 2805 1697 2805 1698 2806 1699 2806 1697 2806 1698 2807 1700 2807 1699 2807 1700 2808 1701 2808 1699 2808 1700 2809 1702 2809 1701 2809 1702 2810 1703 2810 1701 2810 1702 2811 1704 2811 1703 2811 1704 2812 1705 2812 1703 2812 1704 2813 1706 2813 1705 2813 1706 2814 1707 2814 1705 2814 1706 2815 1708 2815 1707 2815 1708 2816 1709 2816 1707 2816 1708 2817 1710 2817 1709 2817 1710 2818 1711 2818 1709 2818 1710 2819 1712 2819 1711 2819 1712 2820 1713 2820 1711 2820 1712 2821 1714 2821 1713 2821 1714 2822 1715 2822 1713 2822 379 2823 1695 2823 386 2823 1695 2824 1716 2824 386 2824 1695 2825 1697 2825 1716 2825 1697 2826 1717 2826 1716 2826 1697 2827 1699 2827 1717 2827 1699 2828 1718 2828 1717 2828 1699 2829 1701 2829 1718 2829 1701 2830 1719 2830 1718 2830 1701 2831 1703 2831 1719 2831 1703 2832 1720 2832 1719 2832 1703 2833 1705 2833 1720 2833 1705 2834 1721 2834 1720 2834 1705 2835 1707 2835 1721 2835 1707 2836 1722 2836 1721 2836 1707 2837 1709 2837 1722 2837 1709 2838 1723 2838 1722 2838 1709 2839 1711 2839 1723 2839 1711 2840 1724 2840 1723 2840 1711 2841 1713 2841 1724 2841 1713 2842 1725 2842 1724 2842 1713 2843 1715 2843 1725 2843 1715 2844 1726 2844 1725 2844 386 2845 1716 2845 385 2845 1716 2846 1727 2846 385 2846 1716 2847 1717 2847 1727 2847 1717 2848 1728 2848 1727 2848 1717 2849 1718 2849 1728 2849 1718 2850 1729 2850 1728 2850 1718 2851 1719 2851 1729 2851 1719 2852 1730 2852 1729 2852 1719 2853 1720 2853 1730 2853 1720 2854 1731 2854 1730 2854 1720 2855 1721 2855 1731 2855 1721 2856 1732 2856 1731 2856 1721 2857 1722 2857 1732 2857 1722 2858 1733 2858 1732 2858 1722 2859 1723 2859 1733 2859 1723 2860 1734 2860 1733 2860 1723 2861 1724 2861 1734 2861 1724 2862 1735 2862 1734 2862 1724 2863 1725 2863 1735 2863 1725 2864 1736 2864 1735 2864 1725 2865 1726 2865 1736 2865 1726 2866 1737 2866 1736 2866 385 2867 1727 2867 384 2867 1727 2868 1738 2868 384 2868 1727 2869 1728 2869 1738 2869 1728 2870 1739 2870 1738 2870 1728 2871 1729 2871 1739 2871 1729 2872 1740 2872 1739 2872 1729 2873 1730 2873 1740 2873 1730 2874 1741 2874 1740 2874 1730 2875 1731 2875 1741 2875 1731 2876 1742 2876 1741 2876 1731 2877 1732 2877 1742 2877 1732 2878 1743 2878 1742 2878 1732 2879 1733 2879 1743 2879 1733 2880 1744 2880 1743 2880 1733 2881 1734 2881 1744 2881 1734 2882 1745 2882 1744 2882 1734 2883 1735 2883 1745 2883 1735 2884 1746 2884 1745 2884 1735 2885 1736 2885 1746 2885 1736 2886 1747 2886 1746 2886 1736 2887 1737 2887 1747 2887 1737 2888 1748 2888 1747 2888 1600 2889 1598 2889 1748 2889 1598 2890 1747 2890 1748 2890 1598 2891 1596 2891 1747 2891 1596 2892 1746 2892 1747 2892 1596 2893 1594 2893 1746 2893 1594 2894 1745 2894 1746 2894 1594 2895 1592 2895 1745 2895 1592 2896 1744 2896 1745 2896 1592 2897 1590 2897 1744 2897 1590 2898 1743 2898 1744 2898 1590 2899 1588 2899 1743 2899 1588 2900 1742 2900 1743 2900 1588 2901 1586 2901 1742 2901 1586 2902 1741 2902 1742 2902 1586 2903 1584 2903 1741 2903 1584 2904 1740 2904 1741 2904 1584 2905 1582 2905 1740 2905 1582 2906 1739 2906 1740 2906 1582 2907 1580 2907 1739 2907 1580 2908 1738 2908 1739 2908 1580 2909 383 2909 1738 2909 383 2910 384 2910 1738 2910 387 2911 1683 2911 380 2911 1683 2912 1694 2912 380 2912 1683 2913 1684 2913 1694 2913 1684 2914 1696 2914 1694 2914 1684 2915 1685 2915 1696 2915 1685 2916 1698 2916 1696 2916 1685 2917 1686 2917 1698 2917 1686 2918 1700 2918 1698 2918 1686 2919 1687 2919 1700 2919 1687 2920 1702 2920 1700 2920 1687 2921 1688 2921 1702 2921 1688 2922 1704 2922 1702 2922 1688 2923 1689 2923 1704 2923 1689 2924 1706 2924 1704 2924 1689 2925 1690 2925 1706 2925 1690 2926 1708 2926 1706 2926 1690 2927 1691 2927 1708 2927 1691 2928 1710 2928 1708 2928 1691 2929 1692 2929 1710 2929 1692 2930 1712 2930 1710 2930 1692 2931 1693 2931 1712 2931 1693 2932 1714 2932 1712 2932 1693 2933 1082 2933 1714 2933 1082 2934 1715 2934 1714 2934 1082 2935 1083 2935 1715 2935 1083 2936 1726 2936 1715 2936 1083 2937 1079 2937 1726 2937 1079 2938 1737 2938 1726 2938 1079 2939 1080 2939 1737 2939 1080 2940 1748 2940 1737 2940 1080 2941 1081 2941 1748 2941 1081 2942 1600 2942 1748 2942 1081 2943 803 2943 1600 2943 116 2944 1749 2944 479 2944 1750 2945 1631 2945 1627 2945 479 2946 1751 2946 478 2946 1627 2947 1629 2947 1750 2947 478 2948 1752 2948 477 2948 477 2949 1753 2949 476 2949 1754 2950 1620 2950 1622 2950 476 2951 1755 2951 487 2951 487 2952 1756 2952 484 2952 1757 2953 1625 2953 1613 2953 484 2954 1758 2954 483 2954 1613 2955 1615 2955 1757 2955 483 2956 1759 2956 485 2956 1760 2957 338 2957 486 2957 338 2958 1760 2958 340 2958 1760 2959 342 2959 340 2959 1760 2960 1761 2960 342 2960 342 2961 1761 2961 344 2961 1761 2962 346 2962 344 2962 1761 2963 1762 2963 346 2963 1762 2964 348 2964 346 2964 1762 2965 1763 2965 348 2965 348 2966 1763 2966 350 2966 1763 2967 352 2967 350 2967 1763 2968 1764 2968 352 2968 352 2969 1764 2969 354 2969 1764 2970 356 2970 354 2970 1764 2971 1765 2971 356 2971 1765 2972 358 2972 356 2972 1765 2973 360 2973 358 2973 1766 2974 362 2974 1767 2974 362 2975 1766 2975 364 2975 1766 2976 366 2976 364 2976 1766 2977 1768 2977 366 2977 1768 2978 368 2978 366 2978 1768 2979 370 2979 368 2979 485 2980 1759 2980 486 2980 1759 2981 1760 2981 486 2981 1759 2982 1769 2982 1760 2982 1769 2983 1761 2983 1760 2983 1769 2984 1770 2984 1761 2984 1770 2985 1762 2985 1761 2985 1770 2986 1771 2986 1762 2986 1771 2987 1763 2987 1762 2987 1771 2988 1772 2988 1763 2988 1772 2989 1764 2989 1763 2989 1772 2990 1773 2990 1764 2990 1773 2991 1765 2991 1764 2991 1773 2992 1767 2992 1765 2992 1767 2993 360 2993 1765 2993 1767 2994 362 2994 360 2994 1768 2995 1766 2995 1774 2995 1766 2996 1775 2996 1774 2996 1766 2997 1767 2997 1775 2997 1767 2998 1776 2998 1775 2998 1767 2999 1773 2999 1776 2999 370 3000 1768 3000 1610 3000 1768 3001 1611 3001 1610 3001 1768 3002 1774 3002 1611 3002 1774 3003 1609 3003 1611 3003 1774 3004 1616 3004 1609 3004 483 3005 1758 3005 1759 3005 1758 3006 1769 3006 1759 3006 1758 3007 1777 3007 1769 3007 1777 3008 1770 3008 1769 3008 1777 3009 1778 3009 1770 3009 1778 3010 1771 3010 1770 3010 1778 3011 1779 3011 1771 3011 1779 3012 1772 3012 1771 3012 1779 3013 1780 3013 1772 3013 1780 3014 1773 3014 1772 3014 1780 3015 1781 3015 1773 3015 1781 3016 1776 3016 1773 3016 1781 3017 1782 3017 1776 3017 1782 3018 1775 3018 1776 3018 1782 3019 1783 3019 1775 3019 1783 3020 1774 3020 1775 3020 1783 3021 1757 3021 1774 3021 1757 3022 1616 3022 1774 3022 1757 3023 1615 3023 1616 3023 487 3024 1755 3024 1756 3024 1755 3025 1784 3025 1756 3025 1755 3026 1785 3026 1784 3026 1785 3027 1786 3027 1784 3027 1785 3028 1787 3028 1786 3028 1787 3029 1788 3029 1786 3029 1787 3030 1789 3030 1788 3030 1789 3031 1790 3031 1788 3031 1789 3032 1791 3032 1790 3032 1791 3033 1792 3033 1790 3033 1791 3034 1793 3034 1792 3034 1793 3035 1794 3035 1792 3035 1793 3036 1795 3036 1794 3036 1795 3037 1796 3037 1794 3037 1795 3038 1797 3038 1796 3038 1797 3039 1798 3039 1796 3039 1797 3040 1754 3040 1798 3040 484 3041 1756 3041 1758 3041 1756 3042 1777 3042 1758 3042 1756 3043 1784 3043 1777 3043 1784 3044 1778 3044 1777 3044 1784 3045 1786 3045 1778 3045 1786 3046 1779 3046 1778 3046 1786 3047 1788 3047 1779 3047 1788 3048 1780 3048 1779 3048 1788 3049 1790 3049 1780 3049 1790 3050 1781 3050 1780 3050 1790 3051 1792 3051 1781 3051 1792 3052 1782 3052 1781 3052 1792 3053 1794 3053 1782 3053 1794 3054 1783 3054 1782 3054 1794 3055 1796 3055 1783 3055 1796 3056 1757 3056 1783 3056 1796 3057 1798 3057 1757 3057 1798 3058 1625 3058 1757 3058 1798 3059 1754 3059 1625 3059 1754 3060 1624 3060 1625 3060 1754 3061 1622 3061 1624 3061 477 3062 1752 3062 1753 3062 1752 3063 1799 3063 1753 3063 1752 3064 1800 3064 1799 3064 1800 3065 1801 3065 1799 3065 1800 3066 1802 3066 1801 3066 1802 3067 1803 3067 1801 3067 1802 3068 1804 3068 1803 3068 1804 3069 1805 3069 1803 3069 1804 3070 1806 3070 1805 3070 1806 3071 1807 3071 1805 3071 1806 3072 1808 3072 1807 3072 1808 3073 1809 3073 1807 3073 1808 3074 1810 3074 1809 3074 1810 3075 1811 3075 1809 3075 1810 3076 1812 3076 1811 3076 1812 3077 1813 3077 1811 3077 1812 3078 1814 3078 1813 3078 476 3079 1753 3079 1755 3079 1753 3080 1785 3080 1755 3080 1753 3081 1799 3081 1785 3081 1799 3082 1787 3082 1785 3082 1799 3083 1801 3083 1787 3083 1801 3084 1789 3084 1787 3084 1801 3085 1803 3085 1789 3085 1803 3086 1791 3086 1789 3086 1803 3087 1805 3087 1791 3087 1805 3088 1793 3088 1791 3088 1805 3089 1807 3089 1793 3089 1807 3090 1795 3090 1793 3090 1807 3091 1809 3091 1795 3091 1809 3092 1797 3092 1795 3092 1809 3093 1811 3093 1797 3093 1811 3094 1754 3094 1797 3094 1811 3095 1813 3095 1754 3095 1813 3096 1620 3096 1754 3096 1813 3097 1814 3097 1620 3097 1814 3098 1618 3098 1620 3098 1814 3099 1630 3099 1618 3099 478 3100 1751 3100 1752 3100 1751 3101 1800 3101 1752 3101 1751 3102 1815 3102 1800 3102 1815 3103 1802 3103 1800 3103 1815 3104 1816 3104 1802 3104 1816 3105 1804 3105 1802 3105 1816 3106 1817 3106 1804 3106 1817 3107 1806 3107 1804 3107 1817 3108 1818 3108 1806 3108 1818 3109 1808 3109 1806 3109 1818 3110 1819 3110 1808 3110 1819 3111 1810 3111 1808 3111 1819 3112 1820 3112 1810 3112 1820 3113 1812 3113 1810 3113 1820 3114 1821 3114 1812 3114 1821 3115 1814 3115 1812 3115 1821 3116 1750 3116 1814 3116 1750 3117 1630 3117 1814 3117 1750 3118 1629 3118 1630 3118 116 3119 117 3119 1749 3119 117 3120 1822 3120 1749 3120 117 3121 118 3121 1822 3121 118 3122 1823 3122 1822 3122 118 3123 128 3123 1823 3123 128 3124 1824 3124 1823 3124 128 3125 129 3125 1824 3125 129 3126 1825 3126 1824 3126 129 3127 121 3127 1825 3127 121 3128 1826 3128 1825 3128 121 3129 122 3129 1826 3129 122 3130 1827 3130 1826 3130 122 3131 123 3131 1827 3131 123 3132 1828 3132 1827 3132 123 3133 124 3133 1828 3133 124 3134 1829 3134 1828 3134 124 3135 125 3135 1829 3135 479 3136 1749 3136 1751 3136 1749 3137 1815 3137 1751 3137 1749 3138 1822 3138 1815 3138 1822 3139 1816 3139 1815 3139 1822 3140 1823 3140 1816 3140 1823 3141 1817 3141 1816 3141 1823 3142 1824 3142 1817 3142 1824 3143 1818 3143 1817 3143 1824 3144 1825 3144 1818 3144 1825 3145 1819 3145 1818 3145 1825 3146 1826 3146 1819 3146 1826 3147 1820 3147 1819 3147 1826 3148 1827 3148 1820 3148 1827 3149 1821 3149 1820 3149 1827 3150 1828 3150 1821 3150 1828 3151 1750 3151 1821 3151 1828 3152 1829 3152 1750 3152 1829 3153 1631 3153 1750 3153 1829 3154 125 3154 1631 3154 125 3155 1606 3155 1631 3155 125 3156 126 3156 1606 3156 866 3157 1830 3157 864 3157 866 3158 1831 3158 1830 3158 1831 3159 1832 3159 1830 3159 1831 3160 1833 3160 1832 3160 1833 3161 1834 3161 1832 3161 1833 3161 1835 3161 1834 3161 1835 3162 1836 3162 1834 3162 1835 3163 1837 3163 1836 3163 1837 3164 1838 3164 1836 3164 1837 3165 1839 3165 1838 3165 1839 3166 1840 3166 1838 3166 1839 3167 1841 3167 1840 3167 1841 3168 1842 3168 1840 3168 1841 3168 1843 3168 1842 3168 1843 3169 1844 3169 1842 3169 1843 3170 1845 3170 1844 3170 1845 3171 1846 3171 1844 3171 1845 3172 1847 3172 1846 3172 1847 3173 1848 3173 1846 3173 1847 3174 1849 3174 1848 3174 1849 3175 1850 3175 1848 3175 1849 3176 1851 3176 1850 3176 1851 3177 1852 3177 1850 3177 1851 3178 1853 3178 1852 3178 1853 3179 412 3179 1852 3179 1853 3179 416 3179 412 3179 1100 3180 1854 3180 1101 3180 1851 3181 1855 3181 1853 3181 1849 3182 1856 3182 1851 3182 1847 3183 1857 3183 1849 3183 1845 3184 1858 3184 1847 3184 1841 3185 1859 3185 1843 3185 1839 3186 1860 3186 1841 3186 1837 3187 1861 3187 1839 3187 1835 3188 1862 3188 1837 3188 1831 3189 1863 3189 1833 3189 1113 3190 1864 3190 866 3190 1864 3191 1831 3191 866 3191 1113 3192 1114 3192 1864 3192 1114 3193 1865 3193 1864 3193 1114 3194 1115 3194 1865 3194 1115 3195 1866 3195 1865 3195 1115 3196 1116 3196 1866 3196 1116 3197 1109 3197 1866 3197 1109 3198 1867 3198 1866 3198 1109 3199 1110 3199 1867 3199 1110 3200 1111 3200 1867 3200 1111 3201 1868 3201 1867 3201 1111 3202 1112 3202 1868 3202 1112 3203 1869 3203 1868 3203 1112 3204 1108 3204 1869 3204 1108 3205 1870 3205 1869 3205 1108 3206 1104 3206 1870 3206 1104 3207 1871 3207 1870 3207 1104 3208 1105 3208 1871 3208 1105 3209 1106 3209 1871 3209 1106 3210 1872 3210 1871 3210 1106 3211 1107 3211 1872 3211 1107 3212 1102 3212 1872 3212 1102 3213 1873 3213 1872 3213 1102 3214 1103 3214 1873 3214 1103 3215 1874 3215 1873 3215 1103 3216 1098 3216 1874 3216 1851 3217 1856 3217 1855 3217 1856 3218 1875 3218 1855 3218 1856 3219 1876 3220 1875 3221 1876 3222 1877 3222 1875 3222 1876 3223 1878 3223 1877 3223 1878 3224 1879 3224 1877 3224 1878 3225 1880 3225 1879 3225 1880 3226 1881 3226 1879 3226 1880 3227 1882 3227 1881 3227 1882 3228 1883 3228 1881 3228 1882 3229 1884 3229 1883 3229 1884 3230 1885 3230 1883 3230 1884 3231 1886 3231 1885 3231 1886 3232 1887 3232 1885 3232 1886 3233 1888 3233 1887 3233 1888 3234 1889 3234 1887 3234 1888 3235 1890 3235 1889 3235 1890 3236 1891 3236 1889 3236 1890 3237 1892 3237 1891 3237 1892 3238 1893 3238 1891 3238 1892 3239 1894 3239 1893 3239 1894 3240 1895 3240 1893 3240 1894 3241 1896 3241 1895 3241 1849 3242 1857 3242 1856 3242 1857 3243 1876 3243 1856 3243 1857 3244 1897 3244 1876 3244 1897 3245 1878 3245 1876 3245 1897 3246 1898 3246 1878 3246 1898 3247 1880 3247 1878 3247 1898 3248 1899 3248 1880 3248 1899 3249 1882 3249 1880 3249 1899 3250 1900 3250 1882 3250 1900 3251 1884 3251 1882 3251 1900 3252 1901 3252 1884 3252 1901 3253 1886 3253 1884 3253 1901 3254 1902 3254 1886 3254 1902 3255 1888 3255 1886 3255 1902 3256 1903 3256 1888 3256 1903 3257 1890 3257 1888 3257 1903 3258 1904 3258 1890 3258 1904 3259 1892 3259 1890 3259 1904 3260 1905 3260 1892 3260 1905 3261 1894 3261 1892 3261 1905 3262 1906 3262 1894 3262 1906 3263 1896 3263 1894 3263 1906 3264 1907 3264 1896 3264 1841 3265 1860 3265 1859 3265 1860 3266 1908 3266 1859 3266 1860 3267 1909 3267 1908 3267 1909 3268 1910 3268 1908 3268 1909 3269 1911 3270 1910 3271 1911 3272 1912 3272 1910 3272 1911 3273 1913 3273 1912 3273 1913 3274 1914 3274 1912 3274 1913 3275 1915 3275 1914 3275 1915 3276 1916 3276 1914 3276 1915 3277 1917 3277 1916 3277 1917 3278 1918 3278 1916 3278 1917 3279 1919 3279 1918 3279 1919 3280 1920 3280 1918 3280 1919 3281 1921 3281 1920 3281 1921 3282 1922 3282 1920 3282 1921 3283 1923 3283 1922 3283 1923 3284 1924 3284 1922 3284 1923 3285 1925 3285 1924 3285 1925 3286 1926 3286 1924 3286 1925 3287 1927 3287 1926 3287 1927 3288 1928 3288 1926 3288 1927 3289 1929 3289 1928 3289 1839 3290 1861 3290 1860 3290 1861 3291 1909 3291 1860 3291 1861 3292 1930 3292 1909 3292 1930 3293 1911 3293 1909 3293 1930 3294 1931 3294 1911 3294 1931 3295 1913 3295 1911 3295 1931 3296 1932 3297 1913 3298 1932 3299 1915 3299 1913 3299 1932 3300 1933 3300 1915 3300 1933 3301 1917 3301 1915 3301 1933 3302 1934 3302 1917 3302 1934 3303 1919 3303 1917 3303 1934 3304 1935 3304 1919 3304 1935 3305 1921 3305 1919 3305 1935 3306 1936 3306 1921 3306 1936 3307 1923 3307 1921 3307 1936 3308 1937 3308 1923 3308 1937 3309 1925 3309 1923 3309 1937 3310 1938 3310 1925 3310 1938 3311 1927 3311 1925 3311 1938 3312 1939 3312 1927 3312 1939 3313 1929 3313 1927 3313 1939 3314 1940 3314 1929 3314 1837 3315 1862 3315 1861 3315 1862 3316 1930 3316 1861 3316 1862 3317 1941 3317 1930 3317 1941 3318 1931 3318 1930 3318 1941 3319 1942 3319 1931 3319 1942 3320 1932 3320 1931 3320 1942 3321 1943 3321 1932 3321 1943 3322 1933 3322 1932 3322 1943 3323 1944 3323 1933 3323 1944 3324 1934 3324 1933 3324 1944 3325 1945 3325 1934 3325 1945 3326 1935 3326 1934 3326 1945 3327 1946 3327 1935 3327 1946 3328 1936 3328 1935 3328 1946 3329 1947 3330 1936 3331 1947 3332 1937 3332 1936 3332 1947 3333 1948 3333 1937 3333 1948 3334 1938 3334 1937 3334 1948 3335 1949 3335 1938 3335 1949 3336 1939 3336 1938 3336 1949 3337 1950 3337 1939 3337 1950 3338 1940 3338 1939 3338 1950 3339 1951 3339 1940 3339 1835 3340 1952 3340 1862 3340 1952 3341 1941 3341 1862 3341 1952 3342 1953 3342 1941 3342 1953 3343 1942 3343 1941 3343 1953 3344 1954 3344 1942 3344 1954 3345 1943 3345 1942 3345 1954 3346 1955 3346 1943 3346 1955 3347 1944 3347 1943 3347 1955 3348 1956 3348 1944 3348 1956 3349 1945 3349 1944 3349 1956 3350 1957 3350 1945 3350 1957 3351 1946 3351 1945 3351 1957 3352 1958 3352 1946 3352 1958 3353 1947 3354 1946 3355 1958 3356 1959 3356 1947 3356 1959 3357 1948 3357 1947 3357 1959 3358 1960 3358 1948 3358 1960 3359 1949 3359 1948 3359 1960 3360 1961 3360 1949 3360 1961 3361 1950 3361 1949 3361 1961 3362 1962 3362 1950 3362 1962 3363 1951 3363 1950 3363 1962 3364 1963 3364 1951 3364 1831 3365 1864 3365 1863 3365 1864 3366 1964 3366 1863 3366 1864 3367 1865 3367 1964 3367 1865 3368 1965 3368 1964 3368 1865 3369 1866 3369 1965 3369 1866 3370 1966 3370 1965 3370 1866 3371 1867 3371 1966 3371 1867 3372 1967 3372 1966 3372 1867 3373 1868 3373 1967 3373 1868 3374 1968 3374 1967 3374 1868 3375 1869 3375 1968 3375 1869 3376 1969 3376 1968 3376 1869 3377 1870 3377 1969 3377 1870 3378 1970 3378 1969 3378 1870 3379 1871 3379 1970 3379 1871 3380 1971 3380 1970 3380 1871 3381 1872 3381 1971 3381 1872 3382 1972 3382 1971 3382 1872 3383 1873 3383 1972 3383 1873 3384 1973 3384 1972 3384 1873 3385 1874 3385 1973 3385 1874 3386 1974 3386 1973 3386 1874 3387 1854 3387 1974 3387 1854 3388 1874 3388 1101 3388 1874 3389 1099 3389 1101 3389 1874 3390 1098 3390 1099 3390 435 3391 434 3391 1895 3391 434 3392 1893 3392 1895 3392 434 3393 432 3393 1893 3393 432 3394 1891 3394 1893 3394 432 3395 417 3395 1891 3395 417 3396 1889 3396 1891 3396 417 3397 418 3397 1889 3397 418 3398 1887 3398 1889 3398 418 3399 420 3399 1887 3399 420 3400 1885 3400 1887 3400 420 3401 421 3401 1885 3401 421 3402 1883 3402 1885 3402 421 3403 422 3403 1883 3403 422 3404 1881 3404 1883 3404 422 3405 423 3405 1881 3405 423 3406 1879 3406 1881 3406 423 3407 424 3407 1879 3407 424 3408 1877 3408 1879 3408 424 3409 335 3409 1877 3409 335 3410 1875 3410 1877 3410 335 3411 414 3411 1875 3411 414 3412 1855 3412 1875 3412 414 3413 415 3413 1855 3413 415 3414 1853 3414 1855 3414 415 3415 416 3415 1853 3415 435 3416 1895 3416 1975 3416 1895 3417 1976 3417 1975 3417 1895 3418 1896 3418 1976 3418 1896 3419 1977 3419 1976 3419 1896 3420 1907 3420 1977 3420 1907 3421 1978 3421 1977 3421 1907 3422 1979 3422 1978 3422 1847 3423 1858 3423 1857 3423 1858 3424 1897 3424 1857 3424 1858 3425 1980 3425 1897 3425 1980 3426 1898 3426 1897 3426 1980 3427 1981 3427 1898 3427 1981 3428 1899 3428 1898 3428 1981 3429 1982 3429 1899 3429 1982 3430 1900 3430 1899 3430 1982 3431 1983 3431 1900 3431 1983 3432 1901 3432 1900 3432 1983 3433 1984 3433 1901 3433 1984 3434 1902 3434 1901 3434 1984 3435 1985 3435 1902 3435 1985 3436 1903 3436 1902 3436 1985 3437 1986 3437 1903 3437 1986 3438 1904 3438 1903 3438 1986 3439 1987 3439 1904 3439 1987 3440 1905 3440 1904 3440 1987 3441 1988 3441 1905 3441 1988 3442 1906 3442 1905 3442 1988 3443 1989 3443 1906 3443 1989 3444 1907 3444 1906 3444 1989 3445 1990 3445 1907 3445 1990 3446 1979 3446 1907 3446 1990 3447 1991 3447 1979 3447 1845 3448 1992 3448 1858 3448 1992 3449 1980 3449 1858 3449 1992 3450 1993 3450 1980 3450 1993 3451 1981 3451 1980 3451 1993 3452 1994 3452 1981 3452 1994 3453 1982 3453 1981 3453 1994 3454 1995 3454 1982 3454 1995 3455 1983 3455 1982 3455 1995 3456 1996 3456 1983 3456 1996 3457 1984 3457 1983 3457 1996 3458 1997 3458 1984 3458 1997 3459 1985 3459 1984 3459 1997 3460 1998 3460 1985 3460 1998 3461 1986 3461 1985 3461 1998 3462 1999 3462 1986 3462 1999 3463 1987 3463 1986 3463 1999 3464 2000 3464 1987 3464 2000 3465 1988 3465 1987 3465 2000 3466 2001 3466 1988 3466 2001 3467 1989 3467 1988 3467 2001 3468 2002 3468 1989 3468 2002 3469 1990 3469 1989 3469 2002 3470 2003 3470 1990 3470 2003 3471 1991 3471 1990 3471 2003 3472 2004 3472 1991 3472 2004 3473 2003 3473 1928 3473 2003 3474 1926 3474 1928 3474 2003 3475 2002 3475 1926 3475 2002 3476 1924 3476 1926 3476 2002 3477 2001 3478 1924 3479 2001 3480 1922 3480 1924 3480 2001 3481 2000 3481 1922 3481 2000 3482 1920 3482 1922 3482 2000 3483 1999 3483 1920 3483 1999 3484 1918 3484 1920 3484 1999 3485 1998 3485 1918 3485 1998 3486 1916 3486 1918 3486 1998 3487 1997 3487 1916 3487 1997 3488 1914 3488 1916 3488 1997 3489 1996 3489 1914 3489 1996 3490 1912 3490 1914 3490 1996 3491 1995 3491 1912 3491 1995 3492 1910 3492 1912 3492 1995 3493 1994 3493 1910 3493 1994 3494 1908 3494 1910 3494 1994 3495 1993 3495 1908 3495 1993 3496 1859 3496 1908 3496 1993 3497 1992 3497 1859 3497 1992 3498 1843 3498 1859 3498 1992 3499 1845 3499 1843 3499 2004 3500 1928 3500 2005 3500 1928 3501 2006 3501 2005 3501 1928 3502 1929 3502 2006 3502 1929 3503 2007 3503 2006 3503 1929 3504 1940 3504 2007 3504 1940 3505 2008 3505 2007 3505 1940 3506 1951 3506 2008 3506 1951 3507 2009 3507 2008 3507 1951 3508 1963 3508 2009 3508 1963 3509 2010 3510 2009 3511 1963 3512 2011 3512 2010 3512 2011 3513 1963 3513 1974 3513 1963 3514 1973 3514 1974 3514 1963 3515 1962 3515 1973 3515 1962 3516 1972 3516 1973 3516 1962 3517 1961 3517 1972 3517 1961 3518 1971 3518 1972 3518 1961 3519 1960 3519 1971 3519 1960 3520 1970 3520 1971 3520 1960 3521 1959 3521 1970 3521 1959 3522 1969 3522 1970 3522 1959 3523 1958 3524 1969 3525 1958 3526 1968 3526 1969 3526 1958 3527 1957 3527 1968 3527 1957 3528 1967 3528 1968 3528 1957 3529 1956 3529 1967 3529 1956 3530 1966 3530 1967 3530 1956 3531 1955 3531 1966 3531 1955 3532 1965 3532 1966 3532 1955 3533 1954 3533 1965 3533 1954 3534 1964 3535 1965 3536 1954 3537 1953 3537 1964 3537 1953 3538 1863 3538 1964 3538 1953 3539 1952 3539 1863 3539 1952 3540 1833 3540 1863 3540 1952 3541 1835 3541 1833 3541 288 3542 2012 3542 1100 3542 2012 3543 1854 3543 1100 3543 2012 3544 2013 3544 1854 3544 2013 3545 1974 3545 1854 3545 2013 3546 2014 3546 1974 3546 2014 3547 2011 3547 1974 3547 2015 3548 281 3548 2016 3548 2017 3549 2019 3549 2018 3549 2018 3550 2020 3550 2017 3550 2021 3551 2023 3551 2022 3551 1975 3552 436 3552 435 3552 2024 3553 1975 3553 1976 3553 442 3554 2026 3554 2025 3554 1975 3555 2024 3555 436 3555 2024 3556 438 3556 436 3556 2024 3557 2026 3557 438 3557 2026 3558 440 3558 438 3558 2026 3559 442 3559 440 3559 442 3560 2025 3560 445 3560 2025 3561 463 3561 445 3561 2025 3562 2021 3562 463 3562 2021 3563 462 3563 463 3563 2021 3564 2022 3564 462 3564 2022 3565 460 3565 462 3565 2022 3566 458 3567 460 3568 2027 3569 1977 3569 1978 3569 2023 3570 2021 3570 2028 3570 2021 3571 2029 3571 2028 3571 2021 3572 2025 3572 2029 3572 2025 3573 2030 3573 2029 3573 2025 3574 2026 3574 2030 3574 2026 3575 2027 3575 2030 3575 2026 3576 2024 3576 2027 3576 2024 3577 1977 3577 2027 3577 2024 3578 1976 3578 1977 3578 2031 3579 2032 3579 2023 3579 2032 3580 2022 3580 2023 3580 2032 3581 2033 3581 2022 3581 2033 3582 458 3582 2022 3582 2033 3583 2034 3584 458 3585 2034 3586 456 3586 458 3586 1991 3587 2035 3587 1979 3587 2035 3588 1978 3588 1979 3588 1978 3589 2035 3589 2027 3589 2035 3590 2030 3590 2027 3590 2035 3591 2036 3592 2030 3593 2036 3594 2029 3595 2030 3596 2036 3597 2037 3597 2029 3597 2037 3598 2028 3598 2029 3598 2037 3599 2038 3599 2028 3599 2038 3600 2023 3600 2028 3600 2038 3601 2039 3601 2023 3601 2039 3602 2031 3602 2023 3602 2039 3603 2040 3603 2031 3603 2005 3604 2041 3604 2004 3604 2041 3605 1991 3605 2004 3605 2007 3606 2042 3606 2006 3606 2042 3607 2005 3608 2006 3609 2005 3610 2042 3610 2041 3610 2042 3611 2043 3611 2041 3611 2042 3612 2044 3612 2043 3612 2044 3613 2045 3613 2043 3613 2044 3614 2046 3614 2045 3614 2046 3615 2047 3615 2045 3615 2046 3616 2048 3616 2047 3616 2048 3617 2049 3617 2047 3617 2048 3618 2050 3618 2049 3618 1991 3619 2041 3619 2035 3619 2041 3620 2036 3620 2035 3620 2041 3621 2043 3621 2036 3621 2043 3622 2037 3622 2036 3622 2043 3623 2045 3623 2037 3623 2045 3624 2038 3624 2037 3624 2045 3625 2047 3625 2038 3625 2047 3626 2039 3626 2038 3626 2047 3627 2049 3627 2039 3627 2049 3628 2040 3628 2039 3628 2049 3629 2050 3629 2040 3629 2050 3630 2051 3630 2040 3630 2050 3631 2052 3631 2051 3631 2053 3632 2007 3632 2008 3632 2007 3633 2053 3633 2042 3633 2053 3634 2044 3634 2042 3634 2053 3635 2054 3635 2044 3635 2054 3636 2046 3636 2044 3636 2054 3637 2055 3637 2046 3637 2055 3638 2048 3638 2046 3638 2055 3639 2056 3639 2048 3639 2056 3640 2050 3640 2048 3640 2056 3641 2017 3641 2050 3641 2017 3642 2052 3642 2050 3642 2017 3643 2020 3643 2052 3643 2010 3644 2057 3644 2009 3644 2057 3645 2008 3645 2009 3645 2008 3646 2057 3646 2053 3646 2057 3647 2054 3647 2053 3647 2057 3648 2058 3648 2054 3648 2058 3649 2055 3649 2054 3649 2058 3650 2059 3650 2055 3650 2059 3651 2056 3651 2055 3651 2059 3652 2060 3652 2056 3652 2060 3653 2017 3653 2056 3653 2060 3654 2061 3654 2017 3654 2061 3655 2019 3655 2017 3655 2061 3656 2062 3656 2019 3656 2014 3657 2063 3657 2011 3657 2063 3658 2010 3658 2011 3658 2064 3659 2014 3659 2013 3659 2014 3660 2064 3660 2063 3660 2064 3661 2065 3661 2063 3661 2064 3662 2066 3662 2065 3662 2066 3663 2067 3663 2065 3663 2066 3664 2068 3664 2067 3664 2068 3665 2069 3665 2067 3665 2068 3666 2070 3666 2069 3666 2070 3667 2071 3667 2069 3667 2070 3668 2015 3668 2071 3668 2010 3669 2063 3669 2057 3669 2063 3670 2058 3670 2057 3670 2063 3671 2065 3671 2058 3671 2065 3672 2059 3672 2058 3672 2065 3673 2067 3673 2059 3673 2067 3674 2060 3674 2059 3674 2067 3675 2069 3675 2060 3675 2069 3676 2061 3676 2060 3676 2069 3677 2071 3677 2061 3677 2071 3678 2062 3678 2061 3678 2071 3679 2015 3679 2062 3679 2015 3680 2072 3680 2062 3680 2015 3681 2016 3681 2072 3681 287 3682 2012 3682 288 3682 281 3683 2015 3683 283 3683 2015 3684 284 3684 283 3684 2015 3685 2070 3685 284 3685 2070 3686 285 3686 284 3686 2070 3687 2068 3687 285 3687 2068 3688 286 3688 285 3688 2068 3689 2066 3689 286 3689 2066 3690 287 3690 286 3690 2066 3691 2064 3691 287 3691 2064 3692 2012 3692 287 3692 2064 3693 2013 3693 2012 3693 2073 3694 454 3694 2034 3694 454 3695 456 3695 2034 3695 2074 3696 2075 3696 2051 3696 2075 3697 2040 3697 2051 3697 2075 3698 2076 3698 2040 3698 2076 3699 2031 3699 2040 3699 2076 3700 2077 3701 2031 3701 2077 3702 2032 3702 2031 3702 2077 3703 2073 3703 2032 3703 2073 3704 2033 3704 2032 3704 2073 3705 2034 3705 2033 3705 2078 3706 2079 3706 2062 3706 2079 3707 2019 3707 2062 3707 2079 3708 2080 3708 2019 3708 2080 3709 2018 3709 2019 3709 2080 3710 2081 3710 2018 3710 2081 3711 2020 3711 2018 3711 2081 3712 2074 3712 2020 3712 2074 3713 2052 3713 2020 3713 2074 3714 2051 3714 2052 3714 802 3715 2082 3715 281 3715 2082 3716 2016 3716 281 3716 2082 3717 2078 3717 2016 3717 2078 3718 2072 3718 2016 3718 2078 3719 2062 3719 2072 3719 454 3720 2073 3720 452 3720 2073 3721 2083 3721 452 3721 2073 3722 2077 3722 2083 3722 2077 3723 2084 3723 2083 3723 2077 3724 2076 3725 2084 3724 2076 3726 2085 3726 2084 3726 2076 3727 2075 3727 2085 3727 2075 3728 2086 3728 2085 3728 2075 3729 2074 3729 2086 3729 2074 3730 2087 3730 2086 3730 2074 3731 2081 3731 2087 3731 2081 3732 2088 3732 2087 3732 2081 3733 2080 3733 2088 3733 2080 3734 2089 3734 2088 3734 2080 3735 2079 3735 2089 3735 2079 3736 2090 3736 2089 3736 2079 3737 2078 3737 2090 3737 2078 3738 2091 3738 2090 3738 2078 3739 2082 3739 2091 3739 2082 3740 2092 3740 2091 3740 452 3741 2083 3741 451 3741 2083 3742 2093 3742 451 3742 2083 3743 2084 3743 2093 3743 2084 3744 2094 3744 2093 3744 2084 3745 2085 3745 2094 3745 2085 3746 2095 3746 2094 3746 2085 3747 2086 3747 2095 3747 2086 3748 2096 3748 2095 3748 2086 3749 2087 3749 2096 3749 2087 3750 2097 3750 2096 3750 2087 3751 2088 3751 2097 3751 2088 3752 2098 3752 2097 3752 2088 3753 2089 3753 2098 3753 2089 3754 2099 3754 2098 3754 2089 3755 2090 3755 2099 3755 2090 3756 2100 3756 2099 3756 2090 3757 2091 3757 2100 3757 2091 3758 2101 3758 2100 3758 2091 3759 2092 3759 2101 3759 2092 3760 2102 3760 2101 3760 2092 3761 795 3761 2102 3761 795 3762 2092 3762 797 3762 2092 3763 799 3763 797 3763 2092 3764 2082 3764 799 3764 2082 3765 801 3765 799 3765 2082 3766 802 3767 801 3768 451 3769 2093 3769 447 3769 2093 3770 2103 3770 447 3770 2093 3771 2094 3771 2103 3771 2094 3772 2104 3772 2103 3772 2094 3773 2095 3773 2104 3773 2095 3774 2105 3774 2104 3774 2095 3775 2096 3775 2105 3775 2096 3776 2106 3776 2105 3776 2096 3777 2097 3777 2106 3777 2097 3778 2107 3778 2106 3778 2097 3779 2098 3779 2107 3779 2098 3780 2108 3780 2107 3780 2098 3781 2099 3781 2108 3781 2099 3782 2109 3782 2108 3782 2099 3783 2100 3783 2109 3783 2100 3784 2110 3784 2109 3784 2100 3785 2101 3785 2110 3785 2101 3786 2111 3786 2110 3786 2101 3787 2102 3787 2111 3787 2102 3788 2112 3788 2111 3788 447 3789 2103 3789 449 3789 2103 3790 2113 3790 449 3790 2103 3791 2104 3791 2113 3791 2104 3792 2114 3792 2113 3792 2104 3793 2105 3793 2114 3793 2105 3794 2115 3794 2114 3794 2105 3795 2106 3795 2115 3795 2106 3796 2116 3796 2115 3796 2106 3797 2107 3797 2116 3797 2107 3798 2117 3798 2116 3798 2107 3799 2108 3799 2117 3799 2108 3800 2118 3800 2117 3800 2108 3801 2109 3801 2118 3801 2109 3802 2119 3802 2118 3802 2109 3803 2110 3803 2119 3803 2110 3804 2120 3804 2119 3804 2110 3805 2111 3805 2120 3805 2111 3806 2121 3806 2120 3806 2111 3807 2112 3807 2121 3807 2112 3808 2122 3808 2121 3808 2112 3809 787 3809 2122 3809 787 3810 2112 3810 789 3810 2112 3811 790 3811 789 3811 2112 3812 2102 3812 790 3812 2102 3813 792 3813 790 3813 2102 3814 795 3814 792 3814 449 3815 2113 3815 450 3815 2113 3816 2123 3816 450 3816 2113 3817 2114 3817 2123 3817 2114 3818 2124 3818 2123 3818 2114 3819 2115 3819 2124 3819 2115 3820 2125 3820 2124 3820 2115 3821 2116 3821 2125 3821 2116 3822 2126 3822 2125 3822 2116 3823 2117 3823 2126 3823 2117 3824 2127 3824 2126 3824 2117 3825 2118 3825 2127 3825 2118 3826 2128 3826 2127 3826 2118 3827 2119 3827 2128 3827 2119 3828 2129 3828 2128 3828 2119 3829 2120 3829 2129 3829 2120 3830 2130 3830 2129 3830 2120 3831 2121 3831 2130 3831 2121 3832 2131 3832 2130 3832 2121 3833 2122 3833 2131 3833 2122 3834 2132 3834 2131 3834 777 3835 2133 3835 779 3835 2133 3836 2132 3836 779 3836 2133 3837 2134 3837 2132 3837 2134 3838 2131 3838 2132 3838 2134 3839 2135 3839 2131 3839 2135 3840 2130 3840 2131 3840 2135 3841 2136 3841 2130 3841 2136 3842 2129 3842 2130 3842 2136 3843 2137 3843 2129 3843 2137 3844 2128 3844 2129 3844 2137 3845 2138 3845 2128 3845 2138 3846 2127 3846 2128 3846 2138 3847 2139 3847 2127 3847 2139 3848 2126 3848 2127 3848 2139 3849 2140 3849 2126 3849 2140 3850 2125 3850 2126 3850 2140 3851 2141 3851 2125 3851 2141 3852 2124 3852 2125 3852 2141 3853 2142 3853 2124 3853 2142 3854 2123 3854 2124 3854 2142 3855 471 3855 2123 3855 471 3856 450 3856 2123 3856 779 3857 2132 3857 782 3857 2132 3858 784 3858 782 3858 2132 3859 2122 3859 784 3859 2122 3860 786 3860 784 3860 2122 3861 787 3861 786 3861 775 3862 2143 3862 777 3862 2143 3863 2133 3863 777 3863 2143 3864 2144 3864 2133 3864 2144 3865 2134 3865 2133 3865 2144 3866 2145 3866 2134 3866 2145 3867 2135 3867 2134 3867 2145 3868 2146 3868 2135 3868 2146 3869 2136 3869 2135 3869 2146 3870 2147 3870 2136 3870 2147 3871 2137 3871 2136 3871 2147 3872 2148 3872 2137 3872 2148 3873 2138 3873 2137 3873 2148 3874 2149 3874 2138 3874 2149 3875 2139 3875 2138 3875 2149 3876 2150 3876 2139 3876 2150 3877 2140 3877 2139 3877 2150 3878 2151 3878 2140 3878 2151 3879 2141 3879 2140 3879 2151 3880 2152 3880 2141 3880 2152 3881 2142 3881 2141 3881 2152 3882 470 3882 2142 3882 470 3883 471 3883 2142 3883 772 3884 2153 3884 775 3884 2153 3885 2143 3885 775 3885 2153 3886 2154 3886 2143 3886 2154 3887 2144 3887 2143 3887 2154 3888 2155 3888 2144 3888 2155 3889 2145 3889 2144 3889 2155 3890 2156 3890 2145 3890 2156 3891 2146 3891 2145 3891 2156 3892 2157 3892 2146 3892 2157 3893 2147 3893 2146 3893 2157 3894 2158 3894 2147 3894 2158 3895 2148 3895 2147 3895 2158 3896 2159 3896 2148 3896 2159 3897 2149 3897 2148 3897 2159 3898 2160 3898 2149 3898 2160 3899 2150 3899 2149 3899 2160 3900 2161 3900 2150 3900 2161 3901 2151 3901 2150 3901 2161 3902 2162 3902 2151 3902 2162 3903 2152 3903 2151 3903 2162 3904 468 3904 2152 3904 468 3905 470 3905 2152 3905 768 3906 2163 3906 772 3906 2163 3907 2153 3907 772 3907 2163 3908 2164 3908 2153 3908 2164 3909 2154 3909 2153 3909 2164 3910 2165 3910 2154 3910 2165 3911 2155 3911 2154 3911 2165 3912 2166 3912 2155 3912 2166 3913 2156 3913 2155 3913 2166 3914 2167 3914 2156 3914 2167 3915 2157 3915 2156 3915 2167 3916 2168 3916 2157 3916 2168 3917 2158 3917 2157 3917 2168 3918 2169 3918 2158 3918 2169 3919 2159 3919 2158 3919 2169 3920 2170 3920 2159 3920 2170 3921 2160 3921 2159 3921 2170 3922 2171 3922 2160 3922 2171 3923 2161 3923 2160 3923 2171 3924 2172 3924 2161 3924 2172 3925 2162 3925 2161 3925 2172 3926 467 3926 2162 3926 467 3927 468 3927 2162 3927 524 3928 2173 3928 768 3928 2173 3929 2163 3929 768 3929 2173 3930 2174 3930 2163 3930 2174 3931 2164 3931 2163 3931 2174 3932 2175 3932 2164 3932 2175 3933 2165 3933 2164 3933 2175 3934 2176 3934 2165 3934 2176 3935 2166 3935 2165 3935 2176 3936 2177 3936 2166 3936 2177 3937 2167 3937 2166 3937 2177 3938 2178 3938 2167 3938 2178 3939 2168 3939 2167 3939 2178 3940 2179 3940 2168 3940 2179 3941 2169 3941 2168 3941 2179 3942 2180 3942 2169 3942 2180 3943 2170 3943 2169 3943 2180 3944 2181 3944 2170 3944 2181 3945 2171 3945 2170 3945 2181 3946 2182 3946 2171 3946 2182 3947 2172 3947 2171 3947 2182 3948 466 3948 2172 3948 466 3949 467 3949 2172 3949 466 3950 586 3950 465 3950 466 3951 2182 3951 586 3951 2182 3952 587 3952 586 3952 2182 3953 2181 3953 587 3953 2181 3954 593 3954 587 3954 2181 3955 2180 3955 593 3955 2180 3956 589 3956 593 3956 2180 3957 2179 3957 589 3957 2179 3958 588 3958 589 3958 2179 3959 2178 3959 588 3959 2178 3960 590 3960 588 3960 2178 3961 2177 3961 590 3961 2177 3962 591 3962 590 3962 2177 3963 2176 3963 591 3963 2176 3964 592 3964 591 3964 2176 3965 2175 3965 592 3965 2175 3966 585 3966 592 3966 2175 3967 2174 3967 585 3967 2174 3968 584 3968 585 3968 2174 3968 2173 3968 584 3968 2173 3969 525 3969 584 3969 2173 3970 524 3970 525 3970 889 3971 1133 3971 887 3971 889 3972 2183 3972 1133 3972 2183 3973 1131 3973 1133 3973 2183 3974 2184 3974 1131 3974 2184 3975 1129 3975 1131 3975 2184 3975 2185 3975 1129 3975 2185 3976 1127 3976 1129 3976 2185 3977 2186 3977 1127 3977 2186 3978 1125 3978 1127 3978 2186 3979 2187 3979 1125 3979 2187 3980 1123 3980 1125 3980 2187 3981 2188 3981 1123 3981 2188 3982 1121 3982 1123 3982 2188 3982 2189 3982 1121 3982 2189 3983 1119 3983 1121 3983 2189 3984 2190 3984 1119 3984 2190 3985 1117 3985 1119 3985 2190 3986 2191 3986 1117 3986 2191 3987 804 3987 1117 3987 2191 3988 806 3988 804 3988 1572 3989 2192 3989 1573 3989 1572 3990 2193 3990 2192 3990 2193 3991 2194 3991 2192 3991 2193 3991 2195 3991 2194 3991 2195 3992 2196 3992 2194 3992 2195 3992 2197 3992 2196 3992 2197 3993 2198 3993 2196 3993 2197 3994 2199 3994 2198 3994 2199 3995 2200 3995 2198 3995 2199 3996 2201 3996 2200 3996 2201 3997 2202 3997 2200 3997 2201 3997 2203 3997 2202 3997 2203 3998 392 3998 2202 3998 2203 3999 391 3999 392 3999 429 4000 2204 4000 428 4000 429 4000 2205 4000 2204 4000 2205 4001 2206 4001 2204 4001 2205 4001 2207 4001 2206 4001 2207 4002 2208 4002 2206 4002 2207 4003 2209 4003 2208 4003 2209 4004 2210 4004 2208 4004 2209 4005 2211 4005 2210 4005 2211 4006 2212 4006 2210 4006 2211 4007 2213 4007 2212 4007 2213 4008 2214 4008 2212 4008 2213 4009 2215 4009 2214 4009 2215 4010 1569 4010 2214 4010 2215 4011 1568 4011 1569 4011 897 4012 2216 4012 896 4012 897 4013 1335 4013 2216 4013 1335 4014 2217 4014 2216 4014 1335 4015 1333 4015 2217 4015 1333 4016 2218 4016 2217 4016 1333 4016 1331 4016 2218 4016 1331 4017 2219 4017 2218 4017 1331 4018 1329 4018 2219 4018 1329 4019 2220 4019 2219 4019 1329 4020 1327 4020 2220 4020 1327 4021 2221 4021 2220 4021 1327 4022 1325 4022 2221 4022 1325 4023 2222 4023 2221 4023 1325 4024 1323 4024 2222 4024 1323 4025 2223 4025 2222 4025 1323 4026 1321 4026 2223 4026 1321 4027 2224 4027 2223 4027 1321 4028 1319 4028 2224 4028 1319 4029 863 4029 2224 4029 1319 4030 865 4030 863 4030 2225 4031 2227 4031 2226 4031 1567 4032 2229 4032 2228 4032 2230 4033 1567 4033 2228 4033 2227 4034 1567 4034 2226 4034 2231 4035 2226 4035 1567 4035 2231 4036 2232 4036 2226 4036 2232 4037 2225 4037 2226 4037 2232 4038 2233 4038 2225 4038 2234 4039 2231 4039 1567 4039 2235 4040 2236 4040 2229 4040 2236 4041 2228 4041 2229 4041 2236 4042 2237 4042 2228 4042 2237 4043 2230 4043 2228 4043 2237 4044 2238 4044 2230 4044 2234 4045 2239 4045 2231 4045 2239 4046 2232 4046 2231 4046 2239 4047 2240 4047 2232 4047 2240 4048 2233 4048 2232 4048 2240 4049 2241 4049 2233 4049 2242 4050 2234 4050 1567 4050 2243 4051 2244 4051 2235 4051 2244 4052 2236 4052 2235 4052 2244 4053 2245 4053 2236 4053 2245 4054 2237 4054 2236 4054 2245 4055 2246 4055 2237 4055 2246 4056 2238 4056 2237 4056 2246 4057 2247 4057 2238 4057 2242 4058 2248 4058 2234 4058 2248 4059 2239 4059 2234 4059 2248 4060 2249 4060 2239 4060 2249 4061 2240 4061 2239 4061 2249 4062 2250 4062 2240 4062 2250 4063 2241 4063 2240 4063 2250 4064 2251 4064 2241 4064 2252 4065 2242 4065 1567 4065 2253 4066 2254 4066 2243 4066 2254 4067 2244 4067 2243 4067 2254 4068 2255 4068 2244 4068 2255 4069 2245 4069 2244 4069 2255 4070 2256 4070 2245 4070 2256 4071 2246 4072 2245 4073 2256 4074 2257 4074 2246 4074 2257 4075 2247 4075 2246 4075 2257 4076 2258 4076 2247 4076 2252 4077 2259 4077 2242 4077 2259 4078 2248 4078 2242 4078 2259 4079 2260 4079 2248 4079 2260 4080 2249 4080 2248 4080 2260 4081 2261 4081 2249 4081 2261 4082 2250 4082 2249 4082 2261 4083 2262 4083 2250 4083 2262 4084 2251 4084 2250 4084 2262 4085 2263 4085 2251 4085 2264 4086 2252 4086 1567 4086 2265 4087 2266 4087 2253 4087 2266 4088 2254 4088 2253 4088 2266 4089 2267 4089 2254 4089 2267 4090 2255 4090 2254 4090 2267 4091 2268 4091 2255 4091 2268 4092 2256 4093 2255 4094 2268 4095 2269 4095 2256 4095 2269 4096 2257 4096 2256 4096 2269 4097 2270 4097 2257 4097 2270 4098 2258 4098 2257 4098 2270 4099 2271 4099 2258 4099 2264 4100 2272 4100 2252 4100 2272 4101 2259 4101 2252 4101 2272 4102 2273 4102 2259 4102 2273 4103 2260 4103 2259 4103 2273 4104 2274 4104 2260 4104 2274 4105 2261 4105 2260 4105 2274 4106 2275 4106 2261 4106 2275 4107 2262 4107 2261 4107 2275 4108 2276 4108 2262 4108 2276 4109 2263 4109 2262 4109 2276 4110 2277 4110 2263 4110 2278 4111 2264 4111 1567 4111 2279 4112 2280 4112 2265 4112 2280 4113 2266 4113 2265 4113 2280 4114 2281 4114 2266 4114 2281 4115 2267 4115 2266 4115 2281 4116 2282 4116 2267 4116 2282 4117 2268 4117 2267 4117 2282 4118 2283 4118 2268 4118 2283 4119 2269 4119 2268 4119 2283 4120 2284 4120 2269 4120 2284 4121 2270 4121 2269 4121 2284 4122 2285 4122 2270 4122 2285 4123 2271 4123 2270 4123 2285 4124 2286 4124 2271 4124 2278 4125 2287 4125 2264 4125 2287 4126 2272 4126 2264 4126 2287 4127 2288 4127 2272 4127 2288 4128 2273 4128 2272 4128 2288 4129 2289 4129 2273 4129 2289 4130 2274 4130 2273 4130 2289 4131 2290 4131 2274 4131 2290 4132 2275 4132 2274 4132 2290 4133 2291 4133 2275 4133 2291 4134 2276 4134 2275 4134 2291 4135 2292 4135 2276 4135 2292 4136 2277 4136 2276 4136 2292 4137 2293 4138 2277 4139 2294 4140 2278 4140 1567 4140 2295 4141 2296 4141 2279 4141 2296 4142 2280 4142 2279 4142 2296 4143 2297 4143 2280 4143 2297 4144 2281 4144 2280 4144 2297 4145 2298 4145 2281 4145 2298 4146 2282 4146 2281 4146 2298 4147 2299 4147 2282 4147 2299 4148 2283 4148 2282 4148 2299 4149 2300 4149 2283 4149 2300 4150 2284 4151 2283 4152 2300 4153 2301 4153 2284 4153 2301 4154 2285 4154 2284 4154 2301 4155 2302 4155 2285 4155 2302 4156 2286 4156 2285 4156 2302 4157 2303 4157 2286 4157 2294 4158 2304 4158 2278 4158 2304 4159 2287 4159 2278 4159 2304 4160 2305 4160 2287 4160 2305 4161 2288 4161 2287 4161 2305 4162 2306 4162 2288 4162 2306 4163 2289 4163 2288 4163 2306 4164 2307 4164 2289 4164 2307 4165 2290 4165 2289 4165 2307 4166 2308 4166 2290 4166 2308 4167 2291 4167 2290 4167 2308 4168 2309 4168 2291 4168 2309 4169 2292 4169 2291 4169 2309 4170 2310 4170 2292 4170 2310 4171 2293 4171 2292 4171 2310 4172 2311 4172 2293 4172 2312 4173 2313 4173 2295 4173 2313 4174 2296 4174 2295 4174 2313 4175 2314 4175 2296 4175 2314 4176 2297 4176 2296 4176 2314 4177 2315 4177 2297 4177 2315 4178 2298 4178 2297 4178 2315 4179 2316 4179 2298 4179 2316 4180 2299 4180 2298 4180 2316 4181 2317 4181 2299 4181 2317 4182 2300 4182 2299 4182 2317 4183 2318 4183 2300 4183 2318 4184 2301 4184 2300 4184 2318 4185 2319 4185 2301 4185 2319 4186 2302 4187 2301 4188 2319 4189 2320 4189 2302 4189 2320 4190 2303 4190 2302 4190 2320 4191 2321 4191 2303 4191 2322 4192 2323 4192 2312 4192 2323 4193 2313 4193 2312 4193 2323 4194 2324 4194 2313 4194 2324 4195 2314 4195 2313 4195 2324 4196 2325 4196 2314 4196 2325 4197 2315 4197 2314 4197 2325 4198 2326 4198 2315 4198 2326 4199 2316 4199 2315 4199 2326 4200 2327 4200 2316 4200 2327 4201 2317 4201 2316 4201 2327 4202 2328 4202 2317 4202 2328 4203 2318 4203 2317 4203 2328 4204 2329 4204 2318 4204 2329 4205 2319 4205 2318 4205 2329 4206 2330 4206 2319 4206 2330 4207 2320 4207 2319 4207 2330 4208 2331 4208 2320 4208 2331 4209 2321 4209 2320 4209 2331 4210 2332 4210 2321 4210 864 4211 1830 4211 2322 4211 1830 4212 2323 4212 2322 4212 1830 4213 1832 4213 2323 4213 1832 4214 2324 4214 2323 4214 1832 4215 1834 4215 2324 4215 1834 4216 2325 4216 2324 4216 1834 4217 1836 4217 2325 4217 1836 4218 2326 4218 2325 4218 1836 4219 1838 4219 2326 4219 1838 4220 2327 4220 2326 4220 1838 4221 1840 4221 2327 4221 1840 4222 2328 4223 2327 4224 1840 4225 1842 4225 2328 4225 1842 4226 2329 4226 2328 4226 1842 4227 1844 4227 2329 4227 1844 4228 2330 4228 2329 4228 1844 4229 1846 4229 2330 4229 1846 4230 2331 4230 2330 4230 1846 4231 1848 4231 2331 4231 1848 4232 2332 4232 2331 4232 1848 4233 1850 4233 2332 4233 864 4234 2322 4234 2311 4234 2322 4235 2293 4235 2311 4235 2322 4236 2312 4236 2293 4236 2312 4237 2277 4237 2293 4237 2312 4238 2295 4238 2277 4238 2295 4239 2263 4239 2277 4239 2295 4240 2279 4240 2263 4240 2279 4241 2251 4241 2263 4241 2279 4242 2265 4242 2251 4242 2265 4243 2241 4243 2251 4243 2265 4244 2253 4244 2241 4244 2253 4245 2233 4245 2241 4245 2253 4246 2243 4246 2233 4246 2243 4247 2225 4247 2233 4247 2243 4248 2235 4248 2225 4248 2235 4249 2227 4249 2225 4249 2235 4250 2229 4250 2227 4250 2229 4251 1567 4251 2227 4251 1852 4252 2333 4252 1850 4252 2333 4253 2332 4253 1850 4253 2333 4254 2334 4254 2332 4254 2334 4255 2321 4255 2332 4255 2334 4256 2335 4256 2321 4256 2335 4257 2303 4257 2321 4257 2335 4258 2336 4258 2303 4258 2336 4259 2286 4259 2303 4259 2336 4260 2337 4260 2286 4260 2337 4261 2271 4261 2286 4261 2337 4262 2338 4262 2271 4262 2338 4263 2258 4263 2271 4263 2338 4264 2339 4264 2258 4264 2339 4265 2247 4265 2258 4265 2339 4266 2340 4266 2247 4266 2340 4267 2238 4267 2247 4267 2340 4268 2341 4268 2238 4268 2341 4269 2230 4269 2238 4269 2341 4270 1567 4270 2230 4270 412 4271 2342 4271 1852 4271 2342 4272 2333 4272 1852 4272 2342 4273 2343 4273 2333 4273 2343 4274 2334 4274 2333 4274 2343 4275 2344 4275 2334 4275 2344 4276 2335 4276 2334 4276 2344 4277 2345 4277 2335 4277 2345 4278 2336 4278 2335 4278 2345 4279 2346 4279 2336 4279 2346 4280 2337 4280 2336 4280 2346 4281 2347 4281 2337 4281 2347 4282 2338 4282 2337 4282 2347 4283 2348 4283 2338 4283 2348 4284 2339 4284 2338 4284 2348 4285 2349 4285 2339 4285 2349 4286 2340 4286 2339 4286 2349 4287 2350 4287 2340 4287 2350 4288 2341 4288 2340 4288 2350 4289 1567 4289 2341 4289 864 4290 2351 4290 863 4290 864 4291 2311 4291 2351 4291 2311 4292 2352 4292 2351 4292 2311 4293 2310 4293 2352 4293 2310 4294 2353 4294 2352 4294 2310 4295 2309 4295 2353 4295 2309 4296 2354 4296 2353 4296 2309 4297 2308 4297 2354 4297 2308 4298 2355 4298 2354 4298 2308 4299 2307 4299 2355 4299 2307 4300 2356 4300 2355 4300 2307 4301 2306 4301 2356 4301 2306 4302 2357 4302 2356 4302 2306 4303 2305 4303 2357 4303 2305 4304 2358 4304 2357 4304 2305 4305 2304 4305 2358 4305 2304 4306 2359 4306 2358 4306 2304 4307 2294 4307 2359 4307 2294 4308 1565 4308 2359 4308 2294 4308 1567 4308 1565 4308 427 4309 2360 4309 413 4309 428 4310 2361 4310 427 4310 2361 4311 2360 4311 427 4311 2361 4312 2362 4312 2360 4312 2362 4313 2363 4313 2360 4313 2362 4314 2364 4314 2363 4314 2364 4315 2365 4315 2363 4315 2364 4316 2366 4316 2365 4316 2366 4317 2367 4317 2365 4317 2366 4318 2368 4318 2367 4318 2368 4319 2369 4319 2367 4319 2368 4320 2370 4320 2369 4320 2370 4321 2371 4321 2369 4321 2370 4322 2372 4322 2371 4322 2372 4323 2373 4323 2371 4323 2372 4324 2374 4324 2373 4324 2374 4325 2375 4325 2373 4325 2374 4326 2376 4326 2375 4326 2376 4327 2377 4327 2375 4327 2376 4328 1564 4328 2377 4328 1564 4329 1566 4329 2377 4329 413 4330 2360 4330 412 4330 2360 4331 2342 4331 412 4331 2360 4332 2363 4332 2342 4332 2363 4333 2343 4333 2342 4333 2363 4334 2365 4334 2343 4334 2365 4335 2344 4335 2343 4335 2365 4336 2367 4336 2344 4336 2367 4337 2345 4337 2344 4337 2367 4338 2369 4338 2345 4338 2369 4339 2346 4339 2345 4339 2369 4340 2371 4340 2346 4340 2371 4341 2347 4341 2346 4341 2371 4342 2373 4342 2347 4342 2373 4343 2348 4343 2347 4343 2373 4344 2375 4344 2348 4344 2375 4345 2349 4345 2348 4345 2375 4346 2377 4346 2349 4346 2377 4347 2350 4347 2349 4347 2377 4348 1566 4348 2350 4348 1566 4349 1567 4349 2350 4349 896 4350 2379 4350 2378 4350 2380 4351 2382 4351 2381 4351 1565 4352 2383 4352 2359 4352 2382 4353 1565 4353 2381 4353 2384 4354 2381 4354 1565 4354 2384 4355 2385 4355 2381 4355 2385 4356 2380 4356 2381 4356 2385 4357 2386 4357 2380 4357 2387 4358 2384 4358 1565 4358 2388 4359 2390 4359 2389 4359 2390 4360 2383 4360 2389 4360 2390 4361 2391 4361 2383 4361 2391 4362 2359 4362 2383 4362 2391 4363 2358 4363 2359 4363 2387 4364 2392 4364 2384 4364 2392 4365 2385 4365 2384 4365 2392 4366 2393 4366 2385 4366 2393 4367 2386 4367 2385 4367 2393 4368 2394 4368 2386 4368 2395 4369 2387 4369 1565 4369 2396 4370 2397 4370 2388 4370 2397 4371 2390 4371 2388 4371 2397 4372 2398 4372 2390 4372 2398 4373 2391 4373 2390 4373 2398 4374 2399 4374 2391 4374 2399 4375 2358 4375 2391 4375 2399 4376 2357 4376 2358 4376 2395 4377 2400 4377 2387 4377 2400 4378 2392 4378 2387 4378 2400 4379 2401 4379 2392 4379 2401 4380 2393 4380 2392 4380 2401 4381 2402 4381 2393 4381 2402 4382 2394 4382 2393 4382 2402 4383 2403 4384 2394 4385 2404 4386 2395 4386 1565 4386 2405 4387 2406 4387 2396 4387 2406 4388 2397 4388 2396 4388 2406 4389 2407 4389 2397 4389 2407 4390 2398 4390 2397 4390 2407 4391 2408 4391 2398 4391 2408 4392 2399 4392 2398 4392 2408 4393 2409 4393 2399 4393 2409 4394 2357 4394 2399 4394 2409 4395 2356 4395 2357 4395 2404 4396 2410 4396 2395 4396 2410 4397 2400 4397 2395 4397 2410 4398 2411 4398 2400 4398 2411 4399 2401 4399 2400 4399 2411 4400 2412 4400 2401 4400 2412 4401 2402 4401 2401 4401 2412 4402 2413 4402 2402 4402 2413 4403 2403 4403 2402 4403 2413 4404 2414 4404 2403 4404 2415 4405 2404 4405 1565 4405 2416 4406 2417 4406 2405 4406 2417 4407 2406 4407 2405 4407 2417 4408 2418 4408 2406 4408 2418 4409 2407 4409 2406 4409 2418 4410 2419 4410 2407 4410 2419 4411 2408 4411 2407 4411 2419 4412 2420 4412 2408 4412 2420 4413 2409 4413 2408 4413 2420 4414 2421 4414 2409 4414 2421 4415 2356 4415 2409 4415 2421 4416 2355 4416 2356 4416 2415 4417 2422 4417 2404 4417 2422 4418 2410 4418 2404 4418 2422 4419 2423 4419 2410 4419 2423 4420 2411 4420 2410 4420 2423 4421 2424 4421 2411 4421 2424 4422 2412 4422 2411 4422 2424 4423 2425 4423 2412 4423 2425 4424 2413 4424 2412 4424 2425 4425 2426 4425 2413 4425 2426 4426 2414 4426 2413 4426 2426 4427 2427 4427 2414 4427 2428 4428 2415 4428 1565 4428 2429 4429 2430 4429 2416 4429 2430 4430 2417 4430 2416 4430 2430 4431 2431 4431 2417 4431 2431 4432 2418 4432 2417 4432 2431 4433 2432 4433 2418 4433 2432 4434 2419 4434 2418 4434 2432 4435 2433 4435 2419 4435 2433 4436 2420 4436 2419 4436 2433 4437 2434 4437 2420 4437 2434 4438 2421 4438 2420 4438 2434 4439 2435 4439 2421 4439 2435 4440 2355 4440 2421 4440 2435 4441 2354 4441 2355 4441 2428 4442 2436 4442 2415 4442 2436 4443 2422 4443 2415 4443 2436 4444 2437 4444 2422 4444 2437 4445 2423 4445 2422 4445 2437 4446 2438 4446 2423 4446 2438 4447 2424 4447 2423 4447 2438 4448 2439 4448 2424 4448 2439 4449 2425 4449 2424 4449 2439 4450 2440 4450 2425 4450 2440 4451 2426 4451 2425 4451 2440 4452 2441 4452 2426 4452 2441 4453 2427 4453 2426 4453 2441 4454 2442 4454 2427 4454 2443 4455 2444 4455 2429 4455 2444 4456 2430 4456 2429 4456 2444 4457 2445 4457 2430 4457 2445 4458 2431 4458 2430 4458 2445 4459 2446 4459 2431 4459 2446 4460 2432 4460 2431 4460 2446 4461 2447 4461 2432 4461 2447 4462 2433 4462 2432 4462 2447 4463 2448 4463 2433 4463 2448 4464 2434 4464 2433 4464 2448 4465 2449 4465 2434 4465 2449 4466 2435 4466 2434 4466 2449 4467 2450 4467 2435 4467 2450 4468 2354 4468 2435 4468 2450 4469 2353 4469 2354 4469 2451 4470 2452 4470 2443 4470 2452 4471 2444 4471 2443 4471 2452 4472 2453 4472 2444 4472 2453 4473 2445 4473 2444 4473 2453 4474 2454 4474 2445 4474 2454 4475 2446 4475 2445 4475 2454 4476 2455 4476 2446 4476 2455 4477 2447 4477 2446 4477 2455 4478 2456 4478 2447 4478 2456 4479 2448 4479 2447 4479 2456 4480 2457 4480 2448 4480 2457 4481 2449 4481 2448 4481 2457 4482 2458 4482 2449 4482 2458 4483 2450 4483 2449 4483 2458 4484 2459 4484 2450 4484 2459 4485 2353 4485 2450 4485 2459 4486 2352 4486 2353 4486 2378 4487 2379 4487 2451 4487 2379 4488 2452 4488 2451 4488 2379 4489 2460 4489 2452 4489 2460 4490 2453 4490 2452 4490 2460 4491 2461 4491 2453 4491 2461 4492 2454 4492 2453 4492 2461 4493 2462 4493 2454 4493 2462 4494 2455 4494 2454 4494 2462 4495 2463 4495 2455 4495 2463 4496 2456 4496 2455 4496 2463 4497 2464 4497 2456 4497 2464 4498 2457 4498 2456 4498 2464 4499 2465 4499 2457 4499 2465 4500 2458 4500 2457 4500 2465 4501 2466 4501 2458 4501 2466 4502 2459 4502 2458 4502 2466 4503 2467 4503 2459 4503 2467 4504 2352 4504 2459 4504 2467 4505 2351 4505 2352 4505 896 4506 2216 4506 2379 4506 2216 4507 2460 4507 2379 4507 2216 4508 2217 4508 2460 4508 2217 4509 2461 4509 2460 4509 2217 4510 2218 4510 2461 4510 2218 4511 2462 4511 2461 4511 2218 4512 2219 4512 2462 4512 2219 4513 2463 4513 2462 4513 2219 4514 2220 4514 2463 4514 2220 4515 2464 4515 2463 4515 2220 4516 2221 4516 2464 4516 2221 4517 2465 4517 2464 4517 2221 4518 2222 4518 2465 4518 2222 4519 2466 4519 2465 4519 2222 4520 2223 4520 2466 4520 2223 4521 2467 4521 2466 4521 2223 4522 2224 4522 2467 4522 2224 4523 2351 4523 2467 4523 2224 4524 863 4524 2351 4524 2389 4525 2383 4525 1565 4525 2378 4526 2451 4526 2442 4526 2451 4527 2427 4527 2442 4527 2451 4528 2443 4528 2427 4528 2443 4529 2414 4529 2427 4529 2443 4530 2429 4530 2414 4530 2429 4531 2403 4531 2414 4531 2429 4532 2416 4532 2403 4532 2416 4533 2394 4533 2403 4533 2416 4534 2405 4534 2394 4534 2405 4535 2386 4535 2394 4535 2405 4536 2396 4536 2386 4536 2396 4537 2380 4537 2386 4537 2396 4538 2388 4538 2380 4538 2388 4539 2382 4539 2380 4539 2388 4540 2389 4540 2382 4540 2389 4541 1565 4541 2382 4541 2468 4542 2470 4542 2469 4542 2470 4543 1564 4543 2469 4543 2471 4544 2469 4544 1564 4544 2471 4545 2472 4545 2469 4545 2472 4546 2468 4546 2469 4546 2472 4547 2473 4547 2468 4547 2474 4548 2471 4548 1564 4548 2474 4549 2475 4549 2471 4549 2475 4550 2472 4550 2471 4550 2475 4551 2476 4551 2472 4551 2476 4552 2473 4552 2472 4552 2476 4553 2477 4553 2473 4553 2376 4554 2474 4554 1564 4554 2376 4555 2374 4555 2474 4555 2374 4556 2475 4556 2474 4556 2374 4557 2372 4557 2475 4557 2372 4558 2476 4558 2475 4558 2372 4559 2370 4559 2476 4559 2370 4560 2477 4560 2476 4560 2370 4561 2368 4561 2477 4561 2204 4562 2478 4562 428 4562 2478 4563 2361 4563 428 4563 2478 4564 2479 4564 2361 4564 2479 4565 2362 4565 2361 4565 2479 4566 2480 4566 2362 4566 2480 4567 2364 4567 2362 4567 2480 4568 2481 4568 2364 4568 2481 4569 2366 4569 2364 4569 2481 4570 2482 4570 2366 4570 2206 4571 2483 4571 2204 4571 2483 4572 2478 4572 2204 4572 2483 4573 2484 4573 2478 4573 2484 4574 2479 4574 2478 4574 2484 4575 2485 4575 2479 4575 2485 4576 2480 4576 2479 4576 2485 4577 2486 4577 2480 4577 2486 4578 2481 4578 2480 4578 2486 4579 2487 4579 2481 4579 2487 4580 2482 4580 2481 4580 2487 4581 2488 4581 2482 4581 2208 4582 2489 4582 2206 4582 2489 4583 2483 4583 2206 4583 2489 4584 2490 4584 2483 4584 2490 4585 2484 4585 2483 4585 2490 4586 2491 4586 2484 4586 2491 4587 2485 4587 2484 4587 2491 4588 2492 4588 2485 4588 2492 4589 2486 4589 2485 4589 2492 4590 2493 4590 2486 4590 2493 4591 2487 4591 2486 4591 2493 4592 2494 4592 2487 4592 2494 4593 2488 4593 2487 4593 2494 4594 2495 4594 2488 4594 2210 4595 2496 4595 2208 4595 2496 4596 2489 4596 2208 4596 2496 4597 2497 4597 2489 4597 2497 4598 2490 4598 2489 4598 2497 4599 2498 4599 2490 4599 2498 4600 2491 4600 2490 4600 2498 4601 2499 4601 2491 4601 2499 4602 2492 4602 2491 4602 2499 4603 2500 4603 2492 4603 2500 4604 2493 4604 2492 4604 2500 4605 2501 4605 2493 4605 2501 4606 2494 4606 2493 4606 2501 4607 2502 4607 2494 4607 2502 4608 2495 4608 2494 4608 2502 4609 2503 4609 2495 4609 2212 4610 2504 4610 2210 4610 2504 4611 2496 4611 2210 4611 2504 4612 2505 4612 2496 4612 2505 4613 2497 4613 2496 4613 2505 4614 2506 4614 2497 4614 2506 4615 2498 4615 2497 4615 2506 4616 2507 4616 2498 4616 2507 4617 2499 4617 2498 4617 2507 4618 2508 4618 2499 4618 2508 4619 2500 4619 2499 4619 2508 4620 2509 4620 2500 4620 2509 4621 2501 4621 2500 4621 2509 4622 2510 4622 2501 4622 2510 4623 2502 4624 2501 4624 2510 4625 2511 4625 2502 4625 2511 4626 2503 4626 2502 4626 2511 4627 2512 4627 2503 4627 2512 4628 2511 4628 2513 4628 2511 4629 2514 4629 2513 4629 2511 4630 2510 4630 2514 4630 2510 4631 2515 4631 2514 4631 2510 4632 2509 4632 2515 4632 2509 4633 2516 4633 2515 4633 2509 4634 2508 4634 2516 4634 2508 4635 2517 4635 2516 4635 2508 4636 2507 4636 2517 4636 2507 4637 2518 4637 2517 4637 2507 4638 2506 4638 2518 4638 2506 4639 2519 4639 2518 4639 2506 4640 2505 4640 2519 4640 2505 4641 2520 4641 2519 4641 2505 4642 2504 4642 2520 4642 2504 4643 2521 4643 2520 4643 2504 4644 2212 4644 2521 4644 2212 4645 2214 4645 2521 4645 1569 4646 2522 4646 2214 4646 2522 4647 2521 4647 2214 4647 2522 4648 2523 4648 2521 4648 2523 4649 2520 4649 2521 4649 2523 4650 2524 4650 2520 4650 2524 4651 2519 4651 2520 4651 2524 4652 2525 4652 2519 4652 2525 4653 2518 4653 2519 4653 2525 4654 2526 4654 2518 4654 2526 4655 2517 4655 2518 4655 2526 4656 2527 4656 2517 4656 2527 4657 2516 4657 2517 4657 2527 4658 2528 4658 2516 4658 2528 4659 2515 4659 2516 4659 2528 4660 2529 4660 2515 4660 2529 4661 2514 4661 2515 4661 2529 4662 2530 4662 2514 4662 2530 4663 2513 4663 2514 4663 2530 4664 1564 4664 2513 4664 2512 4665 2513 4665 1564 4665 2366 4666 2482 4666 2368 4666 2482 4667 2477 4667 2368 4667 2482 4668 2488 4668 2477 4668 2488 4669 2473 4669 2477 4669 2488 4670 2495 4670 2473 4670 2495 4671 2468 4671 2473 4671 2495 4672 2503 4672 2468 4672 2503 4673 2470 4673 2468 4673 2503 4674 2512 4674 2470 4674 2512 4675 1564 4675 2470 4675 1563 4676 2428 4676 1565 4676 1563 4677 2531 4677 2428 4677 2531 4678 2436 4678 2428 4678 2531 4679 2532 4679 2436 4679 2532 4680 2437 4680 2436 4680 2532 4681 2533 4681 2437 4681 2533 4682 2438 4682 2437 4682 2533 4683 2534 4683 2438 4683 2534 4684 2439 4684 2438 4684 2534 4685 2535 4685 2439 4685 2535 4686 2440 4686 2439 4686 2535 4687 2536 4687 2440 4687 2536 4688 2537 4688 2440 4688 2537 4689 2441 4689 2440 4689 2537 4690 2538 4690 2441 4690 2538 4691 2539 4691 2441 4691 2539 4692 2442 4692 2441 4692 2539 4693 2540 4693 2442 4693 2540 4694 2541 4694 2442 4694 2541 4695 2378 4695 2442 4695 2541 4696 2542 4696 2378 4696 2542 4697 2543 4697 2378 4697 2543 4698 896 4698 2378 4698 2543 4699 904 4700 896 4701 904 4702 2543 4702 1569 4702 2543 4703 2522 4703 1569 4703 2543 4704 2542 4705 2522 4706 2542 4707 2541 4707 2522 4707 2541 4708 2523 4708 2522 4708 2541 4709 2540 4709 2523 4709 2540 4710 2539 4710 2523 4710 2539 4711 2524 4711 2523 4711 2539 4712 2538 4712 2524 4712 2538 4713 2537 4713 2524 4713 2537 4714 2525 4714 2524 4714 2537 4715 2536 4715 2525 4715 2536 4716 2526 4716 2525 4716 2536 4717 2535 4717 2526 4717 2535 4718 2527 4718 2526 4718 2535 4719 2534 4719 2527 4719 2534 4720 2528 4720 2527 4720 2534 4721 2533 4721 2528 4721 2533 4722 2529 4722 2528 4722 2533 4723 2532 4723 2529 4723 2532 4724 2530 4724 2529 4724 2532 4725 2531 4725 2530 4725 2531 4726 1564 4726 2530 4726 2531 4727 1563 4727 1564 4727 382 4728 2544 4728 393 4728 2544 4729 2545 4729 393 4729 2544 4730 2546 4730 2545 4730 2546 4731 2547 4731 2545 4731 2546 4732 2548 4732 2547 4732 2548 4733 2549 4733 2547 4733 2548 4734 2550 4734 2549 4734 2550 4735 2551 4735 2549 4735 2550 4736 2552 4736 2551 4736 2552 4737 2553 4737 2551 4737 2552 4738 2554 4738 2553 4738 2554 4739 2555 4739 2553 4739 2554 4740 2556 4740 2555 4740 2556 4741 2557 4741 2555 4741 2556 4742 2558 4742 2557 4742 2558 4743 2559 4743 2557 4743 2558 4744 2560 4744 2559 4744 2560 4745 2561 4745 2559 4745 2560 4746 1578 4746 2561 4746 1578 4747 1576 4747 2561 4747 393 4748 2545 4748 392 4748 2545 4749 2562 4749 392 4749 2545 4750 2547 4750 2562 4750 2547 4751 2563 4751 2562 4751 2547 4752 2549 4752 2563 4752 2549 4753 2564 4753 2563 4753 2549 4754 2551 4754 2564 4754 2551 4755 2565 4755 2564 4755 2551 4756 2553 4756 2565 4756 2553 4757 2566 4757 2565 4757 2553 4758 2555 4758 2566 4758 2555 4759 2567 4759 2566 4759 2555 4760 2557 4760 2567 4760 2557 4761 2568 4761 2567 4761 2557 4762 2559 4762 2568 4762 2559 4763 2569 4763 2568 4763 2559 4764 2561 4764 2569 4764 2561 4765 2570 4765 2569 4765 2561 4766 1576 4766 2570 4766 1576 4767 1574 4767 2570 4767 2571 4768 2573 4768 2572 4768 1578 4769 2575 4769 2574 4769 2576 4770 1578 4770 2574 4770 2573 4771 1578 4771 2572 4771 2577 4772 2572 4772 1578 4772 2577 4773 2578 4773 2572 4773 2578 4774 2571 4774 2572 4774 2578 4775 2579 4775 2571 4775 2580 4776 2577 4776 1578 4776 2581 4777 2582 4777 2575 4777 2582 4778 2574 4778 2575 4778 2582 4779 2583 4779 2574 4779 2583 4780 2576 4780 2574 4780 2583 4781 2584 4781 2576 4781 2580 4782 2585 4782 2577 4782 2585 4783 2578 4783 2577 4783 2585 4784 2586 4784 2578 4784 2586 4785 2579 4785 2578 4785 2586 4786 2587 4786 2579 4786 2588 4787 2580 4787 1578 4787 2589 4788 2590 4788 2581 4788 2590 4789 2582 4789 2581 4789 2590 4790 2591 4790 2582 4790 2591 4791 2583 4791 2582 4791 2591 4792 2592 4792 2583 4792 2592 4793 2584 4793 2583 4793 2592 4794 2593 4794 2584 4794 2588 4795 2594 4795 2580 4795 2594 4796 2585 4796 2580 4796 2594 4797 2595 4797 2585 4797 2595 4798 2586 4798 2585 4798 2595 4799 2596 4799 2586 4799 2596 4800 2587 4800 2586 4800 2596 4801 2597 4801 2587 4801 2598 4802 2588 4802 1578 4802 2599 4803 2600 4803 2589 4803 2600 4804 2590 4804 2589 4804 2600 4805 2601 4805 2590 4805 2601 4806 2591 4806 2590 4806 2601 4807 2602 4807 2591 4807 2602 4808 2592 4808 2591 4808 2602 4809 2603 4809 2592 4809 2603 4810 2593 4810 2592 4810 2603 4811 2604 4811 2593 4811 2598 4812 2605 4812 2588 4812 2605 4813 2594 4813 2588 4813 2605 4814 2606 4814 2594 4814 2606 4815 2595 4815 2594 4815 2606 4816 2607 4816 2595 4816 2607 4817 2596 4817 2595 4817 2607 4818 2608 4818 2596 4818 2608 4819 2597 4819 2596 4819 2608 4820 2609 4820 2597 4820 2610 4821 2598 4821 1578 4821 2611 4822 2612 4822 2599 4822 2612 4823 2600 4823 2599 4823 2612 4824 2613 4824 2600 4824 2613 4825 2601 4825 2600 4825 2613 4826 2614 4826 2601 4826 2614 4827 2602 4827 2601 4827 2614 4828 2615 4828 2602 4828 2615 4829 2603 4829 2602 4829 2615 4830 2616 4830 2603 4830 2616 4831 2604 4831 2603 4831 2616 4832 2617 4832 2604 4832 2610 4833 2618 4833 2598 4833 2618 4834 2605 4834 2598 4834 2618 4835 2619 4835 2605 4835 2619 4836 2606 4836 2605 4836 2619 4837 2620 4837 2606 4837 2620 4838 2607 4838 2606 4838 2620 4839 2621 4839 2607 4839 2621 4840 2608 4840 2607 4840 2621 4841 2622 4841 2608 4841 2622 4842 2609 4842 2608 4842 2622 4843 2623 4843 2609 4843 2624 4844 2610 4844 1578 4844 2625 4845 2626 4845 2611 4845 2626 4846 2612 4846 2611 4846 2626 4847 2627 4847 2612 4847 2627 4848 2613 4848 2612 4848 2627 4849 2628 4849 2613 4849 2628 4850 2614 4850 2613 4850 2628 4851 2629 4851 2614 4851 2629 4852 2615 4852 2614 4852 2629 4853 2630 4853 2615 4853 2630 4854 2616 4854 2615 4854 2630 4855 2631 4855 2616 4855 2631 4856 2617 4856 2616 4856 2631 4857 2632 4857 2617 4857 2624 4858 2633 4858 2610 4858 2633 4859 2618 4859 2610 4859 2633 4860 2634 4860 2618 4860 2634 4861 2619 4861 2618 4861 2634 4862 2635 4862 2619 4862 2635 4863 2620 4863 2619 4863 2635 4864 2636 4864 2620 4864 2636 4865 2621 4865 2620 4865 2636 4866 2637 4866 2621 4866 2637 4867 2622 4867 2621 4867 2637 4868 2638 4868 2622 4868 2638 4869 2623 4869 2622 4869 2638 4870 2639 4870 2623 4870 2560 4871 2624 4871 1578 4871 2640 4872 2641 4872 2625 4872 2641 4873 2626 4873 2625 4873 2641 4874 2642 4874 2626 4874 2642 4875 2627 4875 2626 4875 2642 4876 2643 4876 2627 4876 2643 4877 2628 4877 2627 4877 2643 4878 2644 4878 2628 4878 2644 4879 2629 4879 2628 4879 2644 4880 2645 4880 2629 4880 2645 4881 2630 4881 2629 4881 2645 4882 2646 4882 2630 4882 2646 4883 2631 4883 2630 4883 2646 4884 2647 4884 2631 4884 2647 4885 2632 4885 2631 4885 2647 4886 2648 4886 2632 4886 2560 4887 2558 4887 2624 4887 2558 4888 2633 4888 2624 4888 2558 4889 2556 4889 2633 4889 2556 4890 2634 4890 2633 4890 2556 4891 2554 4891 2634 4891 2554 4892 2635 4892 2634 4892 2554 4893 2552 4893 2635 4893 2552 4894 2636 4894 2635 4894 2552 4895 2550 4895 2636 4895 2550 4896 2637 4896 2636 4896 2550 4897 2548 4897 2637 4897 2548 4898 2638 4898 2637 4898 2548 4899 2546 4899 2638 4899 2546 4900 2639 4900 2638 4900 2546 4901 2544 4901 2639 4901 2649 4902 2650 4902 2640 4902 2650 4903 2641 4903 2640 4903 2650 4904 2651 4904 2641 4904 2651 4905 2642 4905 2641 4905 2651 4906 2652 4906 2642 4906 2652 4907 2643 4907 2642 4907 2652 4908 2653 4908 2643 4908 2653 4909 2644 4909 2643 4909 2653 4910 2654 4910 2644 4910 2654 4911 2645 4911 2644 4911 2654 4912 2655 4912 2645 4912 2655 4913 2646 4913 2645 4913 2655 4914 2656 4914 2646 4914 2656 4915 2647 4915 2646 4915 2656 4916 2657 4916 2647 4916 2657 4917 2648 4917 2647 4917 2657 4918 2658 4918 2648 4918 2659 4919 2660 4919 2649 4919 2660 4920 2650 4920 2649 4920 2660 4921 2661 4921 2650 4921 2661 4922 2651 4922 2650 4922 2661 4923 2662 4923 2651 4923 2662 4924 2652 4924 2651 4924 2662 4925 2663 4925 2652 4925 2663 4926 2653 4926 2652 4926 2663 4927 2664 4927 2653 4927 2664 4928 2654 4928 2653 4928 2664 4929 2665 4929 2654 4929 2665 4930 2655 4930 2654 4930 2665 4931 2666 4931 2655 4931 2666 4932 2656 4932 2655 4932 2666 4933 2667 4933 2656 4933 2667 4934 2657 4934 2656 4934 2667 4935 2668 4935 2657 4935 2668 4936 2658 4936 2657 4936 2668 4937 2669 4937 2658 4937 382 4938 1579 4938 2659 4938 1579 4939 2660 4939 2659 4939 1579 4940 1581 4940 2660 4940 1581 4941 2661 4941 2660 4941 1581 4942 1583 4942 2661 4942 1583 4943 2662 4943 2661 4943 1583 4944 1585 4944 2662 4944 1585 4945 2663 4945 2662 4945 1585 4946 1587 4946 2663 4946 1587 4947 2664 4947 2663 4947 1587 4948 1589 4948 2664 4948 1589 4949 2665 4949 2664 4949 1589 4950 1591 4950 2665 4950 1591 4951 2666 4951 2665 4951 1591 4952 1593 4952 2666 4952 1593 4953 2667 4953 2666 4953 1593 4954 1595 4954 2667 4954 1595 4955 2668 4955 2667 4955 1595 4956 1597 4956 2668 4956 1597 4957 2669 4957 2668 4957 1597 4958 1599 4958 2669 4958 382 4959 2659 4959 2544 4959 2659 4960 2639 4960 2544 4960 2659 4961 2649 4961 2639 4961 2649 4962 2623 4962 2639 4962 2649 4963 2640 4963 2623 4963 2640 4964 2609 4964 2623 4964 2640 4965 2625 4965 2609 4965 2625 4966 2597 4966 2609 4966 2625 4967 2611 4967 2597 4967 2611 4968 2587 4968 2597 4968 2611 4969 2599 4969 2587 4969 2599 4970 2579 4970 2587 4970 2599 4971 2589 4971 2579 4971 2589 4972 2571 4972 2579 4972 2589 4973 2581 4973 2571 4973 2581 4974 2573 4974 2571 4974 2581 4975 2575 4975 2573 4975 2575 4976 1578 4976 2573 4976 805 4977 2670 4977 1599 4977 2670 4978 2669 4978 1599 4978 2670 4979 2671 4979 2669 4979 2671 4980 2658 4980 2669 4980 2671 4981 2672 4981 2658 4981 2672 4982 2648 4982 2658 4982 2672 4983 2673 4983 2648 4983 2673 4984 2632 4984 2648 4984 2673 4985 2674 4985 2632 4985 2674 4986 2617 4986 2632 4986 2674 4987 2675 4987 2617 4987 2675 4988 2604 4988 2617 4988 2675 4989 2676 4989 2604 4989 2676 4990 2593 4990 2604 4990 2676 4991 2677 4991 2593 4991 2677 4992 2584 4992 2593 4992 2677 4993 2678 4993 2584 4993 2678 4994 2576 4994 2584 4994 2678 4995 1578 4995 2576 4995 2679 4996 2681 4996 2680 4996 2681 4997 1574 4997 2680 4997 2682 4998 2680 4998 1574 4998 2682 4999 2683 4999 2680 4999 2683 5000 2679 5000 2680 5000 2683 5001 2684 5001 2679 5001 2685 5002 2682 5002 1574 5002 2685 5003 2686 5003 2682 5003 2686 5004 2683 5004 2682 5004 2686 5005 2687 5005 2683 5005 2687 5006 2684 5006 2683 5006 2687 5007 2688 5007 2684 5007 2689 5008 2685 5008 1574 5008 2689 5009 2690 5009 2685 5009 2690 5010 2686 5010 2685 5010 2690 5011 2691 5011 2686 5011 2691 5012 2687 5012 2686 5012 2691 5013 2692 5013 2687 5013 2692 5014 2688 5014 2687 5014 2692 5015 2693 5015 2688 5015 2192 5016 2694 5016 1573 5016 2694 5017 2695 5017 1573 5017 2694 5018 2696 5018 2695 5018 2696 5019 2697 5019 2695 5019 2696 5020 2698 5020 2697 5020 2698 5021 2699 5021 2697 5021 2698 5022 2700 5022 2699 5022 2700 5023 2701 5023 2699 5023 2700 5024 2702 5024 2701 5024 2194 5025 2703 5025 2192 5025 2703 5026 2694 5026 2192 5026 2703 5027 2704 5027 2694 5027 2704 5028 2696 5028 2694 5028 2704 5029 2705 5029 2696 5029 2705 5030 2698 5030 2696 5030 2705 5031 2706 5031 2698 5031 2706 5032 2700 5032 2698 5032 2706 5033 2707 5033 2700 5033 2707 5034 2702 5034 2700 5034 2707 5035 2708 5035 2702 5035 2196 5036 2709 5036 2194 5036 2709 5037 2703 5037 2194 5037 2709 5038 2710 5038 2703 5038 2710 5039 2704 5039 2703 5039 2710 5040 2711 5040 2704 5040 2711 5041 2705 5041 2704 5041 2711 5042 2712 5042 2705 5042 2712 5043 2706 5043 2705 5043 2712 5044 2713 5044 2706 5044 2713 5045 2707 5045 2706 5045 2713 5046 2714 5046 2707 5046 2714 5047 2708 5047 2707 5047 2714 5048 2715 5048 2708 5048 2198 5049 2716 5049 2196 5049 2716 5050 2709 5050 2196 5050 2716 5051 2717 5051 2709 5051 2717 5052 2710 5052 2709 5052 2717 5053 2718 5053 2710 5053 2718 5054 2711 5054 2710 5054 2718 5055 2719 5055 2711 5055 2719 5056 2712 5056 2711 5056 2719 5057 2720 5057 2712 5057 2720 5058 2713 5058 2712 5058 2720 5059 2721 5059 2713 5059 2721 5060 2714 5060 2713 5060 2721 5061 2722 5061 2714 5061 2722 5062 2715 5062 2714 5062 2722 5063 2723 5063 2715 5063 2200 5064 2724 5064 2198 5064 2724 5065 2716 5065 2198 5065 2724 5066 2725 5066 2716 5066 2725 5067 2717 5067 2716 5067 2725 5068 2726 5068 2717 5068 2726 5069 2718 5069 2717 5069 2726 5070 2727 5070 2718 5070 2727 5071 2719 5071 2718 5071 2727 5072 2728 5072 2719 5072 2728 5073 2720 5073 2719 5073 2728 5074 2729 5074 2720 5074 2729 5075 2721 5075 2720 5075 2729 5076 2730 5076 2721 5076 2730 5077 2722 5077 2721 5077 2730 5078 2731 5078 2722 5078 2731 5079 2723 5079 2722 5079 2731 5080 2732 5080 2723 5080 2732 5081 2731 5081 2733 5081 2731 5082 2734 5082 2733 5082 2731 5083 2730 5083 2734 5083 2730 5084 2735 5084 2734 5084 2730 5085 2729 5085 2735 5085 2729 5086 2736 5086 2735 5086 2729 5087 2728 5087 2736 5087 2728 5088 2737 5088 2736 5088 2728 5089 2727 5089 2737 5089 2727 5090 2738 5090 2737 5090 2727 5091 2726 5091 2738 5091 2726 5092 2739 5092 2738 5092 2726 5093 2725 5093 2739 5093 2725 5094 2740 5094 2739 5094 2725 5095 2724 5095 2740 5095 2724 5096 2741 5096 2740 5096 2724 5097 2200 5097 2741 5097 2200 5098 2202 5098 2741 5098 392 5099 2562 5099 2202 5099 2562 5100 2741 5100 2202 5100 2562 5101 2563 5101 2741 5101 2563 5102 2740 5102 2741 5102 2563 5103 2564 5103 2740 5103 2564 5104 2739 5104 2740 5104 2564 5105 2565 5105 2739 5105 2565 5106 2738 5106 2739 5106 2565 5107 2566 5107 2738 5107 2566 5108 2737 5108 2738 5108 2566 5109 2567 5109 2737 5109 2567 5110 2736 5110 2737 5110 2567 5111 2568 5111 2736 5111 2568 5112 2735 5112 2736 5112 2568 5113 2569 5113 2735 5113 2569 5114 2734 5114 2735 5114 2569 5115 2570 5115 2734 5115 2570 5116 2733 5117 2734 5118 2570 5119 1574 5119 2733 5119 2732 5120 2733 5120 1574 5120 2701 5121 2702 5121 2693 5121 2702 5122 2688 5122 2693 5122 2702 5123 2708 5123 2688 5123 2708 5124 2684 5124 2688 5124 2708 5125 2715 5125 2684 5125 2715 5126 2679 5126 2684 5126 2715 5127 2723 5127 2679 5127 2723 5128 2681 5128 2679 5128 2723 5129 2732 5129 2681 5129 2732 5130 1574 5130 2681 5130 1578 5131 2742 5131 1577 5131 1578 5132 2678 5132 2742 5132 2678 5133 2743 5133 2742 5133 2678 5133 2677 5133 2743 5133 2677 5134 2744 5134 2743 5134 2677 5135 2676 5135 2744 5135 2676 5136 2745 5136 2744 5136 2676 5137 2675 5137 2745 5137 2675 5138 2746 5138 2745 5138 2675 5139 2674 5139 2746 5139 2674 5140 2747 5140 2746 5140 2674 5141 2673 5141 2747 5141 2673 5142 2748 5142 2747 5142 2673 5142 2672 5142 2748 5142 2672 5143 2749 5143 2748 5143 2672 5143 2671 5143 2749 5143 2671 5144 2750 5144 2749 5144 2671 5145 2670 5145 2750 5145 2670 5146 806 5146 2750 5146 2670 5147 805 5147 806 5147 1575 5148 2689 5148 1574 5148 1575 5149 2751 5149 2689 5149 2751 5150 2690 5150 2689 5150 2751 5151 2752 5151 2690 5151 2752 5152 2691 5152 2690 5152 2752 5153 2753 5153 2691 5153 2753 5154 2692 5154 2691 5154 2753 5155 2754 5155 2692 5155 2754 5156 2693 5156 2692 5156 2754 5157 2755 5157 2693 5157 2755 5158 2701 5158 2693 5158 2755 5159 2756 5159 2701 5159 2756 5160 2757 5160 2701 5160 2757 5161 2699 5161 2701 5161 2757 5162 2758 5162 2699 5162 2758 5163 2759 5163 2699 5163 2759 5164 2697 5164 2699 5164 2759 5165 2760 5165 2697 5165 2760 5166 2761 5166 2697 5166 2761 5167 2695 5167 2697 5167 2761 5168 2762 5168 2695 5168 2762 5169 2763 5169 2695 5169 2763 5170 1573 5170 2695 5170 2763 5171 891 5171 1573 5171 806 5172 2764 5172 2750 5172 2765 5173 2767 5173 2766 5173 1577 5174 2769 5174 2768 5174 2767 5175 1577 5175 2766 5175 2770 5176 2766 5176 1577 5176 2770 5177 2771 5177 2766 5177 2771 5178 2765 5178 2766 5178 2771 5179 2772 5179 2765 5179 2773 5180 2770 5180 1577 5180 2774 5181 2776 5181 2775 5181 2776 5182 2769 5182 2775 5182 2776 5183 2777 5183 2769 5183 2777 5184 2768 5184 2769 5184 2777 5185 2778 5185 2768 5185 2773 5186 2779 5186 2770 5186 2779 5187 2771 5187 2770 5187 2779 5188 2780 5188 2771 5188 2780 5189 2772 5189 2771 5189 2780 5190 2781 5190 2772 5190 2782 5191 2773 5191 1577 5191 2783 5192 2784 5192 2774 5192 2784 5193 2776 5193 2774 5193 2784 5194 2785 5194 2776 5194 2785 5195 2777 5195 2776 5195 2785 5196 2786 5196 2777 5196 2786 5197 2778 5197 2777 5197 2786 5198 2787 5198 2778 5198 2782 5199 2788 5199 2773 5199 2788 5200 2779 5200 2773 5200 2788 5201 2789 5201 2779 5201 2789 5202 2780 5202 2779 5202 2789 5203 2790 5203 2780 5203 2790 5204 2781 5204 2780 5204 2790 5205 2791 5205 2781 5205 2792 5206 2782 5206 1577 5206 2793 5207 2794 5207 2783 5207 2794 5208 2784 5208 2783 5208 2794 5209 2795 5209 2784 5209 2795 5210 2785 5210 2784 5210 2795 5211 2796 5211 2785 5211 2796 5212 2786 5212 2785 5212 2796 5213 2797 5213 2786 5213 2797 5214 2787 5214 2786 5214 2797 5215 2798 5215 2787 5215 2792 5216 2799 5216 2782 5216 2799 5217 2788 5217 2782 5217 2799 5218 2800 5218 2788 5218 2800 5219 2789 5219 2788 5219 2800 5220 2801 5220 2789 5220 2801 5221 2790 5221 2789 5221 2801 5222 2802 5222 2790 5222 2802 5223 2791 5223 2790 5223 2802 5224 2803 5224 2791 5224 2804 5225 2792 5225 1577 5225 2805 5226 2806 5226 2793 5226 2806 5227 2794 5227 2793 5227 2806 5228 2807 5228 2794 5228 2807 5229 2795 5229 2794 5229 2807 5230 2808 5230 2795 5230 2808 5231 2796 5231 2795 5231 2808 5232 2809 5232 2796 5232 2809 5233 2797 5233 2796 5233 2809 5234 2810 5234 2797 5234 2810 5235 2798 5235 2797 5235 2810 5236 2811 5236 2798 5236 2804 5237 2812 5237 2792 5237 2812 5238 2799 5238 2792 5238 2812 5239 2813 5239 2799 5239 2813 5240 2800 5240 2799 5240 2813 5241 2814 5241 2800 5241 2814 5242 2801 5242 2800 5242 2814 5243 2815 5243 2801 5243 2815 5244 2802 5244 2801 5244 2815 5245 2816 5245 2802 5245 2816 5246 2803 5246 2802 5246 2816 5247 2817 5247 2803 5247 2742 5248 2804 5248 1577 5248 2818 5249 2819 5249 2805 5249 2819 5250 2806 5250 2805 5250 2819 5251 2820 5251 2806 5251 2820 5252 2807 5252 2806 5252 2820 5253 2821 5253 2807 5253 2821 5254 2808 5254 2807 5254 2821 5255 2822 5255 2808 5255 2822 5256 2809 5256 2808 5256 2822 5257 2823 5257 2809 5257 2823 5258 2810 5258 2809 5258 2823 5259 2824 5259 2810 5259 2824 5260 2811 5260 2810 5260 2824 5261 2825 5261 2811 5261 2742 5262 2743 5262 2804 5262 2743 5263 2812 5263 2804 5263 2743 5264 2744 5264 2812 5264 2744 5265 2813 5265 2812 5265 2744 5266 2745 5266 2813 5266 2745 5267 2814 5267 2813 5267 2745 5268 2746 5268 2814 5268 2746 5269 2815 5269 2814 5269 2746 5270 2747 5270 2815 5270 2747 5271 2816 5271 2815 5271 2747 5272 2748 5272 2816 5272 2748 5273 2817 5273 2816 5273 2748 5274 2749 5274 2817 5274 2826 5275 2827 5275 2818 5275 2827 5276 2819 5276 2818 5276 2827 5277 2828 5277 2819 5277 2828 5278 2820 5278 2819 5278 2828 5279 2829 5279 2820 5279 2829 5280 2821 5280 2820 5280 2829 5281 2830 5281 2821 5281 2830 5282 2822 5282 2821 5282 2830 5283 2831 5283 2822 5283 2831 5284 2823 5284 2822 5284 2831 5285 2832 5285 2823 5285 2832 5286 2824 5286 2823 5286 2832 5287 2833 5287 2824 5287 2833 5288 2825 5288 2824 5288 2833 5289 2834 5289 2825 5289 2835 5290 2836 5290 2826 5290 2836 5291 2827 5291 2826 5291 2836 5292 2837 5292 2827 5292 2837 5293 2828 5293 2827 5293 2837 5294 2838 5294 2828 5294 2838 5295 2829 5295 2828 5295 2838 5296 2839 5296 2829 5296 2839 5297 2830 5297 2829 5297 2839 5298 2840 5298 2830 5298 2840 5299 2831 5299 2830 5299 2840 5300 2841 5300 2831 5300 2841 5301 2832 5301 2831 5301 2841 5302 2842 5302 2832 5302 2842 5303 2833 5303 2832 5303 2842 5304 2843 5304 2833 5304 2843 5305 2834 5305 2833 5305 2843 5306 2844 5306 2834 5306 2750 5307 2764 5307 2835 5307 2764 5308 2836 5308 2835 5308 2764 5309 2845 5309 2836 5309 2845 5310 2837 5310 2836 5310 2845 5311 2846 5311 2837 5311 2846 5312 2838 5312 2837 5312 2846 5313 2847 5313 2838 5313 2847 5314 2839 5314 2838 5314 2847 5315 2848 5315 2839 5315 2848 5316 2840 5316 2839 5316 2848 5317 2849 5317 2840 5317 2849 5318 2841 5318 2840 5318 2849 5319 2850 5319 2841 5319 2850 5320 2842 5320 2841 5320 2850 5321 2851 5321 2842 5321 2851 5322 2843 5322 2842 5322 2851 5323 2852 5323 2843 5323 2852 5324 2844 5324 2843 5324 2852 5325 2853 5325 2844 5325 806 5326 2191 5326 2764 5326 2191 5327 2845 5327 2764 5327 2191 5328 2190 5328 2845 5328 2190 5329 2846 5329 2845 5329 2190 5330 2189 5330 2846 5330 2189 5331 2847 5332 2846 5331 2189 5333 2188 5333 2847 5333 2188 5334 2848 5334 2847 5334 2188 5335 2187 5335 2848 5335 2187 5336 2849 5336 2848 5336 2187 5337 2186 5337 2849 5337 2186 5338 2850 5338 2849 5338 2186 5339 2185 5339 2850 5339 2185 5340 2851 5340 2850 5340 2185 5341 2184 5341 2851 5341 2184 5342 2852 5342 2851 5342 2184 5343 2183 5343 2852 5343 2183 5344 2853 5344 2852 5344 2183 5345 889 5345 2853 5345 2775 5346 2769 5346 1577 5346 2750 5347 2835 5347 2749 5347 2835 5348 2817 5348 2749 5348 2835 5349 2826 5349 2817 5349 2826 5350 2803 5350 2817 5350 2826 5351 2818 5351 2803 5351 2818 5352 2791 5352 2803 5352 2818 5353 2805 5353 2791 5353 2805 5354 2781 5354 2791 5354 2805 5355 2793 5355 2781 5355 2793 5356 2772 5356 2781 5356 2793 5357 2783 5357 2772 5357 2783 5358 2765 5358 2772 5358 2783 5359 2774 5359 2765 5359 2774 5360 2767 5360 2765 5360 2774 5361 2775 5361 2767 5361 2775 5362 1577 5362 2767 5362 891 5363 2763 5364 889 5365 2763 5366 2853 5366 889 5366 2763 5367 2762 5367 2853 5367 2762 5368 2761 5368 2853 5368 2761 5369 2844 5369 2853 5369 2761 5370 2760 5370 2844 5370 2760 5371 2759 5371 2844 5371 2759 5372 2834 5372 2844 5372 2759 5373 2758 5373 2834 5373 2758 5374 2757 5374 2834 5374 2757 5375 2825 5375 2834 5375 2757 5376 2756 5376 2825 5376 2756 5377 2811 5377 2825 5377 2756 5378 2755 5378 2811 5378 2755 5379 2798 5379 2811 5379 2755 5380 2754 5380 2798 5380 2754 5381 2787 5381 2798 5381 2754 5382 2753 5382 2787 5382 2753 4680 2778 4680 2787 4680 2753 4680 2752 4680 2778 4680 2752 4679 2768 4679 2778 4679 2752 5383 2751 5383 2768 5383 2751 5384 1577 5384 2768 5384 2751 5384 1575 5384 1577 5384 1571 5385 893 5385 890 5385 1571 5386 2854 5386 893 5386 2854 5387 894 5387 893 5387 2854 5388 2855 5388 894 5388 2855 5389 898 5389 894 5389 2855 5390 2856 5390 898 5390 2856 5391 900 5391 898 5391 2856 5392 2857 5392 900 5392 2857 5393 913 5393 900 5393 2857 5394 2858 5394 913 5394 2858 5395 909 5395 913 5395 2858 5396 2859 5396 909 5396 2859 5397 908 5397 909 5397 2859 5398 2860 5398 908 5398 2860 5399 907 5399 908 5399 2860 5400 2861 5400 907 5400 2861 5401 899 5401 907 5401 2861 5402 2862 5402 899 5402 2862 5403 892 5403 899 5403 2862 5403 1572 5403 892 5403 2863 5404 2865 5404 2864 5404 2865 5405 1571 5405 2864 5405 2866 5406 2864 5406 1571 5406 2866 5407 2867 5407 2864 5407 2867 5408 2863 5408 2864 5408 2867 5409 2868 5409 2863 5409 2869 5410 2866 5410 1571 5410 2869 5411 2870 5411 2866 5411 2870 5412 2867 5412 2866 5412 2870 5413 2871 5413 2867 5413 2871 5414 2868 5414 2867 5414 2871 5415 2872 5415 2868 5415 2873 5416 2869 5416 1571 5416 2873 5417 2874 5417 2869 5417 2874 5418 2870 5418 2869 5418 2874 5419 2875 5419 2870 5419 2875 5420 2871 5420 2870 5420 2875 5421 2876 5421 2871 5421 2876 5422 2872 5422 2871 5422 2876 5423 2877 5423 2872 5423 2203 5424 2878 5424 391 5424 2878 5425 2879 5425 391 5425 2878 5426 2880 5426 2879 5426 2880 5427 2881 5427 2879 5427 2880 5428 2882 5428 2881 5428 2882 5429 2883 5429 2881 5429 2882 5430 2884 5430 2883 5430 2884 5431 2885 5431 2883 5431 2884 5432 2886 5432 2885 5432 2201 5433 2887 5433 2203 5433 2887 5434 2878 5434 2203 5434 2887 5435 2888 5435 2878 5435 2888 5436 2880 5436 2878 5436 2888 5437 2889 5437 2880 5437 2889 5438 2882 5438 2880 5438 2889 5439 2890 5439 2882 5439 2890 5440 2884 5440 2882 5440 2890 5441 2891 5441 2884 5441 2891 5442 2886 5442 2884 5442 2891 5443 2892 5443 2886 5443 2199 5444 2893 5444 2201 5444 2893 5445 2887 5445 2201 5445 2893 5446 2894 5446 2887 5446 2894 5447 2888 5447 2887 5447 2894 5448 2895 5448 2888 5448 2895 5449 2889 5449 2888 5449 2895 5450 2896 5450 2889 5450 2896 5451 2890 5451 2889 5451 2896 5452 2897 5452 2890 5452 2897 5453 2891 5453 2890 5453 2897 5454 2898 5454 2891 5454 2898 5455 2892 5455 2891 5455 2898 5456 2899 5456 2892 5456 2197 5457 2900 5457 2199 5457 2900 5458 2893 5458 2199 5458 2900 5459 2901 5459 2893 5459 2901 5460 2894 5460 2893 5460 2901 5461 2902 5461 2894 5461 2902 5462 2895 5462 2894 5462 2902 5463 2903 5463 2895 5463 2903 5464 2896 5464 2895 5464 2903 5465 2904 5465 2896 5465 2904 5466 2897 5466 2896 5466 2904 5467 2905 5467 2897 5467 2905 5468 2898 5468 2897 5468 2905 5469 2906 5469 2898 5469 2906 5470 2899 5470 2898 5470 2906 5471 2907 5471 2899 5471 2195 5472 2908 5472 2197 5472 2908 5473 2900 5473 2197 5473 2908 5474 2909 5474 2900 5474 2909 5475 2901 5475 2900 5475 2909 5476 2910 5476 2901 5476 2910 5477 2902 5477 2901 5477 2910 5478 2911 5478 2902 5478 2911 5479 2903 5479 2902 5479 2911 5480 2912 5480 2903 5480 2912 5481 2904 5481 2903 5481 2912 5482 2913 5482 2904 5482 2913 5483 2905 5483 2904 5483 2913 5484 2914 5484 2905 5484 2914 5485 2906 5485 2905 5485 2914 5486 2915 5486 2906 5486 2915 5487 2907 5487 2906 5487 2915 5488 2916 5488 2907 5488 2916 5489 2915 5489 2917 5489 2915 5490 2918 5490 2917 5490 2915 5491 2914 5491 2918 5491 2914 5492 2919 5492 2918 5492 2914 5493 2913 5493 2919 5493 2913 5494 2920 5494 2919 5494 2913 5495 2912 5495 2920 5495 2912 5496 2921 5496 2920 5496 2912 5497 2911 5497 2921 5497 2911 5498 2922 5498 2921 5498 2911 5499 2910 5499 2922 5499 2910 5500 2923 5500 2922 5500 2910 5501 2909 5501 2923 5501 2909 5502 2924 5502 2923 5502 2909 5503 2908 5503 2924 5503 2908 5504 2925 5504 2924 5504 2908 5505 2195 5505 2925 5505 2195 5506 2193 5506 2925 5506 1572 5507 2862 5507 2193 5507 2862 5508 2925 5508 2193 5508 2862 5509 2861 5509 2925 5509 2861 5510 2924 5510 2925 5510 2861 5511 2860 5511 2924 5511 2860 5512 2923 5512 2924 5512 2860 5513 2859 5513 2923 5513 2859 5514 2922 5514 2923 5514 2859 5515 2858 5515 2922 5515 2858 5516 2921 5516 2922 5516 2858 5517 2857 5517 2921 5517 2857 5518 2920 5518 2921 5518 2857 5519 2856 5519 2920 5519 2856 5520 2919 5520 2920 5520 2856 5521 2855 5521 2919 5521 2855 5522 2918 5522 2919 5522 2855 5523 2854 5523 2918 5523 2854 5524 2917 5524 2918 5524 2854 5525 1571 5525 2917 5525 2916 5526 2917 5526 1571 5526 2885 5527 2886 5527 2877 5527 2886 5528 2872 5528 2877 5528 2886 5529 2892 5529 2872 5529 2892 5530 2868 5530 2872 5530 2892 5531 2899 5531 2868 5531 2899 5532 2863 5532 2868 5532 2899 5533 2907 5533 2863 5533 2907 5534 2865 5534 2863 5534 2907 5535 2916 5535 2865 5535 2916 5536 1571 5536 2865 5536 840 5537 832 5537 1571 5537 832 5538 2873 5538 1571 5538 832 5539 833 5539 2873 5539 833 5540 2874 5540 2873 5540 833 5541 834 5541 2874 5541 834 5542 2875 5542 2874 5542 834 5543 835 5543 2875 5543 835 5544 2876 5544 2875 5544 835 5545 836 5545 2876 5545 836 5546 2877 5546 2876 5546 836 5547 837 5547 2877 5547 837 5548 2885 5548 2877 5548 837 5549 827 5549 2885 5549 827 5550 2883 5550 2885 5550 827 5551 828 5551 2883 5551 828 5552 2881 5552 2883 5552 828 5553 829 5553 2881 5553 829 5554 830 5555 2881 5554 830 5556 2879 5556 2881 5556 830 5557 831 5557 2879 5557 831 5558 826 5558 2879 5558 826 5559 391 5559 2879 5559 826 5560 381 5560 391 5560 1568 5561 919 5561 906 5561 1568 5562 2926 5562 919 5562 2926 5563 918 5563 919 5563 2926 5563 2927 5563 918 5563 2927 5564 917 5564 918 5564 2927 5565 2928 5565 917 5565 2928 5566 916 5566 917 5566 2928 5567 2929 5567 916 5567 2929 5568 915 5568 916 5568 2929 5569 2930 5569 915 5569 2930 5570 914 5570 915 5570 2930 5570 2931 5570 914 5570 2931 5571 912 5571 914 5571 2931 5572 2932 5572 912 5572 2932 5573 911 5573 912 5573 2932 5574 2933 5574 911 5574 2933 5575 910 5575 911 5575 2933 5575 2934 5575 910 5575 2934 5576 905 5576 910 5576 2934 5577 1570 5577 905 5577 2935 5578 2937 5578 2936 5578 2937 5579 1570 5579 2936 5579 2938 5580 2936 5580 1570 5580 2938 5581 2939 5581 2936 5581 2939 5582 2935 5582 2936 5582 2939 5583 2940 5583 2935 5583 2941 5584 2938 5584 1570 5584 2941 5585 2942 5585 2938 5585 2942 5586 2939 5586 2938 5586 2942 5587 2943 5587 2939 5587 2943 5588 2940 5588 2939 5588 2943 5589 2944 5589 2940 5589 2934 5590 2941 5590 1570 5590 2934 5591 2933 5591 2941 5591 2933 5592 2942 5592 2941 5592 2933 5593 2932 5593 2942 5593 2932 5594 2943 5594 2942 5594 2932 5595 2931 5595 2943 5595 2931 5596 2944 5596 2943 5596 2931 5597 2930 5597 2944 5597 2215 5598 2945 5598 1568 5598 2945 5599 2926 5599 1568 5599 2945 5600 2946 5600 2926 5600 2946 5601 2927 5601 2926 5601 2946 5602 2947 5602 2927 5602 2947 5603 2928 5603 2927 5603 2947 5604 2948 5604 2928 5604 2948 5605 2929 5605 2928 5605 2948 5606 2949 5606 2929 5606 2213 5607 2950 5607 2215 5607 2950 5608 2945 5608 2215 5608 2950 5609 2951 5609 2945 5609 2951 5610 2946 5610 2945 5610 2951 5611 2952 5611 2946 5611 2952 5612 2947 5612 2946 5612 2952 5613 2953 5613 2947 5613 2953 5614 2948 5614 2947 5614 2953 5615 2954 5615 2948 5615 2954 5616 2949 5616 2948 5616 2954 5617 2955 5617 2949 5617 2211 5618 2956 5619 2213 5620 2956 5621 2950 5621 2213 5621 2956 5622 2957 5622 2950 5622 2957 5623 2951 5623 2950 5623 2957 5624 2958 5624 2951 5624 2958 5625 2952 5625 2951 5625 2958 5626 2959 5627 2952 5628 2959 5629 2953 5629 2952 5629 2959 5630 2960 5630 2953 5630 2960 5631 2954 5631 2953 5631 2960 5632 2961 5632 2954 5632 2961 5633 2955 5633 2954 5633 2961 5634 2962 5634 2955 5634 2209 5635 2963 5635 2211 5635 2963 5636 2956 5636 2211 5636 2963 5637 2964 5637 2956 5637 2964 5638 2957 5638 2956 5638 2964 5639 2965 5639 2957 5639 2965 5640 2958 5640 2957 5640 2965 5641 2966 5641 2958 5641 2966 5642 2959 5642 2958 5642 2966 5643 2967 5643 2959 5643 2967 5644 2960 5644 2959 5644 2967 5645 2968 5645 2960 5645 2968 5646 2961 5646 2960 5646 2968 5647 2969 5647 2961 5647 2969 5648 2962 5648 2961 5648 2969 5649 2970 5649 2962 5649 2207 5650 2971 5650 2209 5650 2971 5651 2963 5651 2209 5651 2971 5652 2972 5652 2963 5652 2972 5653 2964 5653 2963 5653 2972 5654 2973 5654 2964 5654 2973 5655 2965 5655 2964 5655 2973 5656 2974 5656 2965 5656 2974 5657 2966 5657 2965 5657 2974 5658 2975 5658 2966 5658 2975 5659 2967 5659 2966 5659 2975 5660 2976 5660 2967 5660 2976 5661 2968 5661 2967 5661 2976 5662 2977 5662 2968 5662 2977 5663 2969 5663 2968 5663 2977 5664 2978 5664 2969 5664 2978 5665 2970 5665 2969 5665 2978 5666 2979 5666 2970 5666 2979 5667 2978 5667 2980 5667 2978 5668 2981 5668 2980 5668 2978 5669 2977 5669 2981 5669 2977 5670 2982 5670 2981 5670 2977 5671 2976 5671 2982 5671 2976 5672 2983 5672 2982 5672 2976 5673 2975 5673 2983 5673 2975 5674 2984 5674 2983 5674 2975 5675 2974 5675 2984 5675 2974 5676 2985 5676 2984 5676 2974 5677 2973 5677 2985 5677 2973 5678 2986 5678 2985 5678 2973 5679 2972 5679 2986 5679 2972 5680 2987 5680 2986 5680 2972 5681 2971 5681 2987 5681 2971 5682 2988 5682 2987 5682 2971 5683 2207 5683 2988 5683 2207 5684 2205 5684 2988 5684 429 5685 2989 5685 2205 5685 2989 5686 2988 5686 2205 5686 2989 5687 2990 5687 2988 5687 2990 5688 2987 5688 2988 5688 2990 5689 2991 5689 2987 5689 2991 5690 2986 5690 2987 5690 2991 5691 2992 5691 2986 5691 2992 5692 2985 5692 2986 5692 2992 5693 2993 5693 2985 5693 2993 5694 2984 5694 2985 5694 2993 5695 2994 5695 2984 5695 2994 5696 2983 5696 2984 5696 2994 5697 2995 5697 2983 5697 2995 5698 2982 5698 2983 5698 2995 5699 2996 5699 2982 5699 2996 5700 2981 5700 2982 5700 2996 5701 2997 5701 2981 5701 2997 5702 2980 5702 2981 5702 2997 5703 1570 5703 2980 5703 2979 5704 2980 5704 1570 5704 2929 5705 2949 5705 2930 5705 2949 5706 2944 5706 2930 5706 2949 5707 2955 5707 2944 5707 2955 5708 2940 5708 2944 5708 2955 5709 2962 5709 2940 5709 2962 5710 2935 5710 2940 5710 2962 5711 2970 5711 2935 5711 2970 5712 2937 5712 2935 5712 2970 5713 2979 5713 2937 5713 2979 5714 1570 5714 2937 5714 411 5715 842 5715 429 5715 842 5716 2989 5716 429 5716 842 5717 846 5717 2989 5717 846 5718 847 5718 2989 5718 847 5719 2990 5719 2989 5719 847 5720 848 5720 2990 5720 848 5721 849 5721 2990 5721 849 5722 2991 5722 2990 5722 849 5723 850 5724 2991 5725 850 5726 851 5726 2991 5726 851 5727 2992 5727 2991 5727 851 5728 852 5728 2992 5728 852 5729 853 5729 2992 5729 853 5730 2993 5730 2992 5730 853 5731 854 5731 2993 5731 2994 5732 2993 5732 856 5732 2993 5733 855 5733 856 5733 2993 5734 854 5734 855 5734 2995 5735 2994 5735 858 5735 2994 5736 857 5736 858 5736 2994 5737 856 5737 857 5737 862 5738 2995 5738 861 5738 861 5739 2995 5740 860 5740 2995 5741 859 5741 860 5741 2995 5742 858 5742 859 5742 2995 5743 862 5743 2996 5743 862 5744 2997 5744 2996 5744 862 5745 845 5745 2997 5745 845 5746 1570 5746 2997 5746 845 5747 844 5747 1570 5747 526 5748 769 5748 296 5748 769 5749 770 5749 296 5749 776 5750 298 5750 774 5750 298 5751 773 5751 774 5751 298 5752 296 5752 773 5752 296 5753 771 5753 773 5753 296 5754 770 5754 771 5754 783 5755 317 5755 781 5755 317 5756 780 5756 781 5756 317 5757 298 5757 780 5757 298 5758 778 5758 780 5758 298 5759 776 5759 778 5759 793 5760 316 5760 791 5760 316 5761 788 5761 791 5761 316 5762 317 5762 788 5762 317 5763 785 5763 788 5763 317 5764 783 5764 785 5764 800 5765 279 5765 314 5765 279 5766 312 5766 314 5766 800 5767 314 5767 798 5767 314 5768 796 5768 798 5768 314 5769 316 5769 796 5769 316 5770 794 5770 796 5770 316 5771 793 5771 794 5771 8 5772 310 5772 7 5772 310 5773 282 5773 7 5773 310 5774 312 5774 282 5774 312 5775 280 5775 282 5775 312 5776 279 5776 280 5776 457 5777 2998 5777 459 5777 461 5778 2999 5778 446 5778 443 5779 3000 5779 441 5779 410 5780 3001 5780 405 5780 404 5781 3002 5781 402 5781 401 5782 3003 5782 397 5782 371 5783 3004 5783 369 5783 367 5784 3005 5784 365 5784 347 5785 3006 5785 345 5785 343 5786 3007 5786 341 5786 302 5787 3008 5787 300 5787 3008 5788 3009 5788 300 5788 3008 5789 3010 5789 3009 5789 3010 5790 3011 5790 3009 5790 3010 5791 3012 5791 3011 5791 3012 5792 3013 5792 3011 5792 3012 5793 3014 5793 3013 5793 3014 5794 3015 5794 3013 5794 3014 5795 3016 5795 3015 5795 3016 5796 3017 5796 3015 5796 3016 5797 3018 5797 3017 5797 3018 5798 3019 5798 3017 5798 3018 5799 3020 5799 3019 5799 3020 5800 3021 5800 3019 5800 3020 5801 3022 5801 3021 5801 3022 5802 3023 5802 3021 5802 3022 5803 3024 5803 3023 5803 3024 5804 3025 5804 3023 5804 3024 5805 349 5805 3025 5805 300 5806 3009 5806 299 5806 3009 5807 3026 5807 299 5807 3009 5808 3011 5808 3026 5808 3011 5809 3027 5809 3026 5809 3011 5810 3013 5810 3027 5810 3013 5811 3028 5811 3027 5811 3013 5812 3015 5812 3028 5812 3015 5813 3029 5813 3028 5813 3015 5814 3017 5814 3029 5814 3017 5815 3030 5815 3029 5815 3017 5816 3019 5816 3030 5816 3019 5817 3031 5817 3030 5817 3019 5818 3021 5818 3031 5818 3021 5819 3032 5819 3031 5819 3021 5820 3023 5820 3032 5820 3023 5821 3033 5821 3032 5821 3023 5822 3025 5822 3033 5822 3025 5823 3034 5823 3033 5823 323 5824 3035 5824 324 5824 3035 5825 3036 5825 324 5825 3035 5826 3037 5826 3036 5826 3037 5827 3038 5827 3036 5827 3037 5828 3039 5828 3038 5828 3039 5829 3040 5829 3038 5829 3039 5830 3041 5830 3040 5830 3041 5831 3042 5831 3040 5831 3041 5832 3043 5832 3042 5832 3043 5833 3044 5833 3042 5833 3043 5834 3045 5834 3044 5834 3045 5835 3046 5835 3044 5835 3045 5836 3047 5836 3046 5836 3047 5837 3048 5837 3046 5837 3047 5838 3049 5838 3048 5838 3049 5839 3050 5839 3048 5839 3049 5840 3051 5840 3050 5840 3051 5841 3005 5841 3050 5841 333 5842 3052 5842 332 5842 3052 5843 3053 5843 332 5843 3052 5844 3054 5844 3053 5844 3054 5845 3055 5845 3053 5845 3054 5846 3056 5846 3055 5846 3056 5847 3057 5847 3055 5847 3056 5848 3058 5848 3057 5848 3058 5849 3059 5849 3057 5849 3058 5850 3060 5850 3059 5850 3060 5851 3061 5851 3059 5851 3060 5852 3062 5852 3061 5852 3062 5853 3063 5853 3061 5853 3062 5854 3064 5854 3063 5854 3064 5855 3065 5855 3063 5855 3064 5856 3066 5856 3065 5856 3066 5857 3067 5857 3065 5857 3066 5858 3068 5858 3067 5858 3068 5859 3069 5859 3067 5859 3068 5860 373 5860 3069 5860 332 5861 3053 5861 331 5861 3053 5862 3070 5862 331 5862 3053 5863 3055 5863 3070 5863 3055 5864 3071 5864 3070 5864 3055 5865 3057 5865 3071 5865 3057 5866 3072 5866 3071 5866 3057 5867 3059 5867 3072 5867 3059 5868 3073 5868 3072 5868 3059 5869 3061 5869 3073 5869 3061 5870 3074 5870 3073 5870 3061 5871 3063 5871 3074 5871 3063 5872 3075 5872 3074 5872 3063 5873 3065 5873 3075 5873 3065 5874 3076 5874 3075 5874 3065 5875 3067 5875 3076 5875 3067 5876 3077 5876 3076 5876 3067 5877 3069 5877 3077 5877 3069 5878 3078 5878 3077 5878 326 5879 3079 5879 325 5879 3079 5880 3080 5880 325 5880 3079 5881 3081 5881 3080 5881 3081 5882 3082 5882 3080 5882 3081 5883 3083 5883 3082 5883 3083 5884 3084 5884 3082 5884 3083 5885 3085 5885 3084 5885 3085 5886 3086 5886 3084 5886 3085 5887 3087 5887 3086 5887 3087 5888 3088 5888 3086 5888 3087 5889 3089 5889 3088 5889 3089 5890 3090 5890 3088 5890 3089 5891 3091 5891 3090 5891 3091 5892 3092 5892 3090 5892 3091 5893 3093 5893 3092 5893 3093 5894 3094 5894 3092 5894 3093 5895 3095 5895 3094 5895 3095 5896 3096 5896 3094 5896 3095 5897 409 5897 3096 5897 325 5898 3080 5898 321 5898 3080 5899 3097 5899 321 5899 3080 5900 3082 5900 3097 5900 3082 5901 3098 5901 3097 5901 3082 5902 3084 5902 3098 5902 3084 5903 3099 5903 3098 5903 3084 5904 3086 5904 3099 5904 3086 5905 3100 5905 3099 5905 3086 5906 3088 5906 3100 5906 3088 5907 3101 5907 3100 5907 3088 5908 3090 5908 3101 5908 3090 5909 3102 5909 3101 5909 3090 5910 3092 5910 3102 5910 3092 5911 3103 5911 3102 5911 3092 5912 3094 5912 3103 5912 3094 5913 3104 5913 3103 5913 3094 5914 3096 5914 3104 5914 3096 5915 3105 5915 3104 5915 320 5916 3106 5916 319 5916 3106 5917 3107 5917 319 5917 3106 5918 3108 5918 3107 5918 3108 5919 3109 5919 3107 5919 3108 5920 3110 5920 3109 5920 3110 5921 3111 5921 3109 5921 3110 5922 3112 5922 3111 5922 3112 5923 3113 5923 3111 5923 3112 5924 3114 5924 3113 5924 3114 5925 3115 5925 3113 5925 3114 5926 3116 5926 3115 5926 3116 5927 3117 5927 3115 5927 3116 5928 3118 5928 3117 5928 3118 5929 3119 5929 3117 5929 3118 5930 3120 5930 3119 5930 3120 5931 3121 5931 3119 5931 3120 5932 3122 5932 3121 5932 3122 5933 3123 5933 3121 5933 3122 5934 430 5934 3123 5934 319 5935 3107 5935 318 5935 3107 5936 3124 5936 318 5936 3107 5937 3109 5937 3124 5937 3109 5938 3125 5938 3124 5938 3109 5939 3111 5939 3125 5939 3111 5940 3126 5940 3125 5940 3111 5941 3113 5941 3126 5941 3113 5942 3127 5942 3126 5942 3113 5943 3115 5944 3127 5945 3115 5946 3128 5946 3127 5946 3115 5947 3117 5947 3128 5947 3117 5948 3129 5948 3128 5948 3117 5949 3119 5949 3129 5949 3119 5950 3130 5950 3129 5950 3119 5951 3121 5951 3130 5951 3121 5952 3131 5952 3130 5952 3121 5953 3123 5953 3131 5953 3123 5954 3132 5954 3131 5954 309 5955 3133 5955 311 5955 3133 5956 3134 5956 311 5956 3133 5957 3135 5957 3134 5957 3135 5958 3136 5958 3134 5958 3135 5959 3137 5959 3136 5959 3137 5960 3138 5960 3136 5960 3137 5961 3139 5961 3138 5961 3139 5962 3140 5962 3138 5962 3139 5963 3141 5963 3140 5963 3141 5964 3142 5964 3140 5964 3141 5965 3143 5965 3142 5965 3143 5966 3144 5966 3142 5966 3143 5967 3145 5967 3144 5967 3145 5968 3146 5968 3144 5968 3145 5969 3147 5969 3146 5969 3147 5970 3148 5970 3146 5970 3147 5971 3149 5971 3148 5971 3149 5972 3150 5972 3148 5972 3149 5973 455 5973 3150 5973 311 5974 3134 5974 313 5974 3134 5975 3151 5975 313 5975 3134 5976 3136 5976 3151 5976 3136 5977 3152 5977 3151 5977 3136 5978 3138 5978 3152 5978 3138 5979 3153 5979 3152 5979 3138 5980 3140 5980 3153 5980 3140 5981 3154 5981 3153 5981 3140 5982 3142 5982 3154 5982 3142 5983 3155 5983 3154 5983 3142 5984 3144 5984 3155 5984 3144 5985 3156 5985 3155 5985 3144 5986 3146 5986 3156 5986 3146 5987 3157 5987 3156 5987 3146 5988 3148 5988 3157 5988 3148 5989 3158 5989 3157 5989 3148 5990 3150 5990 3158 5990 3150 5991 3159 5991 3158 5991 289 5992 488 5992 291 5992 488 5993 3160 5993 291 5993 488 5994 489 5994 3160 5994 489 5995 3161 5995 3160 5995 489 5996 491 5996 3161 5996 491 5997 3162 5997 3161 5997 491 5998 492 5998 3162 5998 492 5999 3163 5999 3162 5999 492 6000 490 6000 3163 6000 490 6001 3164 6001 3163 6001 490 6002 493 6002 3164 6002 493 6003 3165 6003 3164 6003 493 6004 480 6004 3165 6004 480 6005 3166 6005 3165 6005 480 6006 481 6006 3166 6006 481 6007 3167 6007 3166 6007 481 6008 482 6008 3167 6008 482 6009 3007 6009 3167 6009 482 6010 339 6010 3007 6010 339 6011 341 6011 3007 6011 291 6012 3160 6012 293 6012 3160 6013 3168 6013 293 6013 3160 6014 3161 6014 3168 6014 3161 6015 3169 6015 3168 6015 3161 6016 3162 6016 3169 6016 3162 6017 3170 6017 3169 6017 3162 6018 3163 6018 3170 6018 3163 6019 3171 6019 3170 6019 3163 6020 3164 6020 3171 6020 3164 6021 3172 6021 3171 6021 3164 6022 3165 6022 3172 6022 3165 6023 3173 6023 3172 6023 3165 6024 3166 6024 3173 6024 3166 6025 3174 6025 3173 6025 3166 6026 3167 6026 3174 6026 3167 6027 3175 6027 3174 6027 3167 6028 3007 6029 3175 6030 3007 6031 3006 6031 3175 6031 3007 6032 343 6032 3006 6032 343 6033 345 6033 3006 6033 349 6034 3024 6034 347 6034 3024 6035 3006 6035 347 6035 3024 6036 3022 6036 3006 6036 3022 6037 3175 6037 3006 6037 3022 6038 3020 6038 3175 6038 3020 6039 3174 6039 3175 6039 3020 6040 3018 6040 3174 6040 3018 6041 3173 6041 3174 6041 3018 6042 3016 6042 3173 6042 3016 6043 3172 6043 3173 6043 3016 6044 3014 6044 3172 6044 3014 6045 3171 6045 3172 6045 3014 6046 3012 6046 3171 6046 3012 6047 3170 6047 3171 6047 3012 6048 3010 6048 3170 6048 3010 6049 3169 6049 3170 6049 3010 6050 3008 6050 3169 6050 3008 6051 3168 6051 3169 6051 3008 6052 302 6052 3168 6052 302 6053 293 6053 3168 6053 357 6054 3034 6054 355 6054 3034 6055 353 6055 355 6055 3034 6056 3025 6056 353 6056 3025 6057 351 6057 353 6057 3025 6058 349 6058 351 6058 359 6059 3176 6060 357 6060 3176 6061 3034 6061 357 6061 3176 6062 3177 6062 3034 6062 3177 6063 3033 6064 3034 6065 3177 6066 3178 6066 3033 6066 3178 6067 3032 6067 3033 6067 3178 6068 3179 6068 3032 6068 3179 6069 3031 6069 3032 6069 3179 6070 3180 6070 3031 6070 3180 6071 3030 6071 3031 6071 3180 6072 3181 6072 3030 6072 3181 6073 3029 6073 3030 6073 3181 6074 3182 6074 3029 6074 3182 6075 3028 6075 3029 6075 3182 6076 3183 6076 3028 6076 3183 6077 3027 6077 3028 6077 3183 6078 3184 6078 3027 6078 3184 6079 3026 6079 3027 6079 3184 6080 322 6080 3026 6080 322 6081 299 6081 3026 6081 322 6082 3184 6082 323 6082 3184 6083 3035 6083 323 6083 3184 6084 3183 6084 3035 6084 3183 6085 3037 6085 3035 6085 3183 6086 3182 6086 3037 6086 3182 6087 3039 6087 3037 6087 3182 6088 3181 6088 3039 6088 3181 6089 3041 6089 3039 6089 3181 6090 3180 6090 3041 6090 3180 6091 3043 6091 3041 6091 3180 6092 3179 6092 3043 6092 3179 6093 3045 6093 3043 6093 3179 6094 3178 6094 3045 6094 3178 6095 3047 6095 3045 6095 3178 6096 3177 6096 3047 6096 3177 6097 3049 6097 3047 6097 3177 6098 3176 6098 3049 6098 3176 6099 3051 6099 3049 6099 3176 6100 359 6100 3051 6100 359 6101 361 6101 3051 6101 3005 6102 3051 6102 365 6102 3051 6103 363 6103 365 6103 3051 6104 361 6104 363 6104 324 6105 3036 6105 334 6105 3036 6106 3185 6106 334 6106 3036 6107 3038 6107 3185 6107 3038 6108 3186 6108 3185 6108 3038 6109 3040 6109 3186 6109 3040 6110 3187 6110 3186 6110 3040 6111 3042 6111 3187 6111 3042 6112 3188 6112 3187 6112 3042 6113 3044 6113 3188 6113 3044 6114 3189 6114 3188 6114 3044 6115 3046 6115 3189 6115 3046 6116 3190 6116 3189 6116 3046 6117 3048 6117 3190 6117 3048 6118 3191 6118 3190 6118 3048 6119 3050 6119 3191 6119 3050 6120 3192 6120 3191 6120 3050 6121 3005 6121 3192 6121 3005 6122 3004 6122 3192 6122 3005 6123 367 6123 3004 6123 367 6124 369 6124 3004 6124 373 6125 3068 6125 371 6125 3068 6126 3004 6126 371 6126 3068 6127 3066 6127 3004 6127 3066 6128 3192 6128 3004 6128 3066 6129 3064 6129 3192 6129 3064 6130 3191 6130 3192 6130 3064 6131 3062 6131 3191 6131 3062 6132 3190 6132 3191 6132 3062 6133 3060 6133 3190 6133 3060 6134 3189 6134 3190 6134 3060 6135 3058 6135 3189 6135 3058 6136 3188 6136 3189 6136 3058 6137 3056 6137 3188 6137 3056 6138 3187 6138 3188 6138 3056 6139 3054 6139 3187 6139 3054 6140 3186 6140 3187 6140 3054 6141 3052 6141 3186 6141 3052 6142 3185 6142 3186 6142 3052 6143 333 6143 3185 6143 333 6144 334 6144 3185 6144 400 6145 3078 6145 395 6145 3078 6146 394 6146 395 6146 3078 6147 3069 6147 394 6147 3069 6148 375 6148 394 6148 3069 6149 373 6149 375 6149 399 6150 3193 6150 400 6150 3193 6151 3078 6151 400 6151 3193 6152 3194 6152 3078 6152 3194 6153 3077 6153 3078 6153 3194 6154 3195 6154 3077 6154 3195 6155 3076 6155 3077 6155 3195 6156 3196 6156 3076 6156 3196 6157 3075 6157 3076 6157 3196 6158 3197 6158 3075 6158 3197 6159 3074 6159 3075 6159 3197 6160 3198 6160 3074 6160 3198 6161 3073 6161 3074 6161 3198 6162 3199 6162 3073 6162 3199 6163 3072 6163 3073 6163 3199 6164 3200 6164 3072 6164 3200 6165 3071 6165 3072 6165 3200 6166 3201 6166 3071 6166 3201 6167 3070 6167 3071 6167 3201 6168 330 6168 3070 6168 330 6169 331 6169 3070 6169 330 6170 3201 6170 329 6170 3201 6171 3202 6171 329 6171 3201 6172 3200 6172 3202 6172 3200 6173 3203 6173 3202 6173 3200 6174 3199 6174 3203 6174 3199 6175 3204 6175 3203 6175 3199 6176 3198 6176 3204 6176 3198 6177 3205 6177 3204 6177 3198 6178 3197 6178 3205 6178 3197 6179 3206 6179 3205 6179 3197 6180 3196 6180 3206 6180 3196 6181 3207 6181 3206 6181 3196 6182 3195 6182 3207 6182 3195 6183 3208 6183 3207 6183 3195 6184 3194 6184 3208 6184 3194 6185 3209 6185 3208 6185 3194 6186 3193 6186 3209 6186 3193 6187 3003 6187 3209 6187 3193 6188 399 6188 3003 6188 399 6189 397 6189 3003 6189 329 6190 3202 6190 328 6190 3202 6191 3210 6191 328 6191 3202 6192 3203 6192 3210 6192 3203 6193 3211 6193 3210 6193 3203 6194 3204 6194 3211 6194 3204 6195 3212 6195 3211 6195 3204 6196 3205 6196 3212 6196 3205 6197 3213 6197 3212 6197 3205 6198 3206 6198 3213 6198 3206 6199 3214 6199 3213 6199 3206 6200 3207 6200 3214 6200 3207 6201 3215 6201 3214 6201 3207 6202 3208 6202 3215 6202 3208 6203 3216 6203 3215 6203 3208 6204 3209 6204 3216 6204 3209 6205 3217 6205 3216 6205 3209 6206 3003 6206 3217 6206 3003 6207 3002 6207 3217 6207 3003 6208 401 6208 3002 6208 401 6209 402 6209 3002 6209 328 6210 3210 6210 327 6210 3210 6211 3218 6211 327 6211 3210 6212 3211 6212 3218 6212 3211 6213 3219 6213 3218 6213 3211 6214 3212 6214 3219 6214 3212 6215 3220 6215 3219 6215 3212 6216 3213 6216 3220 6216 3213 6217 3221 6217 3220 6217 3213 6218 3214 6218 3221 6218 3214 6219 3222 6219 3221 6219 3214 6220 3215 6220 3222 6220 3215 6221 3223 6221 3222 6221 3215 6222 3216 6222 3223 6222 3216 6223 3224 6223 3223 6223 3216 6224 3217 6224 3224 6224 3217 6225 3225 6225 3224 6225 3217 6226 3002 6226 3225 6226 3002 6227 3001 6227 3225 6227 3002 6228 404 6228 3001 6228 404 6229 405 6229 3001 6229 409 6230 3095 6230 410 6230 3095 6231 3001 6231 410 6231 3095 6232 3093 6232 3001 6232 3093 6233 3225 6233 3001 6233 3093 6234 3091 6234 3225 6234 3091 6235 3224 6235 3225 6235 3091 6236 3089 6237 3224 6238 3089 6239 3223 6239 3224 6239 3089 6240 3087 6240 3223 6240 3087 6241 3222 6241 3223 6241 3087 6242 3085 6242 3222 6242 3085 6243 3221 6243 3222 6243 3085 6244 3083 6244 3221 6244 3083 6245 3220 6245 3221 6245 3083 6246 3081 6246 3220 6246 3081 6247 3219 6247 3220 6247 3081 6248 3079 6248 3219 6248 3079 6249 3218 6249 3219 6249 3079 6250 326 6250 3218 6250 326 6251 327 6251 3218 6251 419 6252 3105 6252 425 6252 3105 6253 426 6253 425 6253 3105 6254 3096 6254 426 6254 3096 6255 407 6255 426 6255 3096 6256 409 6256 407 6256 430 6257 3122 6257 419 6257 3122 6258 3105 6258 419 6258 3122 6259 3120 6259 3105 6259 3120 6260 3104 6260 3105 6260 3120 6261 3118 6261 3104 6261 3118 6262 3103 6262 3104 6262 3118 6263 3116 6263 3103 6263 3116 6264 3102 6264 3103 6264 3116 6265 3114 6265 3102 6265 3114 6266 3101 6266 3102 6266 3114 6267 3112 6267 3101 6267 3112 6268 3100 6268 3101 6268 3112 6269 3110 6269 3100 6269 3110 6270 3099 6270 3100 6270 3110 6271 3108 6271 3099 6271 3108 6272 3098 6272 3099 6272 3108 6273 3106 6273 3098 6273 3106 6274 3097 6274 3098 6274 3106 6275 320 6275 3097 6275 320 6276 321 6276 3097 6276 439 6277 3132 6277 437 6277 3132 6278 433 6278 437 6278 3132 6279 3123 6279 433 6279 3123 6280 431 6280 433 6280 3123 6281 430 6281 431 6281 441 6282 3000 6282 439 6282 3000 6283 3132 6283 439 6283 3000 6284 3226 6284 3132 6284 3226 6285 3131 6285 3132 6285 3226 6286 3227 6286 3131 6286 3227 6287 3130 6287 3131 6287 3227 6288 3228 6288 3130 6288 3228 6289 3129 6289 3130 6289 3228 6290 3229 6290 3129 6290 3229 6291 3128 6291 3129 6291 3229 6292 3230 6292 3128 6292 3230 6293 3127 6293 3128 6293 3230 6294 3231 6294 3127 6294 3231 6295 3126 6295 3127 6295 3231 6296 3232 6296 3126 6296 3232 6297 3125 6297 3126 6297 3232 6298 3233 6298 3125 6298 3233 6299 3124 6299 3125 6299 3233 6300 305 6300 3124 6300 305 6301 318 6301 3124 6301 444 6302 3234 6302 443 6302 3234 6303 3000 6303 443 6303 3234 6304 3235 6304 3000 6304 3235 6305 3226 6305 3000 6305 3235 6306 3236 6306 3226 6306 3236 6307 3227 6307 3226 6307 3236 6308 3237 6308 3227 6308 3237 6309 3228 6309 3227 6309 3237 6310 3238 6310 3228 6310 3238 6311 3229 6311 3228 6311 3238 6312 3239 6312 3229 6312 3239 6313 3230 6313 3229 6313 3239 6314 3240 6314 3230 6314 3240 6315 3231 6315 3230 6315 3240 6316 3241 6316 3231 6316 3241 6317 3232 6317 3231 6317 3241 6318 3242 6318 3232 6318 3242 6319 3233 6319 3232 6319 3242 6320 306 6320 3233 6320 306 6321 305 6321 3233 6321 306 6322 3242 6322 307 6322 3242 6323 3243 6323 307 6323 3242 6324 3241 6324 3243 6324 3241 6325 3244 6325 3243 6325 3241 6326 3240 6326 3244 6326 3240 6327 3245 6327 3244 6327 3240 6328 3239 6328 3245 6328 3239 6329 3246 6329 3245 6329 3239 6330 3238 6330 3246 6330 3238 6331 3247 6331 3246 6331 3238 6332 3237 6332 3247 6332 3237 6333 3248 6333 3247 6333 3237 6334 3236 6334 3248 6334 3236 6335 3249 6335 3248 6335 3236 6336 3235 6336 3249 6336 3235 6337 3250 6337 3249 6337 3235 6338 3234 6338 3250 6338 3234 6339 2999 6339 3250 6339 3234 6340 444 6340 2999 6340 444 6341 446 6341 2999 6341 307 6342 3243 6342 308 6342 3243 6343 3251 6343 308 6343 3243 6344 3244 6344 3251 6344 3244 6345 3252 6345 3251 6345 3244 6346 3245 6346 3252 6346 3245 6347 3253 6347 3252 6347 3245 6348 3246 6348 3253 6348 3246 6349 3254 6349 3253 6349 3246 6350 3247 6350 3254 6350 3247 6351 3255 6351 3254 6351 3247 6352 3248 6352 3255 6352 3248 6353 3256 6353 3255 6353 3248 6354 3249 6354 3256 6354 3249 6355 3257 6355 3256 6355 3249 6356 3250 6356 3257 6356 3250 6357 3258 6357 3257 6357 3250 6358 2999 6358 3258 6358 2999 6359 2998 6359 3258 6359 2999 6360 461 6360 2998 6360 461 6361 459 6361 2998 6361 455 6362 3149 6362 457 6362 3149 6363 2998 6363 457 6363 3149 6364 3147 6364 2998 6364 3147 6365 3258 6365 2998 6365 3147 6366 3145 6366 3258 6366 3145 6367 3257 6367 3258 6367 3145 6368 3143 6368 3257 6368 3143 6369 3256 6369 3257 6369 3143 6370 3141 6370 3256 6370 3141 6371 3255 6371 3256 6371 3141 6372 3139 6373 3255 6374 3139 6375 3254 6375 3255 6375 3139 6376 3137 6376 3254 6376 3137 6377 3253 6377 3254 6377 3137 6378 3135 6378 3253 6378 3135 6379 3252 6379 3253 6379 3135 6380 3133 6380 3252 6380 3133 6381 3251 6381 3252 6381 3133 6382 309 6382 3251 6382 309 6383 308 6383 3251 6383 469 6384 3159 6384 472 6384 3159 6385 448 6385 472 6385 3159 6386 3150 6386 448 6386 3150 6387 453 6387 448 6387 3150 6388 455 6388 453 6388 475 6389 3259 6389 469 6389 3259 6390 3159 6390 469 6390 3259 6391 3260 6391 3159 6391 3260 6392 3158 6392 3159 6392 3260 6393 3261 6393 3158 6393 3261 6394 3157 6394 3158 6394 3261 6395 3262 6395 3157 6395 3262 6396 3156 6396 3157 6396 3262 6397 3263 6397 3156 6397 3263 6398 3155 6398 3156 6398 3263 6399 3264 6399 3155 6399 3264 6400 3154 6400 3155 6400 3264 6401 3265 6401 3154 6401 3265 6402 3153 6402 3154 6402 3265 6403 3266 6403 3153 6403 3266 6404 3152 6404 3153 6404 3266 6405 3267 6405 3152 6405 3267 6406 3151 6406 3152 6406 3267 6407 315 6407 3151 6407 315 6408 313 6408 3151 6408 315 6409 3267 6409 297 6409 3267 6410 505 6411 297 6412 3267 6413 3266 6413 505 6413 3266 6414 506 6414 505 6414 3266 6415 3265 6415 506 6415 3265 6416 520 6416 506 6416 3265 6417 3264 6417 520 6417 3264 6418 519 6418 520 6418 3264 6419 3263 6419 519 6419 3263 6420 518 6420 519 6420 3263 6421 3262 6421 518 6421 3262 6422 517 6422 518 6422 3262 6423 3261 6423 517 6423 3261 6424 516 6424 517 6424 3261 6425 3260 6425 516 6425 3260 6426 504 6426 516 6426 3260 6427 3259 6427 504 6427 3259 6428 503 6428 504 6428 3259 6429 475 6429 503 6429 475 6430 473 6430 503 6430 204 6431 3268 6431 132 6431 3268 6432 3269 6432 132 6432 3268 6433 3270 6433 3269 6433 3270 6434 134 6434 3269 6434 3270 6435 3271 6435 134 6435 3271 6436 136 6436 134 6436 3271 6437 3272 6437 136 6437 3272 6438 138 6438 136 6438 3272 6439 3273 6439 138 6439 3273 6440 140 6440 138 6440 3273 6441 3274 6441 140 6441 3274 6442 142 6442 140 6442 3274 6443 3275 6443 142 6443 3275 6444 144 6444 142 6444 3275 6445 3276 6445 144 6445 3276 6446 146 6446 144 6446 3276 6447 3277 6447 146 6447 3277 6448 148 6448 146 6448 3277 6449 3278 6449 148 6449 3278 6449 150 6449 148 6449 3278 6450 3279 6450 150 6450 3279 6451 152 6451 150 6451 3279 6452 3280 6452 152 6452 3280 6453 154 6453 152 6453 3280 6454 3281 6454 154 6454 3281 6454 156 6454 154 6454 3281 6455 3282 6455 156 6455 3282 6456 158 6456 156 6456 3282 6457 3283 6457 158 6457 3283 6457 160 6457 158 6457 3283 6458 3284 6458 160 6458 3284 6459 162 6459 160 6459 3284 6460 3285 6460 162 6460 3285 6460 164 6460 162 6460 3285 6461 3286 6461 164 6461 3286 6461 166 6461 164 6461 3286 6462 3287 6462 166 6462 3287 6463 168 6463 166 6463 3287 6464 3288 6464 168 6464 3288 6464 170 6464 168 6464 3288 6465 3289 6465 170 6465 3289 6465 172 6465 170 6465 3289 6466 3290 6466 172 6466 3290 6467 174 6467 172 6467 3290 6468 3291 6468 174 6468 3291 6469 176 6469 174 6469 3291 6470 3292 6470 176 6470 3292 6470 178 6470 176 6470 3292 6471 3293 6471 178 6471 3293 6471 180 6471 178 6471 3293 6472 3294 6472 180 6472 3294 6472 182 6472 180 6472 3294 6473 3295 6473 182 6473 3295 6474 184 6474 182 6474 3295 6475 3296 6475 184 6475 3296 6476 186 6476 184 6476 3296 6477 3297 6477 186 6477 3297 6478 188 6478 186 6478 3297 6479 3298 6479 188 6479 3298 6480 190 6480 188 6480 3298 6481 3299 6481 190 6481 3299 6481 192 6481 190 6481 3299 6482 3300 6482 192 6482 3300 6483 194 6483 192 6483 3300 6484 3301 6484 194 6484 3301 6485 196 6485 194 6485 3301 6486 3302 6486 196 6486 3302 6486 198 6486 196 6486 3302 6487 3303 6487 198 6487 3303 6488 200 6488 198 6488 3303 6489 3304 6489 200 6489 3304 6490 202 6490 200 6490 3304 6491 3305 6491 202 6491 3305 6492 204 6492 202 6492 3305 6493 3268 6493 204 6493 3306 6494 3308 6494 3307 6494 3309 6495 3311 6496 3310 6497 3311 6498 3312 6498 3310 6498 3313 6499 3311 6500 3309 6501 3314 6502 3316 6503 3315 6504 3314 6505 3312 6505 3316 6505 3312 6506 3317 6506 3316 6506 3312 6507 3311 6507 3317 6507 3311 6508 3306 6508 3317 6508 3311 6509 3313 6510 3306 6511 3313 6512 3308 6513 3306 6514 3313 6515 3309 6516 3308 6517 3316 6518 3317 6518 3318 6518 3317 6519 3319 6519 3318 6519 3317 6520 3306 6520 3319 6520 3306 6521 3320 6521 3319 6521 3306 6522 3307 6522 3320 6522 3307 6523 3321 6523 3320 6523 3307 6524 3322 6524 3321 6524 3322 6525 3323 6525 3321 6525 3324 6526 3326 6527 3325 6528 3326 6529 3327 6529 3325 6529 3326 6530 3328 6530 3327 6530 3328 6531 3329 6531 3327 6531 3328 6532 3330 6532 3329 6532 3330 6533 3331 6533 3329 6533 3330 6534 3332 6534 3331 6534 3332 6535 3333 6535 3331 6535 3332 6536 3334 6536 3333 6536 3334 6537 3335 6537 3333 6537 3334 6538 3336 6538 3335 6538 3336 6539 3337 6539 3335 6539 3336 6540 3338 6540 3337 6540 3338 6541 3339 6541 3337 6541 3338 6542 3340 6542 3339 6542 3340 6543 3341 6543 3339 6543 3340 6544 3342 6544 3341 6544 3342 6545 3343 6545 3341 6545 3342 6546 3344 6546 3343 6546 3344 6547 3345 6547 3343 6547 3344 6548 3346 6548 3345 6548 3346 6549 3347 6549 3345 6549 3346 6550 3348 6550 3347 6550 3348 6551 3349 6551 3347 6551 3348 6552 3350 6552 3349 6552 3350 6553 3351 6553 3349 6553 3350 6554 3352 6554 3351 6554 3352 6555 3353 6555 3351 6555 3352 6556 3354 6556 3353 6556 3354 6557 3355 6557 3353 6557 3354 6558 3356 6558 3355 6558 3356 6559 3357 6559 3355 6559 3356 6560 3358 6560 3357 6560 3358 6561 3359 6561 3357 6561 3358 6562 3360 6562 3359 6562 3360 6563 3361 6563 3359 6563 3360 6564 3362 6564 3361 6564 3362 6565 3363 6565 3361 6565 3362 6566 3364 6566 3363 6566 3364 6567 3365 6567 3363 6567 3364 6568 3366 6568 3365 6568 3366 6569 3367 6569 3365 6569 3366 6570 3368 6570 3367 6570 3368 6571 3369 6572 3367 6573 3368 6574 3370 6574 3369 6574 3370 6575 3371 6576 3369 6575 3370 6577 3372 6577 3371 6577 3372 6578 3373 6578 3371 6578 3372 6579 3374 6579 3373 6579 3374 6580 3375 6580 3373 6580 3374 6581 3376 6581 3375 6581 3376 6582 3377 6582 3375 6582 3376 6583 3378 6583 3377 6583 3378 6584 3379 6584 3377 6584 3378 6585 3380 6585 3379 6585 3380 6586 3381 6586 3379 6586 3380 6587 3382 6587 3381 6587 3382 6588 3383 6588 3381 6588 3382 6589 3384 6589 3383 6589 3384 6590 3385 6590 3383 6590 3384 6591 3386 6591 3385 6591 3386 6592 3387 6592 3385 6592 3386 314 3388 314 3387 314 3388 6593 3389 6593 3387 6593 3388 6594 3390 6594 3389 6594 3390 6595 3391 6595 3389 6595 3390 6596 3392 6596 3391 6596 3392 6597 3393 6597 3391 6597 3392 6598 3394 6598 3393 6598 3394 6599 3395 6599 3393 6599 3394 6600 3396 6600 3395 6600 3396 6601 3397 6601 3395 6601 3396 6602 3324 6602 3397 6602 3324 6603 3325 6604 3397 6605 3398 6606 3400 6606 3399 6606 3398 6606 3401 6606 3400 6606 3401 6607 3402 6607 3400 6607 3401 6608 3403 6608 3402 6608 3403 6609 3404 6609 3402 6609 3403 6610 3405 6610 3404 6610 3405 6611 3406 6611 3404 6611 3405 6612 3407 6612 3406 6612 3407 6613 3408 6613 3406 6613 3407 6614 3409 6614 3408 6614 3409 6615 3410 6615 3408 6615 3409 6616 3411 6616 3410 6616 3411 6617 3412 6617 3410 6617 3411 6618 3413 6618 3412 6618 3413 6619 3414 6619 3412 6619 3413 6620 3415 6620 3414 6620 3415 6621 3416 6621 3414 6621 3415 6622 3417 6622 3416 6622 3417 6623 3418 6623 3416 6623 3417 6624 3419 6624 3418 6624 3419 6625 3420 6625 3418 6625 3419 6626 3421 6626 3420 6626 3421 6627 3422 6627 3420 6627 3421 6628 3423 6628 3422 6628 3423 6629 3424 6629 3422 6629 3423 6630 3425 6630 3424 6630 3425 6631 3426 6631 3424 6631 3425 6632 3427 6632 3426 6632 3427 6633 3428 6633 3426 6633 3427 6634 3429 6634 3428 6634 3429 6635 3430 6635 3428 6635 3429 6636 3431 6636 3430 6636 3431 6637 3432 6637 3430 6637 3431 6638 3433 6638 3432 6638 3433 6639 3434 6639 3432 6639 3433 6640 3435 6640 3434 6640 3435 6641 3436 6641 3434 6641 3435 6641 3437 6641 3436 6641 3437 6642 3438 6642 3436 6642 3437 6643 3439 6643 3438 6643 3439 6644 3440 6644 3438 6644 3439 6645 3441 6645 3440 6645 3441 6646 3442 6646 3440 6646 3441 6647 3443 6647 3442 6647 3444 6648 3446 6648 3445 6648 3447 170 3449 170 3448 170 3446 6649 3444 6649 3442 6649 3444 170 3440 170 3442 170 3444 6650 3450 6650 3440 6650 3447 6651 3451 6651 3449 6651 3451 6652 3452 6652 3449 6652 3451 170 3399 170 3452 170 3399 6653 3453 6653 3452 6653 3399 6654 3400 6654 3453 6654 3450 6655 3454 6655 3440 6655 3454 6656 3438 6656 3440 6656 3454 6657 3436 6657 3438 6657 3453 6658 3456 6658 3455 6658 3456 6659 3453 6659 3457 6659 3453 6660 3402 6660 3457 6660 3453 6661 3400 6661 3402 6661 3457 6662 3402 6662 3458 6662 3402 170 3459 170 3458 170 3402 6663 3404 6663 3459 6663 3459 170 3404 170 3460 170 3404 170 3461 170 3460 170 3404 170 3406 170 3461 170 3406 170 3462 170 3461 170 3406 6664 3408 6664 3462 6664 3408 170 3463 170 3462 170 3408 170 3410 170 3463 170 3463 6665 3410 6665 3464 6665 3410 170 3465 170 3464 170 3410 170 3412 170 3465 170 3412 6666 3466 6666 3465 6666 3412 170 3414 170 3466 170 3414 170 3467 170 3466 170 3414 6667 3416 6667 3467 6667 3467 6668 3416 6668 3468 6668 3416 170 3469 170 3468 170 3416 6669 3418 6669 3469 6669 3418 170 3470 170 3469 170 3418 170 3420 170 3470 170 3420 6670 3471 6670 3470 6670 3420 6671 3422 6671 3471 6671 3422 6672 3472 6672 3471 6672 3422 170 3424 170 3472 170 3430 170 3432 170 3473 170 3432 6673 3474 6673 3473 6673 3432 170 3434 170 3474 170 3434 6674 3475 6674 3474 6674 3434 170 3436 170 3475 170 116 170 3476 170 3454 170 3476 6675 3436 6675 3454 6675 3476 170 3477 170 3436 170 3477 170 3475 170 3436 170 3472 170 3424 170 3478 170 3424 170 3479 170 3478 170 3424 170 3426 170 3479 170 3426 6676 3480 6676 3479 6676 3426 170 3428 170 3480 170 3428 170 3481 170 3480 170 3428 170 3430 170 3481 170 3430 6677 3482 6677 3481 6677 3430 170 3473 170 3482 170 3483 6678 297 6678 3484 6678 297 6679 3485 6679 3484 6679 3486 335 3443 335 3487 335 3443 335 3488 335 3487 335 3443 6680 3441 6680 3488 6680 3441 6681 3489 6681 3488 6681 3441 335 3439 335 3489 335 3439 6682 3490 6682 3489 6682 3439 6683 3437 6683 3490 6683 295 335 297 335 3491 335 297 335 3492 335 3491 335 297 6684 3483 6684 3492 6684 3490 335 3437 335 289 335 3437 6685 3493 6685 289 6685 3437 335 3435 335 3493 335 3435 6686 3494 6686 3493 6686 3435 335 3433 335 3494 335 3494 335 3433 335 3495 335 3433 6687 3496 6687 3495 6687 3433 6688 3431 6688 3496 6688 3431 6689 3497 6689 3496 6689 3431 6690 3429 6690 3497 6690 3497 335 3429 335 3498 335 3429 6691 3499 6691 3498 6691 3429 6692 3427 6692 3499 6692 3427 335 3500 335 3499 335 3427 6693 3425 6693 3500 6693 3425 335 3501 335 3500 335 3425 6694 3423 6694 3501 6694 3501 6695 3423 6695 3502 6695 3423 6696 3503 6696 3502 6696 3423 6697 3421 6697 3503 6697 3421 335 3504 335 3503 335 3421 335 3419 335 3504 335 3419 335 3505 335 3504 335 3419 6698 3417 6698 3505 6698 3505 6699 3417 6699 3506 6699 3417 6700 3507 6700 3506 6700 3417 335 3415 335 3507 335 3415 6701 3508 6701 3507 6701 3415 335 3413 335 3508 335 3413 6702 3509 6702 3508 6702 3413 335 3411 335 3509 335 3509 6703 3411 6703 3510 6703 3411 335 3511 335 3510 335 3411 335 3409 335 3511 335 3409 6704 3512 6704 3511 6704 3409 335 3407 335 3512 335 3407 6705 3513 6705 3512 6705 3407 335 3405 335 3513 335 3513 6706 3405 6706 3514 6706 3405 335 3515 335 3514 335 3405 6707 3403 6707 3515 6707 3403 6708 3516 6708 3515 6708 3403 335 3401 335 3516 335 3401 6709 3517 6709 3516 6709 3401 335 3398 335 3517 335 3398 6710 3518 6710 3517 6710 3398 335 3519 335 3518 335 3519 6711 3520 6711 3518 6711 3519 335 3521 335 3520 335 3521 6712 3522 6712 3520 6712 3521 335 3523 335 3522 335 3523 6713 3524 6713 3522 6713 3523 335 3485 335 3524 335 3485 6714 3525 6714 3524 6714 3485 6715 297 6715 3525 6715 3309 6716 3527 6716 3526 6716 3528 6717 3530 6717 3529 6717 3528 6718 3531 6718 3530 6718 3531 6719 3532 6719 3530 6719 3531 6720 3533 6720 3532 6720 3533 6721 3534 6721 3532 6721 3533 6722 3535 6722 3534 6722 3535 6723 3536 6723 3534 6723 3535 6724 3537 6724 3536 6724 3537 6725 3538 6725 3536 6725 3537 6726 3539 6726 3538 6726 3539 6727 3540 6727 3538 6727 3539 6728 3541 6728 3540 6728 3541 6729 3542 6729 3540 6729 3541 6730 3543 6730 3542 6730 3543 6731 3544 6731 3542 6731 3543 6732 3545 6732 3544 6732 3545 6733 3546 6733 3544 6733 3545 6734 3547 6734 3546 6734 3547 6735 3548 6735 3546 6735 3547 6736 3549 6736 3548 6736 3549 6737 3550 6737 3548 6737 3549 6738 3551 6738 3550 6738 3550 6739 3551 6739 3552 6739 3551 6740 3553 6740 3552 6740 3551 6741 3554 6741 3553 6741 3554 6742 3555 6742 3553 6742 3554 6743 3556 6743 3555 6743 3556 6744 3557 6744 3555 6744 3556 6745 3558 6745 3557 6745 3558 6746 3559 6746 3557 6746 3559 6747 3560 6747 3557 6747 3559 6748 3561 6748 3560 6748 3561 6749 3562 6749 3560 6749 3561 6750 3563 6750 3562 6750 3562 6751 3563 6751 3564 6751 3563 6752 3565 6752 3564 6752 3563 6753 3566 6753 3565 6753 3566 6754 3567 6754 3565 6754 3566 6755 3568 6755 3567 6755 3568 6756 3569 6756 3567 6756 3568 6757 3570 6757 3569 6757 3570 6758 3571 6758 3569 6758 3571 6759 3572 6759 3569 6759 3571 6760 3573 6760 3572 6760 3573 6761 3574 6761 3572 6761 3573 6762 3575 6762 3574 6762 3574 6763 3575 6763 3576 6763 3575 6764 3577 6764 3576 6764 3575 6765 3578 6765 3577 6765 3578 6766 3579 6766 3577 6766 3578 6767 3580 6767 3579 6767 3580 6768 3581 6768 3579 6768 3580 6769 3582 6769 3581 6769 3582 6770 3583 6770 3581 6770 3583 6771 3584 6771 3581 6771 3583 6772 3585 6772 3584 6772 3585 6773 3586 6773 3584 6773 3585 6774 3587 6774 3586 6774 3586 6775 3587 6775 3588 6775 3587 6776 3589 6776 3588 6776 3587 6777 3590 6777 3589 6777 3590 6778 3591 6778 3589 6778 3590 6779 3592 6779 3591 6779 3592 6780 3593 6780 3591 6780 3592 6781 3594 6781 3593 6781 3594 6782 3595 6782 3593 6782 3594 6783 3596 6783 3595 6783 3595 6784 3596 6784 3597 6784 3596 6785 3598 6785 3597 6785 3596 6786 3599 6786 3598 6786 3599 6787 3600 6787 3598 6787 3599 6788 3601 6788 3600 6788 3601 6789 3602 6789 3600 6789 3601 6790 3603 6790 3602 6790 3603 6791 3604 6791 3602 6791 339 6792 3605 6792 338 6792 3605 6793 3606 6793 338 6793 3605 6794 3607 6794 3606 6794 3607 6795 3608 6795 3606 6795 3607 6796 3604 6796 3608 6796 3604 6797 3609 6797 3608 6797 3604 6798 3603 6798 3609 6798 3529 6799 3610 6799 3528 6799 3610 6800 3611 6800 3528 6800 3610 6801 3612 6801 3611 6801 3612 6802 3613 6802 3611 6802 3612 6803 3614 6803 3613 6803 3614 6804 3615 6804 3613 6804 3614 6805 3616 6805 3615 6805 3616 6806 3617 6806 3615 6806 3616 6807 3618 6807 3617 6807 3618 6808 3619 6808 3617 6808 3618 6809 3620 6809 3619 6809 3620 6810 3621 6810 3619 6810 3620 6811 3622 6811 3621 6811 3622 6812 3309 6812 3621 6812 3622 6813 3623 6813 3309 6813 3623 6814 3527 6814 3309 6814 3623 6815 3624 6815 3527 6815 3624 6816 474 6816 3527 6816 3624 6817 473 6817 474 6817 3490 557 289 557 3454 557 289 557 116 557 3454 557 491 557 339 557 489 557 3625 557 3627 557 3626 557 489 557 339 557 488 557 339 6818 289 6818 488 6818 339 557 338 557 289 557 338 557 116 557 289 557 338 557 3627 557 116 557 3627 6819 3628 6819 116 6819 3627 6820 3625 6820 3628 6820 487 6821 3630 6821 3629 6821 482 6822 480 6822 481 6822 3626 557 3627 557 3631 557 3627 557 487 557 3631 557 3627 6823 3632 6823 487 6823 3632 557 3630 557 487 557 480 557 482 557 493 557 482 6824 490 6824 493 6824 482 6825 339 6825 490 6825 339 6826 492 6826 490 6826 339 6827 491 6827 492 6827 513 6828 494 6828 512 6828 494 557 514 557 512 557 521 6829 186 6829 188 6829 494 557 474 557 168 557 474 6830 166 6830 168 6830 474 6831 473 6831 152 6831 473 6832 150 6832 152 6832 521 6833 522 6833 186 6833 522 6834 184 6834 186 6834 522 6835 523 6835 184 6835 138 6836 140 6836 295 6836 140 557 297 557 295 557 184 6837 523 6837 182 6837 523 6838 180 6838 182 6838 523 557 507 557 180 557 507 6839 178 6839 180 6839 507 557 494 557 178 557 521 6840 190 6840 192 6840 521 6841 188 6841 190 6841 148 6842 297 6842 146 6842 502 557 3269 557 500 557 297 6843 148 6843 505 6843 132 6844 3269 6844 495 6844 3269 6845 501 6845 495 6845 3269 6846 502 6846 501 6846 500 557 3269 557 499 557 3269 6847 498 6847 499 6847 3269 6848 497 6848 498 6848 295 6849 3269 6849 134 6849 295 557 496 557 3269 557 496 557 497 557 3269 557 3633 507 3635 507 3634 507 3635 507 3636 507 3634 507 3492 6850 3638 6850 3637 6850 3638 507 3492 507 3639 507 3492 6851 3640 6851 3639 6851 3492 6852 3636 6852 3640 6852 3641 6853 3643 6853 3642 6853 3643 6854 3644 6854 3642 6854 3491 507 3646 507 3645 507 3646 6855 3647 6855 3645 6855 3646 507 3491 507 3648 507 3491 6856 3649 6856 3648 6856 3491 507 3492 507 3649 507 3492 6857 3650 6857 3649 6857 3492 6858 3637 6858 3650 6858 3647 507 3646 507 3651 507 3646 6859 3652 6859 3651 6859 3646 6860 3653 6860 3652 6860 3640 507 3636 507 3654 507 3636 507 3655 507 3654 507 3636 6861 3656 6861 3655 6861 3657 6862 3635 6862 3658 6862 3635 6863 3659 6863 3658 6863 3635 6864 3660 6864 3659 6864 3644 507 3643 507 3661 507 3643 6865 3662 6865 3661 6865 3643 507 3663 507 3662 507 3663 507 3646 507 3662 507 3663 507 3664 507 3646 507 3664 507 3653 507 3646 507 3656 507 3636 507 3665 507 3636 6866 3666 6866 3665 6866 3636 6867 3667 6867 3666 6867 3668 507 3635 507 3669 507 3660 6868 3643 6868 3670 6868 3643 6869 3671 6869 3670 6869 3643 6870 3641 6870 3671 6870 3669 507 3635 507 3672 507 3635 6871 3673 6871 3672 6871 3635 6872 3657 6872 3673 6872 3643 507 3660 507 3674 507 3660 6873 3675 6873 3674 6873 3660 6874 3635 6874 3675 6874 3635 6875 3676 6875 3675 6875 3635 6876 3677 6876 3676 6876 3677 507 3635 507 3678 507 3635 6877 3679 6877 3678 6877 3635 6878 3680 6878 3679 6878 3680 507 3635 507 3681 507 3635 6879 3682 6879 3681 6879 3635 507 3683 507 3682 507 3684 507 3635 507 3685 507 3635 6880 3686 6880 3685 6880 3686 507 3635 507 3687 507 3635 6881 3688 6881 3687 6881 3635 6882 3668 6882 3688 6882 3667 507 3636 507 3689 507 3636 507 3690 507 3689 507 3636 6883 3635 6883 3690 6883 3635 6884 3691 6884 3690 6884 3635 6885 3684 6885 3691 6885 3635 170 474 170 494 170 474 170 3635 170 3527 170 3635 6886 3526 6886 3527 6886 3635 6887 3633 6887 3526 6887 3633 170 3692 170 3526 170 3692 6888 3693 6888 3526 6888 3692 6889 3694 6889 3693 6889 3695 170 3697 170 3696 170 3697 6890 3698 6890 3696 6890 3695 170 3693 170 3697 170 3693 6891 3699 6891 3697 6891 3693 6892 3694 6892 3699 6892 3700 170 3698 170 3701 170 3698 6893 3702 6893 3701 6893 3698 6894 3697 6894 3702 6894 3683 601 3635 601 3703 601 3635 601 3704 601 3703 601 3705 6895 3707 6895 3706 6895 3708 6896 3710 6896 3709 6896 3710 6897 3711 6897 3709 6897 513 6898 3713 6898 3712 6898 3714 6899 513 6899 3715 6899 513 6900 3716 6900 3715 6900 513 6901 3708 6901 3716 6901 3708 6902 3717 6902 3716 6902 3708 6903 3709 6903 3717 6903 3718 6904 3720 6904 3719 6904 3721 6905 3723 6905 3722 6905 3713 6906 513 6906 3724 6906 513 6907 3725 6907 3724 6907 513 6908 3714 6908 3725 6908 3726 6909 3711 6909 3727 6909 3711 6910 3728 6910 3727 6910 3711 6911 3710 6911 3728 6911 3721 6912 3729 6912 3723 6912 3730 6913 494 6913 3731 6913 3732 6914 494 6914 3733 6914 494 6915 3734 6915 3733 6915 494 6916 513 6916 3734 6916 513 6917 3735 6917 3734 6917 513 6918 3712 6918 3735 6918 3719 6919 3720 6919 3736 6919 3720 6920 3737 6920 3736 6920 3720 6921 3711 6921 3737 6921 3711 6922 3738 6922 3737 6922 3711 6923 3726 6923 3738 6923 3718 6924 3723 6924 3720 6924 3723 6925 3739 6925 3720 6925 3723 6926 3729 6926 3739 6926 3731 6927 494 6927 3740 6927 494 6928 3741 6928 3740 6928 494 6929 3732 6929 3741 6929 3722 6930 3723 6930 3742 6930 3723 6931 3743 6931 3742 6931 3723 6932 3707 6932 3743 6932 3707 6933 3744 6933 3743 6933 3707 6934 3705 6934 3744 6934 3706 6935 3707 6935 3745 6935 3707 6936 3746 6936 3745 6936 3707 6937 3747 6937 3746 6937 3747 6938 3748 6938 3746 6938 3747 6939 3749 6939 3748 6939 3749 6940 3750 6940 3748 6940 3635 6941 494 6941 3751 6941 494 6942 3752 6942 3751 6942 494 6943 3730 6943 3752 6943 3753 6944 3750 6944 3754 6944 3750 6945 3755 6945 3754 6945 3750 6946 3749 6946 3755 6946 3756 6947 3704 6947 3757 6947 3704 6948 3758 6948 3757 6948 3704 6949 3635 6949 3758 6949 3635 6950 3759 6950 3758 6950 3635 6951 3751 6951 3759 6951 3756 6952 3757 6952 3760 6952 3757 6953 3761 6953 3760 6953 3757 6954 3750 6954 3761 6954 3750 6955 3762 6955 3761 6955 3750 6956 3753 6956 3762 6956 513 6957 512 6957 3708 6957 512 6958 3763 6958 3708 6958 3372 6959 3764 6959 3374 6959 3382 6960 3765 6960 3384 6960 3765 6961 3386 6961 3384 6961 3374 6962 3764 6962 3376 6962 3764 6963 3378 6963 3376 6963 3764 6964 3765 6964 3378 6964 3765 6965 3380 6965 3378 6965 3765 6966 3382 6966 3380 6966 3326 6967 3324 6967 512 6967 3324 6968 3763 6968 512 6968 3324 6969 3396 6969 3763 6969 3396 6970 3766 6970 3763 6970 3396 6971 3394 6971 3766 6971 3326 6972 512 6972 3328 6972 512 6973 3330 6973 3328 6973 512 6974 3332 6974 3330 6974 3703 6975 3360 6975 3683 6975 3386 6976 3765 6976 3388 6976 3765 6977 3390 6977 3388 6977 3765 6978 3767 6978 3390 6978 3767 6979 3392 6979 3390 6979 3767 6980 3768 6980 3392 6980 3766 6981 3394 6981 3769 6981 3394 6982 3770 6982 3769 6982 3394 6983 3771 6983 3770 6983 3771 6984 3394 6984 3772 6984 3394 6985 3773 6985 3772 6985 3394 6986 3392 6986 3773 6986 3392 6987 3774 6987 3773 6987 3392 6988 3768 6988 3774 6988 3775 6989 3366 6989 3776 6989 3332 6990 512 6990 3334 6990 512 6991 3336 6991 3334 6991 512 6992 3338 6992 3336 6992 3366 6993 3364 6993 3776 6993 3364 6994 3777 6994 3776 6994 3364 6995 3778 6995 3777 6995 3338 6996 512 6996 3340 6996 512 6997 3342 6998 3340 6999 512 7000 514 7000 3342 7000 514 7001 3344 7001 3342 7001 514 7002 3346 7002 3344 7002 3360 7003 3703 7003 3362 7003 3703 7004 3364 7004 3362 7004 3703 7005 3779 7005 3364 7005 3779 7006 3778 7006 3364 7006 3780 7007 3764 7007 3368 7007 3764 7008 3370 7008 3368 7008 3764 7009 3372 7009 3370 7009 3780 7010 3368 7010 3781 7010 3368 7011 3782 7011 3781 7011 3368 7012 3366 7012 3782 7012 3366 7013 3783 7013 3782 7013 3366 7014 3775 7014 3783 7014 3346 7015 514 7015 3348 7015 514 7016 3350 7016 3348 7016 514 7017 3352 7017 3350 7017 3352 7018 514 7018 3354 7018 514 7019 3356 7019 3354 7019 514 7020 3683 7020 3356 7020 3683 7021 3358 7021 3356 7021 3683 7022 3360 7022 3358 7022 3723 507 3765 507 3707 507 3765 7023 3764 7023 3707 7023 3704 7024 3779 7024 3703 7024 3704 7025 3756 7025 3779 7025 3756 7026 3778 7026 3779 7026 3756 7027 3760 7027 3778 7027 3760 7028 3777 7028 3778 7028 3760 7029 3761 7029 3777 7029 3761 7030 3776 7030 3777 7030 3761 7031 3762 7031 3776 7031 3762 7032 3775 7032 3776 7032 3762 7033 3753 7033 3775 7033 3753 7034 3783 7034 3775 7034 3753 7035 3754 7035 3783 7035 3754 7036 3782 7036 3783 7036 3754 7037 3755 7037 3782 7037 3755 7038 3781 7038 3782 7038 3755 7039 3749 7039 3781 7039 3749 7040 3780 7040 3781 7040 3749 7041 3747 7041 3780 7041 3747 7042 3764 7042 3780 7042 3747 7043 3707 7043 3764 7043 3763 7044 3710 7044 3708 7044 3763 7045 3766 7045 3710 7045 3766 7046 3728 7046 3710 7046 3766 7047 3769 7047 3728 7047 3769 7048 3727 7048 3728 7048 3769 7049 3770 7049 3727 7049 3770 7050 3726 7050 3727 7050 3770 7051 3771 7051 3726 7051 3771 7052 3738 7052 3726 7052 3771 7053 3772 7053 3738 7053 3772 7054 3737 7054 3738 7054 3772 7055 3773 7055 3737 7055 3773 7056 3736 7056 3737 7056 3773 7057 3774 7057 3736 7057 3774 7058 3719 7058 3736 7058 3774 7059 3768 7059 3719 7059 3768 7060 3718 7060 3719 7060 3768 7061 3767 7061 3718 7061 3767 7062 3723 7062 3718 7062 3767 7063 3765 7063 3723 7063 3347 7064 3349 7064 3784 7064 3349 7065 3785 7065 3784 7065 3349 7066 3351 7066 3785 7066 3351 7067 3786 7067 3785 7067 3351 7068 3353 7068 3786 7068 3353 7069 3787 7069 3786 7069 3353 7070 3355 7070 3787 7070 3355 7071 3788 7071 3787 7071 3355 7072 3357 7072 3788 7072 3357 7073 3789 7073 3788 7073 3357 7074 3359 7074 3789 7074 3359 7075 3790 7075 3789 7075 3359 7076 3361 7076 3790 7076 3361 7077 3791 7077 3790 7077 3361 7078 3363 7078 3791 7078 3363 7079 3792 7079 3791 7079 3363 7080 3365 7080 3792 7080 3365 7081 3793 7081 3792 7081 3365 7082 3367 7082 3793 7082 3367 7083 3794 7083 3793 7083 3367 7084 3369 7084 3794 7084 3369 7085 3795 7085 3794 7085 3369 7086 3371 7087 3795 7088 3371 7089 3796 7089 3795 7089 3371 7090 3373 7090 3796 7090 3373 7091 3797 7091 3796 7091 3373 7092 3375 7092 3797 7092 3375 7093 3798 7093 3797 7093 3375 7094 3377 7094 3798 7094 3377 7095 3799 7095 3798 7095 3377 7096 3379 7096 3799 7096 3379 7097 3800 7097 3799 7097 3379 7098 3381 7098 3800 7098 3381 7099 3801 7099 3800 7099 3381 7100 3383 7100 3801 7100 3383 7101 3802 7101 3801 7101 3383 7102 3385 7102 3802 7102 3385 7103 3803 7103 3802 7103 3385 7104 3387 7104 3803 7104 3387 7105 3804 7105 3803 7105 3387 7106 3389 7106 3804 7106 3389 7107 3805 7107 3804 7107 3389 7108 3391 7108 3805 7108 3391 7109 3806 7109 3805 7109 3391 7110 3393 7110 3806 7110 3393 7111 3807 7111 3806 7111 3393 7112 3395 7112 3807 7112 3395 7113 3808 7113 3807 7113 3395 7114 3397 7114 3808 7114 3397 7115 3809 7115 3808 7115 3397 7116 3325 7116 3809 7116 3325 7117 3810 7117 3809 7117 3325 7118 3327 7118 3810 7118 3327 7119 3811 7119 3810 7119 3327 7120 3329 7120 3811 7120 3329 7121 3812 7121 3811 7121 3329 7122 3331 7122 3812 7122 3331 7123 3813 7123 3812 7123 3331 7124 3333 7124 3813 7124 3333 7125 3814 7125 3813 7125 3333 806 3335 806 3814 806 3335 7126 3815 7126 3814 7126 3335 7127 3337 7127 3815 7127 3337 7128 3816 7128 3815 7128 3337 7129 3339 7129 3816 7129 3339 7130 3817 7130 3816 7130 3339 7131 3341 7131 3817 7131 3341 7132 3818 7132 3817 7132 3341 7133 3343 7133 3818 7133 3343 7134 3819 7134 3818 7134 3343 7135 3345 7135 3819 7135 3345 7136 3820 7136 3819 7136 3345 7137 3347 7137 3820 7137 3347 7138 3784 7138 3820 7138 3810 7139 3811 7139 3717 7139 3811 7140 3716 7140 3717 7140 3811 7141 3812 7141 3716 7141 3812 7142 3715 7142 3716 7142 3812 7143 3813 7143 3715 7143 3813 7144 3714 7144 3715 7144 3813 7145 3814 7145 3714 7145 3814 7146 3725 7146 3714 7146 3814 7147 3815 7147 3725 7147 3815 7148 3724 7148 3725 7148 3815 7149 3816 7149 3724 7149 3816 7150 3713 7150 3724 7150 3816 7151 3817 7151 3713 7151 3817 7152 3712 7152 3713 7152 3817 7153 3818 7153 3712 7153 3818 7154 3735 7154 3712 7154 3818 7155 3819 7155 3735 7155 3819 7156 3734 7156 3735 7156 3819 7157 3820 7157 3734 7157 3820 7158 3733 7158 3734 7158 3820 7159 3784 7159 3733 7159 3784 7160 3732 7160 3733 7160 3784 7161 3785 7161 3732 7161 3785 7162 3741 7162 3732 7162 3785 7163 3786 7163 3741 7163 3786 7164 3740 7164 3741 7164 3786 7165 3787 7165 3740 7165 3787 7166 3731 7166 3740 7166 3787 7167 3788 7167 3731 7167 3788 7168 3730 7168 3731 7168 3788 7169 3789 7169 3730 7169 3789 7170 3752 7170 3730 7170 3789 7171 3790 7171 3752 7171 3790 7172 3751 7172 3752 7172 3790 880 3791 880 3751 880 3791 7173 3759 7173 3751 7173 3791 7174 3792 7174 3759 7174 3792 7175 3758 7175 3759 7175 3792 7176 3793 7176 3758 7176 3793 7177 3757 7177 3758 7177 3793 7178 3794 7178 3757 7178 3794 7179 3750 7179 3757 7179 3794 7180 3795 7180 3750 7180 3795 7181 3748 7181 3750 7181 3795 7182 3796 7182 3748 7182 3796 7183 3746 7183 3748 7183 3796 7184 3797 7184 3746 7184 3797 7185 3745 7185 3746 7185 3797 7186 3798 7186 3745 7186 3798 7187 3706 7187 3745 7187 3798 7188 3799 7188 3706 7188 3799 7189 3705 7189 3706 7189 3799 7190 3800 7190 3705 7190 3800 7191 3744 7191 3705 7191 3800 7192 3801 7192 3744 7192 3801 7193 3743 7193 3744 7193 3801 7194 3802 7194 3743 7194 3802 7195 3742 7195 3743 7195 3802 7196 3803 7196 3742 7196 3803 7197 3722 7197 3742 7197 3803 7198 3804 7198 3722 7198 3804 7199 3721 7199 3722 7199 3804 7200 3805 7200 3721 7200 3805 7201 3729 7201 3721 7201 3805 7202 3806 7202 3729 7202 3806 7203 3739 7203 3729 7203 3806 7204 3807 7204 3739 7204 3807 7205 3720 7205 3739 7205 3807 7206 3808 7206 3720 7206 3808 7207 3711 7207 3720 7207 3808 7208 3809 7208 3711 7208 3809 7209 3709 7209 3711 7209 3809 7210 3810 7210 3709 7210 3810 7211 3717 7211 3709 7211 3683 335 514 335 3682 335 514 335 515 335 3682 335 495 7212 3643 7212 521 7212 3643 7213 3674 7213 521 7213 3674 7214 3675 7214 521 7214 3675 7215 522 7215 521 7215 3675 7216 3676 7216 522 7216 3676 7216 523 7216 522 7216 3676 7217 3677 7217 523 7217 3677 7217 507 7217 523 7217 3677 7218 3678 7218 507 7218 3678 7218 508 7218 507 7218 3678 7219 3679 7219 508 7219 3679 7220 509 7220 508 7220 3679 7221 3680 7221 509 7221 3680 7222 510 7222 509 7222 3680 7223 3681 7223 510 7223 3681 7224 511 7224 510 7224 3681 7225 3682 7225 511 7225 3682 7226 515 7226 511 7226 495 7214 3663 7214 3643 7214 495 7215 501 7215 3663 7215 501 7227 3664 7227 3663 7227 501 7228 502 7228 3664 7228 502 7229 3653 7229 3664 7229 502 7230 500 7230 3653 7230 500 7231 3652 7231 3653 7231 500 7232 499 7232 3652 7232 499 7233 3651 7233 3652 7233 499 7234 498 7234 3651 7234 498 7235 3647 7235 3651 7235 498 7236 497 7236 3647 7236 497 7237 3645 7237 3647 7237 497 7238 496 7238 3645 7238 496 7239 3491 7239 3645 7239 496 7239 295 7239 3491 7239 3488 7240 3489 7240 3444 7240 3489 7241 3450 7241 3444 7241 3489 7242 3490 7242 3450 7242 3490 7243 3454 7243 3450 7243 3445 507 3487 507 3444 507 3487 507 3488 507 3444 507 3486 7244 3487 7244 3446 7244 3487 7245 3445 7245 3446 7245 3442 557 3443 557 3446 557 3443 557 3486 557 3446 557 3597 7246 3821 7246 3595 7246 3593 7247 3822 7247 3591 7247 3588 7248 3823 7248 3586 7248 3564 7249 3824 7249 3562 7249 3540 7250 3825 7250 3538 7250 3536 7251 3826 7251 3534 7251 3620 7252 3827 7252 3622 7252 3623 7253 3828 7253 3624 7253 3522 7254 3829 7254 3520 7254 3829 7255 3830 7255 3520 7255 3829 7256 3831 7256 3830 7256 3831 7257 3832 7257 3830 7257 3831 7258 3833 7258 3832 7258 3833 7259 3834 7259 3832 7259 3833 7260 3835 7260 3834 7260 3835 7261 3836 7261 3834 7261 3835 7262 3837 7262 3836 7262 3837 7263 3838 7263 3836 7263 3837 7264 3839 7264 3838 7264 3839 7265 3840 7265 3838 7265 3839 7266 3841 7266 3840 7266 3841 7267 3842 7267 3840 7268 3841 7269 3843 7269 3842 7269 3843 7270 3844 7271 3842 7272 3843 7273 3845 7273 3844 7273 3845 7274 3846 7274 3844 7274 3845 7275 3618 7275 3846 7275 3520 7276 3830 7276 3518 7276 3830 7277 3847 7277 3518 7277 3830 7278 3832 7278 3847 7278 3832 7279 3848 7279 3847 7279 3832 7280 3834 7280 3848 7280 3834 7281 3849 7281 3848 7281 3834 7282 3836 7282 3849 7282 3836 7283 3850 7283 3849 7283 3836 7284 3838 7284 3850 7284 3838 7285 3851 7285 3850 7285 3838 7286 3840 7286 3851 7286 3840 7287 3852 7287 3851 7287 3840 7288 3842 7288 3852 7288 3842 7289 3853 7289 3852 7289 3842 7290 3844 7290 3853 7290 3844 7291 3854 7291 3853 7291 3844 7292 3846 7292 3854 7292 3846 7293 3855 7293 3854 7293 3516 7294 3856 7294 3515 7294 3856 7295 3857 7295 3515 7295 3856 7296 3858 7296 3857 7296 3858 7297 3859 7297 3857 7297 3858 7298 3860 7298 3859 7298 3860 7299 3861 7299 3859 7299 3860 7300 3862 7300 3861 7300 3862 7301 3863 7301 3861 7301 3862 7302 3864 7302 3863 7302 3864 7303 3865 7303 3863 7303 3864 7304 3866 7304 3865 7304 3866 7305 3867 7305 3865 7305 3866 7306 3868 7306 3867 7306 3868 7307 3869 7307 3867 7307 3868 7308 3870 7308 3869 7308 3870 7309 3871 7309 3869 7309 3870 7310 3872 7310 3871 7310 3872 7311 3826 7311 3871 7311 3513 7312 3873 7312 3512 7312 3873 7313 3874 7313 3512 7313 3873 7314 3875 7314 3874 7314 3875 7315 3876 7315 3874 7315 3875 7316 3877 7316 3876 7316 3877 7317 3878 7317 3876 7317 3877 7318 3879 7318 3878 7318 3879 7319 3880 7319 3878 7319 3879 7320 3881 7320 3880 7320 3881 7321 3882 7321 3880 7321 3881 7322 3883 7322 3882 7322 3883 7323 3884 7323 3882 7323 3883 7324 3885 7324 3884 7324 3885 7325 3886 7325 3884 7325 3885 7326 3887 7326 3886 7326 3887 7327 3888 7327 3886 7327 3887 7328 3889 7328 3888 7328 3889 7329 3890 7329 3888 7329 3889 7330 3542 7330 3890 7330 3512 7331 3874 7331 3511 7331 3874 7332 3891 7332 3511 7332 3874 7333 3876 7333 3891 7333 3876 7334 3892 7334 3891 7334 3876 7335 3878 7335 3892 7335 3878 7336 3893 7336 3892 7336 3878 7337 3880 7337 3893 7337 3880 7338 3894 7338 3893 7338 3880 7339 3882 7339 3894 7339 3882 7340 3895 7340 3894 7340 3882 7341 3884 7341 3895 7341 3884 7342 3896 7342 3895 7342 3884 7343 3886 7343 3896 7343 3886 7344 3897 7344 3896 7344 3886 7345 3888 7346 3897 7347 3888 7348 3898 7348 3897 7348 3888 7349 3890 7349 3898 7349 3890 7350 3899 7350 3898 7350 3510 7351 3900 7351 3509 7351 3900 7352 3901 7352 3509 7352 3900 7353 3902 7353 3901 7353 3902 7354 3903 7354 3901 7354 3902 7355 3904 7355 3903 7355 3904 7356 3905 7356 3903 7356 3904 7357 3906 7357 3905 7357 3906 7358 3907 7358 3905 7358 3906 7359 3908 7359 3907 7359 3908 7360 3909 7360 3907 7360 3908 7361 3910 7361 3909 7361 3910 7362 3911 7362 3909 7362 3910 7363 3912 7363 3911 7363 3912 7364 3913 7364 3911 7364 3912 7365 3914 7365 3913 7365 3914 7366 3915 7366 3913 7366 3914 7367 3916 7367 3915 7367 3916 7368 3917 7368 3915 7368 3916 7369 3552 7369 3917 7369 3509 7370 3901 7370 3508 7370 3901 7371 3918 7371 3508 7371 3901 7372 3903 7372 3918 7372 3903 7373 3919 7373 3918 7373 3903 7374 3905 7374 3919 7374 3905 7375 3920 7375 3919 7375 3905 7376 3907 7376 3920 7376 3907 7377 3921 7377 3920 7377 3907 7378 3909 7378 3921 7378 3909 7379 3922 7379 3921 7379 3909 7380 3911 7380 3922 7380 3911 7381 3923 7381 3922 7381 3911 7382 3913 7382 3923 7382 3913 7383 3924 7383 3923 7383 3913 7384 3915 7384 3924 7384 3915 7385 3925 7385 3924 7385 3915 7386 3917 7386 3925 7386 3917 7387 3926 7387 3925 7387 3506 7388 3927 7389 3505 7390 3927 7391 3928 7391 3505 7391 3927 7392 3929 7392 3928 7392 3929 7393 3930 7393 3928 7393 3929 7394 3931 7394 3930 7394 3931 7395 3932 7395 3930 7395 3931 7396 3933 7396 3932 7396 3933 7397 3934 7397 3932 7397 3933 7398 3935 7398 3934 7398 3935 7399 3936 7399 3934 7399 3935 7400 3937 7400 3936 7400 3937 7401 3938 7401 3936 7401 3937 7402 3939 7402 3938 7402 3939 7403 3940 7403 3938 7403 3939 7404 3941 7404 3940 7404 3941 7405 3942 7405 3940 7405 3941 7406 3943 7406 3942 7406 3943 7407 3944 7407 3942 7407 3943 7408 3565 7408 3944 7408 3505 7409 3928 7409 3504 7409 3928 7410 3945 7410 3504 7410 3928 7411 3930 7411 3945 7411 3930 7412 3946 7412 3945 7412 3930 7413 3932 7413 3946 7413 3932 7414 3947 7414 3946 7414 3932 7415 3934 7415 3947 7415 3934 7416 3948 7416 3947 7416 3934 7417 3936 7417 3948 7417 3936 7418 3949 7418 3948 7418 3936 7419 3938 7419 3949 7419 3938 7420 3950 7420 3949 7420 3938 7421 3940 7421 3950 7421 3940 7422 3951 7422 3950 7422 3940 7423 3942 7423 3951 7423 3942 7424 3952 7424 3951 7424 3942 7425 3944 7425 3952 7425 3944 7426 3953 7426 3952 7426 3503 7427 3954 7427 3502 7427 3954 7428 3955 7428 3502 7428 3954 7429 3956 7429 3955 7429 3956 7430 3957 7430 3955 7430 3956 7431 3958 7431 3957 7431 3958 7432 3959 7432 3957 7432 3958 7433 3960 7433 3959 7433 3960 7434 3961 7434 3959 7434 3960 7435 3962 7435 3961 7435 3962 7436 3963 7436 3961 7436 3962 7437 3964 7437 3963 7437 3964 7438 3965 7438 3963 7438 3964 7439 3966 7439 3965 7439 3966 7440 3967 7440 3965 7440 3966 7441 3968 7441 3967 7441 3968 7442 3969 7442 3967 7442 3968 7443 3970 7443 3969 7443 3970 7444 3971 7444 3969 7444 3970 7445 3576 7445 3971 7445 3502 7446 3955 7446 3501 7446 3955 7447 3972 7447 3501 7447 3955 7448 3957 7448 3972 7448 3957 7449 3973 7449 3972 7449 3957 7450 3959 7450 3973 7450 3959 7451 3974 7451 3973 7451 3959 7452 3961 7452 3974 7452 3961 7453 3975 7453 3974 7453 3961 7454 3963 7454 3975 7454 3963 7455 3976 7455 3975 7455 3963 7456 3965 7456 3976 7456 3965 7457 3977 7457 3976 7457 3965 7458 3967 7458 3977 7458 3967 7459 3978 7459 3977 7459 3967 7460 3969 7460 3978 7460 3969 7461 3979 7461 3978 7461 3969 7462 3971 7462 3979 7462 3971 7463 3980 7463 3979 7463 3496 7464 3981 7464 3495 7464 3981 7465 3982 7465 3495 7465 3981 7466 3983 7466 3982 7466 3983 7467 3984 7467 3982 7467 3983 7468 3985 7468 3984 7468 3985 7469 3986 7469 3984 7469 3985 7470 3987 7470 3986 7470 3987 7471 3988 7471 3986 7471 3987 7472 3989 7472 3988 7472 3989 7473 3990 7473 3988 7473 3989 7474 3991 7474 3990 7474 3991 7475 3992 7475 3990 7475 3991 7476 3993 7476 3992 7476 3993 7477 3994 7477 3992 7477 3993 7478 3995 7478 3994 7478 3995 7479 3996 7479 3994 7479 3995 7480 3997 7480 3996 7480 3997 7481 3998 7481 3996 7481 3997 7482 3598 7482 3998 7482 3495 7483 3982 7483 3494 7483 3982 7484 3999 7484 3494 7484 3982 7485 3984 7485 3999 7485 3984 7486 4000 7486 3999 7486 3984 7487 3986 7487 4000 7487 3986 7488 4001 7488 4000 7488 3986 7489 3988 7489 4001 7489 3988 7490 4002 7490 4001 7490 3988 7491 3990 7491 4002 7491 3990 7492 4003 7492 4002 7492 3990 7493 3992 7493 4003 7493 3992 7494 4004 7494 4003 7494 3992 7495 3994 7495 4004 7495 3994 7496 4005 7496 4004 7496 3994 7497 3996 7497 4005 7497 3996 7498 4006 7498 4005 7498 3996 7499 3998 7499 4006 7499 3998 7500 4007 7500 4006 7500 297 7501 505 7501 3525 7501 505 7502 4008 7502 3525 7502 505 7503 506 7503 4008 7503 506 7504 4009 7504 4008 7504 506 7505 520 7505 4009 7505 520 7506 4010 7506 4009 7506 520 7507 519 7507 4010 7507 519 7508 4011 7508 4010 7508 519 7509 518 7509 4011 7509 518 7510 4012 7510 4011 7510 518 7511 517 7511 4012 7511 517 7512 4013 7512 4012 7512 517 7513 516 7513 4013 7513 516 7514 4014 7514 4013 7514 516 7515 504 7515 4014 7515 504 7516 4015 7516 4014 7516 504 7517 503 7517 4015 7517 503 7518 3828 7518 4015 7518 503 7519 473 7519 3828 7519 473 7520 3624 7520 3828 7520 3525 7521 4008 7521 3524 7521 4008 7522 4016 7522 3524 7522 4008 7523 4009 7523 4016 7523 4009 7524 4017 7524 4016 7524 4009 7525 4010 7525 4017 7525 4010 7526 4018 7526 4017 7526 4010 7527 4011 7527 4018 7527 4011 7528 4019 7528 4018 7528 4011 7529 4012 7529 4019 7529 4012 7530 4020 7530 4019 7530 4012 7531 4013 7531 4020 7531 4013 7532 4021 7532 4020 7532 4013 7533 4014 7533 4021 7533 4014 7534 4022 7534 4021 7534 4014 7535 4015 7535 4022 7535 4015 7536 4023 7536 4022 7536 4015 7537 3828 7537 4023 7537 3828 7538 3827 7538 4023 7538 3828 7539 3623 7539 3827 7539 3623 7540 3622 7540 3827 7540 3618 7541 3845 7541 3620 7541 3845 7542 3827 7542 3620 7542 3845 7543 3843 7543 3827 7543 3843 7544 4023 7544 3827 7544 3843 7545 3841 7545 4023 7545 3841 7546 4022 7546 4023 7546 3841 7547 3839 7547 4022 7547 3839 7548 4021 7548 4022 7548 3839 7549 3837 7549 4021 7549 3837 7550 4020 7550 4021 7550 3837 7551 3835 7551 4020 7551 3835 7552 4019 7552 4020 7552 3835 7553 3833 7553 4019 7553 3833 7554 4018 7554 4019 7554 3833 7555 3831 7555 4018 7555 3831 7556 4017 7556 4018 7556 3831 7557 3829 7557 4017 7557 3829 7558 4016 7558 4017 7558 3829 7559 3522 7559 4016 7559 3522 7560 3524 7560 4016 7560 3610 7561 3855 7561 3612 7561 3855 7562 3614 7562 3612 7562 3855 7563 3846 7563 3614 7563 3846 7564 3616 7564 3614 7564 3846 7565 3618 7565 3616 7565 3529 7566 4024 7566 3610 7566 4024 7567 3855 7567 3610 7567 4024 7568 4025 7568 3855 7568 4025 7569 3854 7569 3855 7569 4025 7570 4026 7570 3854 7570 4026 7571 3853 7571 3854 7571 4026 7572 4027 7572 3853 7572 4027 7573 3852 7573 3853 7573 4027 7574 4028 7574 3852 7574 4028 7575 3851 7575 3852 7575 4028 7576 4029 7576 3851 7576 4029 7577 3850 7577 3851 7577 4029 7578 4030 7578 3850 7578 4030 7579 3849 7579 3850 7579 4030 7580 4031 7580 3849 7580 4031 7581 3848 7581 3849 7581 4031 7582 4032 7582 3848 7582 4032 7583 3847 7583 3848 7583 4032 7584 3517 7584 3847 7584 3517 7585 3518 7585 3847 7585 3517 7586 4032 7586 3516 7586 4032 7587 3856 7587 3516 7587 4032 7588 4031 7588 3856 7588 4031 7589 3858 7589 3856 7589 4031 7590 4030 7590 3858 7590 4030 7591 3860 7591 3858 7591 4030 7592 4029 7592 3860 7592 4029 7593 3862 7593 3860 7593 4029 7594 4028 7594 3862 7594 4028 7595 3864 7595 3862 7595 4028 7596 4027 7596 3864 7596 4027 7597 3866 7597 3864 7597 4027 7598 4026 7598 3866 7598 4026 7599 3868 7599 3866 7599 4026 7600 4025 7600 3868 7600 4025 7601 3870 7601 3868 7601 4025 7602 4024 7602 3870 7602 4024 7603 3872 7603 3870 7603 4024 7604 3529 7604 3872 7604 3529 7605 3530 7605 3872 7605 3826 7606 3872 7606 3534 7606 3872 7607 3532 7607 3534 7607 3872 7608 3530 7608 3532 7608 3515 7609 3857 7609 3514 7609 3857 7610 4033 7610 3514 7610 3857 7611 3859 7611 4033 7611 3859 7612 4034 7612 4033 7612 3859 7613 3861 7613 4034 7613 3861 7614 4035 7615 4034 7614 3861 7616 3863 7616 4035 7616 3863 7617 4036 7617 4035 7617 3863 7618 3865 7618 4036 7618 3865 7619 4037 7619 4036 7619 3865 7620 3867 7620 4037 7620 3867 7621 4038 7621 4037 7621 3867 7622 3869 7622 4038 7622 3869 7623 4039 7623 4038 7623 3869 7624 3871 7624 4039 7624 3871 7625 4040 7625 4039 7625 3871 7626 3826 7626 4040 7626 3826 7627 3825 7627 4040 7627 3826 7628 3536 7628 3825 7628 3536 7629 3538 7629 3825 7629 3542 7630 3889 7630 3540 7630 3889 7631 3825 7631 3540 7631 3889 7632 3887 7632 3825 7632 3887 7633 4040 7633 3825 7633 3887 7634 3885 7634 4040 7634 3885 7635 4039 7635 4040 7635 3885 7636 3883 7636 4039 7636 3883 7637 4038 7637 4039 7637 3883 7638 3881 7638 4038 7638 3881 7639 4037 7639 4038 7639 3881 7640 3879 7640 4037 7640 3879 7641 4036 7641 4037 7641 3879 7642 3877 7642 4036 7642 3877 7643 4035 7643 4036 7643 3877 7644 3875 7644 4035 7644 3875 7645 4034 7645 4035 7645 3875 7646 3873 7646 4034 7646 3873 7647 4033 7647 4034 7647 3873 7648 3513 7648 4033 7648 3513 7649 3514 7649 4033 7649 3550 7650 3899 7650 3548 7650 3899 7651 3546 7651 3548 7651 3899 7652 3890 7652 3546 7652 3890 7653 3544 7653 3546 7653 3890 7654 3542 7654 3544 7654 3552 7655 3916 7655 3550 7655 3916 7656 3899 7656 3550 7656 3916 7657 3914 7657 3899 7657 3914 7658 3898 7658 3899 7658 3914 7659 3912 7659 3898 7659 3912 7660 3897 7660 3898 7660 3912 7661 3910 7661 3897 7661 3910 7662 3896 7662 3897 7662 3910 7663 3908 7663 3896 7663 3908 7664 3895 7664 3896 7664 3908 7665 3906 7665 3895 7665 3906 7666 3894 7666 3895 7666 3906 7667 3904 7667 3894 7667 3904 7668 3893 7668 3894 7668 3904 7669 3902 7669 3893 7669 3902 7670 3892 7670 3893 7670 3902 7671 3900 7671 3892 7671 3900 7672 3891 7672 3892 7672 3900 7673 3510 7673 3891 7673 3510 7674 3511 7674 3891 7674 3560 7675 3926 7675 3557 7675 3926 7676 3555 7676 3557 7676 3926 7677 3917 7677 3555 7677 3917 7678 3553 7678 3555 7678 3917 7679 3552 7679 3553 7679 3562 7680 3824 7680 3560 7680 3824 7681 3926 7681 3560 7681 3824 7682 4041 7682 3926 7682 4041 7683 3925 7683 3926 7683 4041 7684 4042 7684 3925 7684 4042 7685 3924 7685 3925 7685 4042 7686 4043 7686 3924 7686 4043 7687 3923 7687 3924 7687 4043 7688 4044 7688 3923 7688 4044 7689 3922 7689 3923 7689 4044 7690 4045 7690 3922 7690 4045 7691 3921 7691 3922 7691 4045 7692 4046 7692 3921 7692 4046 7693 3920 7693 3921 7693 4046 7694 4047 7694 3920 7694 4047 7695 3919 7695 3920 7695 4047 7696 4048 7696 3919 7696 4048 7697 3918 7697 3919 7697 4048 7698 3507 7698 3918 7698 3507 7699 3508 7699 3918 7699 3565 7700 3943 7700 3564 7700 3943 7701 3824 7701 3564 7701 3943 7702 3941 7702 3824 7702 3941 7703 4041 7703 3824 7703 3941 7704 3939 7704 4041 7704 3939 7705 4042 7705 4041 7705 3939 7706 3937 7706 4042 7706 3937 7707 4043 7707 4042 7707 3937 7708 3935 7708 4043 7708 3935 7709 4044 7709 4043 7709 3935 7710 3933 7710 4044 7710 3933 7711 4045 7711 4044 7711 3933 7712 3931 7712 4045 7712 3931 7713 4046 7713 4045 7713 3931 7714 3929 7714 4046 7714 3929 7715 4047 7715 4046 7715 3929 7716 3927 7716 4047 7716 3927 7717 4048 7717 4047 7717 3927 7718 3506 7718 4048 7718 3506 7719 3507 7719 4048 7719 3574 7720 3953 7720 3572 7720 3953 7721 3569 7721 3572 7721 3953 7722 3944 7722 3569 7722 3944 7723 3567 7723 3569 7723 3944 7724 3565 7724 3567 7724 3576 7725 3970 7725 3574 7725 3970 7726 3953 7726 3574 7726 3970 7727 3968 7727 3953 7727 3968 7728 3952 7728 3953 7728 3968 7729 3966 7729 3952 7729 3966 7730 3951 7730 3952 7730 3966 7731 3964 7731 3951 7731 3964 7732 3950 7732 3951 7732 3964 7733 3962 7733 3950 7733 3962 7734 3949 7734 3950 7734 3962 7735 3960 7735 3949 7735 3960 7736 3948 7736 3949 7736 3960 7737 3958 7737 3948 7737 3958 7738 3947 7738 3948 7738 3958 7739 3956 7739 3947 7739 3956 7740 3946 7740 3947 7740 3956 7741 3954 7741 3946 7741 3954 7742 3945 7742 3946 7742 3954 7743 3503 7743 3945 7743 3503 7744 3504 7744 3945 7744 3584 7745 3980 7745 3581 7745 3980 7746 3579 7746 3581 7746 3980 7747 3971 7747 3579 7747 3971 7748 3577 7748 3579 7748 3971 7749 3576 7749 3577 7749 3586 7750 3823 7750 3584 7750 3823 7751 3980 7751 3584 7751 3823 7752 4049 7752 3980 7752 4049 7753 3979 7753 3980 7753 4049 7754 4050 7754 3979 7754 4050 7755 3978 7755 3979 7755 4050 7756 4051 7756 3978 7756 4051 7757 3977 7757 3978 7757 4051 7758 4052 7758 3977 7758 4052 7759 3976 7759 3977 7759 4052 7760 4053 7760 3976 7760 4053 7761 3975 7761 3976 7761 4053 7762 4054 7762 3975 7762 4054 7763 3974 7763 3975 7763 4054 7764 4055 7764 3974 7764 4055 7765 3973 7765 3974 7765 4055 7766 4056 7766 3973 7766 4056 7767 3972 7767 3973 7767 4056 7768 3500 7768 3972 7768 3500 7769 3501 7769 3972 7769 3589 7770 4057 7770 3588 7770 4057 7771 3823 7771 3588 7771 4057 7772 4058 7772 3823 7772 4058 7773 4049 7773 3823 7773 4058 7774 4059 7774 4049 7774 4059 7775 4050 7775 4049 7775 4059 7776 4060 7776 4050 7776 4060 7777 4051 7777 4050 7777 4060 7778 4061 7778 4051 7778 4061 7779 4052 7779 4051 7779 4061 7780 4062 7780 4052 7780 4062 7781 4053 7781 4052 7781 4062 7782 4063 7782 4053 7782 4063 7783 4054 7783 4053 7783 4063 7784 4064 7784 4054 7784 4064 7785 4055 7785 4054 7785 4064 7786 4065 7786 4055 7786 4065 7787 4056 7787 4055 7787 4065 7788 3499 7788 4056 7788 3499 7789 3500 7789 4056 7789 3499 7790 4065 7790 3498 7790 4065 7791 4066 7791 3498 7791 4065 7792 4064 7792 4066 7792 4064 7793 4067 7793 4066 7793 4064 7794 4063 7794 4067 7794 4063 7795 4068 7795 4067 7795 4063 7796 4062 7796 4068 7796 4062 7797 4069 7797 4068 7797 4062 7798 4061 7798 4069 7798 4061 7799 4070 7799 4069 7799 4061 7800 4060 7800 4070 7800 4060 7801 4071 7801 4070 7801 4060 7802 4059 7802 4071 7802 4059 7803 4072 7803 4071 7803 4059 7804 4058 7804 4072 7804 4058 7805 4073 7805 4072 7805 4058 7806 4057 7806 4073 7806 4057 7807 3822 7807 4073 7807 4057 7808 3589 7808 3822 7808 3589 7809 3591 7809 3822 7809 3498 7810 4066 7810 3497 7810 4066 7811 4074 7811 3497 7811 4066 7812 4067 7812 4074 7812 4067 7813 4075 7813 4074 7813 4067 7814 4068 7814 4075 7814 4068 7815 4076 7815 4075 7815 4068 7816 4069 7816 4076 7816 4069 7817 4077 7817 4076 7817 4069 7818 4070 7818 4077 7818 4070 7819 4078 7819 4077 7819 4070 7820 4071 7820 4078 7820 4071 7821 4079 7821 4078 7821 4071 7822 4072 7822 4079 7822 4072 7823 4080 7823 4079 7823 4072 7824 4073 7824 4080 7824 4073 7825 4081 7825 4080 7825 4073 7826 3822 7826 4081 7826 3822 7827 3821 7828 4081 7829 3822 7830 3593 7830 3821 7830 3593 7831 3595 7831 3821 7831 3598 7832 3997 7832 3597 7832 3997 7833 3821 7833 3597 7833 3997 7834 3995 7834 3821 7834 3995 7835 4081 7836 3821 7837 3995 7838 3993 7838 4081 7838 3993 7839 4080 7839 4081 7839 3993 7840 3991 7840 4080 7840 3991 7841 4079 7841 4080 7841 3991 7842 3989 7842 4079 7842 3989 7843 4078 7843 4079 7843 3989 7844 3987 7844 4078 7844 3987 7845 4077 7845 4078 7845 3987 7846 3985 7846 4077 7846 3985 7847 4076 7847 4077 7847 3985 7848 3983 7848 4076 7848 3983 7849 4075 7849 4076 7849 3983 7850 3981 7850 4075 7850 3981 7851 4074 7851 4075 7851 3981 7852 3496 7852 4074 7852 3496 7853 3497 7853 4074 7853 3607 7854 4007 7854 3604 7854 4007 7855 3602 7855 3604 7855 4007 7856 3998 7856 3602 7856 3998 7857 3600 7857 3602 7857 3998 7858 3598 7859 3600 7860 3605 7861 4082 7861 3607 7861 4082 7862 4007 7862 3607 7862 4082 7863 4083 7863 4007 7863 4083 7864 4006 7864 4007 7864 4083 7865 4084 7865 4006 7865 4084 7866 4005 7866 4006 7866 4084 7867 4085 7867 4005 7867 4085 7868 4004 7868 4005 7868 4085 7869 4086 7869 4004 7869 4086 7870 4003 7870 4004 7870 4086 7871 4087 7871 4003 7871 4087 7872 4002 7872 4003 7872 4087 7873 4088 7873 4002 7873 4088 7874 4001 7874 4002 7874 4088 7875 4089 7875 4001 7875 4089 7876 4000 7876 4001 7876 4089 7877 4090 7877 4000 7877 4090 7878 3999 7878 4000 7878 4090 7879 3493 7879 3999 7879 3493 7880 3494 7880 3999 7880 3493 7881 4090 7881 289 7881 4090 7882 488 7882 289 7882 4090 7883 4089 7883 488 7883 4089 7884 489 7884 488 7884 4089 7885 4088 7885 489 7885 4088 7886 491 7886 489 7886 4088 7887 4087 7887 491 7887 4087 7888 492 7888 491 7888 4087 7889 4086 7889 492 7889 4086 7890 490 7890 492 7890 4086 7891 4085 7891 490 7891 4085 7892 493 7892 490 7892 4085 7893 4084 7893 493 7893 4084 7894 480 7894 493 7894 4084 7895 4083 7895 480 7895 4083 7896 481 7896 480 7896 4083 7897 4082 7897 481 7897 4082 7898 482 7898 481 7898 4082 7899 3605 7899 482 7899 3605 7900 339 7900 482 7900 4091 7901 4093 7901 4092 7901 4094 7902 4096 7902 4095 7902 3310 7903 3621 7904 3309 7905 3310 7906 3312 7906 3621 7906 3312 7907 4097 7907 3621 7907 3312 7908 3314 7908 4097 7908 4098 7909 4100 7909 4099 7909 4100 7910 4101 7910 4099 7910 4100 7911 3315 7911 4101 7911 4102 7912 4104 7912 4103 7912 4104 7913 4105 7913 4103 7913 4104 7914 4106 7914 4105 7914 4107 7915 4109 7915 4108 7915 4109 7916 4110 7916 4108 7916 4109 7917 4111 7917 4110 7917 4112 7918 4114 7918 4113 7918 4114 7919 4115 7919 4113 7919 4114 7920 4116 7921 4115 7922 4117 7923 4119 7923 4118 7923 4119 7924 4117 7924 4120 7924 4117 7925 4121 7925 4120 7925 4117 7926 4122 7926 4121 7926 4094 7927 4123 7927 4096 7927 4124 7928 4126 7928 4125 7928 4126 7929 4127 7929 4125 7929 4126 7930 4128 7931 4127 7932 3456 7933 4091 7933 3455 7933 4091 7934 3456 7934 4093 7934 3456 7935 4129 7935 4093 7935 3456 7936 3457 7936 4129 7936 3457 7937 4130 7937 4129 7937 3457 7938 3458 7938 4130 7938 3458 7939 4131 7939 4130 7939 3458 7940 3459 7940 4131 7940 3459 7941 4132 7941 4131 7941 3459 7942 3460 7942 4132 7942 3460 7943 4133 7943 4132 7943 3460 7944 3461 7944 4133 7944 3461 7945 4134 7945 4133 7945 3461 7946 3462 7946 4134 7946 3462 7947 4135 7947 4134 7947 3462 7948 3463 7948 4135 7948 3463 7949 4136 7949 4135 7949 3463 7950 3464 7950 4136 7950 3464 7951 4137 7951 4136 7951 3464 7952 3465 7952 4137 7952 3465 7953 4138 7953 4137 7953 3465 7954 3466 7954 4138 7954 3466 7955 4139 7955 4138 7955 3466 7956 3467 7956 4139 7956 3467 7957 4140 7957 4139 7957 3467 7958 3468 7958 4140 7958 3468 7959 4141 7959 4140 7959 3468 7960 3469 7960 4141 7960 3469 7961 4142 7961 4141 7961 3469 7962 3470 7962 4142 7962 3470 7963 4143 7963 4142 7963 3470 7964 3471 7964 4143 7964 3471 7965 4144 7965 4143 7965 3471 7966 3472 7966 4144 7966 3472 7967 4145 7967 4144 7967 3472 7968 3478 7968 4145 7968 3478 7969 4146 7970 4145 7971 3478 7972 3479 7972 4146 7972 3479 7973 4147 7973 4146 7973 3479 7974 3480 7974 4147 7974 3480 7975 4148 7975 4147 7975 3480 7976 3481 7976 4148 7976 3481 7977 4149 7977 4148 7977 3481 7978 3482 7978 4149 7978 3482 7979 4150 7979 4149 7979 3482 7980 3473 7980 4150 7980 3473 7981 4151 7981 4150 7981 3473 7982 3474 7982 4151 7982 3474 7983 4152 7983 4151 7983 3474 7984 3475 7984 4152 7984 3475 7985 4153 7985 4152 7985 3475 7986 3477 7986 4153 7986 3477 7987 4154 7987 4153 7987 3477 7988 3476 7988 4154 7988 116 7989 3628 7989 3476 7989 3628 7990 4154 7990 3476 7990 3628 7991 3625 7991 4154 7991 3626 7992 4155 7992 3625 7992 3631 7993 4156 7993 3626 7993 487 7994 4157 7994 3631 7994 3629 7995 4158 7995 487 7995 3630 7996 4159 7996 3629 7996 3632 7997 4160 7997 3630 7997 338 7998 3606 7998 3627 7998 3606 7999 4161 8000 3627 8001 3606 8002 3608 8002 4161 8002 3608 8003 4162 8003 4161 8003 3608 8004 3609 8005 4162 8006 3609 8007 4163 8007 4162 8007 4164 8008 4163 8008 3601 8008 4163 8009 3603 8009 3601 8009 4163 8010 3609 8010 3603 8010 4165 8011 4166 8011 3592 8011 4166 8012 3594 8012 3592 8012 4166 8013 4167 8013 3594 8013 4167 8014 3596 8014 3594 8014 4167 8015 4164 8015 3596 8015 4164 8016 3599 8016 3596 8016 4164 8017 3601 8017 3599 8017 4168 8018 4165 8018 3587 8018 4165 8019 3590 8019 3587 8019 4165 8020 3592 8020 3590 8020 4169 8021 4170 8021 3582 8021 4170 8022 3583 8022 3582 8022 4170 8023 4168 8023 3583 8023 4168 8024 3585 8024 3583 8024 4168 8025 3587 8025 3585 8025 4171 8026 4169 8026 3578 8026 4169 8027 3580 8027 3578 8027 4169 8028 3582 8028 3580 8028 4172 8029 4171 8029 3573 8029 4171 8030 3575 8030 3573 8030 4171 8031 3578 8031 3575 8031 4173 8032 4174 8032 3568 8032 4174 8033 3570 8033 3568 8033 4174 8034 4172 8034 3570 8034 4172 8035 3571 8035 3570 8035 4172 8036 3573 8036 3571 8036 4175 8037 4173 8037 3563 8037 4173 8038 3566 8038 3563 8038 4173 8039 3568 8039 3566 8039 4176 8040 4177 8040 3558 8040 4177 8041 3559 8042 3558 8043 4177 8044 4175 8044 3559 8044 4175 8045 3561 8046 3559 8047 4175 8048 3563 8048 3561 8048 4178 8049 4176 8049 3554 8049 4176 8050 3556 8050 3554 8050 4176 8051 3558 8051 3556 8051 4179 8052 4178 8052 3549 8052 4178 8053 3551 8053 3549 8053 4178 8054 3554 8054 3551 8054 4180 8055 4181 8055 3543 8055 4181 8056 3545 8056 3543 8056 4181 8057 4179 8057 3545 8057 4179 8058 3547 8058 3545 8058 4179 8059 3549 8059 3547 8059 4182 8060 4180 8060 3539 8060 4180 8061 3541 8061 3539 8061 4180 8062 3543 8062 3541 8062 4183 8063 4184 8063 3531 8063 4184 8064 3533 8064 3531 8064 4184 8065 4185 8065 3533 8065 4185 8066 3535 8066 3533 8066 4185 8067 4182 8067 3535 8067 4182 8068 3537 8068 3535 8068 4182 8069 3539 8069 3537 8069 4186 8070 4183 8070 3611 8070 4183 8071 3528 8071 3611 8071 4183 8072 3531 8072 3528 8072 3621 8073 4097 8073 3619 8073 4097 8074 3617 8074 3619 8074 4097 8075 4187 8075 3617 8075 4187 8076 3615 8077 3617 8078 4187 8079 4186 8079 3615 8079 4186 8080 3613 8080 3615 8080 4186 8081 3611 8081 3613 8081 3627 8082 4161 8082 3632 8082 4161 8083 4188 8083 3632 8083 4161 8084 4162 8084 4188 8084 4162 8085 4189 8085 4188 8085 4162 8086 4163 8086 4189 8086 4163 8087 4190 8087 4189 8087 4163 8088 4164 8088 4190 8088 4164 8089 4191 8089 4190 8089 4164 8090 4167 8090 4191 8090 4167 8091 4192 8091 4191 8091 4167 8092 4166 8092 4192 8092 4166 8093 4193 8093 4192 8093 4166 8094 4165 8094 4193 8094 4165 8095 4194 8095 4193 8095 4165 8096 4168 8096 4194 8096 4168 8097 4195 8097 4194 8097 4168 8098 4170 8098 4195 8098 4170 8099 4196 8099 4195 8099 4170 8100 4169 8100 4196 8100 4169 8101 4197 8101 4196 8101 4169 8102 4171 8102 4197 8102 4171 8103 4198 8103 4197 8103 4171 8104 4172 8104 4198 8104 4172 8105 4199 8105 4198 8105 4172 8106 4174 8106 4199 8106 4174 8107 4200 8107 4199 8107 4174 8108 4173 8108 4200 8108 4173 8109 4201 8109 4200 8109 4173 8110 4175 8110 4201 8110 4175 8111 4202 8111 4201 8111 4175 8112 4177 8112 4202 8112 4177 8113 4203 8113 4202 8113 4177 8114 4176 8114 4203 8114 4176 8115 4204 8115 4203 8115 4176 8116 4178 8116 4204 8116 4178 8117 4205 8117 4204 8117 4178 8118 4179 8118 4205 8118 4179 8119 4206 8119 4205 8119 4179 8120 4181 8120 4206 8120 4181 8121 4207 8121 4206 8121 4181 8122 4180 8122 4207 8122 4180 8123 4208 8123 4207 8123 4180 8124 4182 8124 4208 8124 4182 8125 4209 8125 4208 8125 4182 8126 4185 8126 4209 8126 4185 8127 4210 8127 4209 8127 4185 8128 4184 8128 4210 8128 4184 8129 4211 8129 4210 8129 4184 8130 4183 8130 4211 8130 4183 8131 4212 8131 4211 8131 4183 8132 4186 8132 4212 8132 4186 8133 4213 8133 4212 8133 4186 8134 4187 8134 4213 8134 4187 8135 4098 8135 4213 8135 4187 8136 4097 8136 4098 8136 4097 8137 4100 8137 4098 8137 4097 8138 3314 8138 4100 8138 3314 8139 3315 8140 4100 8141 3632 8142 4188 8142 4160 8142 4188 8143 4214 8143 4160 8143 4188 8144 4189 8144 4214 8144 4189 8145 4215 8145 4214 8145 4189 8146 4190 8146 4215 8146 4190 8147 4216 8147 4215 8147 4190 8148 4191 8148 4216 8148 4191 8149 4217 8149 4216 8149 4191 8150 4192 8150 4217 8150 4192 8151 4218 8151 4217 8151 4192 8152 4193 8152 4218 8152 4193 8153 4219 8153 4218 8153 4193 8154 4194 8154 4219 8154 4194 8155 4220 8155 4219 8155 4194 8156 4195 8156 4220 8156 4195 8157 4221 8157 4220 8157 4195 8158 4196 8158 4221 8158 4196 8159 4222 8159 4221 8159 4196 8160 4197 8160 4222 8160 4197 8161 4223 8161 4222 8161 4197 8162 4198 8162 4223 8162 4198 8163 4224 8163 4223 8163 4198 8164 4199 8164 4224 8164 4199 8165 4225 8165 4224 8165 4199 8166 4200 8166 4225 8166 4200 8167 4226 8167 4225 8167 4200 8168 4201 8168 4226 8168 4201 8169 4227 8169 4226 8169 4201 8170 4202 8170 4227 8170 4202 8171 4228 8171 4227 8171 4202 8172 4203 8172 4228 8172 4203 8173 4229 8173 4228 8173 4203 8174 4204 8174 4229 8174 4204 8175 4230 8175 4229 8175 4204 8176 4205 8176 4230 8176 4205 8177 4231 8177 4230 8177 4205 8178 4206 8178 4231 8178 4206 8179 4232 8179 4231 8179 4206 8180 4207 8180 4232 8180 4207 8181 4233 8181 4232 8181 4207 8182 4208 8182 4233 8182 4208 8183 4234 8183 4233 8183 4208 8184 4209 8184 4234 8184 4209 8185 4235 8185 4234 8185 4209 8186 4210 8186 4235 8186 4210 8187 4236 8187 4235 8187 4210 8188 4211 8188 4236 8188 4211 8189 4237 8189 4236 8189 4211 8190 4212 8190 4237 8190 4212 8191 4238 8191 4237 8191 4212 8192 4213 8192 4238 8192 4213 8193 4104 8193 4238 8193 4213 8194 4098 8194 4104 8194 4098 8195 4106 8195 4104 8195 4098 8196 4099 8196 4106 8196 3630 8197 4160 8197 4159 8197 4160 8198 4239 8198 4159 8198 4160 8199 4214 8199 4239 8199 4214 8200 4240 8200 4239 8200 4214 8201 4215 8201 4240 8201 4215 8202 4241 8202 4240 8202 4215 8203 4216 8203 4241 8203 4216 8204 4242 8204 4241 8204 4216 8205 4217 8205 4242 8205 4217 8206 4243 8206 4242 8206 4217 8207 4218 8207 4243 8207 4218 8208 4244 8208 4243 8208 4218 8209 4219 8209 4244 8209 4219 8210 4245 8210 4244 8210 4219 8211 4220 8211 4245 8211 4220 8212 4246 8212 4245 8212 4220 8213 4221 8213 4246 8213 4221 8214 4247 8214 4246 8214 4221 8215 4222 8215 4247 8215 4222 8216 4248 8216 4247 8216 4222 8217 4223 8217 4248 8217 4223 8218 4249 8218 4248 8218 4223 8219 4224 8219 4249 8219 4224 8220 4250 8220 4249 8220 4224 8221 4225 8221 4250 8221 4225 8222 4251 8222 4250 8222 4225 8223 4226 8223 4251 8223 4226 8224 4252 8224 4251 8224 4226 8225 4227 8225 4252 8225 4227 8226 4253 8226 4252 8226 4227 8227 4228 8227 4253 8227 4228 8228 4254 8228 4253 8228 4228 8229 4229 8229 4254 8229 4229 8230 4255 8230 4254 8230 4229 8231 4230 8231 4255 8231 4230 8232 4256 8232 4255 8232 4230 8233 4231 8233 4256 8233 4231 8234 4257 8234 4256 8234 4231 8235 4232 8235 4257 8235 4232 8236 4258 8236 4257 8236 4232 8237 4233 8237 4258 8237 4233 8238 4259 8238 4258 8238 4233 8239 4234 8239 4259 8239 4234 8240 4260 8240 4259 8240 4234 8241 4235 8241 4260 8241 4235 8242 4261 8242 4260 8242 4235 8243 4236 8243 4261 8243 4236 8244 4262 8244 4261 8244 4236 8245 4237 8245 4262 8245 4237 8246 4263 8246 4262 8246 4237 8247 4238 8247 4263 8247 4238 8248 4109 8248 4263 8248 4238 8249 4104 8249 4109 8249 4104 8250 4111 8250 4109 8250 4104 8251 4102 8251 4111 8251 3629 8252 4159 8252 4158 8252 4159 8253 4264 8253 4158 8253 4159 8254 4239 8254 4264 8254 4239 8255 4265 8255 4264 8255 4239 8256 4240 8256 4265 8256 4240 8257 4266 8257 4265 8257 4240 8258 4241 8258 4266 8258 4241 8259 4267 8259 4266 8259 4241 8260 4242 8260 4267 8260 4242 8261 4268 8261 4267 8261 4242 8262 4243 8262 4268 8262 4243 8263 4269 8263 4268 8263 4243 8264 4244 8264 4269 8264 4244 8265 4270 8265 4269 8265 4244 8266 4245 8266 4270 8266 4245 8267 4271 8267 4270 8267 4245 8268 4246 8268 4271 8268 4246 8269 4272 8269 4271 8269 4246 8270 4247 8270 4272 8270 4247 8271 4273 8271 4272 8271 4247 8272 4248 8272 4273 8272 4248 8273 4274 8273 4273 8273 4248 8274 4249 8274 4274 8274 4249 8275 4275 8275 4274 8275 4249 8276 4250 8276 4275 8276 4250 8277 4276 8277 4275 8277 4250 8278 4251 8278 4276 8278 4251 8279 4277 8279 4276 8279 4251 8280 4252 8280 4277 8280 4252 8281 4278 8281 4277 8281 4252 8282 4253 8282 4278 8282 4253 8283 4279 8283 4278 8283 4253 8284 4254 8284 4279 8284 4254 8285 4280 8285 4279 8285 4254 8286 4255 8286 4280 8286 4255 8287 4281 8287 4280 8287 4255 8288 4256 8288 4281 8288 4256 8289 4282 8289 4281 8289 4256 8290 4257 8290 4282 8290 4257 8291 4283 8291 4282 8291 4257 8292 4258 8292 4283 8292 4258 8293 4284 8293 4283 8293 4258 8294 4259 8294 4284 8294 4259 8295 4285 8295 4284 8295 4259 8296 4260 8296 4285 8296 4260 8297 4286 8297 4285 8297 4260 8298 4261 8298 4286 8298 4261 8299 4287 8299 4286 8299 4261 8300 4262 8300 4287 8300 4262 8301 4288 8301 4287 8301 4262 8302 4263 8302 4288 8302 4263 8303 4114 8303 4288 8303 4263 8304 4109 8304 4114 8304 4109 8305 4116 8305 4114 8305 4109 8306 4107 8306 4116 8306 487 8307 4158 8307 4157 8307 4158 8308 4289 8308 4157 8308 4158 8309 4264 8309 4289 8309 4264 8310 4290 8310 4289 8310 4264 8311 4265 8311 4290 8311 4265 8312 4291 8312 4290 8312 4265 8313 4266 8313 4291 8313 4266 8314 4292 8314 4291 8314 4266 8315 4267 8315 4292 8315 4267 8316 4293 8316 4292 8316 4267 8317 4268 8317 4293 8317 4268 8318 4294 8318 4293 8318 4268 8319 4269 8319 4294 8319 4269 8320 4295 8320 4294 8320 4269 8321 4270 8321 4295 8321 4270 8322 4296 8322 4295 8322 4270 8323 4271 8323 4296 8323 4271 8324 4297 8324 4296 8324 4271 8325 4272 8325 4297 8325 4272 8326 4298 8326 4297 8326 4272 8327 4273 8327 4298 8327 4273 8328 4299 8328 4298 8328 4273 8329 4274 8329 4299 8329 4274 8330 4300 8330 4299 8330 4274 8331 4275 8331 4300 8331 4275 8332 4301 8332 4300 8332 4275 8333 4276 8333 4301 8333 4276 8334 4302 8334 4301 8334 4276 8335 4277 8335 4302 8335 4277 8336 4303 8336 4302 8336 4277 8337 4278 8337 4303 8337 4278 8338 4304 8338 4303 8338 4278 8339 4279 8339 4304 8339 4279 8340 4305 8340 4304 8340 4279 8341 4280 8341 4305 8341 4280 8342 4306 8342 4305 8342 4280 8343 4281 8343 4306 8343 4281 8344 4307 8344 4306 8344 4281 8345 4282 8345 4307 8345 4282 8346 4308 8346 4307 8346 4282 8347 4283 8347 4308 8347 4283 8348 4309 8348 4308 8348 4283 8349 4284 8349 4309 8349 4284 8350 4310 8350 4309 8350 4284 8351 4285 8351 4310 8351 4285 8352 4311 8352 4310 8352 4285 8353 4286 8353 4311 8353 4286 8354 4312 8354 4311 8354 4286 8355 4287 8355 4312 8355 4287 8356 4313 8356 4312 8356 4287 8357 4288 8357 4313 8357 4288 8358 4117 8358 4313 8358 4288 8359 4114 8359 4117 8359 4114 8360 4122 8360 4117 8360 4114 8361 4112 8361 4122 8361 3631 8362 4157 8362 4156 8362 4157 8363 4314 8363 4156 8363 4157 8364 4289 8364 4314 8364 4289 8365 4315 8365 4314 8365 4289 8366 4290 8366 4315 8366 4290 8367 4316 8367 4315 8367 4290 8368 4291 8368 4316 8368 4291 8369 4317 8369 4316 8369 4291 8370 4292 8370 4317 8370 4292 8371 4318 8371 4317 8371 4292 8372 4293 8372 4318 8372 4293 8373 4319 8373 4318 8373 4293 8374 4294 8374 4319 8374 4294 8375 4320 8375 4319 8375 4294 8376 4295 8376 4320 8376 4295 8377 4321 8377 4320 8377 4295 8378 4296 8378 4321 8378 4296 8379 4322 8379 4321 8379 4296 8380 4297 8380 4322 8380 4297 8381 4323 8381 4322 8381 4297 8382 4298 8382 4323 8382 4298 8383 4324 8383 4323 8383 4298 8384 4299 8384 4324 8384 4299 8385 4325 8385 4324 8385 4299 8386 4300 8386 4325 8386 4300 8387 4326 8387 4325 8387 4300 8388 4301 8388 4326 8388 4301 8389 4327 8389 4326 8389 4301 8390 4302 8390 4327 8390 4302 8391 4328 8391 4327 8391 4302 8392 4303 8392 4328 8392 4303 8393 4329 8393 4328 8393 4303 8394 4304 8394 4329 8394 4304 8395 4330 8395 4329 8395 4304 8396 4305 8396 4330 8396 4305 8397 4331 8397 4330 8397 4305 8398 4306 8398 4331 8398 4306 8399 4332 8399 4331 8399 4306 8400 4307 8400 4332 8400 4307 8401 4333 8401 4332 8401 4307 8402 4308 8402 4333 8402 4308 8403 4334 8403 4333 8403 4308 8404 4309 8404 4334 8404 4309 8405 4335 8405 4334 8405 4309 8406 4310 8406 4335 8406 4310 8407 4336 8407 4335 8407 4310 8408 4311 8408 4336 8408 4311 8409 4337 8409 4336 8409 4311 8410 4312 8410 4337 8410 4312 8411 4338 8411 4337 8411 4312 8412 4313 8412 4338 8412 4313 8413 4096 8413 4338 8413 4313 8414 4117 8414 4096 8414 4117 8415 4095 8415 4096 8415 4117 8416 4118 8417 4095 8418 3626 8419 4156 8419 4155 8419 4156 8420 4339 8420 4155 8420 4156 8421 4314 8421 4339 8421 4314 8422 4340 8422 4339 8422 4314 8423 4315 8423 4340 8423 4315 8424 4341 8424 4340 8424 4315 8425 4316 8425 4341 8425 4316 8426 4342 8426 4341 8426 4316 8427 4317 8427 4342 8427 4317 8428 4343 8428 4342 8428 4317 8429 4318 8429 4343 8429 4318 8430 4344 8430 4343 8430 4318 8431 4319 8431 4344 8431 4319 8432 4345 8432 4344 8432 4319 8433 4320 8433 4345 8433 4320 8434 4346 8434 4345 8434 4320 8435 4321 8435 4346 8435 4321 8436 4347 8436 4346 8436 4321 8437 4322 8437 4347 8437 4322 8438 4348 8438 4347 8438 4322 8439 4323 8439 4348 8439 4323 8440 4349 8440 4348 8440 4323 8441 4324 8441 4349 8441 4324 8442 4350 8442 4349 8442 4324 8443 4325 8443 4350 8443 4325 8444 4351 8444 4350 8444 4325 8445 4326 8445 4351 8445 4326 8446 4352 8446 4351 8446 4326 8447 4327 8447 4352 8447 4327 8448 4353 8448 4352 8448 4327 8449 4328 8449 4353 8449 4328 8450 4354 8450 4353 8450 4328 8451 4329 8451 4354 8451 4329 8452 4355 8452 4354 8452 4329 8453 4330 8453 4355 8453 4330 8454 4356 8454 4355 8454 4330 8455 4331 8455 4356 8455 4331 8456 4357 8456 4356 8456 4331 8457 4332 8457 4357 8457 4332 8458 4358 8458 4357 8458 4332 8459 4333 8459 4358 8459 4333 8460 4359 8460 4358 8460 4333 8461 4334 8461 4359 8461 4334 8462 4360 8462 4359 8462 4334 8463 4335 8463 4360 8463 4335 8464 4361 8464 4360 8464 4335 8465 4336 8465 4361 8465 4336 8466 4362 8466 4361 8466 4336 8467 4337 8467 4362 8467 4337 8468 4363 8468 4362 8468 4337 8469 4338 8469 4363 8469 4338 8470 4126 8470 4363 8470 4338 8471 4096 8471 4126 8471 4096 8472 4128 8472 4126 8472 4096 8473 4123 8473 4128 8473 3625 8474 4155 8474 4154 8474 4155 8475 4153 8475 4154 8475 4155 8476 4339 8476 4153 8476 4339 8477 4152 8477 4153 8477 4339 8478 4340 8478 4152 8478 4340 8479 4151 8479 4152 8479 4340 8480 4341 8480 4151 8480 4341 8481 4150 8481 4151 8481 4341 8482 4342 8482 4150 8482 4342 8483 4149 8483 4150 8483 4342 8484 4343 8484 4149 8484 4343 8485 4148 8485 4149 8485 4343 8486 4344 8486 4148 8486 4344 8487 4147 8487 4148 8487 4344 8488 4345 8488 4147 8488 4345 8489 4146 8489 4147 8489 4345 8490 4346 8490 4146 8490 4346 8491 4145 8491 4146 8491 4346 8492 4347 8492 4145 8492 4347 8493 4144 8493 4145 8493 4347 8494 4348 8494 4144 8494 4348 8495 4143 8495 4144 8495 4348 8496 4349 8496 4143 8496 4349 8497 4142 8497 4143 8497 4349 8498 4350 8498 4142 8498 4350 8499 4141 8499 4142 8499 4350 8500 4351 8500 4141 8500 4351 8501 4140 8501 4141 8501 4351 8502 4352 8502 4140 8502 4352 8503 4139 8503 4140 8503 4352 8504 4353 8504 4139 8504 4353 8505 4138 8505 4139 8505 4353 8506 4354 8506 4138 8506 4354 8507 4137 8507 4138 8507 4354 8508 4355 8508 4137 8508 4355 8509 4136 8509 4137 8509 4355 8510 4356 8510 4136 8510 4356 8511 4135 8511 4136 8511 4356 8512 4357 8512 4135 8512 4357 8513 4134 8513 4135 8513 4357 8514 4358 8514 4134 8514 4358 8515 4133 8515 4134 8515 4358 8516 4359 8516 4133 8516 4359 8517 4132 8517 4133 8517 4359 8518 4360 8518 4132 8518 4360 8519 4131 8519 4132 8519 4360 8520 4361 8520 4131 8520 4361 8521 4130 8521 4131 8521 4361 8522 4362 8522 4130 8522 4362 8523 4129 8523 4130 8523 4362 8524 4363 8524 4129 8524 4363 8525 4093 8525 4129 8525 4363 8526 4126 8526 4093 8526 4126 8527 4092 8527 4093 8527 4126 8528 4124 8528 4092 8528 4364 8529 3694 8529 4365 8529 4364 8530 3699 8530 3694 8530 4364 8531 4366 8531 3699 8531 4367 8532 3697 8532 4368 8532 3697 8533 4369 8533 4368 8533 3697 8534 3699 8534 4369 8534 3699 8535 4370 8535 4369 8535 3699 8536 4366 8536 4370 8536 3702 8537 3697 8537 4371 8537 3697 8538 4372 8538 4371 8538 3697 8539 4367 8539 4372 8539 3701 8540 3702 8540 4373 8540 3702 8541 4374 8541 4373 8541 3702 8542 4371 8542 4374 8542 3700 8543 3701 8543 4375 8543 3701 8544 4376 8544 4375 8544 3701 8545 4377 8545 4376 8545 4377 8546 3701 8547 4378 8548 3701 8549 4379 8550 4378 8551 3701 8552 4373 8552 4379 8552 3698 8553 3700 8553 4380 8553 3700 8554 4381 8554 4380 8554 3700 8555 4375 8555 4381 8555 4382 8556 3698 8556 4383 8556 3698 8557 4384 8558 4383 8559 3698 8560 4380 8560 4384 8560 4385 8561 3696 8561 4386 8561 3696 8562 4387 8562 4386 8562 3696 8563 3698 8563 4387 8563 3698 8564 4388 8564 4387 8564 3698 8565 4382 8566 4388 8567 4385 8568 3323 8568 3696 8568 3323 8569 3695 8569 3696 8569 3323 8570 3322 8570 3695 8570 3322 8571 3693 8571 3695 8571 3322 8572 3307 8572 3693 8572 3307 8573 3308 8573 3693 8573 3308 8574 3526 8574 3693 8574 3308 8575 3309 8576 3526 8577 3692 8578 3633 8578 4389 8578 3633 8579 3634 8579 4389 8579 4365 8580 3694 8580 4390 8580 3694 8581 4391 8581 4390 8581 3694 8582 3692 8582 4391 8582 3692 8583 4392 8583 4391 8583 3692 8584 4389 8584 4392 8584 4393 8585 3634 8585 3636 8585 4393 8586 4394 8586 3634 8586 3634 8587 4394 8587 4395 8587 4394 8588 4396 8588 4395 8588 4394 8589 4397 8589 4396 8589 4397 8590 4398 8590 4396 8590 4396 8591 4398 8591 4399 8591 4398 8592 4400 8592 4399 8592 4398 8593 4401 8593 4400 8593 4401 8594 4402 8594 4400 8594 4403 8595 4405 8595 4404 8595 4400 8596 4402 8596 4406 8596 4402 8597 4403 8597 4406 8597 4402 8598 4407 8598 4403 8598 4407 8599 4405 8599 4403 8599 4408 8600 4410 8600 4409 8600 4410 8601 4408 8601 4411 8601 4408 8602 4412 8602 4411 8602 4408 8603 4404 8603 4412 8603 4404 8604 4413 8604 4412 8604 4404 8605 4405 8605 4413 8605 3449 8606 4414 8606 3448 8606 4414 8607 4415 8607 3448 8607 4414 8608 4416 8608 4415 8608 4416 8609 4417 8609 4415 8609 4416 8610 4418 8610 4417 8610 4418 8611 4419 8611 4417 8611 4418 8612 4420 8612 4419 8612 4420 8613 4421 8613 4419 8613 4420 8614 4422 8614 4421 8614 4422 8615 4423 8615 4421 8615 4422 8616 4424 8616 4423 8616 4424 8617 4425 8617 4423 8617 4424 8618 4409 8618 4425 8618 4409 8619 4426 8619 4425 8619 4409 8620 4410 8620 4426 8620 3453 8621 4427 8621 3452 8621 4428 8622 4429 8622 3455 8622 4429 8623 3453 8623 3455 8623 4430 8624 4432 8624 4431 8624 4432 8625 4433 8625 4431 8625 4432 8626 4434 8626 4433 8626 4430 8627 4431 8627 4435 8627 4431 8628 4436 8628 4435 8628 4431 8629 4429 8629 4436 8629 4429 8630 4437 8630 4436 8630 4429 8631 4428 8631 4437 8631 4438 8632 4440 8632 4439 8632 4440 8633 4441 8633 4439 8633 4440 8634 4433 8634 4441 8634 4433 8635 4442 8635 4441 8635 4433 8636 4434 8636 4442 8636 4438 8637 4443 8637 4440 8637 4443 8638 4444 8638 4440 8638 4443 8639 4445 8639 4444 8639 4445 8640 4446 8640 4444 8640 4445 8641 4447 8641 4446 8641 4448 8642 4450 8642 4449 8642 4448 8643 4446 8643 4450 8643 4446 8644 4451 8644 4450 8644 4446 8645 4447 8645 4451 8645 4452 8646 4454 8646 4453 8646 4454 8647 4455 8647 4453 8647 4454 8648 4448 8648 4455 8648 4448 8649 4456 8649 4455 8649 4448 8650 4449 8650 4456 8650 4452 8651 4457 8651 4454 8651 4457 8652 4458 8652 4454 8652 4457 8653 4459 8653 4458 8653 4458 8654 4391 8654 4392 8654 4391 8655 4458 8655 4390 8655 4458 8656 4460 8656 4390 8656 4458 8657 4459 8657 4460 8657 4389 8658 3634 8658 4461 8658 3634 8659 4395 8659 4461 8659 4395 8660 4396 8660 4461 8660 4396 8661 4462 8661 4461 8661 4396 8662 4399 8662 4462 8662 4404 8663 4463 8663 4403 8663 4463 8664 4406 8664 4403 8664 4463 8665 4462 8665 4406 8665 4462 8666 4400 8666 4406 8666 4462 8667 4399 8667 4400 8667 4463 8668 4404 8668 4464 8668 4404 8669 4465 8669 4464 8669 4404 8670 4408 8670 4465 8670 4408 8671 4466 8671 4465 8671 4408 8672 4409 8672 4466 8672 4409 8673 4424 8673 4466 8673 4424 8674 4467 8674 4466 8674 4424 8675 4422 8675 4467 8675 4422 8676 4420 8676 4467 8676 4420 8677 4468 8677 4467 8677 4420 8678 4418 8678 4468 8678 4418 8679 4416 8679 4468 8679 4416 8680 4427 8680 4468 8680 4416 8681 4414 8681 4427 8681 4414 8682 3452 8682 4427 8682 4414 8683 3449 8683 3452 8683 3453 8684 4429 8684 4427 8684 4429 8685 4468 8685 4427 8685 4429 8686 4431 8686 4468 8686 4431 8687 4467 8687 4468 8687 4431 8688 4433 8688 4467 8688 4433 8689 4466 8689 4467 8689 4433 8690 4440 8690 4466 8690 4440 8691 4465 8691 4466 8691 4440 8692 4444 8692 4465 8692 4444 8693 4464 8693 4465 8693 4444 8694 4446 8694 4464 8694 4446 8695 4463 8695 4464 8695 4446 8696 4448 8696 4463 8696 4448 8697 4462 8697 4463 8697 4448 8698 4454 8698 4462 8698 4454 8699 4461 8699 4462 8699 4454 8700 4458 8700 4461 8700 4458 8701 4389 8701 4461 8701 4458 8702 4392 8702 4389 8702 4469 8703 4470 8703 3321 8703 4471 8704 3455 8704 4091 8704 4472 8705 3323 8705 4385 8705 4473 8706 4475 8706 4474 8706 4095 8707 4476 8707 4094 8707 4123 8708 4477 8709 4128 8710 4121 8711 4478 8711 4120 8711 4479 8712 4481 8712 4480 8712 4122 8713 4482 8713 4121 8713 4483 8714 4485 8714 4484 8714 4486 8715 4488 8715 4487 8715 4489 8716 4441 8717 4442 8717 4490 8718 4492 8719 4491 8720 4493 8721 4495 8721 4494 8721 4496 8722 4498 8722 4497 8722 4499 8723 4501 8723 4500 8723 4500 8724 4502 8724 4499 8724 4503 8725 4368 8725 4369 8725 4383 8726 4504 8726 4382 8726 4505 8727 4507 8727 4506 8727 4376 8728 4508 8728 4375 8728 4508 8729 4381 8729 4375 8729 4508 8730 4509 8730 4381 8730 4509 8731 4380 8731 4381 8731 4509 8732 4384 8732 4380 8732 4377 8733 4510 8733 4376 8733 4510 8734 4508 8734 4376 8734 4510 8735 4511 8735 4508 8735 4511 8736 4509 8736 4508 8736 4511 8737 4506 8737 4509 8737 4506 8738 4384 8738 4509 8738 4506 8739 4507 8739 4384 8739 4507 8740 4383 8740 4384 8740 4512 8741 4514 8741 4513 8741 4514 8742 4515 8742 4513 8742 4514 8743 4516 8743 4515 8743 4516 8744 4517 8745 4515 8746 4516 8747 4518 8747 4517 8747 4378 8748 4379 8749 4513 8750 4379 8751 4512 8751 4513 8751 4379 8752 4373 8752 4512 8752 4373 8753 4374 8753 4512 8753 4370 8754 4366 8754 4519 8754 4366 8755 4520 8755 4519 8755 4521 8756 4523 8756 4522 8756 4523 8757 4524 8757 4522 8757 4523 8758 4525 8758 4524 8758 4525 8759 4526 8759 4524 8759 4522 8760 4524 8760 4527 8760 4524 8761 4503 8761 4527 8761 4524 8762 4526 8762 4503 8762 4526 8763 4368 8763 4503 8763 4526 8764 4367 8764 4368 8764 4528 8765 4530 8766 4529 8765 4530 8767 4531 8767 4529 8767 4530 8768 4532 8769 4531 8770 4365 8771 4520 8771 4364 8771 4520 8772 4366 8772 4364 8772 4378 8773 4513 8774 4377 8775 4513 8776 4510 8776 4377 8776 4513 8777 4515 8777 4510 8777 4515 8778 4511 8778 4510 8778 4515 8779 4517 8779 4511 8779 4517 8780 4506 8780 4511 8780 4517 8781 4518 8781 4506 8781 4518 8782 4505 8782 4506 8782 4518 8783 4533 8783 4505 8783 4533 8784 4534 8784 4505 8784 4535 8785 4537 8785 4536 8785 4537 8786 4538 8786 4536 8786 4537 8787 4539 8787 4538 8787 4539 8788 4540 8788 4538 8788 4539 8789 4541 8789 4540 8789 4541 8790 4542 8790 4540 8790 4541 8791 4543 8791 4542 8791 4543 8792 4544 8792 4542 8792 4536 8793 4538 8793 4521 8793 4538 8794 4523 8794 4521 8794 4538 8795 4540 8795 4523 8795 4540 8796 4525 8796 4523 8796 4540 8797 4542 8797 4525 8797 4542 8798 4526 8798 4525 8798 4542 8799 4544 8799 4526 8799 4544 8800 4367 8800 4526 8800 4544 8801 4372 8801 4367 8801 4545 8802 4547 8802 4546 8802 4547 8803 4548 8803 4546 8803 4547 8804 4549 8804 4548 8804 4550 8805 4551 8806 4545 8807 4551 8808 4547 8808 4545 8808 4551 8809 4528 8809 4547 8809 4528 8810 4549 8810 4547 8810 4528 8811 4529 8811 4549 8811 4370 8812 4519 8812 4369 8812 4519 8813 4503 8813 4369 8813 4519 8814 4552 8814 4503 8814 4552 8815 4527 8815 4503 8815 4552 8816 4553 8816 4527 8816 4553 8817 4522 8817 4527 8817 4553 8818 4554 8818 4522 8818 4554 8819 4521 8820 4522 8821 4554 8822 4555 8822 4521 8822 4555 8823 4536 8824 4521 8825 4555 8826 4556 8826 4536 8826 4556 8827 4535 8827 4536 8827 4556 8828 4557 8828 4535 8828 4558 8829 4560 8829 4559 8829 4560 8830 4561 8830 4559 8830 4560 8831 4562 8831 4561 8831 4562 8832 4563 8832 4561 8832 4562 8833 4550 8833 4563 8833 4550 8834 4564 8834 4563 8834 4550 8835 4545 8835 4564 8835 4545 8836 4565 8836 4564 8836 4545 8837 4546 8838 4565 8839 4546 8840 4566 8840 4565 8840 4546 8841 4548 8842 4566 8843 4567 8844 4569 8844 4568 8844 4569 8845 4570 8845 4568 8845 4569 8846 4571 8846 4570 8846 4571 8847 4572 8847 4570 8847 4571 8848 4573 8848 4572 8848 4573 8849 4574 8849 4572 8849 4573 8850 4575 8850 4574 8850 4575 8851 4576 8851 4574 8851 4575 8852 4577 8852 4576 8852 4577 8853 4578 8853 4576 8853 4577 8854 4579 8854 4578 8854 4579 8855 4580 8855 4578 8855 4579 8856 4581 8856 4580 8856 4371 8857 4582 8858 4374 8859 4582 8860 4512 8860 4374 8860 4582 8861 4583 8861 4512 8861 4583 8862 4514 8862 4512 8862 4583 8863 4584 8863 4514 8863 4584 8864 4516 8864 4514 8864 4584 8865 4585 8865 4516 8865 4585 8866 4518 8866 4516 8866 4585 8867 4586 8867 4518 8867 4586 8868 4533 8868 4518 8868 4586 8869 4587 8869 4533 8869 4587 8870 4534 8870 4533 8870 4587 8871 4588 8871 4534 8871 4588 8872 4589 8872 4534 8872 4590 8873 4591 8873 4452 8873 4591 8874 4457 8874 4452 8874 4591 8875 4592 8875 4457 8875 4592 8876 4593 8876 4457 8876 4457 8877 4593 8877 4459 8877 4593 8878 4460 8878 4459 8878 4593 8879 4520 8879 4460 8879 4520 8880 4390 8880 4460 8880 4520 8881 4365 8881 4390 8881 4594 8882 4596 8882 4595 8882 4596 8883 4597 8883 4595 8883 4596 8884 4598 8884 4597 8884 4581 8885 4579 8885 4558 8885 4579 8886 4560 8886 4558 8886 4579 8887 4577 8887 4560 8887 4577 8888 4562 8889 4560 8890 4577 8891 4575 8891 4562 8891 4575 8892 4550 8892 4562 8892 4575 8893 4573 8893 4550 8893 4573 8894 4551 8894 4550 8894 4573 8895 4571 8895 4551 8895 4571 8896 4528 8896 4551 8896 4571 8897 4569 8897 4528 8897 4569 8898 4530 8898 4528 8898 4569 8899 4567 8899 4530 8899 4567 8900 4532 8900 4530 8900 4559 8901 4561 8902 4599 8903 4561 8904 4600 8904 4599 8905 4561 8906 4563 8907 4600 8908 4563 8909 4601 8909 4600 8909 4563 8910 4564 8910 4601 8910 4564 8911 4602 8911 4601 8911 4564 8912 4565 8912 4602 8912 4565 8913 4603 8913 4602 8913 4565 8914 4566 8914 4603 8914 4599 8915 4600 8915 4604 8915 4600 8916 4605 8916 4604 8916 4600 8917 4601 8917 4605 8917 4601 8918 4606 8918 4605 8918 4601 8919 4602 8920 4606 8921 4602 8922 4607 8923 4606 8922 4602 8924 4603 8924 4607 8924 4603 8925 4608 8925 4607 8925 4603 8926 4566 8926 4608 8926 4566 8927 4609 8927 4608 8927 4566 8928 4548 8928 4609 8928 4548 8929 4610 8929 4609 8929 4548 8930 4549 8930 4610 8930 4549 8931 4611 8931 4610 8931 4549 8932 4529 8932 4611 8932 4529 8933 4612 8933 4611 8933 4529 8934 4531 8934 4612 8934 4613 8935 4615 8935 4614 8935 4604 8936 4605 8936 4616 8936 4605 8937 4617 8937 4616 8937 4605 8938 4606 8938 4617 8938 4606 8939 4618 8939 4617 8939 4606 8940 4607 8940 4618 8940 4607 8941 4619 8942 4618 8943 4607 8944 4608 8944 4619 8944 4608 8945 4620 8946 4619 8947 4608 8948 4609 8949 4620 8950 4609 8951 4621 8951 4620 8952 4609 8953 4610 8954 4621 8955 4610 8956 4590 8956 4621 8956 4610 8957 4611 8957 4590 8957 4611 8958 4591 8958 4590 8958 4611 8959 4612 8959 4591 8959 4612 8960 4592 8960 4591 8960 4612 8961 4531 8961 4592 8961 4531 8962 4593 8962 4592 8962 4531 8963 4532 8963 4593 8963 4532 8964 4520 8964 4593 8964 4532 8965 4567 8965 4520 8965 4567 8966 4519 8966 4520 8966 4567 8967 4568 8967 4519 8967 4568 8968 4552 8968 4519 8968 4568 8969 4570 8969 4552 8969 4570 8970 4553 8970 4552 8970 4570 8971 4572 8971 4553 8971 4572 8972 4554 8972 4553 8972 4572 8973 4574 8973 4554 8973 4574 8974 4555 8974 4554 8974 4574 8975 4576 8976 4555 8975 4576 8977 4556 8977 4555 8977 4576 8978 4578 8978 4556 8978 4578 8979 4557 8979 4556 8979 4578 8980 4580 8980 4557 8980 4372 8981 4544 8981 4371 8981 4544 8982 4582 8982 4371 8982 4544 8983 4543 8983 4582 8983 4543 8984 4583 8984 4582 8984 4543 8985 4541 8985 4583 8985 4541 8986 4584 8986 4583 8986 4541 8987 4539 8987 4584 8987 4539 8988 4585 8988 4584 8988 4539 8989 4537 8989 4585 8989 4537 8990 4586 8990 4585 8990 4537 8991 4535 8991 4586 8991 4535 8992 4587 8992 4586 8992 4535 8993 4557 8993 4587 8993 4557 8994 4588 8994 4587 8994 4557 8995 4580 8995 4588 8995 4580 8996 4589 8996 4588 8996 4580 8997 4581 8997 4589 8997 4581 8998 4622 8998 4589 8998 4581 8999 4558 8999 4622 8999 4558 9000 4623 9000 4622 9000 4558 9001 4559 9001 4623 9001 4559 9002 4624 9002 4623 9002 4559 9003 4599 9003 4624 9003 4599 9004 4625 9004 4624 9004 4599 9005 4604 9005 4625 9005 4604 9006 4626 9006 4625 9006 4604 9007 4616 9007 4626 9007 4383 9008 4507 9008 4504 9008 4507 9009 4596 9009 4504 9009 4507 9010 4505 9010 4596 9010 4505 9011 4598 9011 4596 9011 4505 9012 4534 9012 4598 9012 4534 9013 4597 9013 4598 9013 4534 9014 4589 9014 4597 9014 4589 9015 4627 9015 4597 9015 4589 9016 4622 9016 4627 9016 4622 9017 4628 9017 4627 9017 4622 9018 4623 9018 4628 9018 4623 9019 4629 9019 4628 9019 4623 9020 4624 9020 4629 9020 4624 9021 4630 9021 4629 9021 4624 9022 4625 9022 4630 9022 4625 9023 4631 9023 4630 9023 4625 9024 4626 9024 4631 9024 4626 9025 4632 9026 4631 9027 4626 9028 4616 9029 4632 9030 4616 9031 4633 9031 4632 9031 4616 9032 4617 9032 4633 9032 4617 9033 4634 9033 4633 9033 4617 9034 4618 9034 4634 9034 4618 9035 4635 9035 4634 9035 4618 9036 4619 9037 4635 9038 4619 9039 4636 9039 4635 9039 4619 9040 4620 9040 4636 9040 4620 9041 4637 9041 4636 9041 4620 9042 4621 9042 4637 9042 4621 9043 4638 9044 4637 9045 4621 9046 4590 9046 4638 9047 4639 9048 4640 9049 4614 9048 4640 9050 4613 9051 4614 9052 4640 9053 4641 9053 4613 9053 4642 9054 4644 9054 4643 9054 4644 9055 4645 9055 4643 9055 4644 9056 4646 9056 4645 9056 4646 9057 4647 9058 4645 9059 4646 9060 4648 9061 4647 9062 4648 9063 4649 9063 4647 9063 4648 9064 4650 9064 4649 9064 4650 9065 4651 9065 4649 9065 4652 9066 4654 9067 4653 9068 4653 9069 4655 9069 4652 9069 4655 9070 4656 9070 4652 9070 4655 9071 4657 9072 4656 9073 4658 9074 4660 9074 4659 9074 4494 9075 4662 9075 4661 9075 4663 9076 4665 9076 4664 9076 4666 9077 4668 9078 4667 9079 4660 9080 4669 9080 4659 9080 4445 9081 4670 9082 4447 9081 4670 9083 4639 9084 4447 9084 4670 9085 4671 9086 4639 9087 4671 9088 4640 9088 4639 9088 4671 9089 4654 9090 4640 9091 4654 9092 4641 9092 4640 9092 4654 9093 4652 9093 4641 9093 4652 9094 4672 9094 4641 9094 4652 9095 4656 9095 4672 9095 4447 9096 4639 9097 4451 9098 4639 9099 4450 9099 4451 9099 4639 9100 4614 9101 4450 9102 4614 9103 4449 9104 4450 9105 4614 9106 4615 9106 4449 9106 4615 9107 4456 9107 4449 9107 4615 9108 4455 9109 4456 9110 4658 9111 4662 9111 4502 9111 4662 9112 4499 9112 4502 9112 4662 9113 4494 9113 4499 9113 4494 9114 4501 9114 4499 9114 4494 9115 4495 9115 4501 9115 4495 9116 4470 9116 4501 9116 4643 9117 4645 9118 4657 9119 4645 9120 4656 9120 4657 9120 4645 9121 4647 9121 4656 9121 4647 9122 4672 9123 4656 9124 4647 9125 4649 9125 4672 9125 4649 9126 4641 9126 4672 9126 4649 9127 4651 9127 4641 9127 4651 9128 4613 9129 4641 9130 4651 9131 4673 9131 4613 9131 4673 9132 4615 9132 4613 9132 4673 9133 4674 9134 4615 9135 4674 9136 4455 9136 4615 9136 4674 9137 4453 9137 4455 9137 4099 9138 4498 9138 4106 9138 4498 9139 4105 9139 4106 9139 4498 9140 4103 9140 4105 9140 4661 9141 4676 9141 4675 9141 4677 9142 4679 9142 4678 9142 4679 9143 4680 9143 4678 9143 4679 9144 4669 9144 4680 9144 4669 9145 4681 9145 4680 9145 4669 9146 4660 9146 4681 9146 4660 9147 4682 9147 4681 9147 4660 9148 4658 9148 4682 9148 4658 9149 4683 9149 4682 9149 4667 9150 4668 9150 4684 9150 4668 9151 4685 9152 4684 9153 4668 9154 4686 9155 4685 9156 4686 9157 4687 9158 4685 9159 4686 9160 4688 9160 4687 9160 4666 9161 4690 9161 4689 9161 4690 9162 4691 9162 4689 9162 4690 9163 4692 9163 4691 9163 4692 9164 4693 9165 4691 9166 4666 9167 4689 9167 4668 9167 4689 9168 4686 9168 4668 9168 4689 9169 4691 9169 4686 9169 4691 9170 4688 9170 4686 9170 4691 9171 4693 9171 4688 9172 4683 9173 4694 9173 4682 9173 4694 9174 4681 9174 4682 9174 4694 9175 4695 9175 4681 9175 4695 9176 4680 9176 4681 9176 4695 9177 4696 9177 4680 9177 4696 9178 4678 9178 4680 9178 4696 9179 4697 9180 4678 9181 4697 9182 4677 9182 4678 9182 4697 9183 4698 9184 4677 9185 4699 9186 4700 9187 4692 9188 4700 9189 4693 9190 4692 9191 4700 9192 4701 9193 4693 9194 4701 9195 4688 9196 4693 9197 4701 9198 4702 9198 4688 9198 4702 9199 4687 9199 4688 9199 4702 9200 4703 9201 4687 9202 4703 9203 4685 9203 4687 9203 4703 9204 4665 9205 4685 9206 4665 9207 4684 9207 4685 9207 4665 9208 4663 9208 4684 9208 4663 9209 4667 9209 4684 9209 4438 9210 4490 9211 4443 9212 4490 9213 4704 9214 4443 9215 4490 9216 4491 9217 4704 9218 4491 9219 4705 9219 4704 9219 4675 9220 4676 9220 4706 9220 4676 9221 4707 9221 4706 9221 4676 9222 4708 9222 4707 9222 4708 9223 4709 9223 4707 9223 4708 9224 4710 9224 4709 9224 4661 9225 4675 9225 4494 9225 4675 9226 4493 9226 4494 9226 4675 9227 4706 9227 4493 9227 4706 9228 4711 9228 4493 9228 4706 9229 4707 9229 4711 9229 4707 9230 4712 9230 4711 9230 4707 9231 4709 9231 4712 9231 4713 9232 4715 9232 4714 9232 4715 9233 4716 9233 4714 9233 4715 9234 4717 9234 4716 9234 4717 9235 4718 9235 4716 9235 4717 9236 4719 9236 4718 9236 4719 9237 4720 9237 4718 9237 4721 9238 4699 9238 4492 9238 4699 9239 4491 9240 4492 9241 4699 9242 4692 9243 4491 9244 4692 9245 4705 9246 4491 9247 4692 9248 4690 9248 4705 9248 4722 9249 4723 9249 4713 9249 4723 9250 4715 9250 4713 9250 4723 9251 4724 9251 4715 9251 4724 9252 4717 9252 4715 9252 4724 9253 4725 9253 4717 9253 4725 9254 4719 9254 4717 9254 4725 9255 4698 9255 4719 9255 4698 9256 4720 9256 4719 9256 4698 9257 4697 9257 4720 9257 4658 9258 4659 9258 4662 9258 4659 9259 4661 9259 4662 9259 4659 9260 4669 9260 4661 9260 4669 9261 4676 9261 4661 9261 4669 9262 4679 9262 4676 9262 4679 9263 4708 9263 4676 9263 4679 9264 4677 9264 4708 9264 4677 9265 4710 9265 4708 9265 4677 9266 4698 9266 4710 9266 4698 9267 4726 9267 4710 9267 4698 9268 4725 9268 4726 9268 4725 9269 4727 9269 4726 9269 4725 9270 4724 9270 4727 9270 4724 9271 4728 9271 4727 9271 4724 9272 4723 9272 4728 9272 4723 9273 4729 9273 4728 9273 4723 9274 4722 9274 4729 9274 4712 9275 4709 9275 4730 9275 4709 9276 4731 9276 4730 9276 4709 9277 4710 9277 4731 9277 4710 9278 4732 9278 4731 9278 4710 9279 4726 9280 4732 9281 4726 9282 4733 9282 4732 9282 4726 9283 4727 9283 4733 9283 4727 9284 4734 9284 4733 9284 4727 9285 4728 9285 4734 9285 4728 9286 4735 9286 4734 9286 4728 9287 4729 9287 4735 9287 4735 9288 4729 9288 4736 9288 4729 9289 4737 9290 4736 9289 4729 9291 4722 9291 4737 9291 4722 9292 4721 9292 4737 9292 4722 9293 4713 9293 4721 9293 4713 9294 4699 9295 4721 9296 4713 9297 4714 9297 4699 9297 4714 9298 4700 9299 4699 9300 4714 9301 4716 9301 4700 9301 4716 9302 4701 9303 4700 9303 4716 9304 4718 9304 4701 9304 4718 9305 4702 9306 4701 9307 4718 9308 4720 9308 4702 9308 4720 9309 4703 9309 4702 9309 4720 9310 4697 9311 4703 9312 4697 9313 4665 9313 4703 9313 4697 9314 4696 9315 4665 9314 4696 9316 4664 9317 4665 9318 4696 9319 4695 9319 4664 9319 4738 9320 4740 9320 4739 9320 4740 9321 4489 9321 4739 9321 4740 9322 4741 9322 4489 9322 4741 9323 4441 9323 4489 9323 4741 9324 4439 9324 4441 9324 4742 9325 4744 9325 4743 9325 4744 9326 4745 9326 4743 9326 4745 9327 4746 9328 4743 9329 4745 9330 4747 9330 4746 9330 4747 9331 4748 9331 4115 9331 4748 9332 4113 9332 4115 9332 4749 9333 4751 9333 4750 9333 4751 9334 4485 9334 4750 9334 4751 9335 4752 9335 4485 9335 4752 9336 4484 9336 4485 9336 4753 9337 4744 9337 4754 9337 4744 9338 4755 9338 4754 9338 4744 9339 4742 9339 4755 9339 4487 9340 4756 9340 4486 9340 4756 9341 4757 9341 4486 9341 4756 9342 4758 9342 4757 9342 4488 9343 4486 9343 4759 9343 4486 9344 4760 9344 4759 9344 4486 9345 4757 9346 4760 9347 4757 9348 4761 9348 4760 9348 4757 9349 4758 9349 4761 9349 4762 9350 4764 9350 4763 9350 4765 9351 4764 9351 4766 9351 4764 9352 4767 9353 4766 9354 4764 9355 4762 9355 4767 9355 4762 9356 4768 9356 4767 9356 4769 9357 4771 9357 4770 9357 4771 9358 4772 9358 4770 9358 4771 9359 4773 9360 4772 9361 4773 9362 4774 9362 4772 9362 4773 9363 4775 9363 4774 9363 4775 9364 4776 9364 4774 9364 4775 9365 4758 9365 4776 9365 4758 9366 4777 9366 4776 9366 4758 9367 4756 9367 4777 9367 4756 9368 4778 9368 4777 9368 4756 9369 4487 9369 4778 9369 4479 9370 4480 9370 4779 9370 4480 9371 4780 9371 4779 9371 4480 9372 4781 9372 4780 9372 4782 9373 4783 9373 4781 9373 4783 9374 4780 9374 4781 9374 4783 9375 4784 9375 4780 9375 4481 9376 4785 9376 4480 9376 4785 9377 4781 9377 4480 9377 4785 9378 4786 9378 4781 9378 4786 9379 4782 9379 4781 9379 4786 9380 4787 9380 4782 9380 4483 9381 4788 9381 4485 9381 4788 9382 4750 9382 4485 9382 4788 9383 4789 9383 4750 9383 4789 9384 4790 9384 4750 9384 4789 9385 4482 9385 4790 9385 4482 9386 4112 9386 4790 9386 4482 9387 4122 9387 4112 9387 4120 9388 4791 9388 4119 9388 4791 9389 4118 9390 4119 9391 4792 9392 4794 9393 4793 9394 4792 9395 4795 9395 4794 9395 4795 9396 4796 9396 4794 9396 4795 9397 4797 9397 4796 9397 4798 9398 4800 9398 4799 9398 4800 9399 4801 9399 4799 9399 4800 9400 4769 9401 4801 9402 4769 9403 4802 9403 4801 9403 4769 9404 4770 9404 4802 9404 4799 9405 4801 9405 4803 9405 4801 9406 4804 9406 4803 9406 4801 9407 4802 9407 4804 9407 4802 9408 4805 9408 4804 9408 4802 9409 4770 9409 4805 9409 4770 9410 4806 9410 4805 9410 4770 9411 4772 9411 4806 9411 4772 9412 4807 9412 4806 9412 4772 9413 4774 9413 4807 9413 4774 9414 4808 9414 4807 9414 4774 9415 4776 9415 4808 9415 4776 9416 4809 9416 4808 9416 4776 9417 4777 9417 4809 9417 4777 9418 4810 9418 4809 9418 4777 9419 4778 9419 4810 9419 4761 9420 4758 9420 4811 9420 4758 9421 4812 9421 4811 9421 4758 9422 4775 9422 4812 9422 4775 9423 4813 9423 4812 9423 4775 9424 4773 9424 4813 9424 4773 9425 4814 9425 4813 9425 4773 9426 4771 9426 4814 9426 4771 9427 4815 9427 4814 9427 4771 9428 4769 9428 4815 9428 4769 9429 4816 9429 4815 9429 4769 9430 4800 9430 4816 9430 4800 9431 4817 9431 4816 9431 4800 9432 4798 9432 4817 9432 4818 9433 4819 9433 4797 9433 4819 9434 4796 9434 4797 9434 4819 9435 4820 9435 4796 9435 4820 9436 4794 9436 4796 9436 4820 9437 4821 9437 4794 9437 4821 9438 4793 9438 4794 9438 4821 9439 4784 9439 4793 9439 4481 9440 4479 9440 4478 9440 4479 9441 4822 9441 4478 9441 4479 9442 4823 9442 4822 9442 4823 9443 4476 9443 4822 9443 4823 9444 4477 9444 4476 9444 4477 9445 4094 9445 4476 9445 4477 9446 4123 9446 4094 9446 4819 9447 4818 9447 4824 9447 4818 9448 4825 9448 4824 9448 4818 9449 4826 9449 4825 9449 4826 9450 4471 9450 4825 9450 4784 9451 4821 9451 4780 9451 4821 9452 4779 9452 4780 9452 4821 9453 4820 9453 4779 9453 4820 9454 4479 9454 4779 9454 4820 9455 4819 9455 4479 9455 4819 9456 4823 9456 4479 9456 4819 9457 4824 9457 4823 9457 4824 9458 4477 9458 4823 9458 4824 9459 4825 9459 4477 9459 4825 9460 4128 9460 4477 9460 4825 9461 4127 9462 4128 9463 4127 9464 4825 9464 4125 9464 4825 9465 4124 9465 4125 9465 4825 9466 4471 9466 4124 9466 4471 9467 4092 9467 4124 9467 4471 9468 4091 9468 4092 9468 4478 9469 4822 9469 4120 9469 4822 9470 4791 9470 4120 9470 4822 9471 4476 9471 4791 9471 4476 9472 4118 9472 4791 9472 4476 9473 4095 9473 4118 9473 4437 9474 4768 9474 4436 9474 4121 9475 4482 9475 4478 9475 4482 9476 4481 9476 4478 9476 4482 9477 4789 9477 4481 9477 4789 9478 4785 9478 4481 9478 4789 9479 4788 9479 4785 9479 4788 9480 4786 9480 4785 9480 4788 9481 4483 9481 4786 9481 4483 9482 4787 9482 4786 9482 4483 9483 4484 9483 4787 9483 4484 9484 4753 9484 4787 9484 4484 9485 4752 9485 4753 9485 4752 9486 4744 9486 4753 9486 4752 9487 4751 9487 4744 9487 4751 9488 4745 9488 4744 9488 4751 9489 4749 9489 4745 9489 4749 9490 4747 9490 4745 9490 4749 9491 4750 9491 4747 9491 4750 9492 4748 9492 4747 9492 4750 9493 4790 9493 4748 9493 4790 9494 4113 9494 4748 9494 4790 9495 4112 9495 4113 9495 4765 9496 4738 9496 4764 9496 4738 9497 4763 9497 4764 9497 4738 9498 4739 9498 4763 9498 4739 9499 4827 9500 4763 9501 4739 9502 4489 9502 4827 9502 4489 9503 4434 9504 4827 9505 4489 9506 4442 9506 4434 9506 4768 9507 4762 9507 4436 9507 4762 9508 4435 9508 4436 9508 4762 9509 4763 9509 4435 9509 4763 9510 4430 9510 4435 9510 4763 9511 4827 9511 4430 9511 4827 9512 4432 9513 4430 9514 4827 9515 4434 9516 4432 9515 4787 9517 4753 9517 4828 9517 4753 9518 4829 9518 4828 9518 4753 9519 4754 9519 4829 9519 4754 9520 4830 9520 4829 9520 4754 9521 4755 9521 4830 9521 4755 9522 4831 9522 4830 9522 4755 9523 4742 9523 4831 9523 4742 9524 4832 9524 4831 9524 4742 9525 4102 9525 4832 9525 4102 9526 4742 9526 4111 9526 4742 9527 4110 9527 4111 9527 4742 9528 4743 9528 4110 9528 4743 9529 4108 9529 4110 9529 4743 9530 4746 9530 4108 9530 4746 9531 4107 9531 4108 9531 4746 9532 4747 9532 4107 9532 4747 9533 4116 9533 4107 9533 4747 9534 4115 9534 4116 9534 4833 9535 4475 9535 4834 9535 4475 9536 4835 9536 4834 9536 4475 9537 4473 9537 4835 9537 4473 9538 4836 9538 4835 9538 4473 9539 4474 9539 4836 9539 4385 9540 4386 9540 4472 9540 4386 9541 4837 9541 4472 9541 4386 9542 4387 9542 4837 9542 4382 9543 4504 9543 4388 9543 4504 9544 4387 9544 4388 9544 4504 9545 4596 9545 4387 9545 4596 9546 4837 9546 4387 9546 4596 9547 4594 9547 4837 9547 4594 9548 4472 9548 4837 9548 3455 9549 4838 9549 4428 9549 4838 9550 4437 9550 4428 9550 4838 9551 4839 9551 4437 9551 4839 9552 4768 9552 4437 9552 4839 9553 4840 9553 4768 9553 4840 9554 4767 9555 4768 9556 4840 9557 4841 9557 4767 9557 4841 9558 4766 9558 4767 9558 4841 9559 4842 9559 4766 9559 4842 9560 4843 9560 4766 9560 4842 9561 4844 9562 4843 9563 4844 9564 4845 9564 4843 9564 4844 9565 4846 9566 4845 9567 4846 9568 4847 9568 4845 9568 4846 9569 4848 9569 4847 9569 4848 9570 4849 9570 4847 9570 4848 9571 4850 9571 4849 9571 4850 9572 4851 9572 4849 9572 4850 9573 4852 9573 4851 9573 4852 9574 4853 9574 4851 9574 4852 9575 4854 9575 4853 9575 4854 9576 4855 9576 4853 9576 4854 9577 4856 9577 4855 9577 3455 9578 4471 9578 4803 9578 4471 9579 4799 9579 4803 9579 4471 9580 4826 9580 4799 9580 4826 9581 4798 9581 4799 9581 4826 9582 4818 9582 4798 9582 4818 9583 4817 9583 4798 9583 4818 9584 4797 9584 4817 9584 4797 9585 4816 9586 4817 9587 4797 9588 4795 9588 4816 9588 4795 9589 4815 9589 4816 9589 4795 9590 4792 9590 4815 9590 4792 9591 4814 9591 4815 9591 4792 9592 4793 9593 4814 9594 4793 9595 4813 9595 4814 9595 4793 9596 4784 9596 4813 9596 4784 9597 4812 9597 4813 9597 4784 9598 4783 9598 4812 9598 4783 9599 4811 9599 4812 9599 4783 9600 4782 9600 4811 9600 4782 9601 4761 9601 4811 9601 4782 9602 4787 9602 4761 9602 4787 9603 4760 9603 4761 9603 4787 9604 4828 9604 4760 9604 4828 9605 4759 9605 4760 9605 4828 9606 4829 9606 4759 9606 4829 9607 4488 9607 4759 9607 4829 9608 4830 9608 4488 9608 4830 9609 4496 9609 4488 9609 4830 9610 4831 9610 4496 9610 4831 9611 4498 9611 4496 9611 4831 9612 4832 9612 4498 9612 4832 9613 4103 9613 4498 9613 4832 9614 4102 9614 4103 9614 4443 9615 4704 9616 4445 9617 4704 9618 4670 9619 4445 9620 4704 9621 4705 9621 4670 9621 4705 9622 4671 9623 4670 9623 4705 9624 4690 9624 4671 9624 4690 9625 4654 9626 4671 9627 4690 9628 4666 9629 4654 9630 4666 9631 4653 9632 4654 9633 4666 9634 4667 9635 4653 9636 4667 9637 4655 9637 4653 9637 4667 9638 4663 9638 4655 9638 4663 9639 4657 9640 4655 9641 4663 9642 4664 9643 4657 9642 4664 9644 4643 9644 4657 9644 4664 9645 4695 9645 4643 9645 4695 9646 4642 9646 4643 9646 4695 9647 4694 9647 4642 9647 4694 9648 4857 9649 4642 9650 4694 9651 4683 9651 4857 9651 3455 9652 4803 9653 4838 9654 4803 9655 4839 9656 4838 9657 4803 9658 4804 9658 4839 9658 4804 9659 4840 9659 4839 9659 4804 9660 4805 9660 4840 9660 4805 9661 4841 9661 4840 9661 4805 9662 4806 9662 4841 9662 4806 9663 4842 9663 4841 9663 4806 9664 4807 9664 4842 9664 4807 9665 4844 9665 4842 9665 4807 9666 4808 9666 4844 9666 4808 9667 4846 9667 4844 9667 4808 9668 4809 9668 4846 9668 4809 9669 4848 9669 4846 9669 4809 9670 4810 9670 4848 9670 4810 9671 4850 9672 4848 9673 4810 9674 4778 9674 4850 9674 4778 9675 4852 9675 4850 9675 4778 9676 4487 9676 4852 9676 4487 9677 4854 9677 4852 9677 4487 9678 4488 9678 4854 9678 4488 9679 4856 9679 4854 9679 4488 9680 4496 9680 4856 9680 4496 9681 4836 9681 4856 9681 4496 9682 4497 9682 4836 9682 4497 9683 4835 9683 4836 9683 4497 9684 4498 9684 4835 9684 4498 9685 4834 9685 4835 9685 4498 9686 4099 9686 4834 9686 4099 9687 4833 9687 4834 9687 4099 9688 4101 9688 4833 9688 3320 9689 4474 9689 3319 9689 4474 9690 3318 9690 3319 9690 4474 9691 4475 9691 3318 9691 4475 9692 3316 9692 3318 9692 4475 9693 4833 9693 3316 9693 4833 9694 3315 9694 3316 9694 4833 9695 4101 9695 3315 9695 3321 9696 4470 9696 3320 9696 4470 9697 4474 9697 3320 9697 4470 9698 4495 9698 4474 9698 4495 9699 4836 9699 4474 9699 4495 9700 4493 9700 4836 9700 4493 9701 4856 9701 4836 9701 4493 9702 4711 9702 4856 9702 4711 9703 4855 9703 4856 9703 4711 9704 4712 9704 4855 9704 4712 9705 4853 9705 4855 9705 4712 9706 4730 9706 4853 9706 4730 9707 4851 9707 4853 9707 4730 9708 4731 9708 4851 9708 4731 9709 4849 9709 4851 9709 4731 9710 4732 9710 4849 9710 4732 9711 4847 9712 4849 9713 4732 9714 4733 9715 4847 9716 4733 9717 4845 9717 4847 9717 4733 9718 4734 9719 4845 9720 4734 9721 4843 9721 4845 9721 4734 9722 4735 9722 4843 9722 4735 9723 4766 9723 4843 9723 4735 9724 4736 9725 4766 9726 4736 9727 4765 9728 4766 9729 4736 9730 4737 9731 4765 9732 4737 9733 4738 9733 4765 9733 4737 9734 4721 9735 4738 9736 4721 9737 4740 9737 4738 9737 4721 9738 4492 9739 4740 9740 4492 9741 4741 9742 4740 9743 4492 9744 4490 9745 4741 9746 4490 9747 4439 9747 4741 9748 4490 9749 4438 9749 4439 9749 3323 9750 4472 9750 3321 9750 4472 9751 4469 9751 3321 9751 4472 9752 4594 9752 4469 9752 4594 9753 4470 9753 4469 9753 4594 9754 4595 9754 4470 9754 4595 9755 4501 9755 4470 9755 4595 9756 4597 9756 4501 9756 4597 9757 4500 9757 4501 9757 4597 9758 4627 9758 4500 9758 4627 9759 4502 9759 4500 9759 4627 9760 4628 9760 4502 9760 4628 9761 4658 9761 4502 9761 4628 9762 4629 9762 4658 9762 4629 9763 4683 9763 4658 9763 4629 9764 4630 9764 4683 9764 4630 9765 4857 9765 4683 9765 4630 9766 4631 9766 4857 9766 4631 9767 4642 9768 4857 9769 4631 9770 4632 9770 4642 9770 4632 9771 4644 9772 4642 9773 4632 9774 4633 9775 4644 9776 4633 9777 4646 9778 4644 9779 4633 9780 4634 9780 4646 9780 4634 9781 4648 9781 4646 9782 4634 9783 4635 9783 4648 9783 4635 9784 4650 9785 4648 9786 4635 9787 4636 9787 4650 9787 4636 9788 4651 9789 4650 9790 4636 9791 4637 9791 4651 9791 4637 9792 4673 9793 4651 9794 4637 9795 4638 9796 4673 9797 4638 9798 4674 9798 4673 9798 4638 9799 4590 9799 4674 9799 4590 9800 4453 9800 4674 9800 4590 9801 4452 9801 4453 9801 4419 9802 3523 9802 4417 9802 3523 9803 4415 9803 4417 9803 3523 9804 3521 9804 4415 9804 3399 9805 3451 9805 3398 9805 3451 9806 3519 9806 3398 9806 3451 9807 3447 9807 3519 9807 3447 9808 3521 9808 3519 9808 3447 9809 3448 9809 3521 9809 3448 9810 4415 9810 3521 9810 4426 9811 4410 9811 3485 9811 4410 9812 4411 9812 3485 9812 4426 9813 3485 9813 4425 9813 3485 9814 4423 9814 4425 9814 3485 9815 3523 9815 4423 9815 3523 9816 4421 9816 4423 9816 3523 9817 4419 9817 4421 9817 4407 9818 3484 9818 4405 9818 3484 9819 4413 9819 4405 9819 3484 9820 3485 9820 4413 9820 3485 9821 4412 9821 4413 9821 3485 9822 4411 9822 4412 9822 4407 9823 4402 9823 3484 9823 4402 9824 3483 9824 3484 9824 4402 9825 4401 9825 3483 9825 3492 9826 4393 9826 3636 9826 4393 9827 3492 9827 4394 9827 3492 9828 4397 9828 4394 9828 3492 9829 3483 9829 4397 9829 3483 9830 4398 9830 4397 9830 3483 9831 4401 9831 4398 9831 3291 9832 3290 9832 4858 9832 3290 9833 4859 9833 4858 9833 3290 507 3289 507 4859 507 3289 9834 4860 9834 4859 9834 3289 507 3288 507 4860 507 3288 9835 4861 9835 4860 9835 3288 507 3287 507 4861 507 3287 9836 4862 9836 4861 9836 3287 507 3286 507 4862 507 3286 9837 4863 9837 4862 9837 3286 507 3285 507 4863 507 3285 9838 4864 9838 4863 9838 3285 9839 3284 9839 4864 9839 3284 9840 4865 9840 4864 9840 3284 507 3283 507 4865 507 3283 507 4866 507 4865 507 3283 507 3282 507 4866 507 3282 507 4867 507 4866 507 3282 507 3281 507 4867 507 3281 507 4868 507 4867 507 3281 507 3280 507 4868 507 3280 507 4869 507 4868 507 3280 507 3279 507 4869 507 3279 507 4870 507 4869 507 3279 9841 3278 9841 4870 9841 3278 507 4871 507 4870 507 3278 9842 3277 9842 4871 9842 3277 507 4872 507 4871 507 3277 9843 3276 9843 4872 9843 3276 507 4873 507 4872 507 3276 9844 3275 9844 4873 9844 3275 507 4874 507 4873 507 3275 507 3274 507 4874 507 3274 507 4875 507 4874 507 3274 9845 3273 9845 4875 9845 3273 507 4876 507 4875 507 3273 9846 3272 9846 4876 9846 3272 507 4877 507 4876 507 3272 507 3271 507 4877 507 3271 507 4878 507 4877 507 3271 9847 3270 9847 4878 9847 3270 9848 4879 9848 4878 9848 3270 507 3268 507 4879 507 3268 507 4880 507 4879 507 3268 9849 3305 9849 4880 9849 3305 9850 4881 9850 4880 9850 3305 507 3304 507 4881 507 3304 507 4882 507 4881 507 3304 507 3303 507 4882 507 3303 9851 4883 9851 4882 9851 3303 507 3302 507 4883 507 3302 9852 4884 9852 4883 9852 3302 507 3301 507 4884 507 3301 507 4885 507 4884 507 3301 9853 3300 9853 4885 9853 3300 9854 4886 9854 4885 9854 3300 507 3299 507 4886 507 3299 507 4887 507 4886 507 3299 507 3298 507 4887 507 3298 507 4888 507 4887 507 3298 507 3297 507 4888 507 3297 9855 4889 9855 4888 9855 3297 507 3296 507 4889 507 3296 507 4890 507 4889 507 3296 9842 3295 9842 4890 9842 3295 9856 4891 9856 4890 9856 3295 9857 3294 9857 4891 9857 3294 9858 4892 9858 4891 9858 3294 9859 3293 9859 4892 9859 3293 507 4893 507 4892 507 3293 507 3292 507 4893 507 3292 9860 4894 9860 4893 9860 3292 507 3291 507 4894 507 3291 507 4858 507 4894 507 4861 9861 4862 9861 3685 9861 4862 9862 3684 9862 3685 9862 4862 9863 4863 9863 3684 9863 4863 9864 3691 9864 3684 9864 4863 9865 4864 9865 3691 9865 4864 9866 3690 9866 3691 9866 4864 9867 4865 9867 3690 9867 4865 9868 3689 9868 3690 9868 4865 9869 4866 9869 3689 9869 4866 9870 3667 9870 3689 9870 4866 9871 4867 9871 3667 9871 4867 9872 3666 9872 3667 9872 4867 9873 4868 9873 3666 9873 4868 9874 3665 9874 3666 9874 4868 9875 4869 9875 3665 9875 4869 9876 3656 9876 3665 9876 4869 9877 4870 9877 3656 9877 4870 9878 3655 9878 3656 9878 4870 9879 4871 9879 3655 9879 4871 9880 3654 9880 3655 9880 4871 9881 4872 9881 3654 9881 4872 9881 3640 9881 3654 9881 4872 9882 4873 9882 3640 9882 4873 9883 3639 9883 3640 9883 4873 9884 4874 9884 3639 9884 4874 9885 3638 9885 3639 9885 4874 9886 4875 9886 3638 9886 4875 9887 3637 9887 3638 9887 4875 9888 4876 9888 3637 9888 4876 9889 3650 9889 3637 9889 4876 9890 4877 9890 3650 9890 4877 9891 3649 9891 3650 9891 4877 9892 4878 9892 3649 9892 4878 9893 3648 9893 3649 9893 4878 9894 4879 9894 3648 9894 4879 9895 3646 9895 3648 9895 4879 170 4880 170 3646 170 4880 170 3662 170 3646 170 4880 9896 4881 9896 3662 9896 4881 9897 3661 9897 3662 9897 4881 9898 4882 9898 3661 9898 4882 9899 3644 9899 3661 9899 4882 9900 4883 9900 3644 9900 4883 9901 3642 9901 3644 9901 4883 9902 4884 9902 3642 9902 4884 9903 3641 9903 3642 9903 4884 9904 4885 9904 3641 9904 4885 9905 3671 9905 3641 9905 4885 9906 4886 9906 3671 9906 4886 9907 3670 9907 3671 9907 4886 9908 4887 9908 3670 9908 4887 9909 3660 9909 3670 9909 4887 9910 4888 9910 3660 9910 4888 9911 3659 9911 3660 9911 4888 9912 4889 9912 3659 9912 4889 9913 3658 9913 3659 9913 4889 9914 4890 9914 3658 9914 4890 9915 3657 9915 3658 9915 4890 9916 4891 9916 3657 9916 4891 9917 3673 9917 3657 9917 4891 9918 4892 9918 3673 9918 4892 9919 3672 9919 3673 9919 4892 9920 4893 9920 3672 9920 4893 9921 3669 9921 3672 9921 4893 9922 4894 9922 3669 9922 4894 9923 3668 9923 3669 9923 4894 9924 4858 9924 3668 9924 4858 9925 3688 9925 3668 9925 4858 9926 4859 9926 3688 9926 4859 9926 3687 9926 3688 9926 4859 9927 4860 9927 3687 9927 4860 9928 3686 9928 3687 9928 4860 9929 4861 9929 3686 9929 4861 9930 3685 9930 3686 9930</p>
        </triangles>
      </mesh>
    </geometry>
  </library_geometries>
  <library_visual_scenes>
    <visual_scene id="Scene" name="Scene">
      <node id="camera_mount_right" name="camera_mount_right" type="NODE">
        <matrix sid="transform">1 0 0 0 0 1 0 0 0 0 1 0 0 0 0 1</matrix>
        <instance_geometry url="#camera_mount_left-mesh" name="camera_mount_right"/>
      </node>
    </visual_scene>
  </library_visual_scenes>
  <scene>
    <instance_visual_scene url="#Scene"/>
  </scene>
</COLLADA>