<?xml version="1.0" encoding="utf-8"?>
<COLLADA xmlns="http://www.collada.org/2005/11/COLLADASchema" version="1.4.1" xmlns:xsi="http://www.w3.org/2001/XMLSchema-instance">
  <asset>
    <contributor>
      <author>Blender User</author>
      <authoring_tool>Blender 4.5.3 LTS commit date:2025-09-08, commit time:12:46, hash:67807e1800cc</authoring_tool>
    </contributor>
    <created>2025-10-28T19:54:46</created>
    <modified>2025-10-28T19:54:46</modified>
    <unit name="meter" meter="1"/>
    <up_axis>Z_UP</up_axis>
  </asset>
  <library_images/>
  <library_geometries>
    <geometry id="camera_mount_left-mesh" name="camera_mount_left">
      <mesh>
        <source id="camera_mount_left-mesh-positions">
          <float_array id="camera_mount_left-mesh-positions-array" count="14685">26.42729 18.03182 36.6 23.8185 21.35949 21.6 23.8185 21.35949 36.6 20.79364 24.31405 21.6 20.79364 24.31405 36.6 17.40556 26.8439 21.6 17.40556 26.8439 36.6 13.71345 28.90485 21.6 13.71345 28.90485 36.6 28.11787 15.26219 20.75644 28.12454 15.24987 21.74909 28.12285 15.25299 20.67892 28.12454 15.24987 20.6 28.10956 15.2775 20.83342 28.09796 15.29882 20.90902 28.12642 15.24642 21.84547 28.06517 15.35887 21.05399 28.14029 15.2208 22.03059 28.13272 15.23478 21.95144 28.02014 15.44085 21.18779 28.1317 15.23666 21.93827 28.13048 15.23893 21.92116 28.16562 15.17388 22.20541 28.15736 15.18921 22.15664 27.96375 15.54277 21.30711 28.15163 15.19984 22.11902 28.14154 15.21848 22.04168 28.23427 15.04577 22.4956 28.2209 15.07081 22.44871 27.8971 15.66209 21.40902 28.21622 15.07959 22.43149 28.2027 15.10485 22.37918 28.20007 15.10974 22.36853 28.18202 15.1434 22.28928 28.17513 15.15625 22.25567 28.24342 15.02857 22.52614 27.82155 15.79589 21.49101 28.26535 14.98729 22.59485 27.73874 15.94086 21.55106 27.6505 16.09344 21.58769 27.55885 16.24987 21.6 26.42729 18.03182 21.6 28.26708 14.98405 22.6 28.57448 14.38918 22.6 28.57448 14.38918 36.6 29.41092 12.59153 22.6 30.22252 10.49519 36.6 30.22252 10.49519 22.6 30.41069 9.936757 22.6 31.34264 6.417873 36.6 31.17137 7.203854 22.6 31.91528 2.228451 36.6 31.68698 4.41431 22.6 31.34264 6.417873 22.6 31.93044 -1.999901 22.6 31.9687 -1.246691 22.6 31.93044 -1.999901 36.6 31.95345 1.590061 22.6 31.91528 2.228451 22.6 31.73261 -4.073643 22.6 31.38783 -6.193321 36.6 31.38783 -6.193321 22.6 31.24703 -6.868568 22.6 30.29697 -10.27856 36.6 30.51578 -9.609492 22.6 28.67687 -14.18426 36.6 29.5446 -12.27487 22.6 30.29697 -10.27856 22.6 28.06342 -15.36234 21.40902 28.1284 -15.24302 21.30711 26.55586 -17.8422 36.6 27.98976 -15.49614 21.49101 27.73357 -15.95013 21.6 27.82294 -15.79369 21.58769 27.909 -15.64111 21.55106 28.28516 -14.95013 21.74227 28.28702 -14.9466 21.83928 28.29126 -14.93859 21.91837 28.29227 -14.93665 21.93268 28.29384 -14.93368 21.95283 28.30078 -14.92054 22.02541 28.30179 -14.91862 22.0345 28.31203 -14.89919 22.11453 28.33487 -14.85569 22.24985 28.34216 -14.84177 22.28604 28.31732 -14.88912 22.1499 28.32593 -14.87273 22.20167 28.35912 -14.80936 22.36195 28.36009 -14.80748 22.36606 28.37528 -14.77836 22.42653 28.38091 -14.76754 22.44764 28.3925 -14.74523 22.48924 28.40318 -14.72465 22.52561 28.27055 -14.97773 20.83333 28.27864 -14.96244 20.75644 28.28351 -14.95324 20.67882 28.28516 -14.95013 20.6 28.1834 -15.14111 21.18779 28.22728 -15.05912 21.05399 28.25923 -14.99907 20.90902 28.42484 -14.6828 22.59485 28.42653 -14.67954 22.6 28.67687 -14.18426 22.6 26.55586 -17.8422 21.6 23.97098 -21.18848 36.6 23.97098 -21.18848 21.6 20.96736 -24.16464 36.6 20.96736 -24.16464 21.6 17.59752 -26.71871 36.6 17.59752 -26.71871 21.6 13.92027 -28.80607 36.6 13.92027 -28.80607 21.6 9.999863 -30.39026 36.6 9.999863 -30.39026 21.6 3.420639 -30.5046 21.6 -1.2207e-4 -30.68665 21.6 -1.2207e-4 -29.10013 21.6 2.878067 -28.95744 21.6 5.728058 -28.53078 21.6 6.799866 -29.94278 21.6 9.999863 -27.85977 21.6 13.83217 -25.60242 21.6 16.2966 -24.10877 21.6 18.60121 -22.37869 21.6 20.7234 -20.42915 21.6 22.64238 -18.27927 21.6 24.3393 -15.95013 21.6 6.799866 -28.80846 21.6 8.521866 -27.82432 21.6 11.23209 -26.845 21.6 3.999878 71.02823 22.24515 3.999878 70.74404 22.29388 -1.2207e-4 70.74404 22.29388 3.999878 70.59987 22.3 -1.2207e-4 70.45571 22.29388 3.999878 70.45571 22.29388 -1.2207e-4 70.17151 22.24515 3.999878 70.17151 22.24515 -1.2207e-4 69.89965 22.14909 3.999878 69.89965 22.14909 -1.2207e-4 69.64792 22.00847 3.999878 69.64792 22.00847 -1.2207e-4 69.42357 21.82733 3.999878 69.42357 21.82733 -1.2207e-4 69.23308 21.61088 3.999878 69.23308 21.61088 -1.2207e-4 69.0819 21.36535 3.999878 69.0819 21.36535 -1.2207e-4 68.9744 21.0978 3.999878 68.9744 21.0978 -1.2207e-4 68.91364 20.81594 3.999878 68.91364 20.81594 -1.2207e-4 68.90142 20.52786 3.999878 68.90142 20.52786 -1.2207e-4 68.93802 20.24185 3.999878 68.93802 20.24185 -1.2207e-4 69.02246 19.96615 3.999878 69.02246 19.96615 -1.2207e-4 69.15227 19.70868 3.999878 69.15227 19.70868 -1.2207e-4 69.32373 19.47686 3.999878 69.32373 19.47686 -1.2207e-4 69.53189 19.27734 3.999878 69.53189 19.27734 -1.2207e-4 69.7708 19.11588 3.999878 69.7708 19.11588 -1.2207e-4 70.03354 18.99711 3.999878 70.03354 18.99711 -1.2207e-4 70.31256 18.92446 3.999878 70.31256 18.92446 -1.2207e-4 70.59987 18.9 3.999878 70.59987 18.9 -1.2207e-4 70.88718 18.92446 3.999878 70.88718 18.92446 -1.2207e-4 71.16622 18.99711 3.999878 71.16622 18.99711 -1.2207e-4 71.42896 19.11588 3.999878 71.42896 19.11588 -1.2207e-4 71.66785 19.27734 3.999878 71.66785 19.27734 -1.2207e-4 71.87601 19.47686 3.999878 71.87601 19.47686 -1.2207e-4 72.04747 19.70868 3.999878 72.04747 19.70868 -1.2207e-4 72.17729 19.96615 3.999878 72.17729 19.96615 -1.2207e-4 72.26172 20.24185 3.999878 72.26172 20.24185 -1.2207e-4 72.29834 20.52786 3.999878 72.29834 20.52786 -1.2207e-4 72.2861 20.81594 3.999878 72.2861 20.81594 -1.2207e-4 72.22536 21.0978 3.999878 72.22536 21.0978 -1.2207e-4 72.11785 21.36535 3.999878 72.11785 21.36535 -1.2207e-4 71.96666 21.61088 3.999878 71.96666 21.61088 -1.2207e-4 71.77617 21.82733 3.999878 71.77617 21.82733 -1.2207e-4 71.55184 22.00847 3.999878 71.55184 22.00847 -1.2207e-4 71.30011 22.14909 3.999878 71.30011 22.14909 -1.2207e-4 71.02823 22.24515 9.999863 103.3239 15.77897 9.999863 103.9048 14.18294 10.28717 103.301 15.77061 10.28717 103.8819 14.17457 10.56621 103.2327 15.74576 10.56621 103.8136 14.14972 10.82895 103.1211 15.70514 10.82895 103.702 14.1091 11.06784 102.9694 15.64991 11.06784 103.5503 14.05388 11.27602 102.7819 15.58167 11.27602 103.3628 13.98564 11.44746 102.564 15.50239 11.44746 103.1449 13.90636 11.57729 102.3221 15.41433 11.57729 102.903 13.81829 11.66171 102.063 15.32003 11.66171 102.6439 13.724 11.69833 101.7943 15.22221 11.69833 102.3752 13.62618 11.6861 101.5236 15.12368 11.6861 102.1045 13.52765 11.62535 101.2587 15.02728 11.62535 101.8396 13.43125 11.51784 101.0073 14.93577 11.51784 101.5882 13.33974 11.36667 100.7766 14.8518 11.36667 101.3575 13.25576 11.17616 100.5732 14.77777 11.17616 101.1541 13.18173 10.95183 100.4029 14.71581 10.95183 100.9838 13.11978 10.7001 100.2708 14.66772 10.7001 100.8517 13.07169 10.42824 100.1805 14.63486 10.42824 100.7614 13.03883 10.14404 100.1347 14.6182 10.14404 100.7156 13.02217 9.855698 100.1347 14.6182 9.855698 100.7156 13.02217 9.571503 100.1805 14.63486 9.571503 100.7614 13.03883 9.299637 100.2708 14.66772 9.299637 100.8517 13.07169 9.047913 100.4029 14.71581 9.047913 100.9838 13.11978 8.823578 100.5732 14.77777 8.823578 101.1541 13.18173 8.633072 100.7766 14.8518 8.633072 101.3575 13.25576 8.481888 101.0073 14.93577 8.481888 101.5882 13.33974 8.37439 101.2587 15.02728 8.37439 101.8396 13.43125 8.313645 101.5236 15.12368 8.313645 102.1045 13.52765 8.301407 101.7943 15.22221 8.301407 102.3752 13.62618 8.338028 102.063 15.32003 8.338028 102.6439 13.724 8.422455 102.3221 15.41433 8.422455 102.903 13.81829 8.552277 102.564 15.50239 8.552277 103.1449 13.90636 8.723725 102.7819 15.58167 8.723725 103.3628 13.98564 8.9319 102.9694 15.64991 8.9319 103.5503 14.05388 9.170792 103.1211 15.70514 9.170792 103.702 14.1091 9.433533 103.2327 15.74576 9.433533 103.8136 14.14972 9.712571 103.301 15.77061 9.712571 103.8819 14.17457 10.99988 30.79817 21.6 11.07292 30.72729 21.6 10.99988 26.94074 21.6 12.31963 29.70948 21.6 13.59454 25.72914 21.6 16.05757 24.26838 21.6 18.3651 22.57261 21.6 20.49477 20.65826 21.6 22.426 18.54386 21.6 24.14003 16.24987 21.6 -1.2207e-4 -29.10013 36.6 -1.2207e-4 -30.68665 36.6 2.943863 -28.95083 36.6 3.420639 -30.5046 36.6 5.857666 -28.50445 36.6 7.999878 70.7085 36.6 -1.2207e-4 70.7085 36.6 7.999878 37.93959 36.6 -1.2207e-4 29.09987 36.6 8.12938 36.3354 36.6 14.12216 -25.44361 36.6 11.47563 -26.7418 36.6 9.999863 -27.85977 36.6 8.711335 -27.76558 36.6 6.799866 -28.80846 36.6 6.799866 -29.94278 36.6 21.09134 20.04881 36.6 18.9548 22.07974 36.6 16.62378 23.88409 36.6 14.12216 25.44336 36.6 11.47563 26.74154 36.6 12.31963 29.70948 36.6 8.711335 27.76532 36.6 11.07292 30.72729 36.6 5.857666 28.50419 36.6 10.00563 31.93191 36.6 2.943863 28.95057 36.6 9.145417 33.29215 36.6 8.514557 34.77276 36.6 23.01144 17.81216 36.6 24.69542 15.39273 36.6 26.12598 12.81534 36.6 27.28845 10.10646 36.6 16.62378 -23.88434 36.6 18.9548 -22.07999 36.6 21.09134 -20.04906 36.6 28.17091 7.293865 36.6 28.7643 4.406422 36.6 29.06252 1.473766 36.6 29.06252 -1.474016 36.6 28.7643 -4.406675 36.6 28.17091 -7.294115 36.6 27.28845 -10.10671 36.6 26.12598 -12.8156 36.6 24.69542 -15.39298 36.6 23.01144 -17.81241 36.6 24.62093 14.55198 21.00786 25.84358 12.24987 12.1 26.01535 11.88074 12.1 -1.2207e-4 -28.60013 22.1 -1.2207e-4 -28.60013 36.1 2.828613 -28.45989 22.1 2.89328 -28.45339 36.1 4.070084 -28.30902 22.1 4.070084 -28.30902 36.1 5.629639 -28.04056 22.1 5.757004 -28.01468 36.1 8.057419 -27.44163 22.1 8.057419 -27.44163 36.1 8.375428 -27.34624 22.1 8.561646 -27.28851 36.1 11.03909 -26.38375 22.1 11.27844 -26.28232 36.1 11.88074 -26.0156 22.1 11.88074 -26.0156 36.1 13.5945 -25.16252 22.1 13.8795 -25.00644 36.1 15.46219 -24.05998 22.1 15.46219 -24.05998 36.1 16.01659 -23.69453 22.1 16.33815 -23.47396 36.1 18.2816 -21.99418 22.1 18.62912 -21.70061 36.1 18.72888 -21.61456 22.1 18.72888 -21.61456 36.1 20.36734 -20.07813 22.1 20.72894 -19.70458 36.1 21.6143 -18.72914 22.1 21.6143 -18.72914 36.1 22.25333 -17.96519 22.1 22.61606 -17.50636 36.1 23.9211 -15.67607 22.1 24.05972 -15.46245 36.1 24.09055 -15.4144 22.07619 24.2711 -15.1285 36.1 25.98367 -11.95013 12.1 25.67708 -12.5954 36.1 26.01535 -11.88099 12.1 24.59149 -14.60191 21.62737 24.50351 -14.74908 21.76635 24.78627 -14.26877 21.04683 24.76532 -14.3051 21.15149 25.98367 -11.95013 2.500005 24.82468 -14.20184 0.500001 24.82468 -14.20184 20.6 24.82259 -14.20549 20.7055 24.81644 -14.21625 20.80918 24.80629 -14.23393 20.91125 24.71112 -14.39853 21.34855 24.67741 -14.45623 21.44232 24.37566 -14.95943 21.91085 24.25736 -15.15052 22.00145 26.69215 -10.27057 2.500005 26.69215 -10.27057 0.500001 25.83331 -12.27178 0.500001 26.01535 -11.88099 36.1 26.81958 -9.933056 36.1 27.44138 -8.057677 12.1 28.27007 -4.330961 36.1 28.30876 -4.07033 12.1 27.68688 -7.168789 36.1 27.44138 -8.057677 36.1 28.30876 -4.07033 36.1 28.56316 -1.448692 36.1 28.59987 -1.25885e-4 12.1 28.59987 -1.25885e-4 36.1 28.56316 1.448437 36.1 28.30876 4.07008 12.1 27.68688 7.168537 36.1 27.44138 8.057423 12.1 28.27007 4.330708 36.1 28.30876 4.07008 36.1 25.84358 12.24987 2.500005 24.65366 14.49644 0.500001 25.69055 12.56765 0.500001 24.63507 14.52802 20.90884 24.65097 14.50102 20.71821 24.65366 14.49644 20.6 24.129 15.35388 21.96241 24.2625 15.14203 21.84063 26.01535 11.88074 36.1 24.37689 14.95717 21.68932 24.39206 14.93242 21.66491 24.47986 14.78804 21.4956 24.54891 14.67315 21.3121 24.57959 14.62169 21.20506 26.81958 9.932805 36.1 27.44138 8.057423 36.1 26.01535 11.88074 0.500001 26.57683 10.56517 0.500001 26.57683 10.56517 2.500005 25.67708 12.59515 36.1 24.2711 15.12825 36.1 24.06882 15.44803 22.00258 24.05972 15.4622 36.1 23.90437 15.7013 22.07475 23.72525 15.97066 22.1 22.04067 18.22523 22.1 22.61606 17.50611 36.1 21.6143 18.72889 22.1 21.6143 18.72889 36.1 20.14262 20.3033 22.1 20.72894 19.70433 36.1 18.72888 21.61432 22.1 18.72888 21.61432 36.1 18.62912 21.70036 36.1 18.04955 22.18477 22.1 16.33815 23.47371 36.1 8.879639 27.18644 21.49634 8.057419 27.44137 36.1 8.439194 27.32638 21.13512 8.076691 27.43571 20.72382 9.366303 27.02264 21.77642 9.890931 26.83506 21.97252 8.561646 27.28826 36.1 10.45441 26.62059 22.08116 11.27844 26.28207 36.1 10.81087 26.47783 22.1 11.88074 26.01535 36.1 11.88074 26.01535 22.1 13.8795 25.00619 36.1 13.36096 25.28705 22.1 15.46219 24.05973 36.1 15.46219 24.05973 22.1 15.78166 23.8514 22.1 4.070084 28.30877 3.600001 7.371002 27.63366 3.600001 7.371002 27.63366 18.6 7.41185 27.62274 19.13774 7.53093 27.59051 19.6548 4.070084 28.30877 36.1 7.55368 27.58429 19.72544 7.764114 27.5258 20.22479 5.757004 28.01443 36.1 -1.2207e-4 28.59987 36.1 -1.2207e-4 28.59987 3.600001 2.89328 28.45314 36.1 -1.2207e-4 -28.80624 21.6955 -1.2207e-4 -28.87313 21.6545 -1.2207e-4 -28.94562 21.62448 -1.2207e-4 -29.02191 21.60616 -1.2207e-4 -28.65462 36.32699 -1.2207e-4 -28.6246 36.25451 -1.2207e-4 -28.60628 36.17822 -1.2207e-4 -28.65462 21.87301 -1.2207e-4 -28.69562 21.80611 -1.2207e-4 -28.6246 21.9455 -1.2207e-4 -28.60628 22.02179 -1.2207e-4 -28.74657 21.74645 -1.2207e-4 -29.02191 36.59384 -1.2207e-4 -28.94562 36.57553 -1.2207e-4 -28.74657 36.45355 -1.2207e-4 -28.87313 36.54551 -1.2207e-4 -28.80624 36.50451 -1.2207e-4 -28.69562 36.39389 -1.2207e-4 83.59987 3.600001 -1.2207e-4 71.6482 35.94202 -1.2207e-4 70.86061 36.58836 -1.2207e-4 71.0092 36.55372 -1.2207e-4 71.15079 36.49687 -1.2207e-4 71.28208 36.41915 -1.2207e-4 71.40001 36.32236 -1.2207e-4 71.58522 36.08099 -1.2207e-4 71.50185 36.20876 -1.2207e-4 28.60603 36.17822 -1.2207e-4 28.62435 36.25451 -1.2207e-4 29.02166 36.59384 -1.2207e-4 28.94536 36.57553 -1.2207e-4 81.60857 8.877639 -1.2207e-4 81.7265 8.780853 -1.2207e-4 81.85779 8.703132 -1.2207e-4 81.99938 8.646287 -1.2207e-4 82.14797 8.611642 -1.2207e-4 121.46 22.37996 -1.2207e-4 123.067 17.96485 -1.2207e-4 83.59987 8.600005 -1.2207e-4 82.30008 8.600005 -1.2207e-4 28.65437 36.32699 -1.2207e-4 28.69537 36.39389 -1.2207e-4 28.74632 36.45355 -1.2207e-4 28.80598 36.50451 -1.2207e-4 28.87288 36.54551 -1.2207e-4 81.36038 9.257984 -1.2207e-4 81.42336 9.119015 -1.2207e-4 81.50673 8.991242 7.999878 28.11677 18.6 7.999878 28.11677 3.600001 7.999878 37.93959 18.6 7.999878 80.59987 3.600001 7.999878 67.9554 19.53736 7.999878 67.81385 19.99957 7.999878 68.05504 21.88309 7.999878 68.30849 22.29471 7.999878 73.4473 20.47905 7.999878 73.38591 19.99957 7.999878 80.59987 11.34748 7.999878 73.24436 19.53736 7.999878 69.88173 23.35804 7.999878 70.35817 23.43974 7.999878 71.98981 18.11191 7.999878 71.54932 17.9128 7.999878 71.08153 17.791 7.999878 70.59987 17.75 7.999878 70.86061 36.58836 7.999878 73.02674 19.10573 7.999878 72.73929 18.71708 7.999878 72.39029 18.3826 7.999878 70.11823 17.791 7.999878 69.65042 17.9128 7.999878 69.20995 18.11191 7.999878 68.80945 18.3826 7.999878 68.46047 18.71708 7.999878 68.17302 19.10573 7.999878 67.75244 20.47905 7.999878 67.77295 20.962 7.999878 67.8748 21.43455 7.999878 70.84157 23.43974 7.999878 71.31801 23.35804 7.999878 71.6482 35.94202 7.999878 71.77379 23.197 7.999878 68.62784 22.65758 7.999878 69.00394 22.96126 7.999878 69.42597 23.197 7.999878 71.40001 36.32236 7.999878 71.28208 36.41915 7.999878 72.1958 22.96126 7.999878 72.5719 22.65758 7.999878 72.89127 22.29471 7.999878 73.14472 21.88309 7.999878 73.32495 21.43455 7.999878 73.42679 20.962 7.999878 71.50185 36.20876 7.999878 71.15079 36.49687 7.999878 71.0092 36.55372 7.999878 71.58522 36.08099 10.07281 83.45304 3.600001 10.53056 83.56293 3.600001 10.99988 83.59987 3.600001 9.637894 83.27289 3.600001 9.236512 83.02693 3.600001 8.878556 82.72119 3.600001 8.572815 82.36322 3.600001 8.326844 81.96184 3.600001 8.146698 81.52692 3.600001 8.036805 81.06917 3.600001 7.99295 28.03391 3.600001 7.972397 27.95334 3.600001 7.45285 27.61899 3.600001 7.535995 27.61808 3.600001 7.770447 27.69631 3.600001 7.697021 27.65728 3.600001 7.836395 27.74697 3.600001 7.893021 27.80785 3.600001 7.938782 27.87729 3.600001 7.618149 27.63096 3.600001 14.99988 83.59987 8.600005 10.99988 83.59987 8.600005 14.99988 83.59987 3.600001 7.131378 102.5079 10.48197 7.321091 102.0643 10.32049 12.99718 103.4531 10.82597 12.93254 103.9274 10.9986 20.99986 117.4288 15.91273 12.78354 104.3845 11.165 12.55446 104.8115 11.3204 9.492875 106.112 11.79373 9.000443 105.9915 11.74987 8.536789 105.7945 11.67819 8.115204 105.5268 11.58074 12.97557 102.9754 10.6521 20.99986 89.59987 5.783826 12.86838 102.5079 10.48197 17.72382 122.4525 17.74118 18.52658 121.9902 17.57293 10.99928 105.9915 11.74987 7.587875 101.6571 10.1723 7.924057 101.2982 10.04165 8.319947 100.9978 9.932325 12.07568 101.2982 10.04165 12.41187 101.6571 10.1723 12.67865 102.0643 10.32049 12.25189 105.1959 11.46032 11.88454 105.5268 11.58074 20.92601 118.3108 16.23375 11.46295 105.7945 11.67819 20.70621 119.1711 16.54687 9.999863 106.1525 11.80848 14.99988 123.067 17.96485 10.50687 106.112 11.79373 15.93848 122.9976 17.93958 16.85397 122.791 17.86441 19.24251 121.4156 17.3638 19.85397 120.7428 17.11894 20.3459 119.9885 16.84437 7.747848 105.1959 11.46032 7.445282 104.8115 11.3204 7.216202 104.3845 11.165 8.764161 100.7646 9.847452 9.243927 100.6053 9.789475 7.0672 103.9274 10.9986 7.002579 103.4531 10.82597 7.02417 102.9754 10.6521 11.67979 100.9978 9.932325 20.92601 88.66126 5.442202 11.23558 100.7646 9.847452 9.745453 100.5245 9.760064 10.25429 100.5245 9.760064 10.7558 100.6053 9.789475 15.93848 83.67374 3.62689 16.85397 83.89353 3.706887 20.70621 87.74578 5.10899 20.3459 86.87593 4.792392 19.85397 86.07317 4.500203 19.24251 85.35723 4.239626 18.52658 84.74578 4.017077 17.72382 84.25383 3.838025 14.99988 121.46 22.37996 20.99986 89.59987 10.78382 20.99986 115.8219 20.32784 15.93848 121.3906 22.3547 20.70621 117.5641 20.96198 20.3459 118.3815 21.25948 19.85397 119.1359 21.53404 19.24251 119.8086 21.77891 18.52658 120.3832 21.98804 20.92601 116.7039 20.64886 17.72382 120.8455 22.15629 16.85397 121.1841 22.27952 18.52658 84.74578 9.017077 17.72382 84.25383 8.838025 16.85397 83.89353 8.706887 15.93848 83.67374 8.62689 20.92601 88.66126 10.4422 20.70621 87.74578 10.10898 19.24251 85.35723 9.239629 19.85397 86.07317 9.500206 20.3459 86.87593 9.792391 7.587875 100.631 12.99137 7.321091 101.0382 13.13957 7.131378 101.4819 13.30105 7.02417 101.9493 13.47117 7.002579 102.427 13.64505 7.0672 102.9013 13.81767 7.216202 103.3585 13.98408 7.445282 103.7854 14.13947 7.747848 104.1699 14.27939 8.115204 104.5007 14.39982 8.536789 104.7685 14.49727 9.000443 104.9654 14.56895 9.492875 105.0859 14.61281 9.999863 105.1265 14.62756 10.50687 105.0859 14.61281 10.99928 104.9654 14.56895 11.46295 104.7685 14.49727 11.88454 104.5007 14.39982 12.25189 104.1699 14.27939 12.55446 103.7854 14.13947 12.78354 103.3585 13.98408 12.93254 102.9013 13.81767 12.99718 102.427 13.64505 12.97557 101.9493 13.47117 12.86838 101.4819 13.30105 12.67865 101.0382 13.13957 12.41187 100.631 12.99137 12.07568 100.2721 12.86073 11.67979 99.97173 12.7514 11.23558 99.73854 12.66653 10.7558 99.57926 12.60855 10.25429 99.49845 12.57914 9.745453 99.49845 12.57914 9.243927 99.57926 12.60855 8.764161 99.73854 12.66653 8.319947 99.97173 12.7514 7.924057 100.2721 12.86073 3.999878 69.88173 23.35804 3.999878 70.35817 23.43974 3.999878 70.59987 23.45 3.999878 70.84157 23.43974 3.999878 71.31801 23.35804 3.999878 71.77379 23.197 3.999878 72.1958 22.96126 3.999878 72.5719 22.65758 3.999878 72.89127 22.29471 3.999878 73.14472 21.88309 3.999878 73.32495 21.43455 3.999878 73.42679 20.962 3.999878 73.4473 20.47905 3.999878 73.38591 19.99957 3.999878 73.24436 19.53736 3.999878 73.02674 19.10573 3.999878 72.73929 18.71708 3.999878 72.39029 18.3826 3.999878 71.98981 18.11191 3.999878 71.54932 17.9128 3.999878 71.08153 17.791 3.999878 70.59987 17.75 3.999878 70.11823 17.791 3.999878 69.65042 17.9128 3.999878 69.20995 18.11191 3.999878 68.80945 18.3826 3.999878 68.46047 18.71708 3.999878 68.17302 19.10573 3.999878 67.9554 19.53736 3.999878 67.81385 19.99957 3.999878 67.75244 20.47905 3.999878 67.77295 20.962 3.999878 67.8748 21.43455 3.999878 68.05504 21.88309 3.999878 68.30849 22.29471 3.999878 68.62784 22.65758 3.999878 69.00394 22.96126 3.999878 69.42597 23.197 8.036362 81.06635 10.06584 8.09787 81.36038 9.257984 10.53056 83.56293 8.600005 10.07281 83.45304 8.600005 8.528168 82.30008 8.600005 8.572815 82.36322 8.600005 8.878556 82.72119 8.600005 9.236512 83.02693 8.600005 9.637894 83.27289 8.600005 8.219452 81.7265 8.780853 8.276337 81.85779 8.703132 8.346314 81.99938 8.646287 8.430161 82.14797 8.611642 8.140213 81.50673 8.991242 8.146256 81.52556 8.967459 8.17453 81.60857 8.877639 8.115097 81.42336 9.119015 8.035492 28.10566 19.06093 7.999893 37.92205 18.60961 8.036774 37.08128 19.06911 8.047348 36.96633 19.1316 8.139344 28.07286 19.50412 8.146241 36.23489 19.52564 8.216874 35.86763 19.72025 8.159195 28.06653 19.56466 8.325623 35.40802 19.95955 8.326889 28.01222 19.96207 8.506745 34.79626 20.26863 8.342713 28.00702 19.99268 8.514496 34.77293 20.28016 8.572022 34.60558 20.36226 8.572999 27.92984 20.3636 8.766846 34.09886 20.6034 8.615326 27.91536 20.42042 8.876206 33.84585 20.71898 8.878815 27.82301 20.72158 8.931473 27.80411 20.77296 9.209534 33.17199 21.00723 9.236969 27.69153 21.02738 9.315598 27.66174 21.08259 9.635025 32.4597 21.27155 9.638504 27.53583 21.27334 9.735016 32.31 21.32033 9.862534 32.12721 21.37606 9.740021 27.49507 21.32265 10.06796 31.84986 21.45159 10.07353 27.3571 21.45341 10.41339 31.42458 21.54212 10.19756 27.3042 21.49073 10.52686 31.29474 21.56248 10.53137 27.15749 21.56319 10.68898 27.08599 21.58385 25.25868 -14.95013 20.6 34.14987 -14.95013 3.000006 25.25868 -14.95013 0.500001 34.14987 -14.95013 0.500001 28.80194 -14.95013 21.31242 28.57915 -14.95013 21.45457 29.66034 -14.95013 21.1 33.64987 -14.95013 21.1 34.14987 -14.95013 20.6 34.14371 -14.95013 20.67822 29.36809 -14.95013 21.12315 29.08907 -14.95013 21.19031 29.05394 -14.95013 21.20215 28.51692 -14.95013 21.50391 28.3414 -14.95013 21.67454 34.1254 -14.95013 20.75451 34.09537 -14.95013 20.827 33.72809 -14.95013 21.09385 34.00343 -14.95013 20.95355 33.94375 -14.95013 21.00451 34.05438 -14.95013 20.89389 33.87686 -14.95013 21.04551 33.80438 -14.95013 21.07553 25.98953 -11.95013 2.572872 26.08652 -11.95013 2.791099 26.04227 -11.95013 2.724536 26.01054 -11.95013 2.654344 26.00673 -11.95013 2.643265 25.99043 -11.95013 2.578236 26.45822 -11.95013 2.995335 26.44722 -11.95013 2.993852 26.36566 -11.95013 2.976179 26.28465 -11.95013 2.94587 26.20572 -11.95013 2.901412 26.14342 -11.95013 2.852328 34.14987 -11.95013 12.1 34.14987 -11.95013 3.000006 26.53301 -11.95013 3.000006 34.14987 12.24987 12.1 25.8475 12.24987 2.559371 34.14987 12.24987 3.000006 26.39584 12.24987 3.000006 26.3004 12.24987 2.992459 25.8504 12.24987 2.578221 25.85156 12.24987 2.584651 25.87055 12.24987 2.654172 25.90112 12.24987 2.722047 25.90389 12.24987 2.727009 25.91731 12.24987 2.749413 25.9493 12.24987 2.79399 25.96423 12.24987 2.811722 26.00565 12.24987 2.853639 26.02264 12.24987 2.868362 26.04227 12.24987 2.883911 26.07161 12.24987 2.904594 26.1154 12.24987 2.930596 26.14549 12.24987 2.945557 26.19795 12.24987 2.966717 26.20935 12.24987 2.970554 26.22546 12.24987 2.975546 34.14987 15.24987 0.500001 25.08469 15.24987 0.500001 34.14987 15.24987 3.000006 25.08469 15.24987 20.6 29.21721 15.24987 21.12337 29.5123 15.24987 21.1 33.64987 15.24987 21.1 28.18253 15.24987 21.67898 28.35783 15.24987 21.50814 28.42244 15.24987 21.45685 28.64639 15.24987 21.31406 28.89998 15.24987 21.20313 28.93558 15.24987 21.19113 34.1254 15.24987 20.75451 34.14371 15.24987 20.67822 34.14987 15.24987 20.6 34.09537 15.24987 20.827 33.72809 15.24987 21.09385 33.80438 15.24987 21.07553 33.87686 15.24987 21.04551 33.94375 15.24987 21.00451 34.05438 15.24987 20.89389 34.00343 15.24987 20.95355 34.64987 -12.45013 12.6 34.64987 -14.45013 3.000006 34.64987 -12.45013 3.000006 34.64987 -14.45013 0.500001 34.64987 -10.45013 3.000006 34.64987 -9.950127 0.500001 34.64987 -9.950127 2.500005 34.64987 -10.37191 2.993844 34.64987 -10.29562 2.975531 34.64987 12.74987 3.000006 34.64987 14.74987 0.500001 34.64987 14.74987 3.000006 34.64987 -10.22313 2.945505 34.64987 -9.956282 2.578221 34.64987 -10.15623 2.904512 34.64987 12.74987 12.6 34.64987 14.74987 20.6 34.64987 -14.45013 20.6 34.64987 10.24987 0.500001 34.64987 10.74987 3.000006 34.64987 10.24987 2.500005 34.64987 -9.974598 2.654515 34.64987 -10.00462 2.727002 34.64987 -10.04562 2.793893 34.64987 10.67166 2.993844 34.64987 10.59536 2.975531 34.64987 10.52288 2.945505 34.64987 -10.09657 2.853558 34.64987 10.45598 2.904512 34.64987 10.39632 2.853558 34.64987 10.34536 2.793893 34.64987 10.30437 2.727002 34.64987 10.27435 2.654515 34.64987 10.25603 2.578221 32.22371 -7.083252 21.6 31.46959 -9.90985 21.6 33.64987 -14.45013 21.6 30.46806 -12.65853 21.6 29.66034 -14.45013 21.6 33.64987 14.74987 21.6 29.5123 14.74987 21.6 30.33022 12.98511 21.6 31.36124 10.24735 21.6 32.14569 7.429028 21.6 32.67741 4.552288 21.6 32.95221 1.639767 21.6 32.96794 -1.285656 21.6 32.72447 -4.200968 21.6 31.21254 10.19876 21.61232 30.1864 12.92354 21.61232 30.04614 12.86349 21.64895 29.42224 12.59638 22.44357 30.32361 -12.59851 21.61232 29.46932 -14.48463 21.61231 30.18271 -12.53997 21.64895 29.28247 -14.51873 21.6489 29.44659 -14.48875 21.61543 29.0312 -14.56515 21.74161 29.10443 -14.55155 21.7088 30.04883 -12.48435 21.709 29.21632 -14.53089 21.6681 29.2421 -14.52614 21.66021 29.92526 -12.43302 21.79099 28.93942 -14.58227 21.79065 29.81508 -12.38724 21.8929 28.8214 -14.60441 21.86928 28.86725 -14.59579 21.83638 28.58827 -14.64857 22.10755 28.6649 -14.63399 22.01185 29.72096 -12.34814 22.01222 28.69196 -14.62886 21.98303 28.483 -14.6687 22.30268 28.4877 -14.66779 22.29084 29.5898 -12.29364 22.29099 28.54887 -14.65609 22.16817 28.44264 -14.67644 22.43991 29.55597 -12.27959 22.44357 28.44191 -14.67658 22.44356 28.43337 -14.67822 22.49547 28.27324 14.98285 22.50121 29.45592 12.6108 22.29099 28.32219 14.97335 22.30757 28.28261 14.98103 22.44356 29.51112 12.63443 22.14601 28.40447 14.95743 22.14589 28.38744 14.96072 22.17348 28.66199 14.90808 21.87209 28.63553 14.91311 21.89261 29.68018 12.70681 21.8929 28.53218 14.93287 21.98599 28.87524 14.86771 21.74271 28.78491 14.88475 21.79063 29.78987 12.75377 21.79099 28.70978 14.89899 21.8379 28.95145 14.8534 21.70879 29.91286 12.80643 21.709 29.06226 14.8327 21.66876 29.08847 14.82782 21.66076 29.3196 14.78509 21.61231 29.29569 14.78949 21.61558 29.13109 14.8199 21.6489 31.99327 7.393803 21.61232 31.06751 10.15137 21.64895 32.52248 4.530704 21.61232 31.84462 7.359447 21.64895 30.9297 10.10634 21.709 32.79597 1.631992 21.61232 32.37135 4.509655 21.64895 31.70337 7.326801 21.709 30.80252 10.06478 21.79099 32.81163 -1.27956 21.61232 32.64357 1.624409 21.64895 32.22777 4.489651 21.709 31.573 7.296673 21.79099 30.6891 10.02773 21.8929 29.58649 12.6667 22.01222 28.42836 14.95283 22.11042 32.5693 -4.181049 21.61232 32.65915 -1.273615 21.64895 32.49878 1.617199 21.709 32.09524 4.471188 21.79099 31.45674 7.269802 21.8929 30.59224 9.996075 22.01222 32.07092 -7.049669 21.61232 32.41797 -4.161623 21.64895 32.5143 -1.267967 21.709 32.36516 1.610546 21.79099 31.97707 4.454723 21.8929 31.35745 7.24686 22.01222 30.5143 9.970608 22.14601 31.32039 -9.862864 21.61232 31.92189 -7.016911 21.64895 32.27417 -4.143164 21.709 32.3806 -1.262753 21.79099 32.24599 1.604618 21.8929 31.87613 4.440662 22.01222 31.27757 7.228397 22.14601 30.45722 9.951962 22.29099 30.52751 -9.61319 22.44357 31.25905 -6.87121 22.44357 30.56245 -9.624194 22.29099 29.64525 -12.31668 22.14601 31.981 -1.247171 22.44357 31.74483 -4.075211 22.44357 31.78114 -4.079874 22.29099 31.29483 -6.879076 22.29099 31.35347 -6.891968 22.14601 30.61974 -9.64223 22.14601 30.69794 -9.666855 22.01222 31.96574 1.590672 22.44357 32.01761 -1.248598 22.29099 31.84071 -4.087521 22.14601 31.43355 -6.909569 22.01222 30.79514 -9.697464 21.8929 31.18337 7.206623 22.44357 31.69917 4.416012 22.44357 31.73546 4.421062 22.29099 32.00233 1.592495 22.29099 32.06232 1.595478 22.14601 32.07761 -1.250938 22.14601 32.15953 -1.254133 22.01222 31.92203 -4.097959 22.01222 32.02312 -4.110935 21.8929 31.5331 -6.931448 21.8929 31.64963 -6.957064 21.79099 30.90895 -9.733304 21.79099 31.03658 -9.773489 21.709 30.42241 9.940579 22.44357 31.21906 7.21487 22.29099 31.79492 4.429348 22.14601 32.14419 1.599552 22.01222 32.26137 -1.258104 21.8929 32.14146 -4.126129 21.79099 31.7803 -6.985788 21.709 31.17485 -9.817034 21.64895 34.63756 14.74987 20.75644 34.63756 -14.45013 20.75644 34.60092 14.74987 20.90902 34.60092 -14.45013 20.90902 34.54088 14.74987 21.05399 34.54088 -14.45013 21.05399 34.45889 14.74987 21.18779 34.45889 -14.45013 21.18779 34.35698 14.74987 21.30711 34.35698 -14.45013 21.30711 34.23765 14.74987 21.40902 34.23765 -14.45013 21.40902 34.10387 14.74987 21.49101 34.10387 -14.45013 21.49101 33.95889 14.74987 21.55106 33.95889 -14.45013 21.55106 33.8063 14.74987 21.58769 33.8063 -14.45013 21.58769 25.23998 -14.97189 20.8075 25.25029 -14.9599 20.73945 25.25656 -14.9526 20.67033 25.19829 -15.02016 20.96766 25.21961 -14.99552 20.89789 25.09229 -15.14149 21.18831 25.10884 -15.12268 21.16155 25.14314 -15.08354 21.09903 25.16419 -15.05941 21.05457 25.02142 -15.2215 21.28491 25.00189 -15.24338 21.30748 24.9319 -15.32133 21.37757 24.89409 -15.36308 21.40956 24.8018 -15.46402 21.4739 24.77178 -15.49657 21.49123 24.68143 -15.59364 21.5343 24.63623 -15.64173 21.55126 24.5117 -15.77263 21.58412 24.49127 -15.79389 21.58772 24.48961 15.89536 21.53505 24.4451 15.94145 21.55125 24.2961 16.09369 21.58773 24.32228 16.06716 21.58317 24.58418 15.79647 21.49131 24.55083 15.83149 21.50828 24.8185 15.54561 21.30994 24.80306 15.5624 21.32621 24.71022 15.66259 21.40939 24.68668 15.68779 21.42709 24.90784 15.44767 21.19706 25.04123 15.29896 20.90946 25.00931 15.33483 21.00337 24.98775 15.35895 21.05416 24.97809 15.36974 21.07473 25.08193 15.25299 20.67881 25.07378 15.26222 20.75665 25.06575 15.2713 20.8059 25.05136 15.28755 20.87191 34.22809 -14.94397 3.000006 34.22809 -14.94397 20.6 34.30438 -14.92566 3.000006 34.30438 -14.92566 20.6 34.37686 -14.89563 3.000006 34.37686 -14.89563 20.6 34.44375 -14.85464 3.000006 34.44375 -14.85464 20.6 34.50342 -14.80368 3.000006 34.50342 -14.80368 20.6 34.55438 -14.74402 3.000006 34.55438 -14.74402 20.6 34.59537 -14.67712 3.000006 34.59537 -14.67712 20.6 34.6254 -14.60463 3.000006 34.6254 -14.60463 20.6 34.64371 -14.52834 3.000006 34.64371 -14.52834 20.6 33.64987 -14.94397 21.17822 33.74032 -14.94397 21.1711 33.64987 -14.92566 21.25451 33.75226 -14.92566 21.24645 33.64987 -14.89563 21.327 33.76359 -14.89563 21.31805 33.64987 -14.85464 21.39389 33.77406 -14.85464 21.38412 33.64987 -14.80368 21.45356 33.7834 -14.80368 21.44305 33.64987 -14.74402 21.50451 33.79137 -14.74402 21.49338 33.64987 -14.67712 21.54551 33.79777 -14.67712 21.53387 33.64987 -14.60463 21.57553 33.80247 -14.60463 21.56352 33.64987 -14.52834 21.59385 33.80534 -14.52834 21.58161 33.82855 -14.94397 21.14992 33.85213 -14.92566 21.22248 33.87453 -14.89563 21.29142 33.8952 -14.85464 21.35504 33.91363 -14.80368 21.41178 33.92938 -14.74402 21.46024 33.94205 -14.67712 21.49923 33.95132 -14.60463 21.52779 33.95698 -14.52834 21.54521 33.91237 -14.94397 21.1152 33.94701 -14.92566 21.18317 33.97992 -14.89563 21.24776 34.01028 -14.85464 21.30737 34.03738 -14.80368 21.36052 34.0605 -14.74402 21.40593 34.07912 -14.67712 21.44245 34.09276 -14.60463 21.46921 34.10106 -14.52834 21.48553 33.98974 -14.94397 21.06779 34.03458 -14.92566 21.12951 34.07719 -14.89563 21.18815 34.11651 -14.85464 21.24228 34.15158 -14.80368 21.29054 34.18152 -14.74402 21.33176 34.20563 -14.67712 21.36493 34.22327 -14.60463 21.38922 34.23404 -14.52834 21.40404 34.05873 -14.94397 21.00886 34.11267 -14.92566 21.06281 34.16394 -14.89563 21.11407 34.21124 -14.85464 21.16137 34.25342 -14.80368 21.20356 34.28946 -14.74402 21.23959 34.31845 -14.67712 21.26858 34.33967 -14.60463 21.28981 34.35263 -14.52834 21.30276 34.11766 -14.94397 20.93987 34.17938 -14.92566 20.98471 34.23802 -14.89563 21.02732 34.29214 -14.85464 21.06664 34.34041 -14.80368 21.10171 34.38164 -14.74402 21.13166 34.41479 -14.67712 21.15576 34.43909 -14.60463 21.1734 34.4539 -14.52834 21.18417 34.16507 -14.94397 20.86251 34.23303 -14.92566 20.89714 34.29762 -14.89563 20.93005 34.35724 -14.85464 20.96043 34.41038 -14.80368 20.98751 34.45579 -14.74402 21.01064 34.49232 -14.67712 21.02925 34.51907 -14.60463 21.04288 34.53538 -14.52834 21.0512 34.19978 -14.94397 20.77868 34.27235 -14.92566 20.80226 34.34128 -14.89563 20.82466 34.40491 -14.85464 20.84533 34.46164 -14.80368 20.86376 34.51012 -14.74402 20.87951 34.5491 -14.67712 20.89218 34.57765 -14.60463 20.90146 34.59506 -14.52834 20.90712 34.22096 -14.94397 20.69046 34.29632 -14.92566 20.70239 34.36792 -14.89563 20.71373 34.43399 -14.85464 20.7242 34.49292 -14.80368 20.73353 34.54324 -14.74402 20.7415 34.58372 -14.67712 20.74791 34.61339 -14.60463 20.75261 34.63148 -14.52834 20.75547 29.66034 -14.52834 21.59385 29.66034 -14.60463 21.57553 29.66034 -14.67712 21.54551 29.66034 -14.74402 21.50451 29.66034 -14.80368 21.45356 29.66034 -14.85464 21.39389 29.66034 -14.89563 21.327 29.66034 -14.92566 21.25451 29.66034 -14.94397 21.17822 29.23724 -14.59523 21.64527 28.34255 -14.89848 22.05713 28.38652 -14.9465 21.71426 28.29822 -14.93667 21.92314 28.431 -14.93567 21.7534 28.34519 -14.92002 21.95301 28.39021 -14.89702 21.98163 28.38643 -14.87023 22.08075 28.35201 -14.84172 22.2568 28.42717 -14.83647 22.10267 28.39142 -14.80457 22.2706 28.42668 -14.763 22.28295 28.38342 -14.76837 22.4291 28.40592 -14.72557 22.49222 28.41553 -14.72407 22.43496 28.45732 -14.71752 22.29369 28.52551 -14.70684 22.15559 28.56624 -14.70047 22.09354 28.85375 -14.65544 21.81849 28.80661 -14.66282 21.85153 28.67328 -14.68371 21.9666 29.02193 -14.62906 21.72423 29.21097 -14.59936 21.65278 28.55705 -14.94618 21.55207 28.61743 -14.94607 21.50532 28.83339 -14.94565 21.37128 29.07704 -14.94517 21.26844 29.11096 -14.94511 21.25751 29.37981 -14.94456 21.19662 28.59656 -14.93441 21.59947 28.65512 -14.93395 21.55526 28.86427 -14.93231 21.42909 29.09967 -14.93042 21.33341 29.1324 -14.93015 21.32336 29.39127 -14.92799 21.26845 28.47418 -14.9178 21.79139 28.6348 -14.91499 21.64536 28.69156 -14.91398 21.60355 28.89403 -14.91034 21.48481 29.12141 -14.90614 21.39579 29.15297 -14.90555 21.38653 29.40221 -14.90078 21.33704 28.51543 -14.89314 21.82769 28.67117 -14.88823 21.68902 28.72618 -14.88648 21.64943 28.92215 -14.88014 21.53745 29.14182 -14.87284 21.45432 29.17226 -14.87181 21.44577 29.41238 -14.86353 21.40088 28.43269 -14.86799 22.00863 28.55415 -14.86205 21.86177 28.70514 -14.85456 21.72976 28.75841 -14.85189 21.69215 28.94812 -14.84224 21.58606 29.16048 -14.83117 21.50786 29.1899 -14.8296 21.49988 29.42157 -14.81708 21.45853 28.47203 -14.83332 22.03365 28.58978 -14.82499 21.89313 28.7361 -14.81451 21.76693 28.78774 -14.81078 21.73101 28.97147 -14.79733 21.62977 29.17702 -14.78194 21.55535 29.20549 -14.77978 21.54777 29.42958 -14.76246 21.50872 28.46425 -14.79763 22.12263 28.50772 -14.79347 22.05633 28.62183 -14.78249 21.92132 28.76363 -14.76871 21.79995 28.81366 -14.76381 21.76537 28.99179 -14.7462 21.66781 29.19113 -14.72614 21.59584 29.21875 -14.72333 21.58849 29.43622 -14.70089 21.55032 28.49718 -14.75423 22.14034 28.53925 -14.74899 22.07639 28.6498 -14.73516 21.94592 28.78725 -14.71788 21.8283 28.83579 -14.71175 21.79469 29.00871 -14.68978 21.69948 29.20253 -14.66488 21.62853 29.2294 -14.6614 21.62121 29.44133 -14.63374 21.58241 29.44482 -14.5625 21.60428 34.22809 15.24372 20.6 34.22809 15.24372 3.000006 34.30438 15.2254 20.6 34.30438 15.2254 3.000006 34.37686 15.19538 20.6 34.37686 15.19538 3.000006 34.44375 15.15438 20.6 34.44375 15.15438 3.000006 34.50342 15.10343 20.6 34.50342 15.10343 3.000006 34.55438 15.04377 20.6 34.55438 15.04377 3.000006 34.59537 14.97687 20.6 34.59537 14.97687 3.000006 34.6254 14.90438 20.6 34.6254 14.90438 3.000006 34.64371 14.82809 20.6 34.64371 14.82809 3.000006 34.22096 15.24372 20.69046 34.29632 15.2254 20.70239 34.36792 15.19538 20.71373 34.43399 15.15438 20.7242 34.49292 15.10343 20.73353 34.54324 15.04377 20.7415 34.58372 14.97687 20.74791 34.61339 14.90438 20.75261 34.63148 14.82809 20.75547 34.19978 15.24372 20.77868 34.27235 15.2254 20.80226 34.34128 15.19538 20.82466 34.40491 15.15438 20.84533 34.46164 15.10343 20.86376 34.51012 15.04377 20.87951 34.5491 14.97687 20.89218 34.57765 14.90438 20.90146 34.59506 14.82809 20.90712 34.16507 15.24372 20.86251 34.23303 15.2254 20.89714 34.29762 15.19538 20.93005 34.35724 15.15438 20.96043 34.41038 15.10343 20.98751 34.45579 15.04377 21.01064 34.49232 14.97687 21.02925 34.51907 14.90438 21.04288 34.53538 14.82809 21.0512 34.11766 15.24372 20.93987 34.17938 15.2254 20.98471 34.23802 15.19538 21.02732 34.29214 15.15438 21.06664 34.34041 15.10343 21.10171 34.38164 15.04377 21.13166 34.41479 14.97687 21.15576 34.43909 14.90438 21.1734 34.4539 14.82809 21.18417 34.05873 15.24372 21.00886 34.11267 15.2254 21.06281 34.16394 15.19538 21.11407 34.21124 15.15438 21.16137 34.25342 15.10343 21.20356 34.28946 15.04377 21.23959 34.31845 14.97687 21.26858 34.33967 14.90438 21.28981 34.35263 14.82809 21.30276 33.98974 15.24372 21.06779 34.03458 15.2254 21.12951 34.07719 15.19538 21.18815 34.11651 15.15438 21.24228 34.15158 15.10343 21.29054 34.18152 15.04377 21.33176 34.20563 14.97687 21.36493 34.22327 14.90438 21.38922 34.23404 14.82809 21.40404 33.91237 15.24372 21.1152 33.94701 15.2254 21.18317 33.97992 15.19538 21.24776 34.01028 15.15438 21.30737 34.03738 15.10343 21.36052 34.0605 15.04377 21.40593 34.07912 14.97687 21.44245 34.09276 14.90438 21.46921 34.10106 14.82809 21.48553 33.82855 15.24372 21.14992 33.85213 15.2254 21.22248 33.87453 15.19538 21.29142 33.8952 15.15438 21.35504 33.91363 15.10343 21.41178 33.92938 15.04377 21.46024 33.94205 14.97687 21.49923 33.95132 14.90438 21.52779 33.95698 14.82809 21.54521 33.74032 15.24372 21.1711 33.75226 15.2254 21.24645 33.76359 15.19538 21.31805 33.77406 15.15438 21.38412 33.7834 15.10343 21.44305 33.79137 15.04377 21.49338 33.79777 14.97687 21.53387 33.80247 14.90438 21.56352 33.80534 14.82809 21.58161 33.64987 15.24372 21.17822 33.64987 15.2254 21.25451 33.64987 15.19538 21.327 33.64987 15.15438 21.39389 33.64987 15.10343 21.45356 33.64987 15.04377 21.50451 33.64987 14.97687 21.54551 33.64987 14.90438 21.57553 33.64987 14.82809 21.59385 29.5123 15.24372 21.17822 29.5123 15.2254 21.25451 29.5123 15.19538 21.327 29.5123 15.15438 21.39389 29.5123 15.10343 21.45356 29.5123 15.04377 21.50451 29.5123 14.97687 21.54551 29.5123 14.90438 21.57553 29.5123 14.82809 21.59385 29.29388 14.86311 21.6043 29.05684 14.90091 21.65322 28.86585 14.93124 21.72509 28.40608 15.00405 22.09628 28.19087 15.1435 22.26214 28.24555 15.02943 22.4981 28.23019 15.10701 22.27575 28.26547 15.06615 22.28795 28.18095 15.19918 22.06341 28.22463 15.17144 22.08669 28.13899 15.23664 21.92683 28.18562 15.22027 21.95642 28.22292 15.07148 22.43355 28.25513 15.02792 22.4393 28.29627 15.02141 22.2986 28.36379 15.01073 22.16087 28.33528 15.05738 22.14567 28.30229 15.10007 22.12809 28.26524 15.13826 22.10835 28.37898 15.05188 22.07909 28.34741 15.09571 22.05906 28.3118 15.13496 22.03647 28.27261 15.16909 22.01161 28.23036 15.19765 21.9848 28.64699 14.96592 21.85414 28.39777 15.24598 21.55593 28.22736 15.2463 21.71835 28.43709 15.23436 21.60297 28.27155 15.23564 21.75715 28.47517 15.21519 21.64855 28.31447 15.21803 21.79483 28.51143 15.18877 21.69193 28.3555 15.19373 21.83086 28.54527 15.15552 21.73244 28.39406 15.16309 21.86472 28.57622 15.11596 21.76947 28.4296 15.12654 21.89593 28.60376 15.07067 21.80242 28.46161 15.08462 21.92403 28.62747 15.0204 21.83079 28.48962 15.03791 21.94864 28.51326 14.98709 21.96939 28.69612 14.95814 21.81978 28.67807 15.01395 21.79584 28.6559 15.06552 21.76646 28.63001 15.11203 21.7321 28.60077 15.15271 21.69332 28.56867 15.18693 21.65075 28.53421 15.21413 21.60507 28.49796 15.23388 21.557 28.46051 15.24586 21.50733 28.85256 14.99155 21.70018 28.83559 15.04758 21.66842 28.81528 15.09832 21.63038 28.79198 15.14289 21.58672 28.76608 15.18048 21.53823 28.73807 15.21043 21.48577 28.70844 15.23221 21.43025 28.67769 15.24544 21.37267 29.04834 14.96614 21.62883 29.03693 15.02711 21.59605 29.0228 15.08262 21.55554 29.00626 15.13159 21.50809 28.98763 15.17303 21.45463 28.96727 15.20615 21.39622 28.94559 15.23028 21.33401 28.923 15.24495 21.26922 29.08354 14.89666 21.64562 29.07567 14.96256 21.62141 29.06499 15.02422 21.58861 29.05171 15.0804 21.54787 29.03613 15.12999 21.5 29.01856 15.17198 21.44598 28.9993 15.20554 21.38685 28.97878 15.23001 21.32383 28.9574 15.24488 21.25815 29.29039 14.93422 21.58234 29.28526 15.00124 21.55019 29.27863 15.06267 21.50857 29.27063 15.11717 21.45839 29.26144 15.1635 21.40078 29.25127 15.20065 21.337 29.24034 15.22779 21.26848 29.22891 15.24432 21.19673 34.64371 -12.37191 3.000006 34.64371 -12.37191 12.52178 34.6254 -12.29562 3.000006 34.6254 -12.29562 12.44549 34.59537 -12.22313 3.000006 34.59537 -12.22313 12.37301 34.55438 -12.15623 3.000006 34.55438 -12.15623 12.30611 34.50342 -12.09657 3.000006 34.50342 -12.09657 12.24645 34.44375 -12.04562 3.000006 34.44375 -12.04562 12.19549 34.37686 -12.00462 3.000006 34.30438 -11.9746 3.000006 34.30438 -11.9746 12.12448 34.34122 -11.98819 12.13807 34.37686 -12.00462 12.1545 34.41112 -12.02381 12.17368 34.22809 -11.95628 3.000006 34.1891 -11.95167 12.10155 34.22809 -11.95628 12.10616 34.2666 -11.96394 12.11382 34.22809 12.25603 3.000006 34.30438 12.27434 3.000006 34.30438 12.27434 12.12448 34.2666 12.26369 12.11382 34.22809 12.25603 12.10616 34.1891 12.25142 12.10155 34.44375 12.34536 12.19549 34.41112 12.32355 12.17368 34.37686 12.30437 3.000006 34.37686 12.30437 12.1545 34.34122 12.28794 12.13807 34.44375 12.34536 3.000006 34.50342 12.39632 3.000006 34.50342 12.39632 12.24645 34.55438 12.45598 3.000006 34.55438 12.45598 12.30611 34.59537 12.52288 3.000006 34.59537 12.52288 12.37301 34.6254 12.59536 3.000006 34.6254 12.59536 12.44549 34.64371 12.67166 3.000006 34.64371 12.67166 12.52178 34.14987 10.74987 0 27.04146 10.74987 0 34.14987 14.74987 0 26.13969 12.78736 0 25.08469 14.74987 0 27.04146 10.24987 2.500005 27.04146 10.24987 0.500001 27.04146 10.74987 3.000006 27.1588 -10.45013 3.000006 27.1588 -9.950127 2.500005 27.1588 -9.950127 0.500001 27.1588 -10.45013 0 34.14987 -10.45013 0 26.28494 -12.48632 0 34.14987 -14.45013 0 25.25868 -14.45013 0 24.78821 -14.28082 0.500001 24.78821 -14.28082 20.6 24.76599 -14.36493 0.500001 24.76599 -14.36493 20.6 24.75868 -14.45161 0.500001 24.75868 -14.45161 20.6 24.76651 -14.53825 0.500001 24.76651 -14.53825 20.6 24.78923 -14.62222 0.500001 24.78923 -14.62222 20.6 24.82617 -14.70098 0.500001 24.82617 -14.70098 20.6 24.87619 -14.77215 0.500001 24.87619 -14.77215 20.6 24.93779 -14.83357 0.500001 24.93779 -14.83357 20.6 25.00911 -14.88339 0.500001 25.00911 -14.88339 20.6 25.08798 -14.92009 0.500001 25.08798 -14.92009 20.6 25.17203 -14.94256 0.500001 25.17203 -14.94256 20.6 24.94641 -15.19579 21.26721 24.86046 -15.29139 21.36141 24.73496 -15.42987 21.46153 24.6183 -15.5573 21.52619 24.45313 -15.73547 21.58232 24.2847 -15.91435 21.60428 24.08899 -15.42575 22.00775 24.09558 -15.44207 21.94063 23.93533 -15.68541 21.97059 23.92467 -15.67842 22.03474 23.92624 -15.67945 22.02179 24.13252 -15.48828 21.81548 23.97713 -15.71279 21.85 24.11018 -15.46305 21.87613 23.95293 -15.69693 21.90866 23.94156 -15.68948 21.9455 24.28856 -15.621 21.63318 24.13019 -15.8131 21.66699 24.24094 -15.58429 21.66781 24.0847 -15.78329 21.70333 24.19853 -15.54949 21.7103 24.04358 -15.75634 21.74645 24.16217 -15.51728 21.75985 24.00751 -15.7327 21.79562 24.00096 -15.72841 21.80611 24.39569 -15.69733 21.59002 24.23105 -15.8792 21.61704 24.34047 -15.65892 21.60708 24.17926 -15.84525 21.63806 24.14943 -15.82571 21.6545 24.27387 -15.90725 21.60616 24.55652 -15.51791 21.52829 24.49742 -15.47632 21.54056 24.44228 -15.43342 21.56273 24.39227 -15.39013 21.59433 24.34848 -15.34738 21.63469 24.31186 -15.3061 21.68292 24.28316 -15.26716 21.738 24.26303 -15.23141 21.79874 24.25189 -15.19962 21.86384 24.24999 -15.17246 21.9319 24.66963 -15.39088 21.45956 24.60739 -15.34796 21.46805 24.54964 -15.30209 21.48679 24.49773 -15.25435 21.51535 24.45287 -15.20584 21.55307 24.41608 -15.15767 21.59907 24.38823 -15.11097 21.65229 24.36995 -15.06682 21.7115 24.36168 -15.02624 21.77533 24.3636 -14.99016 21.8423 24.7908 -15.25433 21.3554 24.72469 -15.21107 21.35968 24.66376 -15.16271 21.37414 24.60954 -15.11044 21.39843 24.5634 -15.05557 21.43192 24.52649 -14.99949 21.4738 24.49973 -14.9436 21.523 24.4838 -14.88929 21.5783 24.47908 -14.83792 21.6383 24.48572 -14.7908 21.70152 24.87338 -15.16115 21.25901 24.80426 -15.11849 21.26054 24.74088 -15.06892 21.27175 24.68489 -15.01377 21.29235 24.6378 -14.95448 21.3218 24.60083 -14.89262 21.35931 24.57497 -14.82982 21.4039 24.5609 -14.76775 21.45439 24.55898 -14.70804 21.50945 24.56926 -14.65227 21.56762 25.02995 -15.10236 21.14397 24.95326 -15.07112 21.13469 24.88089 -15.02981 21.13395 24.81485 -14.97959 21.14178 24.75697 -14.92186 21.15795 24.70888 -14.85821 21.18202 24.67189 -14.79041 21.21333 24.64703 -14.72036 21.25099 24.63501 -14.64998 21.29397 24.63614 -14.58125 21.34107 24.65042 -14.51606 21.39098 24.68211 -14.46239 21.30204 24.66615 -14.53157 21.25685 24.66373 -14.60412 21.21426 24.67488 -14.67797 21.17546 24.69928 -14.75104 21.14158 24.73628 -14.82125 21.11356 24.78479 -14.88662 21.0922 24.84346 -14.94529 21.0781 24.91061 -14.9956 21.07166 24.98436 -15.03612 21.07306 25.06261 -15.06572 21.08228 24.7329 -14.37586 21.11611 24.75246 -14.34235 21.01779 24.71407 -14.45187 21.08176 24.73247 -14.42113 20.98962 24.70941 -14.53089 21.04946 24.7269 -14.50279 20.96313 24.71906 -14.61063 21.02013 24.73592 -14.58491 20.93913 24.74269 -14.68875 20.99465 24.75925 -14.66505 20.91831 24.77968 -14.76296 20.97375 24.7962 -14.74085 20.9013 24.82889 -14.83109 20.95806 24.8457 -14.81005 20.8886 24.8889 -14.89116 20.94801 24.90627 -14.87062 20.88058 24.95796 -14.9414 20.94392 24.97611 -14.92075 20.87748 25.03406 -14.98035 20.9459 25.05316 -14.95897 20.87939 25.11496 -15.00686 20.95389 25.13513 -14.98414 20.88626 24.77112 -14.31029 20.89077 24.74997 -14.39181 20.87091 24.74352 -14.47605 20.85225 24.75192 -14.5605 20.83536 24.77495 -14.64262 20.82074 24.81189 -14.71995 20.80884 24.86166 -14.79018 20.8 24.92276 -14.8512 20.79449 24.99336 -14.90119 20.79249 25.07134 -14.93865 20.79403 25.15437 -14.96245 20.79909 24.78055 -14.29404 20.79533 24.75882 -14.37698 20.7819 24.75189 -14.46256 20.76929 24.75998 -14.54821 20.75788 24.78284 -14.63135 20.74802 24.81978 -14.70946 20.73999 24.86969 -14.78021 20.73406 24.93106 -14.84146 20.73038 25.00205 -14.89135 20.72908 25.08052 -14.9284 20.7302 25.16411 -14.95148 20.73369 24.78627 -14.28417 20.69849 24.76418 -14.36798 20.69169 24.75696 -14.45438 20.6853 24.76486 -14.54077 20.67953 24.78761 -14.62453 20.67454 24.82456 -14.70313 20.67049 24.87454 -14.77419 20.6675 24.9361 -14.83557 20.66565 25.00732 -14.8854 20.66502 25.08609 -14.92219 20.6656 25.17001 -14.94482 20.66739 2.870346 -28.87961 21.60616 22.52216 -18.18221 21.62448 2.862793 -28.80369 21.62448 2.855621 -28.73156 21.6545 2.849014 -28.66499 21.6955 22.36728 -18.05718 21.74645 2.843109 -28.60562 21.74645 2.838058 -28.55491 21.80611 22.29573 -17.99942 21.87301 2.834015 -28.51412 21.87301 2.831039 -28.48424 21.9455 2.829224 -28.46592 22.02237 5.630829 -28.0465 22.02238 8.377243 -27.35213 22.02179 11.04144 -26.38934 22.02237 13.59738 -25.16785 22.02238 16.02004 -23.69963 22.02179 20.37164 -20.08239 22.02237 18.28554 -21.99891 22.02179 22.25804 -17.969 22.02238 5.634445 -28.06455 21.9455 8.382599 -27.36964 21.9455 11.04854 -26.40633 21.9455 13.60614 -25.18405 21.9455 16.03029 -23.7148 21.9455 22.27237 -17.98056 21.9455 20.38477 -20.09531 21.9455 18.29724 -22.013 21.9455 5.64035 -28.09399 21.87301 8.391388 -27.39835 21.87301 11.06013 -26.43402 21.87301 13.62041 -25.21047 21.87301 16.0471 -23.73968 21.87301 18.31644 -22.03609 21.87301 20.40614 -20.11639 21.87301 5.648437 -28.13418 21.80611 5.658463 -28.18414 21.74645 8.403397 -27.43755 21.80611 8.41832 -27.48627 21.74645 11.07596 -26.47184 21.80611 11.09563 -26.51885 21.74645 13.63989 -25.24653 21.80611 13.66411 -25.29136 21.74645 16.07007 -23.77364 21.80611 16.0986 -23.81586 21.74645 18.34264 -22.06761 21.80611 18.37521 -22.1068 21.74645 20.43533 -20.14517 21.80611 20.47163 -20.18094 21.74645 22.32762 -18.02517 21.80611 5.670197 -28.24263 21.6955 5.683365 -28.30822 21.6545 8.435791 -27.54331 21.6955 8.455384 -27.60728 21.6545 11.11865 -26.57388 21.6955 11.14447 -26.6356 21.6545 13.69247 -25.34385 21.6955 13.72427 -25.40271 21.6545 16.13202 -23.86528 21.6955 16.16948 -23.92071 21.6545 18.41336 -22.15268 21.6955 18.45612 -22.20412 21.6545 20.51412 -20.22283 21.6955 20.56175 -20.26979 21.6545 22.4137 -18.09466 21.6955 22.46576 -18.13668 21.6545 5.697647 -28.37929 21.62448 8.476609 -27.67658 21.62448 11.17245 -26.70247 21.62448 13.75873 -25.46648 21.62448 16.21007 -23.98076 21.62448 18.50244 -22.25987 21.62448 20.61337 -20.32068 21.62448 5.712662 -28.45409 21.60616 8.498948 -27.74953 21.60616 11.2019 -26.77285 21.60616 13.795 -25.53361 21.60616 16.25279 -24.04397 21.60616 18.55121 -22.31854 21.60616 20.66771 -20.37424 21.60616 22.58151 -18.23013 21.60616 25.00417 15.24335 0.500001 25.00417 15.24335 20.6 24.92577 15.22395 0.500001 24.92577 15.22395 20.6 24.8515 15.19217 0.500001 24.8515 15.19217 20.6 24.78333 15.14886 0.500001 24.78333 15.14886 20.6 24.72302 15.09513 0.500001 24.72302 15.09513 20.6 24.67215 15.03239 0.500001 24.67215 15.03239 20.6 24.63204 14.96228 0.500001 24.63204 14.96228 20.6 24.60375 14.88663 0.500001 24.60375 14.88663 20.6 24.588 14.80741 0.500001 24.588 14.80741 20.6 24.58522 14.72669 0.500001 24.58522 14.72669 20.6 24.59546 14.64656 0.500001 24.59546 14.64656 20.6 24.61849 14.56914 0.500001 24.61849 14.56914 20.6 24.26843 16.03222 21.58087 24.61597 14.57338 20.71086 24.59311 14.65045 20.70371 24.58298 14.73023 20.69693 24.58586 14.81064 20.69071 24.62998 14.96504 20.68055 24.67006 15.03498 20.67689 24.72089 15.09763 20.6743 24.78111 15.15133 20.67285 24.92331 15.2266 20.67352 25.00157 15.2462 20.67561 24.98625 15.263 20.79778 24.97261 15.27795 20.86147 24.93266 15.3217 20.98906 24.90294 15.35421 21.05888 24.83582 15.42744 21.17975 24.75006 15.52055 21.29297 24.73521 15.53663 21.30946 24.62288 15.65765 21.41287 24.49117 15.79818 21.49818 24.43163 15.86119 21.52701 24.60111 14.59831 20.88984 24.57915 14.67334 20.87133 24.58788 14.62047 20.98299 24.5667 14.69372 20.95875 24.5491 14.68515 21.16909 24.53014 14.75341 21.13402 24.52023 14.73307 21.27054 24.50282 14.79782 21.22999 24.45503 14.84055 21.44536 24.44089 14.89791 21.3963 24.37167 14.97645 21.60795 24.3613 15.02534 21.55226 24.35722 14.99984 21.63151 24.34746 15.04735 21.57498 24.24791 15.17519 21.77844 24.24242 15.21315 21.71753 24.11961 15.3775 21.89818 24.11847 15.4058 21.83518 24.06159 15.46781 21.93816 24.06221 15.49218 21.87493 23.90242 15.71179 22.01141 23.9074 15.72663 21.94911 24.56975 14.75117 20.85379 24.55794 14.76986 20.93577 24.52313 14.82478 21.10073 24.49707 14.86581 21.19147 24.43776 14.95877 21.34959 24.36116 15.07799 21.49909 24.34779 15.09867 21.52099 24.24611 15.25512 21.65918 24.12558 15.43822 21.77461 24.07069 15.52072 21.81404 23.91922 15.74559 21.88889 24.61771 14.98136 20.8113 24.6577 15.05038 20.80175 24.60672 14.99601 20.88002 24.64664 15.0642 20.86742 24.57427 15.03949 21.01948 24.61391 15.1053 21.00087 24.54982 15.07235 21.09707 24.5893 15.13642 21.07524 24.49388 15.14785 21.2341 24.53294 15.20808 21.20684 24.42105 15.24649 21.3662 24.45964 15.30198 21.33408 24.40831 15.26379 21.38579 24.44681 15.31847 21.35298 24.31078 15.3961 21.51111 24.34868 15.44487 21.47415 24.19428 15.55378 21.61865 24.23151 15.59593 21.57856 24.14099 15.62564 21.65629 24.17793 15.66492 21.61524 23.99329 15.82371 21.73033 24.02948 15.8554 21.68775 24.70822 15.11247 20.79495 24.6969 15.1258 20.85841 24.66345 15.16542 20.98736 24.63832 15.19541 21.05923 24.58086 15.26449 21.18639 24.50627 15.35504 21.30937 24.49323 15.37094 21.32764 24.39359 15.49285 21.44479 24.27484 15.63859 21.5458 24.22061 15.70517 21.5813 24.0705 15.88906 21.65157 24.76798 15.16603 20.7911 24.75624 15.17921 20.85323 24.72165 15.21832 20.9793 24.69568 15.24787 21.04942 24.63649 15.31577 21.17324 24.55988 15.40448 21.29262 24.54651 15.42002 21.31033 24.44455 15.53904 21.42363 24.32344 15.68095 21.52099 24.26823 15.74567 21.55511 24.11568 15.92417 21.62237 24.84917 15.19471 20.67259 24.83543 15.20967 20.79028 24.82315 15.22308 20.85201 24.78702 15.26271 20.97688 24.75998 15.29252 21.04607 24.69852 15.3607 21.16769 24.61929 15.44918 21.28421 24.6055 15.46464 21.30143 24.50055 15.58249 21.41112 24.37639 15.72218 21.5046 24.31992 15.78566 21.53713 24.16428 15.96012 21.60063 24.90881 15.24228 20.79253 24.89589 15.25627 20.85478 24.85796 15.29745 20.98016 24.82964 15.32827 21.04925 24.76549 15.39821 21.16988 24.68317 15.48817 21.28433 24.66887 15.5038 21.30113 24.56041 15.6223 21.4075 24.43265 15.76151 21.49695 24.37471 15.82441 21.52771 24.21547 15.99634 21.58673 23.72827 15.9727 22.03973 23.73036 15.9741 22.02179 23.73731 15.97878 21.98035 23.75221 15.9888 21.9227 23.77046 16.0011 21.87301 24.57317 14.8298 20.83767 24.5618 14.84693 20.91464 24.52831 14.89746 21.07004 24.50314 14.93536 21.15591 24.44571 15.02172 21.30632 24.37126 15.13324 21.44964 24.35825 15.15266 21.47073 24.25896 15.30024 21.60459 24.14079 15.47416 21.71762 24.08687 15.55287 21.75661 23.9377 15.76835 21.83173 23.77277 16.00264 21.86764 24.60165 14.8896 20.6852 24.58928 14.9072 20.82338 24.5782 14.92296 20.8959 24.54549 14.96963 21.04273 24.52086 15.00478 21.12418 24.46457 15.08524 21.26752 24.39137 15.18982 21.40501 24.37857 15.20811 21.42533 24.28066 15.34755 21.55488 24.16385 15.51292 21.6653 24.11044 15.58806 21.70371 23.96253 15.79454 21.77858 23.79868 16.02009 21.81597 23.82958 16.04088 21.76844 23.84674 16.05244 21.74645 23.86498 16.06472 21.72575 23.9044 16.09127 21.68851 23.94728 16.12012 21.65727 23.99295 16.15087 21.6325 24.01186 16.16359 21.62448 24.09003 16.21622 21.60365 24.07515 16.2062 21.60616 24.04077 16.18306 21.61453 13.558 25.65998 21.60616 10.97298 26.87486 21.60509 13.45724 25.46929 21.6955 10.89769 26.69047 21.67938 10.92136 26.74844 21.64519 10.8761 26.6376 21.72213 15.78506 23.85653 22.02179 13.36378 25.29242 22.02237 13.37239 25.30869 21.9455 22.0454 18.22915 22.02179 18.05342 22.18954 22.02179 20.14696 20.30768 22.02179 22.05953 18.24083 21.9455 15.79517 23.8718 21.9455 18.06499 22.20375 21.9455 20.15987 20.32068 21.9455 10.82794 26.51967 21.89229 10.81853 26.49659 21.95914 10.8132 26.48353 22.02179 10.81279 26.48255 22.02885 22.08266 18.25996 21.87301 20.18102 20.34199 21.87301 18.08394 22.22704 21.87301 15.81174 23.89685 21.87301 13.38641 25.33524 21.87301 10.84087 26.55132 21.82968 22.11426 18.28608 21.80611 22.15352 18.31855 21.74645 20.20989 20.3711 21.80611 20.24577 20.40727 21.74645 18.1098 22.25884 21.80611 18.14195 22.29837 21.74645 15.83435 23.93103 21.80611 15.86247 23.97353 21.74645 13.40556 25.37148 21.80611 13.42937 25.41654 21.74645 10.85702 26.5909 21.77257 10.86623 26.61342 21.74645 22.19951 18.35657 21.6955 20.28778 20.44962 21.6955 18.17961 22.34465 21.6955 15.8954 24.02328 21.6955 22.25105 18.3992 21.6545 20.3349 20.49711 21.6545 18.22183 22.39653 21.6545 15.93231 24.07908 21.6545 13.48849 25.52843 21.6545 10.94147 26.79769 21.62448 22.30692 18.44539 21.62448 22.36571 18.49401 21.60616 20.38596 20.54857 21.62448 20.43968 20.60273 21.60616 18.26758 22.45276 21.62448 18.31574 22.51194 21.60616 15.97231 24.13952 21.62448 16.01441 24.20315 21.60616 13.52235 25.59253 21.62448 10.94662 26.81032 21.62026 10.46291 26.62299 22.00864 10.53113 26.72779 21.74883 10.5096 26.68824 21.80636 10.4908 26.65718 21.86976 10.47511 26.63527 21.93766 10.63461 26.9517 21.59954 10.60722 26.88815 21.62294 10.58046 26.82882 21.65613 10.55492 26.77498 21.6984 10.66206 27.01812 21.58642 9.910706 26.83384 21.89963 9.933991 26.84337 21.8284 9.960236 26.86342 21.76046 9.988846 26.89351 21.69737 10.01916 26.933 21.64055 10.05049 26.98095 21.59131 10.08214 27.03627 21.55076 10.11337 27.09771 21.51985 10.14346 27.16387 21.49927 10.17175 27.23323 21.48949 9.397553 27.01819 21.70554 9.432007 27.0252 21.63637 9.468796 27.04355 21.57056 9.507081 27.07276 21.50972 9.545914 27.11215 21.4553 9.584366 27.16075 21.40861 9.621506 27.2174 21.37078 9.656449 27.28075 21.34272 9.68834 27.34926 21.32511 9.716431 27.42128 21.31836 8.922303 27.17912 21.42993 8.967804 27.18393 21.36518 9.014985 27.20076 21.30373 9.062668 27.22917 21.24713 9.109665 27.26845 21.19678 9.15477 27.31763 21.15398 9.196854 27.37545 21.11977 9.234879 27.44048 21.09504 9.267868 27.51107 21.08039 9.294999 27.58545 21.07621 8.492783 27.31663 21.07566 8.548798 27.31957 21.01776 8.60582 27.3351 20.9629 8.662323 27.36282 20.91253 8.716874 27.40202 20.86794 8.768036 27.45167 20.8303 8.814499 27.51049 20.80058 8.855027 27.57695 20.77956 8.888581 27.6493 20.76779 8.914277 27.72569 20.76557 8.139618 27.42412 20.67318 8.204636 27.42563 20.62389 8.269989 27.44017 20.57726 8.33397 27.46737 20.53453 8.394852 27.5065 20.49684 8.45102 27.55652 20.4652 8.500992 27.6161 20.44045 8.543412 27.68364 20.42324 8.577164 27.75737 20.41404 8.601349 27.83529 20.41309 8.331772 27.92565 19.98639 8.309098 27.84649 19.98656 8.27533 27.77168 19.9932 8.231385 27.70325 20.00612 8.178437 27.64306 20.02497 8.117951 27.59275 20.04924 8.051529 27.55367 20.07827 7.981003 27.52688 20.11128 7.908279 27.51313 20.14736 7.835327 27.51276 20.18554 8.150376 27.98434 19.56001 8.128815 27.9044 19.5599 8.095108 27.82891 19.56433 8.050171 27.75993 19.57317 7.995254 27.69936 19.58619 7.931854 27.64885 19.60303 7.861679 27.60981 19.62322 7.786697 27.58328 19.64622 7.708954 27.57 19.67139 7.630554 27.57035 19.69804 8.130768 27.99058 19.49973 8.10933 27.91057 19.4996 8.075638 27.835 19.50374 8.030594 27.76597 19.51201 7.975449 27.70535 19.52421 7.911728 27.65483 19.53999 7.841171 27.61579 19.55893 7.765701 27.58928 19.58049 7.687408 27.57606 19.6041 7.608429 27.57647 19.6291 8.028153 28.02294 19.05862 8.00737 27.9425 19.05849 7.973724 27.86657 19.06055 7.928146 27.79725 19.06475 7.871887 27.73642 19.07096 7.806519 27.6858 19.07901 7.733826 27.64677 19.08868 7.655823 27.6204 19.09971 7.574661 27.60743 19.11179 7.492569 27.60822 19.12459 7.99295 28.03391 18.6 7.972397 27.95334 18.6 7.938782 27.87729 18.6 7.893021 27.80785 18.6 7.836395 27.74697 18.6 7.770447 27.69631 18.6 7.697021 27.65728 18.6 7.618149 27.63096 18.6 7.535995 27.61808 18.6 7.45285 27.61899 18.6 34.64371 -14.52834 0.500001 34.6254 -14.60463 0.500001 34.59537 -14.67712 0.500001 34.55438 -14.74402 0.500001 34.50342 -14.80368 0.500001 34.44375 -14.85464 0.500001 34.37686 -14.89563 0.500001 34.30438 -14.92566 0.500001 34.22809 -14.94397 0.500001 27.07326 -9.957497 0.500001 27.07326 -9.957497 2.500005 26.99024 -9.979395 0.500001 26.99024 -9.979395 2.500005 26.9122 -10.01517 0.500001 26.9122 -10.01517 2.500005 26.84142 -10.06377 0.500001 26.84142 -10.06377 2.500005 26.78 -10.12377 0.500001 26.78 -10.12377 2.500005 26.72975 -10.19339 0.500001 26.72975 -10.19339 2.500005 26.61487 10.48907 0.500001 26.61487 10.48907 2.500005 26.66525 10.42053 0.500001 26.66525 10.42053 2.500005 26.72653 10.36152 0.500001 26.72653 10.36152 2.500005 26.79692 10.31375 0.500001 26.79692 10.31375 2.500005 26.87439 10.27861 0.500001 26.87439 10.27861 2.500005 26.9567 10.25711 0.500001 26.9567 10.25711 2.500005 34.64371 14.82809 0.500001 34.6254 14.90438 0.500001 34.59537 14.97687 0.500001 34.55438 15.04377 0.500001 34.50342 15.10343 0.500001 34.44375 15.15438 0.500001 34.37686 15.19538 0.500001 34.30438 15.2254 0.500001 34.22809 15.24372 0.500001 24.94481 14.81551 0.02447515 25.01387 14.7831 0.00616163 25.00945 14.77127 0.00616163 25.00655 14.74625 0.00616163 25.00697 14.75888 0.00616163 25.00815 14.73371 0.00616163 25.02014 14.79407 0.00616163 24.9572 14.83718 0.02447515 24.8974 14.87813 0.05450099 25.02811 14.80388 0.00616163 24.93607 14.79213 0.02447515 24.9312 14.76765 0.02447515 24.93033 14.74271 0.02447515 24.9335 14.71795 0.02447515 24.97292 14.85656 0.02447515 24.92049 14.90662 0.05450099 24.8721 14.95281 0.09549409 25.03754 14.81229 0.00616163 24.87918 14.8463 0.05450099 24.86633 14.81196 0.05450099 24.85919 14.776 0.05450099 24.85793 14.73935 0.05450099 24.86258 14.70298 0.05450099 24.99155 14.87316 0.02447515 24.94786 14.93101 0.05450099 24.90755 14.98439 0.09549409 24.8716 15.032 0.1464486 25.0482 14.81906 0.00616163 24.84219 14.91594 0.09549409 24.81862 14.87472 0.09549409 24.80199 14.83026 0.09549409 24.79274 14.78369 0.09549409 24.79109 14.73624 0.09549409 24.79712 14.68915 0.09549409 25.01262 14.88655 0.02447515 24.97882 14.95067 0.05450099 24.94762 15.00985 0.09549409 24.9198 15.06263 0.1464486 24.89604 15.1077 0.2061128 25.05982 14.82404 0.00616163 24.82895 14.99401 0.1464486 24.79297 14.94964 0.1464486 24.7646 14.90007 0.1464486 24.7446 14.84658 0.1464486 24.73348 14.79055 0.1464486 24.73151 14.73348 0.1464486 24.73875 14.67682 0.1464486 25.03557 14.89637 0.02447515 25.01253 14.9651 0.05450099 24.99127 15.02853 0.09549409 24.97231 15.08509 0.1464486 24.95612 15.13341 0.2061128 24.94309 15.17228 0.2730042 25.07208 14.82707 0.00616163 24.84088 15.07266 0.2061128 24.79208 15.02919 0.2061128 24.75093 14.97844 0.2061128 24.71848 14.92172 0.2061128 24.69559 14.86052 0.2061128 24.68286 14.79642 0.2061128 24.6806 14.73111 0.2061128 24.6889 14.66629 0.2061128 25.0598 14.90236 0.02447515 25.04813 14.97391 0.05450099 25.03735 15.03993 0.09549409 25.02776 15.09881 0.1464486 25.01955 15.1491 0.2061128 25.01294 15.18956 0.2730042 25.0081 15.2192 0.3454909 25.08469 14.82809 0.00616163 24.87692 15.14396 0.2730042 24.81618 15.10537 0.2730042 24.76244 15.0575 0.2730042 24.7171 15.0016 0.2730042 24.68137 14.93913 0.2730042 24.65616 14.87172 0.2730042 24.64214 14.80114 0.2730042 24.63965 14.72921 0.2730042 24.64879 14.65783 0.2730042 25.08469 14.90438 0.02447515 25.08469 14.97687 0.05450099 25.08469 15.04377 0.09549409 25.08469 15.10343 0.1464486 25.08469 15.15438 0.2061128 25.08469 15.19538 0.2730042 25.08469 15.2254 0.3454909 25.08469 15.24372 0.4217848 24.93353 15.20075 0.3454909 24.86292 15.17053 0.3454909 24.79808 15.12933 0.3454909 24.74072 15.07824 0.3454909 24.69234 15.01857 0.3454909 24.65419 14.95188 0.3454909 24.62727 14.87993 0.3454909 24.61231 14.80459 0.3454909 24.60967 14.72782 0.3454909 24.61942 14.65162 0.3454909 25.00516 15.23728 0.4217848 24.92772 15.21811 0.4217848 24.85437 15.18673 0.4217848 24.78703 15.14395 0.4217848 24.72746 15.09088 0.4217848 24.67722 15.02892 0.4217848 24.6376 14.95967 0.4217848 24.60967 14.88494 0.4217848 24.59412 14.8067 0.4217848 24.59136 14.72697 0.4217848 24.60149 14.64784 0.4217848 24.62422 14.57137 0.4217848 24.6413 14.57799 0.3454909 24.6693 14.58884 0.2730042 24.70752 14.60366 0.2061128 24.75504 14.62208 0.1464486 24.81065 14.64364 0.09549409 24.87303 14.66782 0.05450099 24.94061 14.69403 0.02447515 25.01175 14.7216 0.00616163 24.65898 14.49956 0.4217848 24.67476 14.50884 0.3454909 24.70065 14.52406 0.2730042 24.73598 14.54484 0.2061128 24.77991 14.57067 0.1464486 24.83133 14.60091 0.09549409 24.88901 14.63481 0.05450099 24.95149 14.67156 0.02447515 25.01726 14.71023 0.00616163 34.14987 15.24372 0.4217848 34.14987 15.2254 0.3454909 34.14987 15.19538 0.2730042 34.14987 15.15438 0.2061128 34.14987 15.10343 0.1464486 34.14987 15.04377 0.09549409 34.14987 14.97687 0.05450099 34.14987 14.90438 0.02447515 34.14987 14.82809 0.00616163 25.69608 12.57035 0.4217848 26.58255 10.56744 0.4217848 26.59956 10.57421 0.3454909 25.71254 12.5784 0.3454909 26.62747 10.5853 0.2730042 25.7395 12.59159 0.2730042 26.66556 10.60044 0.2061128 25.77634 12.60961 0.2061128 26.71292 10.61927 0.1464486 25.8221 12.63199 0.1464486 26.76836 10.64131 0.09549409 25.87569 12.65821 0.09549409 26.83052 10.66602 0.05450099 25.93579 12.68761 0.05450099 26.89789 10.6928 0.02447515 26.0009 12.71946 0.02447515 26.96878 10.72098 0.00616163 26.06943 12.75299 0.00616163 34.64371 14.74987 0.4217848 34.63763 14.82713 0.4217848 34.24069 14.87487 0.02447515 34.19585 14.81315 0.00616163 34.18538 14.81957 0.00616163 34.16211 14.82713 0.00616163 34.20518 14.80518 0.00616163 34.25912 14.85913 0.02447515 34.31038 14.91038 0.05450099 34.21315 14.79585 0.00616163 34.22002 14.88754 0.02447515 34.17404 14.82426 0.00616163 34.19762 14.89682 0.02447515 34.17404 14.90248 0.02447515 34.27487 14.84069 0.02447515 34.33351 14.8833 0.05450099 34.38763 14.92262 0.09549409 34.21956 14.78538 0.00616163 34.28329 14.93351 0.05450099 34.25293 14.95213 0.05450099 34.22002 14.96576 0.05450099 34.18538 14.97407 0.05450099 34.28754 14.82002 0.02447515 34.35213 14.85292 0.05450099 34.41173 14.8833 0.09549409 34.46489 14.91038 0.1464486 34.22426 14.77404 0.00616163 34.35768 14.95769 0.09549409 34.32262 14.98764 0.09549409 34.28329 15.01174 0.09549409 34.24069 15.02938 0.09549409 34.19585 15.04015 0.09549409 34.29681 14.79762 0.02447515 34.36575 14.82002 0.05450099 34.42938 14.84069 0.09549409 34.48611 14.85913 0.1464486 34.53458 14.87487 0.2061128 34.22713 14.76211 0.00616163 34.4359 14.95769 0.1464486 34.39987 14.99987 0.1464486 34.35768 15.03591 0.1464486 34.31038 15.06489 0.1464486 34.25912 15.08612 0.1464486 34.20518 15.09907 0.1464486 34.30247 14.77404 0.02447515 34.37407 14.78538 0.05450099 34.44014 14.79585 0.09549409 34.49907 14.80518 0.1464486 34.54939 14.81315 0.2061128 34.58989 14.81957 0.2730042 34.22809 14.74987 0.00616163 34.51028 14.93351 0.2061128 34.47713 14.98764 0.2061128 34.4359 15.03591 0.2061128 34.38763 15.07713 0.2061128 34.33351 15.11029 0.2061128 34.27487 15.13459 0.2061128 34.21315 15.1494 0.2061128 34.30438 14.74987 0.02447515 34.37686 14.74987 0.05450099 34.44375 14.74987 0.09549409 34.50342 14.74987 0.1464486 34.55438 14.74987 0.2061128 34.59537 14.74987 0.2730042 34.6254 14.74987 0.3454909 34.57356 14.88754 0.2730042 34.54681 14.95213 0.2730042 34.51028 15.01174 0.2730042 34.46489 15.06489 0.2730042 34.41173 15.11029 0.2730042 34.35213 15.14682 0.2730042 34.28754 15.17357 0.2730042 34.21956 15.18989 0.2730042 34.61954 14.82426 0.3454909 34.60213 14.89682 0.3454909 34.57356 14.96576 0.3454909 34.53458 15.02938 0.3454909 34.48611 15.08612 0.3454909 34.42938 15.13459 0.3454909 34.36575 15.17357 0.3454909 34.29681 15.20213 0.3454909 34.22426 15.21955 0.3454909 34.61954 14.90248 0.4217848 34.58989 14.97407 0.4217848 34.54939 15.04015 0.4217848 34.49907 15.09907 0.4217848 34.44014 15.1494 0.4217848 34.37407 15.18989 0.4217848 34.30247 15.21955 0.4217848 34.22713 15.23764 0.4217848 26.94414 10.62986 0.02447515 26.99219 10.68912 0.00616163 27.00321 10.68165 0.00616163 26.98261 10.69835 0.00616163 26.9252 10.6481 0.02447515 26.87067 10.60035 0.05450099 26.97473 10.70908 0.00616163 26.90964 10.66928 0.02447515 26.84779 10.63147 0.05450099 26.79071 10.59658 0.09549409 26.62012 10.49228 0.4217848 26.63574 10.50183 0.3454909 26.66136 10.5175 0.2730042 26.69634 10.53888 0.2061128 26.73981 10.56546 0.1464486 26.66988 10.42459 0.4217848 26.68367 10.43665 0.3454909 26.70625 10.45642 0.2730042 26.73709 10.48343 0.2061128 26.77544 10.51699 0.1464486 26.82033 10.55629 0.09549409 26.73041 10.36631 0.4217848 26.74194 10.38053 0.3454909 26.76085 10.40385 0.2730042 26.78668 10.43569 0.2061128 26.81877 10.47527 0.1464486 26.85634 10.5216 0.09549409 26.89848 10.57357 0.05450099 26.79993 10.31913 0.4217848 26.80888 10.3351 0.3454909 26.82356 10.36129 0.2730042 26.84361 10.39704 0.2061128 26.86855 10.44149 0.1464486 26.89772 10.49353 0.09549409 26.93044 10.55188 0.05450099 26.9659 10.61511 0.02447515 26.87645 10.28441 0.4217848 26.88257 10.30168 0.3454909 26.89259 10.32997 0.2730042 26.9063 10.36862 0.2061128 26.92333 10.41664 0.1464486 26.94325 10.47287 0.09549409 26.96561 10.53592 0.05450099 26.98982 10.60424 0.02447515 27.01532 10.67615 0.00616163 27.0282 10.67279 0.00616163 27.01526 10.5976 0.02447515 27.00298 10.52616 0.05450099 26.99164 10.46023 0.09549409 26.98152 10.40144 0.1464486 26.97289 10.35122 0.2061128 26.96594 10.31082 0.2730042 26.96085 10.28123 0.3454909 26.95773 10.26318 0.4217848 27.04146 10.25603 0.4217848 27.04146 10.27435 0.3454909 27.04146 10.30437 0.2730042 27.04146 10.34536 0.2061128 27.04146 10.39632 0.1464486 27.04146 10.45598 0.09549409 27.04146 10.52288 0.05450099 27.04146 10.59536 0.02447515 27.04146 10.67166 0.00616163 34.22809 10.67166 0.00616163 34.30438 10.59536 0.02447515 34.37686 10.52288 0.05450099 34.44375 10.45598 0.09549409 34.50342 10.39632 0.1464486 34.55438 10.34536 0.2061128 34.57619 10.32355 0.2387538 34.59537 10.30437 0.2730042 34.61182 10.28794 0.3086627 34.6254 10.27435 0.3454909 34.63606 10.26369 0.3832802 34.64371 10.25603 0.4217848 34.64833 10.25142 0.4607737 24.83003 -14.2049 0.4217848 25.83887 -12.27443 0.4217848 24.84593 -14.214 0.3454909 25.85541 -12.28228 0.3454909 24.87198 -14.2289 0.2730042 25.88254 -12.29517 0.2730042 24.90756 -14.24926 0.2061128 25.91956 -12.31276 0.2061128 24.9518 -14.27456 0.1464486 25.96558 -12.33462 0.1464486 25.00359 -14.30419 0.09549409 26.01947 -12.36022 0.09549409 25.06165 -14.33741 0.05450099 26.07991 -12.38892 0.05450099 25.12457 -14.3734 0.02447515 26.14539 -12.42003 0.02447515 25.1908 -14.41129 0.00616163 26.2143 -12.45276 0.00616163 26.69791 -10.27278 0.4217848 26.715 -10.27936 0.3454909 26.74301 -10.29014 0.2730042 26.78128 -10.30486 0.2061128 26.82883 -10.32316 0.1464486 26.88451 -10.34459 0.09549409 26.94695 -10.36861 0.05450099 27.0146 -10.39464 0.02447515 27.0858 -10.42204 0.00616163 25.14049 -14.54964 0.02447515 25.19884 -14.5005 0.00616163 25.20848 -14.51011 0.00616163 25.23198 -14.52364 0.00616163 25.21964 -14.5179 0.00616163 25.24513 -14.52716 0.00616163 25.19103 -14.48937 0.00616163 25.12503 -14.52764 0.02447515 25.06232 -14.56401 0.05450099 25.18524 -14.47705 0.00616163 25.15952 -14.56862 0.02447515 25.18157 -14.58401 0.02447515 25.20593 -14.59535 0.02447515 25.2319 -14.6023 0.02447515 25.11362 -14.50331 0.02447515 25.04556 -14.52826 0.05450099 24.98274 -14.55128 0.09549409 25.18169 -14.46391 0.00616163 25.08504 -14.59632 0.05450099 25.11299 -14.62421 0.05450099 25.14539 -14.64682 0.05450099 25.18118 -14.66348 0.05450099 25.21933 -14.67369 0.05450099 25.1066 -14.47736 0.02447515 25.03523 -14.49013 0.05450099 24.96939 -14.50192 0.09549409 24.91066 -14.51244 0.1464486 25.18047 -14.45036 0.00616163 25.00446 -14.59758 0.09549409 25.03386 -14.63941 0.09549409 25.07007 -14.67551 0.09549409 25.11198 -14.70479 0.09549409 25.15834 -14.72636 0.09549409 25.20773 -14.73957 0.09549409 25.10417 -14.45058 0.02447515 25.03168 -14.4508 0.05450099 24.9648 -14.451 0.09549409 24.90512 -14.45118 0.1464486 24.85417 -14.45133 0.2061128 25.18161 -14.4368 0.00616163 24.92673 -14.57182 0.1464486 24.95285 -14.62751 0.1464486 24.98822 -14.67783 0.1464486 25.03178 -14.72126 0.1464486 25.0822 -14.75649 0.1464486 25.13799 -14.78244 0.1464486 25.1974 -14.79833 0.1464486 25.10643 -14.4238 0.02447515 25.035 -14.41145 0.05450099 24.96909 -14.40005 0.09549409 24.91029 -14.38988 0.1464486 24.86009 -14.3812 0.2061128 24.81969 -14.37421 0.2730042 25.18509 -14.42364 0.00616163 24.8605 -14.52142 0.2061128 24.87889 -14.58936 0.2061128 24.90877 -14.65307 0.2061128 24.94925 -14.71065 0.2061128 24.99909 -14.76034 0.2061128 25.05678 -14.80064 0.2061128 25.12059 -14.83033 0.2061128 25.18857 -14.84851 0.2061128 25.1133 -14.39781 0.02447515 25.04509 -14.37326 0.05450099 24.98215 -14.35061 0.09549409 24.92601 -14.33041 0.1464486 24.87807 -14.31316 0.2061128 24.83949 -14.29928 0.2730042 24.81125 -14.28911 0.3454909 24.81319 -14.45145 0.2730042 24.82016 -14.52865 0.2730042 24.84039 -14.60346 0.2730042 24.87331 -14.67364 0.2730042 24.91788 -14.73705 0.2730042 24.97278 -14.79178 0.2730042 25.03632 -14.83616 0.2730042 25.10658 -14.86886 0.2730042 25.18146 -14.88889 0.2730042 24.7901 -14.3691 0.3454909 24.78316 -14.45154 0.3454909 24.7906 -14.53394 0.3454909 24.81221 -14.6138 0.3454909 24.84734 -14.68871 0.3454909 24.89491 -14.75639 0.3454909 24.95349 -14.81481 0.3454909 25.02133 -14.86218 0.3454909 25.09634 -14.89708 0.3454909 25.17625 -14.91846 0.3454909 24.79401 -14.28291 0.4217848 24.77206 -14.36598 0.4217848 24.76485 -14.4516 0.4217848 24.77257 -14.53717 0.4217848 24.79501 -14.6201 0.4217848 24.83148 -14.69789 0.4217848 24.88091 -14.76819 0.4217848 24.94174 -14.82885 0.4217848 25.01219 -14.87805 0.4217848 25.09009 -14.9143 0.4217848 25.17308 -14.9365 0.4217848 25.25868 -14.94397 0.4217848 25.25868 -14.92566 0.3454909 25.25868 -14.89563 0.2730042 25.25868 -14.85464 0.2061128 25.25868 -14.80368 0.1464486 25.25868 -14.74402 0.09549409 25.25868 -14.67712 0.05450099 25.25868 -14.60463 0.02447515 25.25868 -14.52834 0.00616163 27.0826 -10.31572 0.02447515 27.12022 -10.38208 0.00616163 27.10915 -10.38969 0.00616163 27.13243 -10.37649 0.00616163 27.10672 -10.30466 0.02447515 27.08228 -10.23642 0.05450099 27.14542 -10.37306 0.00616163 27.13237 -10.2979 0.02447515 27.11997 -10.22648 0.05450099 27.10852 -10.16057 0.09549409 27.1588 -10.37191 0.00616163 27.1588 -10.29562 0.02447515 27.1588 -10.22313 0.05450099 27.1588 -10.15623 0.09549409 27.1588 -10.09657 0.1464486 27.07431 -9.963562 0.4217848 27.1588 -9.956282 0.4217848 27.07745 -9.98161 0.3454909 27.1588 -9.974598 0.3454909 27.08258 -10.01119 0.2730042 27.1588 -10.00462 0.2730042 27.0896 -10.05158 0.2061128 27.1588 -10.04562 0.2061128 27.09831 -10.10179 0.1464486 26.99233 -9.98519 0.4217848 26.99849 -10.00243 0.3454909 27.00861 -10.0307 0.2730042 27.02243 -10.0693 0.2061128 27.03961 -10.11727 0.1464486 27.05972 -10.17344 0.09549409 26.91522 -10.02053 0.4217848 26.92427 -10.03646 0.3454909 26.93907 -10.06258 0.2730042 26.95929 -10.09824 0.2061128 26.98442 -10.14257 0.1464486 27.01386 -10.19447 0.09549409 27.04685 -10.25266 0.05450099 26.84532 -10.06853 0.4217848 26.85695 -10.08268 0.3454909 26.87601 -10.10588 0.2730042 26.90204 -10.13756 0.2061128 26.93437 -10.17693 0.1464486 26.97224 -10.22303 0.09549409 27.01471 -10.27473 0.05450099 27.06072 -10.33074 0.02447515 26.78467 -10.12779 0.4217848 26.79854 -10.13974 0.3454909 26.82129 -10.15934 0.2730042 26.85234 -10.1861 0.2061128 26.89095 -10.21936 0.1464486 26.93614 -10.2583 0.09549409 26.98683 -10.30196 0.05450099 27.04175 -10.34928 0.02447515 27.09953 -10.39907 0.00616163 27.09168 -10.40996 0.00616163 27.02622 -10.37079 0.02447515 26.96402 -10.33357 0.05450099 26.90662 -10.29922 0.09549409 26.85541 -10.26858 0.1464486 26.81169 -10.24242 0.2061128 26.77651 -10.22137 0.2730042 26.75075 -10.20595 0.3454909 26.73503 -10.19655 0.4217848 34.14987 -14.52834 0.00616163 34.14987 -14.60463 0.02447515 34.14987 -14.67712 0.05450099 34.14987 -14.74402 0.09549409 34.14987 -14.80368 0.1464486 34.14987 -14.85464 0.2061128 34.14987 -14.89563 0.2730042 34.14987 -14.92566 0.3454909 34.14987 -14.94397 0.4217848 34.22809 -10.37191 0.00616163 34.30438 -10.29562 0.02447515 34.37686 -10.22313 0.05450099 34.44375 -10.15623 0.09549409 34.50342 -10.09657 0.1464486 34.55438 -10.04562 0.2061128 34.57619 -10.02381 0.2387538 34.59537 -10.00462 0.2730042 34.61182 -9.988186 0.3086627 34.6254 -9.974598 0.3454909 34.63606 -9.963942 0.3832802 34.64371 -9.956282 0.4217848 34.64833 -9.951668 0.4607737 34.22713 -14.93789 0.4217848 34.27487 -14.54094 0.02447515 34.21315 -14.4961 0.00616163 34.21956 -14.48564 0.00616163 34.22809 -14.45013 0.00616163 34.22713 -14.46236 0.00616163 34.20518 -14.50543 0.00616163 34.25912 -14.55938 0.02447515 34.31038 -14.61064 0.05450099 34.19585 -14.5134 0.00616163 34.28754 -14.52027 0.02447515 34.22426 -14.4743 0.00616163 34.29681 -14.49787 0.02447515 34.30247 -14.4743 0.02447515 34.30438 -14.45013 0.02447515 34.24069 -14.57513 0.02447515 34.28329 -14.63377 0.05450099 34.32262 -14.68789 0.09549409 34.18538 -14.51982 0.00616163 34.33351 -14.58355 0.05450099 34.35213 -14.55318 0.05450099 34.36575 -14.52027 0.05450099 34.37407 -14.48564 0.05450099 34.37686 -14.45013 0.05450099 34.22002 -14.58779 0.02447515 34.25293 -14.65238 0.05450099 34.28329 -14.71199 0.09549409 34.31038 -14.76514 0.1464486 34.17404 -14.52451 0.00616163 34.35768 -14.65794 0.09549409 34.38763 -14.62287 0.09549409 34.41173 -14.58355 0.09549409 34.42938 -14.54094 0.09549409 34.44014 -14.4961 0.09549409 34.44375 -14.45013 0.09549409 34.19762 -14.59707 0.02447515 34.22002 -14.66601 0.05450099 34.24069 -14.72964 0.09549409 34.25912 -14.78637 0.1464486 34.27487 -14.83484 0.2061128 34.16211 -14.52738 0.00616163 34.35768 -14.73616 0.1464486 34.39987 -14.70013 0.1464486 34.4359 -14.65794 0.1464486 34.46489 -14.61064 0.1464486 34.48611 -14.55938 0.1464486 34.49907 -14.50543 0.1464486 34.50342 -14.45013 0.1464486 34.17404 -14.60273 0.02447515 34.18538 -14.67433 0.05450099 34.19585 -14.7404 0.09549409 34.20518 -14.79933 0.1464486 34.21315 -14.84965 0.2061128 34.21956 -14.89014 0.2730042 34.33351 -14.81054 0.2061128 34.38763 -14.77738 0.2061128 34.4359 -14.73616 0.2061128 34.47713 -14.68789 0.2061128 34.51028 -14.63377 0.2061128 34.53458 -14.57513 0.2061128 34.54939 -14.5134 0.2061128 34.55438 -14.45013 0.2061128 34.28754 -14.87382 0.2730042 34.35213 -14.84707 0.2730042 34.41173 -14.81054 0.2730042 34.46489 -14.76514 0.2730042 34.51028 -14.71199 0.2730042 34.54681 -14.65238 0.2730042 34.57356 -14.58779 0.2730042 34.58989 -14.51982 0.2730042 34.59537 -14.45013 0.2730042 34.22426 -14.9198 0.3454909 34.29681 -14.90238 0.3454909 34.36575 -14.87382 0.3454909 34.42938 -14.83484 0.3454909 34.48611 -14.78637 0.3454909 34.53458 -14.72964 0.3454909 34.57356 -14.66601 0.3454909 34.60213 -14.59707 0.3454909 34.61954 -14.52451 0.3454909 34.6254 -14.45013 0.3454909 34.30247 -14.9198 0.4217848 34.37407 -14.89014 0.4217848 34.44014 -14.84965 0.4217848 34.49907 -14.79933 0.4217848 34.54939 -14.7404 0.4217848 34.58989 -14.67433 0.4217848 34.61954 -14.60273 0.4217848 34.63763 -14.52738 0.4217848 34.64371 -14.45013 0.4217848 27.1588 -10.37191 2.993844 27.1588 -10.29562 2.975531 27.1588 -10.22313 2.945505 27.1588 -10.15623 2.904512 27.1588 -10.09657 2.853558 27.1588 -10.04562 2.793893 27.1588 -10.00462 2.727002 27.1588 -9.974598 2.654515 27.1588 -9.956282 2.578221 27.06072 -10.33074 2.975531 27.10915 -10.38969 2.993844 27.12022 -10.38208 2.993844 27.09953 -10.39907 2.993844 27.04175 -10.34928 2.975531 26.98683 -10.30196 2.945505 27.09168 -10.40996 2.993844 27.02622 -10.37079 2.975531 26.96402 -10.33357 2.945505 26.90662 -10.29922 2.904512 27.0858 -10.42204 2.993844 27.0146 -10.39464 2.975531 26.94695 -10.36861 2.945505 26.88451 -10.34459 2.904512 26.82883 -10.32316 2.853558 26.73503 -10.19655 2.578221 26.69791 -10.27278 2.578221 26.75075 -10.20595 2.654515 26.715 -10.27936 2.654515 26.77651 -10.22137 2.727002 26.74301 -10.29014 2.727002 26.81169 -10.24242 2.793893 26.78128 -10.30486 2.793893 26.85541 -10.26858 2.853558 26.78467 -10.12779 2.578221 26.79854 -10.13974 2.654515 26.82129 -10.15934 2.727002 26.85234 -10.1861 2.793893 26.89095 -10.21936 2.853558 26.93614 -10.2583 2.904512 26.84532 -10.06853 2.578221 26.85695 -10.08268 2.654515 26.87601 -10.10588 2.727002 26.90204 -10.13756 2.793893 26.93437 -10.17693 2.853558 26.97224 -10.22303 2.904512 27.01471 -10.27473 2.945505 26.91522 -10.02053 2.578221 26.92427 -10.03646 2.654515 26.93907 -10.06258 2.727002 26.95929 -10.09824 2.793893 26.98442 -10.14257 2.853558 27.01386 -10.19447 2.904512 27.04685 -10.25266 2.945505 27.0826 -10.31572 2.975531 26.99233 -9.98519 2.578221 26.99849 -10.00243 2.654515 27.00861 -10.0307 2.727002 27.02243 -10.0693 2.793893 27.03961 -10.11727 2.853558 27.05972 -10.17344 2.904512 27.08228 -10.23642 2.945505 27.10672 -10.30466 2.975531 27.13243 -10.37649 2.993844 27.14542 -10.37306 2.993844 27.13237 -10.2979 2.975531 27.11997 -10.22648 2.945505 27.10852 -10.16057 2.904512 27.09831 -10.10179 2.853558 27.0896 -10.05158 2.793893 27.08258 -10.01119 2.727002 27.07745 -9.98161 2.654515 27.07431 -9.963562 2.578221 27.04146 10.25603 2.578221 27.04146 10.27435 2.654515 27.04146 10.30437 2.727002 27.04146 10.34536 2.793893 27.04146 10.39632 2.853558 27.04146 10.45598 2.904512 27.04146 10.52288 2.945505 27.04146 10.59536 2.975531 27.04146 10.67166 2.993844 26.9659 10.61511 2.975531 27.00321 10.68165 2.993844 26.99219 10.68912 2.993844 27.01532 10.67615 2.993844 26.98982 10.60424 2.975531 26.96561 10.53592 2.945505 27.0282 10.67279 2.993844 27.01526 10.5976 2.975531 27.00298 10.52616 2.945505 26.99164 10.46023 2.904512 26.95773 10.26318 2.578221 26.96085 10.28123 2.654515 26.96594 10.31082 2.727002 26.97289 10.35122 2.793893 26.98152 10.40144 2.853558 26.87645 10.28441 2.578221 26.88257 10.30168 2.654515 26.89259 10.32997 2.727002 26.9063 10.36862 2.793893 26.92333 10.41664 2.853558 26.94325 10.47287 2.904512 26.79993 10.31913 2.578221 26.80888 10.3351 2.654515 26.82356 10.36129 2.727002 26.84361 10.39704 2.793893 26.86855 10.44149 2.853558 26.89772 10.49353 2.904512 26.93044 10.55188 2.945505 26.73041 10.36631 2.578221 26.74194 10.38053 2.654515 26.76085 10.40385 2.727002 26.78668 10.43569 2.793893 26.81877 10.47527 2.853558 26.85634 10.5216 2.904512 26.89848 10.57357 2.945505 26.94414 10.62986 2.975531 26.66988 10.42459 2.578221 26.68367 10.43665 2.654515 26.70625 10.45642 2.727002 26.73709 10.48343 2.793893 26.77544 10.51699 2.853558 26.82033 10.55629 2.904512 26.87067 10.60035 2.945505 26.9252 10.6481 2.975531 26.98261 10.69835 2.993844 26.97473 10.70908 2.993844 26.90964 10.66928 2.975531 26.84779 10.63147 2.945505 26.79071 10.59658 2.904512 26.73981 10.56546 2.853558 26.69634 10.53888 2.793893 26.66136 10.5175 2.727002 26.63574 10.50183 2.654515 26.62012 10.49228 2.578221 26.58255 10.56744 2.578221 26.59956 10.57421 2.654515 26.62747 10.5853 2.727002 26.66556 10.60044 2.793893 26.71292 10.61927 2.853558 26.76836 10.64131 2.904512 26.83052 10.66602 2.945505 26.89789 10.6928 2.975531 26.96878 10.72098 2.993844 13.88249 25.01157 36.17822 16.34166 23.47876 36.17822 20.7334 19.70857 36.17822 28.56931 1.44875 36.17822 28.56931 -1.449003 36.17822 28.27615 -4.331892 36.17822 22.62093 -17.51012 36.17822 20.7334 -19.70882 36.17822 5.75824 -28.02071 36.17822 2.893906 -28.45951 36.17822 8.687912 -27.69095 36.59384 11.44478 -26.66992 36.59384 8.665085 -27.61816 36.57553 11.4147 -26.59981 36.57553 8.643387 -27.54899 36.54551 11.38611 -26.5332 36.54551 8.623353 -27.48517 36.50451 11.35973 -26.47172 36.50451 8.6055 -27.42824 36.45355 11.3362 -26.4169 36.45355 8.590241 -27.37962 36.39389 11.3161 -26.37007 36.39389 8.577973 -27.34051 36.32699 11.29994 -26.3324 36.32699 8.568985 -27.31186 36.25451 11.2881 -26.30481 36.25451 8.563508 -27.29438 36.17822 11.28088 -26.28798 36.17822 14.0842 -25.37522 36.59384 14.04718 -25.30852 36.57553 14.01199 -25.24514 36.54551 13.97952 -25.18665 36.50451 13.95058 -25.13448 36.45355 13.92584 -25.08993 36.39389 13.90596 -25.05409 36.32699 13.89139 -25.02784 36.25451 13.88249 -25.01182 36.17822 18.90387 -22.02064 36.59384 21.03465 -19.99518 36.59384 18.85417 -21.96275 36.57553 20.97936 -19.94261 36.57553 18.80696 -21.90775 36.54551 20.92682 -19.89267 36.54551 18.76338 -21.857 36.50451 20.87833 -19.84658 36.50451 18.72452 -21.81173 36.45355 20.83508 -19.80548 36.45355 18.69132 -21.77306 36.39389 20.79816 -19.77037 36.39389 18.66461 -21.74196 36.32699 20.76845 -19.74213 36.32699 18.64507 -21.71918 36.25451 20.74669 -19.72144 36.25451 18.63313 -21.70528 36.17822 24.62904 -15.3516 36.59384 26.05576 -12.78115 36.59384 24.5643 -15.31125 36.57553 25.98726 -12.74755 36.57553 24.50278 -15.27291 36.54551 25.92218 -12.71563 36.54551 24.44602 -15.23752 36.50451 25.86212 -12.68617 36.50451 24.39537 -15.20596 36.45355 25.80856 -12.65989 36.45355 24.35214 -15.17901 36.39389 25.76282 -12.63745 36.39389 24.31734 -15.15732 36.32699 25.72601 -12.6194 36.32699 24.29187 -15.14144 36.25451 25.69905 -12.60618 36.25451 24.27632 -15.13175 36.17822 25.6826 -12.59811 36.17822 27.2151 -10.07954 36.59384 27.14357 -10.05305 36.57553 27.07559 -10.02787 36.54551 27.01286 -10.00464 36.50451 26.95691 -9.983918 36.45355 26.90912 -9.966221 36.39389 26.87068 -9.951983 36.32699 26.84253 -9.941555 36.25451 26.82535 -9.935194 36.17822 28.68698 4.394581 36.59384 28.09519 7.274258 36.59384 28.61157 4.383022 36.57553 28.02135 7.255138 36.57553 28.53992 4.372051 36.54551 27.95116 7.236965 36.54551 28.47379 4.361919 36.50451 27.8864 7.220196 36.50451 28.41483 4.352886 36.45355 27.82864 7.205242 36.45355 28.36446 4.345165 36.39389 27.77931 7.192471 36.39389 28.32393 4.338963 36.32699 27.73964 7.182194 36.32699 28.29425 4.334415 36.25451 27.71057 7.174671 36.25451 28.27615 4.331638 36.17822 27.69284 7.170078 36.17822 27.2151 10.07929 36.59384 27.14357 10.05279 36.57553 27.07559 10.02762 36.54551 27.01286 10.00438 36.50451 26.95691 9.98367 36.45355 26.90912 9.96597 36.39389 26.87068 9.951733 36.32699 26.84253 9.941304 36.25451 26.82535 9.934941 36.17822 26.05576 12.7809 36.59384 24.62904 15.35135 36.59384 25.98726 12.7473 36.57553 24.5643 15.31099 36.57553 25.92218 12.71537 36.54551 24.50278 15.27266 36.54551 25.86212 12.68592 36.50451 24.44602 15.23727 36.50451 25.80856 12.65964 36.45355 24.39537 15.20571 36.45355 25.76282 12.6372 36.39389 24.35214 15.17875 36.39389 25.72601 12.61914 36.32699 24.31734 15.15707 36.32699 25.69905 12.60592 36.25451 24.29187 15.14119 36.25451 25.6826 12.59786 36.17822 24.27632 15.1315 36.17822 22.94959 17.76428 36.59384 22.88927 17.71758 36.57553 22.83194 17.67321 36.54551 22.77904 17.63227 36.50451 22.73186 17.59575 36.45355 22.69157 17.56456 36.39389 22.65915 17.53946 36.32699 22.63541 17.52108 36.25451 22.62093 17.50988 36.17822 11.44478 26.66967 36.59384 8.687912 27.6907 36.59384 11.4147 26.59956 36.57553 8.665085 27.61791 36.57553 11.38611 26.53295 36.54551 8.643387 27.54874 36.54551 11.35973 26.47147 36.50451 8.623353 27.48491 36.50451 11.3362 26.41665 36.45355 8.6055 27.42798 36.45355 11.3161 26.36982 36.39389 8.590241 27.37937 36.39389 11.29994 26.33215 36.32699 8.577973 27.34025 36.32699 11.2881 26.30455 36.25451 8.568985 27.31161 36.25451 11.28088 26.28772 36.17822 8.563508 27.29413 36.17822 5.841919 28.42758 36.59384 5.826553 28.35285 36.57553 5.811966 28.28185 36.54551 5.798492 28.21632 36.50451 5.786484 28.15788 36.45355 5.77623 28.10797 36.39389 5.767975 28.06781 36.32699 5.761932 28.0384 36.25451 5.75824 28.02046 36.17822 2.935959 -28.87301 36.59384 2.928238 -28.79711 36.57553 2.920898 -28.72499 36.54551 2.914139 -28.65844 36.50451 2.908096 -28.59908 36.45355 2.902939 -28.54839 36.39389 2.898788 -28.50761 36.32699 2.895767 -28.47773 36.25451 5.841919 -28.42783 36.59384 5.826553 -28.3531 36.57553 5.811966 -28.2821 36.54551 5.798492 -28.21657 36.50451 5.786484 -28.15813 36.45355 5.77623 -28.10822 36.39389 5.767975 -28.06806 36.32699 5.761932 -28.03865 36.25451 16.34166 -23.47901 36.17822 16.35213 -23.49405 36.25451 16.36928 -23.51869 36.32699 16.39269 -23.55234 36.39389 16.4218 -23.59416 36.45355 16.45589 -23.64313 36.50451 16.4941 -23.69803 36.54551 16.53551 -23.75753 36.57553 16.57909 -23.82015 36.59384 22.94959 -17.76453 36.59384 22.88927 -17.71784 36.57553 22.83194 -17.67347 36.54551 22.77904 -17.63252 36.50451 22.73186 -17.596 36.45355 22.69157 -17.56481 36.39389 22.65915 -17.53972 36.32699 22.63541 -17.52134 36.25451 27.69284 -7.170332 36.17822 27.71057 -7.174923 36.25451 27.73964 -7.182447 36.32699 27.77931 -7.192724 36.39389 27.82864 -7.205496 36.45355 27.8864 -7.220449 36.50451 27.95116 -7.237217 36.54551 28.02135 -7.255386 36.57553 28.09519 -7.274509 36.59384 28.68698 -4.394831 36.59384 28.61157 -4.383278 36.57553 28.53992 -4.372301 36.54551 28.47379 -4.362171 36.50451 28.41483 -4.353136 36.45355 28.36446 -4.345421 36.39389 28.32393 -4.339212 36.32699 28.29425 -4.334665 36.25451 28.98441 -1.470055 36.59384 28.90822 -1.46619 36.57553 28.83582 -1.462521 36.54551 28.76901 -1.459131 36.50451 28.70943 -1.45611 36.45355 28.65852 -1.453529 36.39389 28.61758 -1.451452 36.32699 28.5876 -1.449932 36.25451 28.98441 1.469807 36.59384 28.90822 1.465939 36.57553 28.83582 1.462269 36.54551 28.76901 1.458881 36.50451 28.70943 1.45586 36.45355 28.65852 1.453274 36.39389 28.61758 1.451199 36.32699 28.5876 1.44968 36.25451 20.74669 19.72119 36.25451 20.76845 19.74187 36.32699 20.79816 19.77012 36.39389 20.83508 19.80523 36.45355 20.87833 19.84633 36.50451 20.92682 19.89242 36.54551 20.97936 19.94236 36.57553 21.03465 19.99492 36.59384 18.63313 21.70503 36.17822 18.64507 21.71892 36.25451 18.66461 21.7417 36.32699 18.69132 21.77281 36.39389 18.72452 21.81147 36.45355 18.76338 21.85674 36.50451 18.80696 21.9075 36.54551 18.85417 21.9625 36.57553 18.90387 22.02039 36.59384 16.57909 23.8199 36.59384 16.53551 23.75728 36.57553 16.4941 23.69778 36.54551 16.45589 23.64287 36.50451 16.4218 23.59391 36.45355 16.39269 23.55208 36.39389 16.36928 23.51844 36.32699 16.35213 23.49379 36.25451 14.0842 25.37497 36.59384 14.04718 25.30827 36.57553 14.01199 25.24489 36.54551 13.97952 25.1864 36.50451 13.95058 25.13423 36.45355 13.92584 25.08968 36.39389 13.90596 25.05384 36.32699 13.89139 25.02758 36.25451 2.893906 28.45926 36.17822 2.895767 28.47748 36.25451 2.898788 28.50736 36.32699 2.902939 28.54814 36.39389 2.908096 28.59884 36.45355 2.914139 28.65818 36.50451 2.920898 28.72474 36.54551 2.928238 28.79686 36.57553 2.935959 28.87275 36.59384 -2.000137 70.74404 22.29388 -1.2207e-4 70.59987 22.3 -2.000137 70.45571 22.29388 -2.000137 70.17151 22.24515 -2.000137 69.89965 22.14909 -2.000137 69.64792 22.00847 -2.000137 69.42357 21.82733 -2.000137 69.23308 21.61088 -2.000137 69.0819 21.36535 -2.000137 68.9744 21.0978 -2.000137 68.91364 20.81594 -2.000137 68.90142 20.52786 -2.000137 68.93802 20.24185 -2.000137 69.02246 19.96615 -2.000137 69.15227 19.70868 -2.000137 69.32373 19.47686 -2.000137 69.53189 19.27734 -2.000137 69.7708 19.11588 -2.000137 70.03354 18.99711 -2.000137 70.31256 18.92446 -2.000137 70.59987 18.9 -2.000137 70.88718 18.92446 -2.000137 71.16622 18.99711 -2.000137 71.42896 19.11588 -2.000137 71.66785 19.27734 -2.000137 71.87601 19.47686 -2.000137 72.04747 19.70868 -2.000137 72.17729 19.96615 -2.000137 72.26172 20.24185 -2.000137 72.29834 20.52786 -2.000137 72.2861 20.81594 -2.000137 72.22536 21.0978 -2.000137 72.11785 21.36535 -2.000137 71.96666 21.61088 -2.000137 71.77617 21.82733 -2.000137 71.55184 22.00847 -2.000137 71.30011 22.14909 -2.000137 71.02823 22.24515 -7.534409 27.60067 21.82911 -7.421127 27.62305 21.72018 -7.372375 27.63337 22.09137 -7.371262 27.63366 22.1 -7.380005 27.63134 22.09877 -7.377457 27.63202 22.09631 -7.755737 27.5313 22.04574 -7.374924 27.63269 22.09384 -8.304108 27.3863 21.96817 -8.341492 27.37648 21.96287 -8.139283 27.4806 21.76511 -7.646057 27.57007 21.93773 -8.069626 27.5092 21.69699 -7.929535 27.55612 21.55998 -7.787506 27.58978 21.42107 -7.715408 27.60167 21.35057 -7.491745 27.61684 21.20079 -7.500198 27.61677 21.14009 -10.00012 103.3239 15.77897 -10.00012 103.9048 14.18294 -9.71283 103.301 15.77061 -9.71283 103.8819 14.17457 -9.433793 103.2327 15.74576 -9.433793 103.8136 14.14972 -9.171051 103.1211 15.70514 -9.171051 103.702 14.1091 -8.93216 102.9694 15.64991 -8.93216 103.5503 14.05388 -8.723984 102.7819 15.58167 -8.723984 103.3628 13.98564 -8.552536 102.564 15.50239 -8.552536 103.1449 13.90636 -8.422715 102.3221 15.41433 -8.422715 102.903 13.81829 -8.338288 102.063 15.32003 -8.338288 102.6439 13.724 -8.301667 101.7943 15.22221 -8.301667 102.3752 13.62618 -8.313904 101.5236 15.12368 -8.313904 102.1045 13.52765 -8.37465 101.2587 15.02728 -8.37465 101.8396 13.43125 -8.482148 101.0073 14.93577 -8.482148 101.5882 13.33974 -8.633332 100.7766 14.8518 -8.633332 101.3575 13.25576 -8.823838 100.5732 14.77777 -8.823838 101.1541 13.18173 -9.048172 100.4029 14.71581 -9.048172 100.9838 13.11978 -9.299897 100.2708 14.66772 -9.299897 100.8517 13.07169 -9.571763 100.1805 14.63486 -9.571763 100.7614 13.03883 -9.855957 100.1347 14.6182 -9.855957 100.7156 13.02217 -10.1443 100.1347 14.6182 -10.1443 100.7156 13.02217 -10.4285 100.1805 14.63486 -10.4285 100.7614 13.03883 -10.70036 100.2708 14.66772 -10.70036 100.8517 13.07169 -10.95209 100.4029 14.71581 -10.95209 100.9838 13.11978 -11.17642 100.5732 14.77777 -11.17642 101.1541 13.18173 -11.36693 100.7766 14.8518 -11.36693 101.3575 13.25576 -11.5181 101.0073 14.93577 -11.5181 101.5882 13.33974 -11.62561 101.2587 15.02728 -11.62561 101.8396 13.43125 -11.68636 101.5236 15.12368 -11.68636 102.1045 13.52765 -11.69859 101.7943 15.22221 -11.69859 102.3752 13.62618 -11.66197 102.063 15.32003 -11.66197 102.6439 13.724 -11.57754 102.3221 15.41433 -11.57754 102.903 13.81829 -11.44772 102.564 15.50239 -11.44772 103.1449 13.90636 -11.27628 102.7819 15.58167 -11.27628 103.3628 13.98564 -11.0681 102.9694 15.64991 -11.0681 103.5503 14.05388 -10.82921 103.1211 15.70514 -10.82921 103.702 14.1091 -10.56647 103.2327 15.74576 -10.56647 103.8136 14.14972 -10.28743 103.301 15.77061 -10.28743 103.8819 14.17457 -13.71371 28.90485 36.6 -13.71371 28.90485 21.6 -17.53186 26.76175 21.6 -17.53186 26.76175 36.6 -21.02165 24.11741 21.6 -21.02165 24.11741 36.6 -24.11771 21.02136 21.6 -24.11771 21.02136 36.6 -26.76204 17.53157 21.6 -26.76204 17.53157 36.6 -28.90512 13.71341 21.6 -28.90512 13.71341 36.6 -30.50684 9.638409 21.6 -30.50684 9.638409 36.6 -31.53714 5.382877 21.6 -31.53714 5.382877 36.6 -31.97678 1.026516 21.6 -31.97678 1.026516 36.6 -31.81749 -3.349068 21.6 -31.81749 -3.349068 36.6 -31.06227 -7.661928 21.6 -31.06227 -7.661928 36.6 -29.72527 -11.83129 21.6 -29.72527 -11.83129 36.6 -27.83151 -15.77904 21.6 -27.83151 -15.77904 36.6 -25.41647 -19.43127 21.6 -25.41647 -19.43127 36.6 -22.52541 -22.71955 21.6 -22.52541 -22.71955 36.6 -19.21243 -25.5823 21.6 -19.21243 -25.5823 36.6 -15.53961 -27.9659 21.6 -15.53961 -27.9659 36.6 -11.57574 -29.82571 21.6 -11.57574 -29.82571 36.6 -7.395065 -31.12688 21.6 -7.395065 -31.12688 36.6 -3.075882 -31.84506 21.6 -3.075882 -31.84506 36.6 1.300919 -31.96679 21.6 1.300919 -31.96679 36.6 5.653336 -31.48978 21.6 5.653336 -31.48978 36.6 9.899872 -30.42298 21.6 9.899872 -30.42298 36.6 6.899872 -30.01729 21.6 6.899872 -28.88749 21.6 9.899872 -28.00156 21.6 -11.07318 30.72729 21.6 -11.00012 30.79817 21.6 -11.00012 28.11677 21.6 3.472 -30.60379 21.6 -12.31989 29.70948 21.6 -10.98207 27.76178 21.6 -10.91635 27.35554 21.6 -1.2207e-4 -30.80013 21.6 -10.82152 27.01297 21.6 -11.51947 26.72281 21.6 -14.20193 25.39906 21.6 -16.73433 23.80694 21.6 -19.08992 21.96325 21.6 -21.24379 19.88749 21.6 -23.17317 17.60157 21.6 -24.85771 15.12967 21.6 -26.27957 12.4979 21.6 -27.42377 9.734066 21.6 -28.27817 6.867374 21.6 -28.83377 3.928112 21.6 -29.0847 0.9473457 21.6 -29.02831 -2.043432 21.6 -28.66518 -5.012621 21.6 -27.99916 -7.928844 21.6 -27.03728 -10.76129 21.6 -25.7897 -13.48002 21.6 -13.23427 -25.91668 21.6 -10.5038 -27.13835 21.6 -7.662338 -28.07325 21.6 -1.76741 -29.04641 21.6 -4.739914 -28.71153 21.6 -24.26964 -16.05632 21.6 -22.4931 -18.46295 21.6 -20.47891 -20.6745 21.6 -18.24832 -22.66759 21.6 -15.82491 -24.42116 21.6 -8.129639 36.3354 36.6 -8.514817 34.77276 36.6 -9.145676 33.29215 36.6 9.899872 -28.00156 36.6 6.899872 -28.88749 36.6 6.899872 -30.01729 36.6 3.472 -30.60379 36.6 -1.2207e-4 -30.80013 36.6 -8.000138 70.7085 36.6 -8.000138 37.93959 36.6 -2.944122 -28.95083 36.6 -5.85791 -28.50445 36.6 -8.711594 -27.76558 36.6 -11.47589 -26.7418 36.6 -14.12242 -25.44361 36.6 -16.62404 -23.88434 36.6 -18.95506 -22.07999 36.6 -21.0916 -20.04906 36.6 -23.0117 -17.81241 36.6 -24.69568 -15.39298 36.6 -26.12624 -12.8156 36.6 -27.28871 -10.10671 36.6 -28.17117 -7.294115 36.6 -28.76456 -4.406675 36.6 -29.06278 -1.474016 36.6 -29.06278 1.473766 36.6 -28.76456 4.406422 36.6 -28.17117 7.293865 36.6 -27.28871 10.10646 36.6 -26.12624 12.81534 36.6 -24.69568 15.39273 36.6 -23.0117 17.81216 36.6 -21.0916 20.04881 36.6 -18.95506 22.07974 36.6 -16.62404 23.88409 36.6 -14.12242 25.44336 36.6 -12.31989 29.70948 36.6 -11.47589 26.74154 36.6 -11.07318 30.72729 36.6 -8.711594 27.76532 36.6 -10.00589 31.93191 36.6 -5.85791 28.50419 36.6 -2.944122 28.95057 36.6 -7.371262 27.63366 3.600001 -4.070343 28.30877 3.600001 -16.44681 23.39789 22.1 -16.33841 23.47371 36.1 -18.62938 21.70036 36.1 -18.76192 21.58587 22.1 -18.72914 21.61432 36.1 -20.87877 19.54577 22.1 -20.7292 19.70433 36.1 -21.61456 18.72889 22.1 -21.61456 18.72889 36.1 -22.77501 17.29915 22.1 -22.61632 17.50611 36.1 -24.05998 15.4622 22.1 -24.05998 15.4622 36.1 -24.4306 14.86971 22.1 -24.27136 15.12825 36.1 -25.82803 12.28316 22.1 -25.67734 12.59515 36.1 -26.01561 11.88074 22.1 -26.01561 11.88074 36.1 -26.95256 9.566815 22.1 -26.81984 9.932805 36.1 -27.44162 8.057423 22.1 -27.44162 8.057423 36.1 -27.7923 6.749371 22.1 -27.68713 7.168537 36.1 -28.27033 4.330708 36.1 -28.30902 4.07008 22.1 -28.30902 4.07008 36.1 -28.33835 3.860615 22.1 -28.56342 1.448437 36.1 -28.58496 0.9310646 22.1 -28.60013 -1.25885e-4 22.1 -28.60013 -1.25885e-4 36.1 -28.52954 -2.008324 22.1 -28.56342 -1.448692 36.1 -28.30902 -4.07033 22.1 -28.30902 -4.07033 36.1 -28.27033 -4.330961 36.1 -28.17265 -4.926496 22.1 -27.68713 -7.168789 36.1 -27.51808 -7.792612 22.1 -27.44162 -8.057677 36.1 -27.44162 -8.057677 22.1 -26.57272 -10.57639 22.1 -26.81984 -9.933056 36.1 -26.01561 -11.88099 22.1 -26.01561 -11.88099 36.1 -25.34659 -13.24841 22.1 -25.67734 -12.5954 36.1 -24.27136 -15.1285 36.1 -24.05998 -15.46245 22.1 -24.05998 -15.46245 36.1 -23.85263 -15.78044 22.1 -22.61632 -17.50636 36.1 -22.10663 -18.14572 22.1 -21.61456 -18.72914 22.1 -21.61456 -18.72914 36.1 -20.12705 -20.31927 22.1 -20.7292 -19.70458 36.1 -18.72914 -21.61456 22.1 -18.72914 -21.61456 36.1 -18.62938 -21.70061 36.1 -17.93477 -22.27811 22.1 -16.33841 -23.47396 36.1 -15.55299 -24.00155 22.1 -15.46246 -24.05998 36.1 -13.00688 -25.47138 22.1 -13.87976 -25.00644 36.1 -11.881 -26.0156 22.1 -11.881 -26.0156 36.1 -11.2787 -26.28232 36.1 -10.32333 -26.67205 22.1 -8.561905 -27.28851 36.1 -8.057679 -27.44163 22.1 -8.057679 -27.44163 36.1 -7.530685 -27.5909 22.1 -5.757263 -28.01468 36.1 -2.893555 -28.45339 36.1 -1.737045 -28.54734 22.1 -4.070343 -28.30902 36.1 -4.070343 -28.30902 22.1 -4.658478 -28.2182 22.1 -15.46246 24.05973 36.1 -15.46246 24.05973 22.1 -13.87976 25.00619 36.1 -13.95792 24.96265 22.1 -11.881 26.01535 36.1 -11.881 26.01535 22.1 -11.2787 26.28207 36.1 -11.32153 26.26365 22.1 -8.561905 27.28826 36.1 -8.565522 27.28713 22.1 -8.057679 27.44137 36.1 -8.057679 27.44137 22.1 -5.757263 28.01443 36.1 -4.070343 28.30877 36.1 -2.893555 28.45314 36.1 -1.2207e-4 -28.96819 21.61773 -1.2207e-4 -28.88724 21.64759 -1.2207e-4 -28.60235 22.05295 -1.2207e-4 -29.05307 21.60222 -1.2207e-4 -28.69105 21.8125 -1.2207e-4 -28.64771 21.88711 -1.2207e-4 -28.81262 21.69093 -1.2207e-4 -28.61785 21.96807 -8.000138 28.11677 3.600001 -8.000138 28.11677 18.6 -8.000138 83.59987 3.600001 -8.000138 37.93959 18.6 -8.000138 69.04302 22.2244 -8.000138 68.79088 21.93793 -8.000138 68.59079 21.61296 -8.000138 68.4485 21.25885 -8.000138 72.15674 22.2244 -8.000138 71.85982 22.46415 -8.000138 71.6482 35.94202 -8.000138 71.52664 22.65027 -8.000138 70.86061 36.58836 -8.000138 70.40906 22.8419 -8.000138 71.0092 36.55372 -8.000138 70.03292 22.7774 -8.000138 69.6731 22.65027 -8.000138 69.33994 22.46415 -8.000138 71.15079 36.49687 -8.000138 71.28208 36.41915 -8.000138 71.40001 36.32236 -8.000138 68.36809 20.88579 -8.000138 68.3519 20.50451 -8.000138 68.40038 20.12598 -8.000138 72.79938 20.12598 -8.000138 72.84784 20.50451 -8.000138 72.83165 20.88579 -8.000138 72.75125 21.25885 -8.000138 71.16683 22.7774 -8.000138 70.79068 22.8419 -8.000138 71.58522 36.08099 -8.000138 71.50185 36.20876 -8.000138 68.51212 19.76107 -8.000138 68.68393 19.42031 -8.000138 68.91086 19.11349 -8.000138 72.01337 18.84942 -8.000138 72.2889 19.11349 -8.000138 72.60897 21.61296 -8.000138 72.40886 21.93793 -8.000138 72.51581 19.42031 -8.000138 72.68762 19.76107 -8.000138 81.36038 9.257984 -8.000138 81.42336 9.119015 -8.000138 81.50673 8.991242 -8.000138 81.60857 8.877639 -8.000138 81.7265 8.780853 -8.000138 81.85779 8.703132 -8.000138 81.99938 8.646287 -8.000138 82.14797 8.611642 -8.000138 82.30008 8.600005 -8.000138 83.59987 8.600005 -8.000138 70.21962 18.38237 -8.000138 70.59987 18.35 -8.000138 70.98014 18.38237 -8.000138 71.34944 18.47853 -8.000138 71.69719 18.63572 -8.000138 69.18637 18.84942 -8.000138 69.50257 18.63572 -8.000138 69.85031 18.47853 -7.998672 28.07866 3.600001 -7.408478 27.62525 3.600001 -7.985291 27.99588 3.600001 -7.491882 27.61684 3.600001 -7.575546 27.62249 3.600001 -7.918365 27.84278 3.600001 -7.657074 27.64205 3.600001 -7.958267 27.91652 3.600001 -7.734192 27.67495 3.600001 -7.804733 27.72027 3.600001 -7.866699 27.77674 3.600001 -15.00014 83.59987 8.600005 -15.00014 83.59987 3.600001 -12.86864 102.5079 10.48197 -12.67891 102.0643 10.32049 -21.00014 89.59987 5.783826 -15.00014 123.067 17.96485 -10.50713 106.112 11.79373 -15.93874 122.9976 17.93958 -10.99954 105.9915 11.74987 -7.216461 104.3845 11.165 -7.445541 104.8115 11.3204 -8.537049 105.7945 11.67819 -9.000718 105.9915 11.74987 -9.493134 106.112 11.79373 -10.00012 106.1525 11.80848 -20.92625 118.3108 16.23375 -20.70647 119.1711 16.54687 -11.46321 105.7945 11.67819 -12.55472 104.8115 11.3204 -12.7838 104.3845 11.165 -21.00014 117.4288 15.91273 -7.748108 105.1959 11.46032 -8.115479 105.5268 11.58074 -18.52684 121.9902 17.57293 -17.72408 122.4525 17.74118 -16.85423 122.791 17.86441 -12.25215 105.1959 11.46032 -8.320206 100.9978 9.932325 -7.924316 101.2982 10.04165 -7.131638 102.5079 10.48197 -7.024429 102.9754 10.6521 -7.002838 103.4531 10.82597 -7.067474 103.9274 10.9986 -20.34616 119.9885 16.84437 -19.85423 120.7428 17.11894 -19.24277 121.4156 17.3638 -11.8848 105.5268 11.58074 -7.588135 101.6571 10.1723 -7.32135 102.0643 10.32049 -12.9328 103.9274 10.9986 -12.99744 103.4531 10.82597 -12.97583 102.9754 10.6521 -12.41212 101.6571 10.1723 -12.07594 101.2982 10.04165 -20.92625 88.66126 5.442202 -11.68005 100.9978 9.932325 -20.70647 87.74578 5.10899 -11.23584 100.7646 9.847452 -9.244202 100.6053 9.789475 -8.76442 100.7646 9.847452 -19.24277 85.35723 4.239626 -19.85423 86.07317 4.500203 -20.34616 86.87593 4.792392 -15.93874 83.67374 3.62689 -10.75606 100.6053 9.789475 -10.25455 100.5245 9.760064 -9.745713 100.5245 9.760064 -16.85423 83.89353 3.706887 -17.72408 84.25383 3.838025 -18.52684 84.74578 4.017077 -15.00014 121.46 22.37996 -21.00014 89.59987 10.78382 -21.00014 115.8219 20.32784 -15.93874 121.3906 22.3547 -20.92625 116.7039 20.64886 -20.70647 117.5641 20.96198 -16.85423 121.1841 22.27952 -17.72408 120.8455 22.15629 -18.52684 120.3832 21.98804 -19.24277 119.8086 21.77891 -19.85423 119.1359 21.53404 -20.34616 118.3815 21.25948 -19.24277 85.35723 9.239629 -18.52684 84.74578 9.017077 -17.72408 84.25383 8.838025 -16.85423 83.89353 8.706887 -15.93874 83.67374 8.62689 -20.92625 88.66126 10.4422 -20.70647 87.74578 10.10898 -20.34616 86.87593 9.792391 -19.85423 86.07317 9.500206 -7.131638 101.4819 13.30105 -7.32135 101.0382 13.13957 -7.588135 100.631 12.99137 -7.924316 100.2721 12.86073 -8.320206 99.97173 12.7514 -8.76442 99.73854 12.66653 -9.244202 99.57926 12.60855 -9.745713 99.49845 12.57914 -10.25455 99.49845 12.57914 -10.75606 99.57926 12.60855 -11.23584 99.73854 12.66653 -11.68005 99.97173 12.7514 -12.07594 100.2721 12.86073 -12.41212 100.631 12.99137 -12.67891 101.0382 13.13957 -12.86864 101.4819 13.30105 -12.97583 101.9493 13.47117 -12.99744 102.427 13.64505 -12.9328 102.9013 13.81767 -12.7838 103.3585 13.98408 -12.55472 103.7854 14.13947 -12.25215 104.1699 14.27939 -11.8848 104.5007 14.39982 -11.46321 104.7685 14.49727 -10.99954 104.9654 14.56895 -10.50713 105.0859 14.61281 -10.00012 105.1265 14.62756 -9.493134 105.0859 14.61281 -9.000718 104.9654 14.56895 -8.537049 104.7685 14.49727 -8.115479 104.5007 14.39982 -7.748108 104.1699 14.27939 -7.445541 103.7854 14.13947 -7.216461 103.3585 13.98408 -7.067474 102.9013 13.81767 -7.002838 102.427 13.64505 -7.024429 101.9493 13.47117 -13.88275 -25.01182 36.17822 -16.34192 -23.47901 36.17822 -20.73366 -19.70882 36.17822 -28.56957 -1.449003 36.17822 -22.62119 17.50988 36.17822 -20.73366 19.70857 36.17822 -5.758499 28.02046 36.17822 -2.894165 28.45926 36.17822 -8.688187 27.6907 36.59384 -11.44504 26.66967 36.59384 -8.665345 27.61791 36.57553 -11.41496 26.59956 36.57553 -8.643647 27.54874 36.54551 -11.38637 26.53295 36.54551 -8.623612 27.48491 36.50451 -11.35999 26.47147 36.50451 -8.605759 27.42798 36.45355 -11.33646 26.41665 36.45355 -8.5905 27.37937 36.39389 -11.31636 26.36982 36.39389 -8.578232 27.34025 36.32699 -11.3002 26.33215 36.32699 -8.569245 27.31161 36.25451 -11.28836 26.30455 36.25451 -8.563767 27.29413 36.17822 -11.28114 26.28772 36.17822 -14.08446 25.37497 36.59384 -14.04742 25.30827 36.57553 -14.01225 25.24489 36.54551 -13.97978 25.1864 36.50451 -13.95084 25.13423 36.45355 -13.9261 25.08968 36.39389 -13.90622 25.05384 36.32699 -13.89165 25.02758 36.25451 -13.88275 25.01157 36.17822 -18.90411 22.02039 36.59384 -21.03491 19.99492 36.59384 -18.85443 21.9625 36.57553 -20.97961 19.94236 36.57553 -18.80721 21.9075 36.54551 -20.92708 19.89242 36.54551 -18.76364 21.85674 36.50451 -20.87859 19.84633 36.50451 -18.72478 21.81147 36.45355 -20.83534 19.80523 36.45355 -18.69159 21.77281 36.39389 -20.79842 19.77012 36.39389 -18.66489 21.7417 36.32699 -20.76871 19.74187 36.32699 -18.64533 21.71892 36.25451 -20.74695 19.72119 36.25451 -18.63339 21.70503 36.17822 -24.6293 15.35135 36.59384 -26.05602 12.7809 36.59384 -24.56456 15.31099 36.57553 -25.98752 12.7473 36.57553 -24.50304 15.27266 36.54551 -25.92244 12.71537 36.54551 -24.44627 15.23727 36.50451 -25.86238 12.68592 36.50451 -24.39563 15.20571 36.45355 -25.80882 12.65964 36.45355 -24.35239 15.17875 36.39389 -25.76308 12.6372 36.39389 -24.3176 15.15707 36.32699 -25.72627 12.61914 36.32699 -24.29211 15.14119 36.25451 -25.69931 12.60592 36.25451 -24.27658 15.1315 36.17822 -25.68286 12.59786 36.17822 -27.21536 10.07929 36.59384 -27.14383 10.05279 36.57553 -27.07585 10.02762 36.54551 -27.01312 10.00438 36.50451 -26.95717 9.98367 36.45355 -26.90939 9.96597 36.39389 -26.87094 9.951733 36.32699 -26.84279 9.941304 36.25451 -26.82561 9.934941 36.17822 -28.09546 7.274258 36.59384 -28.68724 4.394581 36.59384 -28.02161 7.255138 36.57553 -28.61183 4.383022 36.57553 -27.95143 7.236965 36.54551 -28.54018 4.372051 36.54551 -27.88666 7.220196 36.50451 -28.47406 4.361919 36.50451 -27.8289 7.205242 36.45355 -28.41509 4.352886 36.45355 -27.77957 7.192471 36.39389 -28.36472 4.345165 36.39389 -27.7399 7.182194 36.32699 -28.32419 4.338963 36.32699 -27.71083 7.174671 36.25451 -28.29451 4.334415 36.25451 -27.6931 7.170078 36.17822 -28.27641 4.331638 36.17822 -28.98467 1.469807 36.59384 -28.90848 1.465939 36.57553 -28.83608 1.462269 36.54551 -28.76927 1.458881 36.50451 -28.70969 1.45586 36.45355 -28.6588 1.453274 36.39389 -28.61784 1.451199 36.32699 -28.58786 1.44968 36.25451 -28.56957 1.44875 36.17822 -28.68724 -4.394831 36.59384 -28.09546 -7.274509 36.59384 -28.61183 -4.383278 36.57553 -28.02161 -7.255386 36.57553 -28.54018 -4.372301 36.54551 -27.95143 -7.237217 36.54551 -28.47406 -4.362171 36.50451 -27.88666 -7.220449 36.50451 -28.41509 -4.353136 36.45355 -27.8289 -7.205496 36.45355 -28.36472 -4.345421 36.39389 -27.77957 -7.192724 36.39389 -28.32419 -4.339212 36.32699 -27.7399 -7.182447 36.32699 -28.29451 -4.334665 36.25451 -27.71083 -7.174923 36.25451 -28.27641 -4.331892 36.17822 -27.6931 -7.170332 36.17822 -27.21536 -10.07954 36.59384 -27.14383 -10.05305 36.57553 -27.07585 -10.02787 36.54551 -27.01312 -10.00464 36.50451 -26.95717 -9.983918 36.45355 -26.90939 -9.966221 36.39389 -26.87094 -9.951983 36.32699 -26.84279 -9.941555 36.25451 -26.82561 -9.935194 36.17822 -26.05602 -12.78115 36.59384 -24.6293 -15.3516 36.59384 -25.98752 -12.74755 36.57553 -24.56456 -15.31125 36.57553 -25.92244 -12.71563 36.54551 -24.50304 -15.27291 36.54551 -25.86238 -12.68617 36.50451 -24.44627 -15.23752 36.50451 -25.80882 -12.65989 36.45355 -24.39563 -15.20596 36.45355 -25.76308 -12.63745 36.39389 -24.35239 -15.17901 36.39389 -25.72627 -12.6194 36.32699 -24.3176 -15.15732 36.32699 -25.69931 -12.60618 36.25451 -24.29211 -15.14144 36.25451 -25.68286 -12.59811 36.17822 -24.27658 -15.13175 36.17822 -22.94985 -17.76453 36.59384 -22.88953 -17.71784 36.57553 -22.8322 -17.67347 36.54551 -22.7793 -17.63252 36.50451 -22.73212 -17.596 36.45355 -22.69183 -17.56481 36.39389 -22.65941 -17.53972 36.32699 -22.63567 -17.52134 36.25451 -22.62119 -17.51012 36.17822 -11.44504 -26.66992 36.59384 -8.688187 -27.69095 36.59384 -11.41496 -26.59981 36.57553 -8.665345 -27.61816 36.57553 -11.38637 -26.5332 36.54551 -8.643647 -27.54899 36.54551 -11.35999 -26.47172 36.50451 -8.623612 -27.48517 36.50451 -11.33646 -26.4169 36.45355 -8.605759 -27.42824 36.45355 -11.31636 -26.37007 36.39389 -8.5905 -27.37962 36.39389 -11.3002 -26.3324 36.32699 -8.578232 -27.34051 36.32699 -11.28836 -26.30481 36.25451 -8.569245 -27.31186 36.25451 -11.28114 -26.28798 36.17822 -8.563767 -27.29438 36.17822 -5.842178 -28.42783 36.59384 -5.826813 -28.3531 36.57553 -5.812225 -28.2821 36.54551 -5.798767 -28.21657 36.50451 -5.786743 -28.15813 36.45355 -5.776489 -28.10822 36.39389 -5.768234 -28.06806 36.32699 -5.762192 -28.03865 36.25451 -5.758499 -28.02071 36.17822 -2.936218 28.87275 36.59384 -2.928497 28.79686 36.57553 -2.921173 28.72474 36.54551 -2.914398 28.65818 36.50451 -2.908356 28.59884 36.45355 -2.903198 28.54814 36.39389 -2.899048 28.50736 36.32699 -2.896027 28.47748 36.25451 -5.842178 28.42758 36.59384 -5.826813 28.35285 36.57553 -5.812225 28.28185 36.54551 -5.798767 28.21632 36.50451 -5.786743 28.15788 36.45355 -5.776489 28.10797 36.39389 -5.768234 28.06781 36.32699 -5.762192 28.0384 36.25451 -16.34192 23.47876 36.17822 -16.35239 23.49379 36.25451 -16.36954 23.51844 36.32699 -16.39295 23.55208 36.39389 -16.42206 23.59391 36.45355 -16.45615 23.64287 36.50451 -16.49435 23.69778 36.54551 -16.53577 23.75728 36.57553 -16.57936 23.8199 36.59384 -22.94985 17.76428 36.59384 -22.88953 17.71758 36.57553 -22.8322 17.67321 36.54551 -22.7793 17.63227 36.50451 -22.73212 17.59575 36.45355 -22.69183 17.56456 36.39389 -22.65941 17.53946 36.32699 -22.63567 17.52108 36.25451 -28.58786 -1.449932 36.25451 -28.61784 -1.451452 36.32699 -28.6588 -1.453529 36.39389 -28.70969 -1.45611 36.45355 -28.76927 -1.459131 36.50451 -28.83608 -1.462521 36.54551 -28.90848 -1.46619 36.57553 -28.98467 -1.470055 36.59384 -20.74695 -19.72144 36.25451 -20.76871 -19.74213 36.32699 -20.79842 -19.77037 36.39389 -20.83534 -19.80548 36.45355 -20.87859 -19.84658 36.50451 -20.92708 -19.89267 36.54551 -20.97961 -19.94261 36.57553 -21.03491 -19.99518 36.59384 -18.63339 -21.70528 36.17822 -18.64533 -21.71918 36.25451 -18.66489 -21.74196 36.32699 -18.69159 -21.77306 36.39389 -18.72478 -21.81173 36.45355 -18.76364 -21.857 36.50451 -18.80721 -21.90775 36.54551 -18.85443 -21.96275 36.57553 -18.90411 -22.02064 36.59384 -16.57936 -23.82015 36.59384 -16.53577 -23.75753 36.57553 -16.49435 -23.69803 36.54551 -16.45615 -23.64313 36.50451 -16.42206 -23.59416 36.45355 -16.39295 -23.55234 36.39389 -16.36954 -23.51869 36.32699 -16.35239 -23.49405 36.25451 -14.08446 -25.37522 36.59384 -14.04742 -25.30852 36.57553 -14.01225 -25.24514 36.54551 -13.97978 -25.18665 36.50451 -13.95084 -25.13448 36.45355 -13.9261 -25.08993 36.39389 -13.90622 -25.05409 36.32699 -13.89165 -25.02784 36.25451 -2.894165 -28.45951 36.17822 -2.896027 -28.47773 36.25451 -2.899048 -28.50761 36.32699 -2.903198 -28.54839 36.39389 -2.908356 -28.59908 36.45355 -2.914398 -28.65844 36.50451 -2.921173 -28.72499 36.54551 -2.928497 -28.79711 36.57553 -2.936218 -28.87301 36.59384 -10.81718 26.98618 21.60075 -10.80553 26.9656 21.60262 -11.50084 26.67959 21.60222 -10.62828 26.90629 21.62999 -10.54767 26.90516 21.64224 -11.4352 26.5273 21.64759 -8.566193 27.28924 22.05295 -11.32855 26.27992 21.96807 -8.843934 27.24613 21.89136 -8.570832 27.30403 21.96807 -8.547791 27.32256 21.93358 -9.246933 27.14499 21.83356 -9.081254 27.18609 21.85738 -11.34038 26.30735 21.88711 -8.980454 27.21142 21.87184 -8.873398 27.2386 21.88715 -9.767945 27.02404 21.75799 -9.605134 27.06015 21.78173 -11.35753 26.34714 21.8125 -9.466919 27.09219 21.80178 -9.366166 27.11612 21.81636 -10.1785 26.94483 21.69756 -10.06602 26.96418 21.71421 -11.3795 26.39813 21.74645 -9.959687 26.98428 21.72988 -9.831955 27.01037 21.74863 -11.40565 26.45879 21.69093 -10.52663 26.90578 21.64542 -10.42494 26.91248 21.66075 -10.41394 26.9135 21.6624 -10.29599 26.92725 21.68007 -10.19203 26.94265 21.69555 -10.67546 26.91073 21.62278 -10.78276 26.94518 21.6062 -10.76096 26.93319 21.6096 -11.46724 26.60164 21.61773 -10.72853 26.92151 21.61462 -10.70647 26.91607 21.61802 -14.17897 25.35799 21.60222 -16.70728 23.76844 21.60222 -19.05905 21.92774 21.60222 -21.20943 19.85533 21.60222 -23.13571 17.57312 21.60222 -24.81752 15.10521 21.60222 -26.23709 12.4777 21.60222 -27.37941 9.718327 21.60222 -28.23244 6.856266 21.60222 -28.78716 3.921764 21.60222 -29.03767 0.9458122 21.60222 -28.98137 -2.040129 21.60222 -28.61882 -5.004517 21.60222 -27.95389 -7.916023 21.60222 -26.99356 -10.74389 21.60222 -25.74802 -13.45823 21.60222 -24.23039 -16.03035 21.60222 -22.45674 -18.4331 21.60222 -20.44579 -20.64107 21.60222 -18.21881 -22.63093 21.60222 -15.79932 -24.38167 21.60222 -13.21288 -25.87477 21.60222 -10.48682 -27.09446 21.60222 -7.649948 -28.02786 21.60222 -4.732254 -28.6651 21.60222 -1.764557 -28.99945 21.60222 -1.759399 -28.91472 21.61773 -1.754486 -28.83392 21.64759 -1.749954 -28.75944 21.69093 -1.745941 -28.69351 21.74645 -1.742569 -28.63809 21.8125 -1.739944 -28.59483 21.88711 -1.737152 -28.54952 22.05326 -4.658829 -28.22036 22.05332 -7.531265 -27.593 22.05332 -10.32411 -26.67409 22.05332 -17.93614 -22.27981 22.05332 -15.5542 -24.00341 22.05295 -13.00787 -25.47332 22.05332 -20.12857 -20.32082 22.05332 -23.85448 -15.78166 22.05295 -22.10832 -18.14711 22.05332 -25.34853 -13.24942 22.05332 -26.57475 -10.5772 22.05332 -28.17481 -4.926872 22.05332 -27.5202 -7.793217 22.05295 -28.53172 -2.008478 22.05332 -28.34055 3.86092 22.05295 -28.58714 0.9311409 22.05332 -27.79442 6.749889 22.05332 -26.95462 9.56754 22.05332 -24.43247 14.87085 22.05332 -25.83005 12.28411 22.05295 -22.77675 17.30047 22.05332 -16.44808 23.39967 22.05332 -18.76337 21.58755 22.05295 -20.88037 19.54727 22.05332 -13.95898 24.96456 22.05332 -11.3224 26.26565 22.05332 -1.738129 -28.56502 21.96807 -4.661362 -28.23569 21.96807 -7.535355 -27.60799 21.96807 -10.32971 -26.68858 21.96807 -13.01494 -25.48716 21.96807 -15.56264 -24.01642 21.96807 -17.94589 -22.29192 21.96807 -20.13951 -20.33186 21.96807 -22.12033 -18.15697 21.96807 -23.86742 -15.79021 21.96807 -25.36231 -13.25662 21.96807 -26.58919 -10.58294 21.96807 -27.53513 -7.79744 21.96807 -28.19011 -4.929548 21.96807 -28.54721 -2.009569 21.96807 -28.60268 0.9316444 21.96807 -28.35591 3.86301 21.96807 -27.80951 6.753559 21.96807 -26.96927 9.572743 21.96807 -25.84404 12.29077 21.96807 -24.44574 14.87893 21.96807 -22.78912 17.30986 21.96807 -20.89171 19.55789 21.96807 -18.77355 21.59925 21.96807 -16.457 23.41238 21.96807 -13.96657 24.97812 21.96807 -4.666229 -28.26515 21.88711 -7.543213 -27.63681 21.88711 -10.3405 -26.71643 21.88711 -13.02852 -25.51376 21.88711 -15.57887 -24.04149 21.88711 -17.96462 -22.31518 21.88711 -20.16052 -20.35308 21.88711 -22.14342 -18.17592 21.88711 -23.89232 -15.80669 21.88711 -25.38876 -13.27045 21.88711 -26.61694 -10.59398 21.88711 -27.56386 -7.805578 21.88711 -28.21953 -4.934692 21.88711 -28.57701 -2.011665 21.88711 -28.63252 0.9326134 21.88711 -28.3855 3.867039 21.88711 -27.83853 6.760609 21.88711 -26.99741 9.58273 21.88711 -25.87102 12.30359 21.88711 -24.47125 14.89445 21.88711 -22.81291 17.32792 21.88711 -20.91351 19.5783 21.88711 -18.79314 21.62179 21.88711 -16.47418 23.43681 21.88711 -13.98114 25.00419 21.88711 -4.673294 -28.30791 21.8125 -7.554626 -27.67862 21.8125 -10.35614 -26.75685 21.8125 -13.04823 -25.55235 21.8125 -15.60245 -24.07786 21.8125 -17.99179 -22.34894 21.8125 -20.19103 -20.38387 21.8125 -22.17691 -18.20341 21.8125 -23.92847 -15.83061 21.8125 -25.42717 -13.29053 21.8125 -26.65721 -10.61001 21.8125 -27.60556 -7.817387 21.8125 -28.26222 -4.942158 21.8125 -28.62024 -2.014709 21.8125 -28.67584 0.9340248 21.8125 -28.42844 3.87289 21.8125 -27.88065 6.770832 21.8125 -27.03825 9.597226 21.8125 -25.91016 12.32221 21.8125 -24.50827 14.91699 21.8125 -22.84743 17.35414 21.8125 -20.94515 19.60791 21.8125 -18.82156 21.6545 21.8125 -16.4991 23.47227 21.8125 -14.00229 25.04201 21.8125 -4.682343 -28.36269 21.74645 -7.569244 -27.73218 21.74645 -10.37619 -26.80863 21.74645 -13.07347 -25.6018 21.74645 -15.63263 -24.12445 21.74645 -18.02661 -22.39219 21.74645 -20.2301 -20.42331 21.74645 -22.21982 -18.23864 21.74645 -23.97476 -15.86124 21.74645 -25.47638 -13.31625 21.74645 -26.70879 -10.63054 21.74645 -27.65898 -7.832514 21.74645 -28.31691 -4.951721 21.74645 -28.67563 -2.018608 21.74645 -28.73134 0.935833 21.74645 -28.48346 3.88039 21.74645 -27.9346 6.783939 21.74645 -27.09058 9.615796 21.74645 -25.9603 12.34606 21.74645 -24.5557 14.94585 21.74645 -22.89163 17.38772 21.74645 -20.98569 19.64586 21.74645 -18.85799 21.69641 21.74645 -16.53102 23.51769 21.74645 -14.02939 25.09047 21.74645 -4.6931 -28.42786 21.69093 -7.586639 -27.7959 21.69093 -10.40002 -26.87022 21.69093 -13.10352 -25.66063 21.69093 -15.66855 -24.17988 21.69093 -18.06802 -22.44364 21.69093 -20.27658 -20.47024 21.69093 -22.27087 -18.28055 21.69093 -24.02986 -15.89769 21.69093 -25.53491 -13.34684 21.69093 -26.77016 -10.65497 21.69093 -27.72253 -7.85051 21.69093 -28.38197 -4.963099 21.69093 -28.74152 -2.023245 21.69093 -28.79735 0.9379845 21.69093 -28.54891 3.889301 21.69093 -27.99878 6.799526 21.69093 -27.15282 9.63789 21.69093 -26.01994 12.37442 21.69093 -24.61212 14.9802 21.69093 -22.94423 17.42767 21.69093 -21.03391 19.691 21.69093 -18.90132 21.74626 21.69093 -16.569 23.57173 21.69093 -14.06163 25.14812 21.69093 -4.705246 -28.50148 21.64759 -7.606293 -27.86788 21.64759 -10.42696 -26.93981 21.64759 -13.13745 -25.72708 21.64759 -15.70912 -24.2425 21.64759 -18.11481 -22.50176 21.64759 -20.32909 -20.52325 21.64759 -22.32855 -18.32788 21.64759 -24.09209 -15.93885 21.64759 -25.60104 -13.3814 21.64759 -26.83948 -10.68256 21.64759 -27.79433 -7.87084 21.64759 -28.45548 -4.97595 21.64759 -28.81593 -2.028484 21.64759 -28.87192 0.9404183 21.64759 -28.62283 3.899372 21.64759 -28.07129 6.817135 21.64759 -27.22313 9.662854 21.64759 -26.08733 12.40647 21.64759 -24.67586 15.01899 21.64759 -23.00365 17.47281 21.64759 -21.08838 19.74199 21.64759 -18.95027 21.80257 21.64759 -16.61191 23.63277 21.64759 -14.09804 25.21325 21.64759 -4.71843 -28.58135 21.61773 -7.627609 -27.94597 21.61773 -10.45618 -27.0153 21.61773 -13.17427 -25.79917 21.61773 -15.75316 -24.31043 21.61773 -18.16557 -22.56482 21.61773 -20.38606 -20.58077 21.61773 -22.39113 -18.37925 21.61773 -24.15959 -15.98352 21.61773 -25.67278 -13.4189 21.61773 -26.9147 -10.7125 21.61773 -27.87221 -7.892897 21.61773 -28.53522 -4.989895 21.61773 -28.8967 -2.034168 21.61773 -28.95284 0.9430504 21.61773 -28.70305 3.910305 21.61773 -28.14996 6.836239 21.61773 -27.29942 9.68993 21.61773 -26.16043 12.44123 21.61773 -24.74501 15.06108 21.61773 -23.06812 17.52177 21.61773 -21.14748 19.79731 21.61773 -19.00337 21.86367 21.61773 -16.65846 23.699 21.61773 -14.13754 25.28391 21.61773 -7.957916 27.91594 18.61572 -7.967041 27.93798 18.60374 -7.94928 27.8974 18.63235 -7.884582 27.79708 18.84503 -7.89209 27.80634 18.81472 -7.918152 27.84263 18.71951 -7.937363 27.87456 18.66145 -7.863174 27.77292 18.93684 -7.868179 27.77828 18.91476 -7.822037 27.73414 19.1323 -7.844681 27.75435 19.02198 -7.730377 27.67295 19.63204 -7.762665 27.69119 19.44741 -7.79718 27.71457 19.26012 -7.800705 27.71721 19.24162 -7.803482 27.71931 19.2271 -7.680313 27.65036 19.93349 -7.725281 27.67034 19.6619 -7.616806 27.63057 20.33885 -7.643967 27.63783 20.16224 -7.650986 27.64 20.11739 -7.521622 27.61723 20.98782 -7.574585 27.62235 20.62096 -7.578339 27.62293 20.59549 -7.610306 27.62906 20.3816 -7.997559 28.06606 18.6 -7.974609 27.95909 18.6 -7.985291 27.99588 18.6 -7.988159 28.00802 18.6 -8.000153 37.92205 18.60961 -8.036988 37.08177 19.06884 -8.013443 28.11677 18.88233 -8.037064 28.11677 19.06931 -8.061921 36.82962 19.20576 -8.146454 36.23518 19.52549 -8.106461 28.11677 19.39162 -8.146958 28.11677 19.52706 -8.240555 35.75997 19.77677 -8.326142 35.40699 19.96009 -8.327103 28.11677 19.96198 -8.545685 28.11677 20.32502 -8.571915 34.6066 20.36176 -8.285645 28.11677 19.87734 -8.507004 34.79626 20.26863 -8.878815 28.11677 20.72132 -9.275116 28.11677 21.05445 -9.235398 33.12509 21.02605 -9.144501 33.2944 20.95726 -8.878251 33.84186 20.72077 -8.857193 33.88909 20.69948 -10.7178 28.11677 21.58669 -10.79178 31.00853 21.59276 -10.53082 28.11677 21.56307 -10.52559 31.29645 21.56223 -10.20851 28.11677 21.49368 -10.24088 31.63134 21.50234 -10.07307 28.11677 21.45317 -10.06915 31.84864 21.4519 -9.722794 28.11677 21.31448 -9.735276 32.31 21.32033 -9.638154 28.11677 21.27302 -9.635834 32.45884 21.27184 -9.290085 33.02684 21.06491 -10.70122 27.79041 21.58669 -10.5536 27.10201 21.58669 -10.64078 27.41695 21.58669 -9.905533 27.31739 21.44048 -10.14368 27.52771 21.49368 -9.773591 27.36123 21.38937 -9.669587 27.63336 21.31448 -9.60936 27.41581 21.31448 -10.03818 27.2733 21.4842 -10.0703 27.26263 21.49368 -10.30348 27.18513 21.54992 -9.027115 27.60931 20.92906 -9.18454 27.557 21.05445 -9.232621 27.73073 21.05445 -9.263672 27.5307 21.11099 -9.513962 27.44752 21.26486 -8.808457 27.68197 20.72132 -8.84581 27.81691 20.72132 -8.611313 27.74749 20.4909 -8.520646 27.88937 20.32502 -8.492325 27.78704 20.32502 -8.266846 27.94593 19.87734 -8.24556 27.86905 19.87734 -8.292649 27.85339 19.97789 -8.438675 27.80487 20.24163 -8.075516 27.92556 19.39162 -8.084504 27.92257 19.42548 -8.09195 27.98491 19.39162 -8.126008 27.90878 19.56525 -8.1745 27.89266 19.70429 -8.022141 27.94329 19.14589 -8.00116 28.00513 18.88233 -7.987244 27.95488 18.88233 -7.98613 27.95526 18.86957 -8.010804 28.06471 18.88233 -8.103333 28.05528 19.39162 -8.281601 28.0371 19.87734 -8.540284 28.01072 20.32502 -8.871705 27.97694 20.72132 -9.265961 27.93674 21.05445 -9.711335 27.89133 21.31448 -10.19455 27.84207 21.49368 -7.775757 27.61042 21.19474 -7.996704 27.60541 21.16597 -10.68333 27.01494 21.59954 -7.651962 27.6197 21.05716 -8.323227 27.5082 21.50031 -8.156449 27.56524 21.33933 -8.290223 27.46097 21.70903 -10.56949 26.9296 21.62925 -10.65108 26.94025 21.61676 -10.30475 26.96007 21.65746 -10.35513 26.97614 21.63771 -10.29709 26.99972 21.63232 -10.19388 27.00682 21.6472 -10.19165 26.97329 21.67374 -9.870591 27.11127 21.62351 -9.773224 27.12535 21.63658 -9.876069 27.08054 21.65939 -9.625535 27.23783 21.50893 -9.511628 27.28228 21.46292 -9.359589 27.29828 21.49155 -9.513566 27.44001 21.26629 -9.026276 27.60256 20.93066 -9.024964 27.59599 20.93287 -9.261811 27.51685 21.11452 -8.95871 27.45331 21.25897 -8.593415 27.58054 20.94435 -8.371064 27.57699 21.14029 -8.90123 27.37339 21.56558 -8.651856 27.41334 21.61044 -8.866089 27.30701 21.74806 -8.430741 27.63122 20.76055 -8.284302 27.67238 20.56239 -8.142685 27.63868 20.86865 -8.332764 27.68914 20.45997 -7.921844 27.84301 18.85739 -7.676834 27.64183 20.46141 -7.794144 27.67411 20.25425 -7.732117 27.66541 20.09388 -7.700928 27.6511 20.30142 -7.750687 27.6818 19.7255 -7.704941 27.65865 20.01361 -7.780197 27.69996 19.54873 -7.774368 27.68894 19.81949 -7.834778 27.74199 19.24655 -7.815124 27.72551 19.35146 -7.833939 27.7319 19.46246 -7.80162 27.70694 19.65089 -7.827011 27.71203 19.75362 -7.801498 27.69429 19.91383 -7.832108 27.69779 20.00826 -7.942749 27.87826 18.79189 -7.961578 27.91685 18.74919 -7.956482 27.81505 19.33029 -7.941589 27.83008 19.15902 -7.931747 27.81617 19.19942 -7.92334 27.82953 19.02741 -7.912903 27.81502 19.06961 -7.899765 27.8117 18.94125 -7.933624 27.84505 18.98904 -7.992722 27.87342 19.19873 -8.000946 27.88997 19.17691 -7.978546 27.89457 19.03901 -7.986679 27.91257 19.02198 -7.971069 27.91576 18.88474 -7.866241 27.69935 20.10256 -7.9039 27.69893 20.19647 -7.988907 27.7656 19.74922 -7.969147 27.78888 19.54165 -7.951355 27.76941 19.62666 -7.937714 27.79126 19.41441 -7.919388 27.77083 19.50412 -7.912064 27.79128 19.28771 -7.892868 27.76992 19.38201 -7.892059 27.78905 19.16196 -7.871704 27.7668 19.26072 -7.877487 27.78468 19.03753 -8.050095 27.84424 19.49886 -8.05803 27.85867 19.47456 -8.022065 27.86725 19.3365 -8.065522 27.87378 19.45462 -8.029877 27.88307 19.31561 -8.041779 27.83054 19.52709 -8.013794 27.85212 19.36203 -7.943649 27.86151 18.95506 -7.951294 27.84493 19.12226 -7.965851 27.82833 19.29175 -7.987289 27.81155 19.4618 -8.006501 27.78405 19.66899 -8.032105 27.75931 19.87137 -8.15477 27.75426 20.04695 -8.17363 27.77228 19.9847 -8.117463 27.78601 19.85545 -8.126282 27.79683 19.82468 -8.076447 27.80853 19.69213 -8.084931 27.8208 19.66218 -8.093064 27.83384 19.63546 -8.100785 27.84761 19.6124 -8.108017 27.86205 19.59343 -7.962479 27.89694 18.90237 -7.953293 27.87883 18.92599 -7.969879 27.87725 19.06174 -7.96077 27.86068 19.08966 -7.98407 27.85758 19.22547 -7.975082 27.84253 19.25664 -8.005204 27.83776 19.39174 -7.996338 27.82422 19.42516 -8.033158 27.81764 19.55878 -8.024338 27.80559 19.59349 -8.067704 27.79709 19.72487 -8.049866 27.77672 19.79597 -8.099289 27.7668 19.92212 -8.080994 27.75049 19.99267 -8.135575 27.73907 20.11264 -7.855698 27.76158 19.1406 -7.852219 27.74789 19.36213 -7.857346 27.73629 19.57432 -7.885422 27.73857 19.68673 -7.918274 27.73865 19.79935 -7.955978 27.73645 19.91183 -7.998581 27.73191 20.0238 -8.046082 27.72495 20.13489 -8.078843 27.90579 19.42964 -8.0439 27.91654 19.28966 -8.015748 27.92498 19.15 -7.978989 27.93522 18.87363 -7.846008 27.62832 20.98254 -7.890335 27.64448 20.8208 -7.742538 27.64803 20.58301 -7.948868 27.67093 20.56966 -7.86644 27.67605 20.41331 -8.182663 27.78251 19.9559 -8.134751 27.80848 19.79649 -8.142823 27.82089 19.77129 -8.150406 27.83403 19.74949 -8.157425 27.84782 19.73148 -8.191269 27.79355 19.92947 -8.199372 27.80535 19.90579 -8.20691 27.81788 19.88525 -8.213807 27.83108 19.86823 -8.160721 27.85495 19.72404 -8.11467 27.87709 19.57897 -8.072495 27.88951 19.4395 -8.037201 27.89952 19.29984 -8.008652 27.90719 19.16051 -8.288392 27.83898 19.98212 -8.290635 27.84612 19.97944 -8.17212 27.88487 19.70574 -8.262711 27.78721 20.03841 -8.270295 27.79917 20.01913 -8.277146 27.81182 20.00308 -8.216996 27.83792 19.86116 -8.163834 27.86223 19.71769 -8.117768 27.88482 19.57356 -8.195786 27.72505 20.23083 -8.216294 27.73906 20.16995 -8.236176 27.7559 20.11209 -8.245591 27.76553 20.08525 -8.254456 27.77597 20.06057 -8.155716 27.70366 20.3528 -8.261567 27.7084 20.34676 -8.283753 27.72122 20.29061 -8.305024 27.73686 20.23708 -8.324219 27.75578 20.18923 -8.332749 27.76646 20.16856 -8.340485 27.77789 20.15053 -8.347352 27.79004 20.13545 -8.280274 27.81838 19.99638 -8.220017 27.8449 19.85511 -8.166779 27.86965 19.71249 -8.120682 27.89269 19.56944 -8.437195 27.79802 20.24349 -8.435044 27.79121 20.24584 -8.43277 27.78461 20.24932 -8.409363 27.74314 20.29569 -8.500672 27.7278 20.40363 -8.417344 27.75409 20.27889 -8.507843 27.73908 20.39046 -8.424317 27.76577 20.26477 -8.427414 27.77189 20.25882 -8.350449 27.79636 20.12913 -8.353302 27.80285 20.12367 -8.283188 27.8251 19.99063 -8.285904 27.83197 19.98586 -8.513764 27.75112 20.38 -8.603684 27.72178 20.50215 -8.606156 27.72793 20.49824 -8.600861 27.71581 20.50673 -8.510956 27.74501 20.38487 -8.597672 27.71003 20.51195 -8.357041 27.70073 20.40844 -8.520279 27.65196 20.63361 -8.54776 27.66403 20.59238 -8.667817 27.58677 20.87657 -8.490738 27.6429 20.67638 -8.693528 27.67872 20.62873 -8.590256 27.69909 20.5242 -8.786911 27.63483 20.75078 -8.699692 27.69024 20.61955 -8.696808 27.68438 20.62385 -8.798462 27.65083 20.73575 -8.73729 27.60305 20.80782 -8.610093 27.74085 20.49269 -8.608262 27.73428 20.49504 -8.430237 27.77816 20.25366 -8.169541 27.87719 19.70849 -8.123444 27.90068 19.56665 -8.861573 27.52153 21.05748 -8.905686 27.52547 21.02949 -9.092637 27.50662 21.06708 -8.979264 27.5453 20.97645 -8.945847 27.53309 21.00197 -8.765366 27.61687 20.77674 -8.571457 27.67975 20.55499 -8.461014 27.69088 20.47774 -8.380036 27.71518 20.35914 -8.79506 27.64526 20.74028 -8.901871 27.60978 20.84615 -8.905426 27.6153 20.84195 -9.013504 27.57243 20.94593 -9.017243 27.57793 20.94204 -8.801407 27.65663 20.73173 -8.803894 27.66265 20.72825 -8.908463 27.62106 20.8382 -9.02298 27.58971 20.93549 -9.020401 27.58369 20.93855 -8.482941 27.70761 20.43698 -8.581513 27.68898 20.53864 -8.776993 27.62536 20.76301 -8.992875 27.5532 20.96506 -9.225571 27.47374 21.14177 -9.259781 27.51037 21.11684 -9.136765 27.54467 21.03242 -9.133454 27.53888 21.03566 -9.129487 27.53337 21.03925 -9.004303 27.56226 20.95483 -8.807419 27.67532 20.72302 -8.805893 27.66888 20.72534 -9.069001 27.44819 21.2166 -9.122025 27.44966 21.19421 -9.056214 27.49509 21.09014 -9.170029 27.4553 21.17198 -9.209626 27.46622 21.15115 -9.176835 27.40886 21.28739 -9.234604 27.40915 21.26729 -9.380631 27.46242 21.19953 -9.257004 27.50419 21.1195 -9.376954 27.45644 21.20229 -9.253525 27.49833 21.12249 -9.372483 27.4508 21.20533 -9.249329 27.49276 21.1258 -9.238816 27.4826 21.13327 -9.119675 27.52323 21.04741 -9.510117 27.42601 21.27004 -9.507065 27.41954 21.27233 -9.503174 27.41343 21.27487 -9.498414 27.40767 21.27766 -9.361237 27.44056 21.21216 -9.34697 27.43171 21.21991 -9.486374 27.39728 21.28391 -9.626572 27.36358 21.34265 -9.631638 27.36947 21.3401 -9.28682 27.4139 21.24726 -9.309678 27.41835 21.23758 -9.329758 27.42429 21.22842 -9.471039 27.38839 21.29097 -9.613694 27.35296 21.34838 -9.756394 27.3187 21.40025 -9.761795 27.32476 21.3979 -9.635773 27.37575 21.33776 -9.769577 27.33815 21.39382 -9.771958 27.34545 21.3921 -9.512269 27.43284 21.26802 -9.262925 27.52366 21.11245 -9.326294 27.16735 21.76095 -9.452744 27.1391 21.74506 -9.433167 27.18789 21.67878 -9.601807 27.10695 21.72621 -9.685288 27.06568 21.74401 -9.869126 27.02784 21.71891 -9.9711 27.00865 21.7048 -9.777497 27.07119 21.70362 -9.978089 27.03542 21.67705 -9.685013 27.11421 21.68389 -9.591904 27.15674 21.65961 -9.669846 27.16969 21.60848 -9.348389 27.22733 21.64901 -9.184403 27.23976 21.70808 -9.703446 27.23401 21.49448 -9.822953 27.1879 21.53478 -9.897782 27.18934 21.52107 -9.462693 27.25632 21.53602 -9.739884 27.19256 21.54869 -9.942475 27.14123 21.56858 -10.03644 27.25617 21.48644 -9.90387 27.30095 21.44297 -9.897782 27.28622 21.44631 -9.76619 27.33125 21.39576 -9.88736 27.27324 21.45044 -10.02998 27.24085 21.48948 -10.16916 27.21129 21.5226 -10.26422 27.12274 21.56119 -10.13397 27.16931 21.53299 -10.1127 27.15936 21.53777 -9.983277 27.20617 21.50281 -9.958939 27.19852 21.50844 -9.83104 27.24518 21.46674 -9.930405 27.19289 21.51455 -9.804245 27.23958 21.47323 -9.773652 27.23594 21.48012 -9.584397 27.27939 21.44758 -10.34523 26.99887 21.62521 -10.22575 27.04622 21.61032 -10.17993 27.04698 21.61718 -10.0616 27.0942 21.59599 -10.10507 27.0936 21.58925 -10.14563 27.09494 21.58272 -10.08162 27.05361 21.63137 -9.968308 27.10027 21.60979 -9.854264 27.14664 21.58227 -9.978669 27.06544 21.64566 -10.08578 27.0194 21.66234 -10.07896 26.99013 21.68971 -10.46992 26.92915 21.64422 -10.21436 27.10433 21.57087 -10.18228 27.09848 21.57655 -10.30714 27.05111 21.59755 -10.34097 27.05714 21.59193 -10.43076 27.00387 21.61216 -10.46631 27.01012 21.60651 -10.52168 27.03003 21.59724 -10.54123 27.04358 21.59369 -10.3936 27.07626 21.58253 -10.41214 27.08925 21.57884 -10.28177 27.13521 21.55729 -10.55518 27.05946 21.59093 -10.29425 27.1498 21.55408 -10.15054 27.18131 21.52883 -10.0033 27.2158 21.49773 -9.853882 27.25267 21.46073 -9.70366 27.29127 21.4179 -9.678605 27.28566 21.42489 -9.649994 27.2819 21.43227 -9.983582 27.14084 21.56183 -10.02193 27.14227 21.55523 -10.05656 27.1458 21.54895 -10.08687 27.15151 21.5431 -10.2417 27.11242 21.56574 -10.36983 27.06554 21.58691 -10.49666 27.01886 21.60152 -10.52837 26.98673 21.61144 -10.45038 26.97655 21.62351 -10.39014 27.00015 21.61844 -10.26851 27.04751 21.60372 -10.41277 26.95261 21.64166 -10.51018 26.95303 21.62711 -10.58998 26.96343 21.61484 -10.64809 26.98421 21.60557 -10.58511 27.00707 21.60218 -9.773285 27.35314 21.39061 -9.566208 27.2134 21.57498 -9.263596 27.2659 21.61515 -9.042328 27.30868 21.64296 -9.002915 27.27825 21.73012 -9.125229 27.21319 21.78647 -8.419648 27.39669 21.82459 -8.66922 27.34726 21.77768 -8.494904 27.43513 21.64695 -8.626877 27.48742 21.37498 -7.7061 27.63401 20.7915 -10.56337 27.07762 21.58897 -10.30153 27.16646 21.55161 -10.16231 27.19532 21.52535 -10.01891 27.22738 21.49326 -9.872696 27.26204 21.45527 -9.742646 27.30782 21.4055 -9.725037 27.29866 21.41141 -9.597245 27.34397 21.35482 -9.577301 27.33662 21.36189 -9.452485 27.38103 21.29871 -9.553956 27.33095 21.36948 -9.430802 27.37525 21.30703 -9.527314 27.327 21.3775 -9.406083 27.37107 21.31581 -9.466279 27.32383 21.39407 -9.349518 27.36715 21.33395 -9.398591 27.32572 21.41064 -9.28685 27.36798 21.3521 -9.156128 27.37869 21.38609 -8.400452 27.73298 20.31488 -2.000137 71.69719 18.63572 -2.000137 71.34944 18.47853 -2.000137 70.98014 18.38237 -2.000137 70.59987 18.35 -2.000137 70.21962 18.38237 -2.000137 69.85031 18.47853 -2.000137 69.50257 18.63572 -2.000137 69.18637 18.84942 -2.000137 68.91086 19.11349 -2.000137 68.68393 19.42031 -2.000137 68.51212 19.76107 -2.000137 68.40038 20.12598 -2.000137 68.3519 20.50451 -2.000137 68.36809 20.88579 -2.000137 68.4485 21.25885 -2.000137 68.59079 21.61296 -2.000137 68.79088 21.93793 -2.000137 69.04302 22.2244 -2.000137 69.33994 22.46415 -2.000137 69.6731 22.65027 -2.000137 70.03292 22.7774 -2.000137 70.40906 22.8419 -2.000137 70.79068 22.8419 -2.000137 71.16683 22.7774 -2.000137 71.52664 22.65027 -2.000137 71.85982 22.46415 -2.000137 72.15674 22.2244 -2.000137 72.40886 21.93793 -2.000137 72.60897 21.61296 -2.000137 72.75125 21.25885 -2.000137 72.83165 20.88579 -2.000137 72.84784 20.50451 -2.000137 72.79938 20.12598 -2.000137 72.68762 19.76107 -2.000137 72.51581 19.42031 -2.000137 72.2889 19.11349 -2.000137 72.01337 18.84942</float_array>
          <technique_common>
            <accessor source="#camera_mount_left-mesh-positions-array" count="4895" stride="3">
              <param name="X" type="float"/>
              <param name="Y" type="float"/>
              <param name="Z" type="float"/>
            </accessor>
          </technique_common>
        </source>
        <source id="camera_mount_left-mesh-normals">
          <float_array id="camera_mount_left-mesh-normals-array" count="29781">0.7869843 0.6169731 0 0.6987463 0.7153695 0 0.6987463 0.7153695 0 0.5983018 0.8012709 0 0.5983018 0.8012709 0 0.4874094 0.8731736 0 0.4874094 0.8731736 0 0.8794933 0.4759113 -4.27607e-6 0.8788792 0.4770444 0 0.8787986 0.4771928 1.62891e-5 0.8784819 0.4777757 3.9057e-5 0.8787301 0.4773191 4.56808e-6 0.8778038 0.4790204 1.27942e-4 0.8742107 0.485542 0.002149164 0.8760044 0.482302 0.001010417 0.8768309 0.4807987 4.78574e-4 0.8292626 0.5586627 0.01481819 0.8756978 0.4828589 8.36265e-4 0.8663119 0.4993953 0.01039266 0.8709585 0.4913203 0.005972921 0.8756388 0.4829646 0.001360714 0.8554269 0.5177549 0.0132187 0.8679462 0.4966228 0.00593537 0.792393 0.6024377 0.09582298 0.8311303 0.5532712 0.05579704 0.8496555 0.5262022 0.0345937 0.8604547 0.5090791 0.02135688 0.8637648 0.5036031 0.01715922 0.8741841 0.4855843 0.003169178 0.8183788 0.5724223 0.05088126 0.8593981 0.5110334 0.01672548 0.3139336 0.864353 0.3928608 0.8724862 0.4885942 0.006595671 0.8453776 0.5318512 0.04971086 0.8695828 0.4937349 0.007178723 0.8662748 0.4995307 0.006085157 0.8630007 0.5051771 0.005089342 0.8441768 0.5360649 0 0.7869843 0.6169731 0 0.8357306 0.5454514 0.0635395 0.8719707 0.4894922 0.008026957 0.888268 0.459018 0.01680278 0.8614732 0.5078031 0 0.9066581 0.4218662 0 0.9209064 0.3897522 0.004974782 0.9325514 0.3610373 0 0.9476464 0.3193217 0 0.9642719 0.264904 0.00239402 0.9633725 0.2681469 0.003269016 0.9907747 0.1354278 0.004987835 0.9855503 0.1693829 0 0.9770731 0.2129036 0 0.9987117 -0.05074244 0 0.999981 0.005378842 0.003022789 0.9999904 0.003583371 0.002562403 0.998218 0.05967235 0 0.9945899 0.1038799 0 0.9954804 -0.09496653 0 0.9917199 -0.1283224 0.004993915 0.9870288 -0.1605433 0 0.9789423 -0.2041371 0 0.9661448 -0.2579859 0.002725899 0.9662019 -0.2577716 0.002781987 0.9236749 -0.3831446 0.004995107 0.9357498 -0.3526645 0 0.9504633 -0.3108367 0 0.8819179 -0.4712842 0.0105865 0.8783515 -0.4779276 0.00914812 0.8684705 -0.4957085 0.005658924 0.8716771 -0.4900348 0.006703794 0.8749368 -0.4841735 0.007854163 0.8624498 -0.5061392 0.001860141 0.8670361 -0.4982298 0.003949582 0.8701015 -0.4928433 0.005377233 0.8694648 -0.4939689 0.005078852 0.8708375 -0.4915378 0.005724489 0.8722293 -0.4890554 0.006388783 0.8729677 -0.4877315 0.006743013 0.8765688 -0.4812011 0.008523404 0.8742033 -0.4855045 0.007345259 0.8750596 -0.4839528 0.007766783 0.8757666 -0.4826666 0.008118927 0.8773148 -0.4798328 0.008903264 0.8788188 -0.4770572 0.009684979 0.8784728 -0.4776978 0.009504556 0.8790698 -0.4765918 0.009820282 0.8794581 -0.4758707 0.01002699 0.8799186 -0.4750131 0.01027518 0.8839539 -0.467574 -2.70121e-6 0.8839243 -0.4676302 -1.80376e-6 0.8836693 -0.4681118 0 0.8859223 -0.4636708 0.01229226 0.8913567 -0.4530633 0.01472514 0.8695443 -0.4938289 0.00508207 0.8829204 -0.4695227 1.08267e-4 0.8834344 -0.4685549 3.54288e-5 0.8807894 -0.4733861 0.01074987 0.8802291 -0.4744342 0.01043868 0.8650907 -0.5016103 0.002276718 0.8924754 -0.4510959 0 0.9103971 -0.4137358 0 0.8489732 -0.5284358 0 0.7913851 -0.6113179 0 0.7913851 -0.6113179 0 0.7038536 -0.7103451 0 0.7038536 -0.7103451 0 0.6040315 -0.7969605 0 0.6040315 -0.7969605 0 0.4936543 -0.8696582 0 0.4936543 -0.8696582 0 0.3746546 -0.9271645 0 0.3746546 -0.9271645 0 0 0 -1 0 0 -1 0 0 -1 0 0 -1 0 0 -1 0 0 -1 0 0 -1 0 0 -1 0 0 -1 0 0 -1 0 0 -1 0 0 -1 0 0 -1 0 0 -1 0 0 -1 0 0 -1 0 0 -1 0 0 -1 0 0 -1 0 0 -1 0 0 -1 0 -0.1690033 -0.9856154 0 -0.04241782 -0.9990999 0.00153011 0 -0.9999989 0 0.04241782 -0.9990999 0 0.1690033 -0.9856154 0 0.1690033 -0.9856154 0 0.3331505 -0.9428736 0 0.3331505 -0.9428736 0 0.4876888 -0.8730176 0 0.4876888 -0.8730176 0 0.628201 -0.7780511 0 0.628201 -0.7780511 0 0.7506907 -0.6606538 0 0.7506907 -0.6606538 0 0.8515201 -0.5243218 0 0.8515201 -0.5243218 0 0.9279026 -0.3728227 0 0.9279026 -0.3728227 0 0.9775454 -0.2107247 0 0.9775454 -0.2107247 0 0.9991012 -0.04238855 0 0.9991012 -0.04238855 0 0.9919086 0.1269545 0 0.9919086 0.1269545 0 0.9561576 0.2928529 0 0.9561576 0.2928529 0 0.8929339 0.4501878 0 0.8929339 0.4501878 0 0.8039868 0.5946471 0 0.8039868 0.5946471 0 0.6919548 0.7219408 0 0.6919548 0.7219408 0 0.5599462 0.8285289 0 0.5599462 0.8285289 0 0.4119132 0.9112231 0 0.4119132 0.9112231 0 0.2519878 0.9677305 0 0.2519878 0.9677305 0 0.08480149 0.9963979 0 0.08480149 0.9963979 0 -0.08480149 0.9963979 0 -0.08480149 0.9963979 0 -0.2519748 0.9677338 0 -0.2519748 0.9677338 0 -0.4119132 0.9112231 0 -0.4119132 0.9112231 0 -0.5599709 0.8285124 0 -0.5599709 0.8285124 0 -0.6919548 0.7219408 0 -0.6919548 0.7219408 0 -0.8039868 0.5946471 0 -0.8039868 0.5946471 0 -0.8929126 0.4502301 0 -0.8929126 0.4502301 0 -0.9561724 0.2928045 0 -0.9561724 0.2928045 0 -0.9919019 0.1270066 0 -0.9919019 0.1270066 0 -0.9990989 -0.04244136 0 -0.9990989 -0.04244136 0 -0.9775564 -0.2106741 0 -0.9775564 -0.2106741 0 -0.9278843 -0.3728683 0 -0.9278843 -0.3728683 0 -0.8515201 -0.5243218 0 -0.8515201 -0.5243218 0 -0.7506907 -0.6606538 0 -0.7506907 -0.6606538 0 -0.6282268 -0.7780302 0 -0.6282268 -0.7780302 0 -0.4876888 -0.8730176 0 -0.4876888 -0.8730176 0 -0.3331339 -0.9428796 0 -0.3331339 -0.9428796 0 -0.1690033 -0.9856154 -0.08475875 -0.9363095 -0.340794 -0.08480918 -0.9363084 -0.3407844 -0.2520036 -0.9093665 -0.3309785 -0.2519572 -0.9093751 -0.3309903 -0.4118984 -0.8562744 -0.311663 -0.4118974 -0.8562749 -0.3116633 -0.559959 -0.7785531 -0.2833744 -0.559994 -0.7785333 -0.2833597 -0.6919341 -0.6784222 -0.2469226 -0.6919335 -0.6784226 -0.2469229 -0.8040185 -0.558746 -0.2033647 -0.8040172 -0.5587475 -0.2033655 -0.8929045 -0.4230933 -0.1539919 -0.8929055 -0.4230917 -0.1539909 -0.9561734 -0.2751432 -0.1001427 -0.9561734 -0.2751432 -0.1001427 -0.9919025 -0.1193429 -0.04343676 -0.9919016 -0.1193485 -0.04343998 -0.9990988 0.03988379 0.01451671 -0.999099 0.03988194 0.01451563 -0.9775577 0.1979631 0.07205188 -0.9775555 0.1979721 0.07205706 -0.9278874 0.3503735 0.1275274 -0.9278876 0.3503732 0.1275272 -0.8515357 0.4926769 0.1793223 -0.851549 0.492658 0.1793108 -0.7506659 0.6208388 0.2259643 -0.7506659 0.6208389 0.2259644 -0.6282182 0.7311168 0.2661018 -0.6282182 0.7311168 0.2661018 -0.4876961 0.8203654 0.2985852 -0.4876936 0.8203665 0.2985862 -0.3331617 0.8860087 0.3224778 -0.3331657 0.8860076 0.3224766 -0.168998 0.9261777 0.3370972 -0.1689981 0.9261777 0.3370972 0 0.9396939 0.3420166 0 0.9396939 0.3420166 0.1689982 0.9261777 0.3370972 0.1689981 0.9261777 0.3370972 0.3331617 0.886009 0.3224771 0.3331657 0.8860073 0.3224773 0.4876961 0.8203652 0.2985857 0.4876936 0.8203667 0.2985857 0.6282182 0.7311168 0.2661018 0.6282182 0.7311168 0.2661018 0.7506659 0.6208389 0.2259644 0.7506659 0.6208389 0.2259644 0.851512 0.4927145 0.1793314 0.8515254 0.4926925 0.179328 0.9279058 0.3503307 0.1275118 0.9279059 0.3503304 0.1275117 0.9775577 0.1979625 0.07205355 0.9775555 0.1979727 0.07205539 0.9990988 0.03988391 0.01451635 0.999099 0.03988182 0.01451599 0.9919025 -0.1193425 -0.04343777 0.9919017 -0.119349 -0.04343891 0.9561734 -0.2751432 -0.1001427 0.9561734 -0.2751432 -0.1001427 0.8929046 -0.4230934 -0.1539916 0.8929055 -0.4230916 -0.1539913 0.8040184 -0.558746 -0.203365 0.8040173 -0.5587476 -0.2033652 0.6919341 -0.678422 -0.2469227 0.6919335 -0.6784226 -0.2469227 0.5599592 -0.7785555 -0.2833677 0.5599941 -0.7785308 -0.2833663 0.4118983 -0.8562744 -0.3116632 0.4118974 -0.8562749 -0.3116631 0.2520038 -0.9093637 -0.3309862 0.2519572 -0.9093779 -0.3309826 0.08476322 -0.9363121 -0.3407858 0.08481365 -0.9363051 -0.3407923 0 0 -1 0 0 -1 0 0 -1 0 0 -1 0 0 -1 0 0 -1 0 0 -1 0 0 -1 0 0 -1 0 0 -1 0 0 -1 0 0 -1 0 0 -1 0 0 -1 0 0 1 0 0 1 0 0 1 0 0 1 0 0 1 0 0 1 0 0 1 0 0 1 0 0 1 0 0 1 0 0 1 0 0 1 0 0 1 0 0 1 0 0 1 0 0 1 0 0 1 0 0 1 0 0 1 0 0 1 0 0 1 0 0 1 0 0 1 0 0 1 0 0 1 0 0 1 0 0 1 0 0 1 0 0 1 0 0 1 0 0 1 0 0 1 0 0 1 0 0 1 0 0 1 0 0 1 0 0 1 0 0 1 0 0 1 0 0 1 0 0 1 0 0 1 0 0 1 0 0 1 0 0 1 0 0 1 0 0 1 0 0 1 0 0 1 0 0 1 0 0 1 0 0 1 0 0 1 0 0 1 0 0 1 0 0 1 0 0 1 0 0 1 0 0 1 0 0 1 0 0 1 0 0 1 0 0 1 -0.9065398 -0.421839 -0.01541 -0.04951465 0.9987733 0 -0.05064892 0.9987165 -2.29757e-4 -0.1206387 0.9926965 9.63246e-5 -0.1217677 0.9925586 0 -0.1696457 0.9855051 0 -0.1718847 0.985117 -2.56857e-4 -0.2395178 0.970892 3.84725e-4 -0.241723 0.9703453 0 -0.2872983 0.9578411 0 -0.2905673 0.9568546 -8.09755e-5 -0.3398358 0.9404846 6.41866e-4 -0.347304 0.9377523 -8.56304e-4 -0.4007543 0.9161856 2.13752e-4 -0.4049124 0.9143554 0 -0.4456259 0.8952193 0 -0.450704 0.8926731 -7.76762e-4 -0.5083544 0.8611477 7.48312e-4 -0.5132386 0.858246 0 -0.5503674 0.8349226 0 -0.5560418 0.8311543 -3.23067e-4 -0.6003594 0.7997295 0.001189947 -0.6121078 0.7907732 -0.001387596 -0.6470775 0.7624242 7.48967e-5 -0.6531252 0.75725 0 -0.6840302 0.7294538 0 -0.6906327 0.7232042 -0.001458525 -0.7343303 0.6787919 8.55114e-4 -0.7404689 0.6720905 0 -0.7670369 0.641603 0 -0.7735559 0.6337277 -7.273e-4 -0.8082382 0.5888533 0.001641988 -0.8167964 0.5769256 -7.15145e-4 -0.8393795 0.5435459 1.77913e-5 -0.8449169 0.5347939 0.01053303 -0.8743464 0.4852988 0.001878261 -0.9091055 0.4165657 -4.13718e-4 -0.8587682 0.5123631 -0.0010885 -0.8698017 0.4933932 -0.002856314 -0.889132 0.4576508 0 -0.889132 0.4576508 0 -0.8922823 0.4514734 -0.002065956 -0.9023591 0.4308947 -0.008818924 -0.9039117 0.4276051 -0.009882986 -0.878317 0.4780576 -0.004504442 -0.8727141 0.4882197 -0.00340712 -0.8671512 0.4980393 -0.00237143 -0.8648602 0.5020089 -0.001984 -0.8622116 0.5065459 -0.001560926 -0.8547316 0.5190699 -6.29773e-4 -0.850308 0.5262853 -2.75483e-4 -0.8452709 0.5343379 -2.67121e-5 -0.9213801 0.3886628 0 -0.9189341 0.3943703 0.005659461 -0.886247 0.4631464 -0.007859051 -0.9038012 0.4279527 0 -0.9243206 0.3816167 0 -0.9369453 0.3494629 0.003032743 -0.9795296 0.2012993 6.067e-4 -0.9771451 0.2125629 0.00212264 -0.9639125 0.2662196 0 -0.9491878 0.3147101 0 -0.9891571 0.1468613 0 -0.995325 0.09658282 0 -0.9974482 0.07133901 0.00277996 -0.9996789 0.02533596 0 -0.999679 -0.02533602 0 -0.9974482 -0.07133895 0.00277996 -0.9795266 -0.2012985 0.002564191 -0.9771471 -0.2125635 7.32833e-4 -0.9891568 -0.1468635 0 -0.995325 -0.09658265 0 -0.8807652 -0.4734883 -0.007838726 -0.9258934 0.3150374 -0.2085012 -0.908437 -0.4176917 -0.01660764 -0.8836533 -0.468142 0 -0.8930568 -0.4499348 -0.002865314 -0.8836957 -0.468062 0 -0.850023 -0.5265046 -0.01592773 -0.8551469 -0.5182126 -0.01340132 -0.8578578 -0.5137439 -0.01213914 -0.8600918 -0.5100187 -0.01110035 -0.863714 -0.5038927 -0.009500026 -0.8664146 -0.4992555 -0.008356571 -0.869032 -0.4947026 -0.007266461 -0.8864845 -0.4627583 0 -0.9243205 -0.3816171 0 -0.9369453 -0.3494629 0.003032803 -0.9491879 -0.3147098 0 -0.9639123 -0.2662201 0 -0.904031 -0.4274653 0.001253843 -0.9197167 -0.3925284 -0.00654143 -0.9169179 -0.3990759 0 -0.9036945 -0.4278987 0.01545774 -0.8743473 -0.4852997 0.001043319 -0.842613 -0.5385197 -1.25025e-4 -0.844961 -0.534828 -7.58735e-6 -0.8387129 -0.544574 6.23885e-6 -0.832705 -0.553717 -2.16175e-4 -0.8010776 -0.5985549 -0.002600193 -0.8167909 -0.5769205 0.003935635 -0.7632465 -0.6461049 -0.001818716 -0.7735561 -0.6337279 0 -0.7305387 -0.6828713 0 -0.7404658 -0.6720903 0.002255916 -0.6799612 -0.7332424 -0.002894282 -0.6906345 -0.723204 0 -0.6531252 -0.75725 0 -0.6430646 -0.7658119 1.24313e-4 -0.6121054 -0.7907736 -0.002021014 -0.3025111 -0.9531458 -3.93502e-4 -0.288739 -0.9574078 -9.40674e-6 -0.3182893 -0.9479926 -0.0013718 -0.3356413 -0.9419845 -0.003133058 -0.2905591 -0.9568512 0.00335586 -0.3551329 -0.9348096 -0.003427028 -0.3473032 -0.9377502 -0.002229869 -0.3717623 -0.9283279 -5.64652e-4 -0.4049172 -0.914353 7.38073e-4 -0.3967953 -0.9179071 0 -0.4507021 -0.8926745 0 -0.4414728 -0.8972731 -0.001649081 -0.5132392 -0.8582437 0.001791954 -0.5043646 -0.8634909 0 -0.5560443 -0.8311527 0 -0.5462237 -0.8376389 -8.85969e-4 -0.5921756 -0.8058071 0.001799285 -0.2003718 -0.9797199 0 -0.2338317 -0.9722537 -0.006745457 -0.2402597 -0.9706743 -0.008167147 -0.246593 -0.9690718 -0.00958544 -0.2769481 -0.9608849 6.65166e-6 -0.2417237 -0.9703449 -6.9445e-4 -0.1718772 -0.985081 0.008589804 -0.05064892 -0.9987165 0 -0.07133913 -0.9974505 0.001847684 -0.1217677 -0.9925587 0 -0.2003718 -0.9797199 0 -0.2172719 -0.9761055 -0.003327131 -1 0 0 -1 0 0 -1 0 0 -1 0 0 -1 0 0 -1 0 0 -1 0 0 -1 0 0 -1 0 0 -1 0 0 -1 0 0 -1 0 0 -1 0 0 -1 0 0 -1 0 0 -1 0 0 -1 0 0 -1 0 0 -1 0 0 -1 0 0 -1 0 0 -1 0 0 -1 0 0 -1 0 0 -1 0 0 -1 0 0 -1 0 0 -1 0 0 -1 0 0 -1 0 0 -1 0 0 -1 0 0 -1 0 0 -1 0 0 -1 0 0 -1 0 0 -1 0 0 -1 0 0 -1 0 0 -1 0 0 -1 0 0 -1 0 0 -1 0 0 -1 0 0 -1 0 0 -1 0 0 -1 0 0 -1 0 0 -1 0 0 -1 0 0 -1 0 0 -1 0 0 -1 0 0 -1 0 0 -1 0 0 -1 0 0 -1 0 0 -1 0 0 -1 0 0 -1 0 0 -1 0 0 -1 0 0 -1 0 0 -1 0 0 -1 0 0 -1 0 0 -1 0 0 -1 0 0 -1 0 0 -1 0 0 -1 0 0 -1 0 0 -1 0 0 -1 0 0 -1 0 0 -1 0 0 -1 0 0 -1 0 0 -1 0 0 -1 0 0 -1 0 0 -1 0 0 -1 0 0 -1 0 0 -1 0 0 -1 0 0 -1 0 0 -1 0 0 -1 0 0 -1 0 0 -1 0 0 -1 0 0 -1 0 0 1 0 0 1 0 0 1 0 0 1 0 0 1 0 0 1 0 0 1 0 0 1 0 0 1 0 0 1 0 0 1 0 0 1 0 0 1 0 0 1 0 0 1 0 0 1 0 0 1 0 0 1 0 0 1 0 0 1 0 0 1 0 0 1 0 0 1 0 0 1 0 0 1 0 0 1 0 0 1 0 0 1 0 0 1 0 0 1 0 0 1 0 0 1 0 0 1 0 0 1 0 0 1 0 0 1 0 0 1 0 0 1 0 0 1 0 0 1 0 0 1 0 0 1 0 0 1 0 0 1 0 0 1 0 0 1 0 0 1 0 0 1 0 0 1 0 0 1 0 0 1 0 0 1 0 0 0 0 -1 0 0 -1 0 0 -1 0 0 -1 0 0 -1 0 0 -1 0 0 -1 0 0 -1 0 0 -1 0 0 -1 0 0 -1 0 0 -1 0 0 -1 0 0 -1 0 0 -1 0 0 -1 0 0 -1 0 0 -1 0 0 -1 0 0 -1 0 0 -1 0 0 -1 0 0 -1 0 0 -1 0 -1 0 0 -1 0 -1.06858e-5 0.3420236 -0.9396914 -3.19458e-6 0.3420218 -0.939692 -9.7084e-6 0.3420253 -0.9396907 5.17319e-6 0.342017 -0.9396938 2.36597e-6 0.3420212 -0.9396923 -3.237e-7 0.3420199 -0.9396927 4.28526e-6 0.342022 -0.939692 1.01805e-5 0.3420149 -0.9396945 3.2105e-7 0.3420199 -0.9396927 -4.1485e-6 0.3420176 -0.9396935 -2.18237e-6 0.3420208 -0.9396923 -2.21012e-6 0.3420206 -0.9396925 -2.5731e-6 0.3420208 -0.9396924 1.26497e-6 0.3420193 -0.9396929 2.3704e-6 0.3420209 -0.9396923 2.03573e-6 0.3420208 -0.9396924 8.39686e-6 0.3420245 -0.9396911 -1.91874e-6 0.3420212 -0.9396923 3.54795e-6 0.3420177 -0.9396935 0 0.3420199 -0.9396927 -3.87246e-6 0.3420225 -0.9396917 -3.94931e-6 0.3420225 -0.9396918 -1.03775e-5 0.3420151 -0.9396945 0 0.3420203 -0.9396926 1.0617e-5 0.3420175 -0.9396936 -7.5079e-7 0.3420202 -0.9396926 -2.39798e-6 0.3420208 -0.9396924 2.93063e-6 0.3420193 -0.939693 -3.29408e-6 0.3420212 -0.9396922 2.21499e-6 0.342019 -0.9396931 9.87288e-7 0.3420196 -0.9396929 8.35227e-7 0.3420199 -0.9396927 5.17392e-6 0.3420175 -0.9396936 -3.3312e-6 0.3420222 -0.9396919 -4.29502e-6 0.3420184 -0.9396933 2.24421e-6 0.3420209 -0.9396923 -6.6961e-6 0.3420177 -0.9396935 7.76257e-6 0.3420165 -0.9396939 -2.01218e-6 0.3420209 -0.9396923 0 0.34202 -0.9396927 1.28172e-5 0.3420243 -0.9396911 4.49187e-6 0.3420217 -0.9396921 -5.70687e-7 0.34202 -0.9396926 1.28227e-5 0.3420159 -0.9396942 6.18558e-6 0.342018 -0.9396934 -9.80492e-7 0.3420188 -0.9396932 -3.2474e-6 0.3420171 -0.9396937 -6.57193e-6 0.3420149 -0.9396946 2.47768e-6 0.3420202 -0.9396926 0 0.34202 -0.9396927 0 0.34202 -0.9396927 -2.34233e-6 0.3420194 -0.9396929 3.0836e-6 0.3420207 -0.9396924 8.61698e-7 0.34202 -0.9396927 4.97359e-6 0.342023 -0.9396916 9.3576e-7 0.3420204 -0.9396925 6.74701e-6 0.3420238 -0.9396913 -5.08592e-6 0.3420177 -0.9396935 -5.48622e-7 0.3420197 -0.9396928 2.43112e-6 0.3420212 -0.9396922 -2.16539e-7 0.3420198 -0.9396927 -2.40992e-6 0.342019 -0.939693 0 0.939693 0.3420191 0 0.939693 0.3420191 -6.43145e-5 -0.3420423 0.9396846 8.19971e-7 -0.34202 0.9396927 -1.96067e-5 -0.3420113 0.9396958 2.69104e-5 -0.34201 0.9396963 1.20637e-5 -0.3420156 0.9396942 -1.50857e-5 -0.3420262 0.9396905 8.12248e-6 -0.3420169 0.9396938 -4.03554e-6 -0.342022 0.939692 -7.72363e-6 -0.3420234 0.9396914 -2.11887e-6 -0.342021 0.9396923 1.49989e-5 -0.3420132 0.9396952 0 -0.3420203 0.9396926 3.13373e-6 -0.3420175 0.9396936 -9.74386e-6 -0.3420149 0.9396946 0 -0.3420199 0.9396927 0 -0.3420199 0.9396927 -8.09119e-6 -0.3420157 0.9396943 3.76817e-6 -0.3420215 0.9396921 1.04644e-5 -0.3420247 0.939691 3.4191e-6 -0.3420225 0.9396918 -6.68929e-6 -0.3420159 0.9396942 1.18628e-5 -0.3420277 0.9396899 -7.57458e-6 -0.3420163 0.9396939 1.15227e-5 -0.3420249 0.9396909 -4.39262e-6 -0.342018 0.9396933 -1.46661e-5 -0.3420165 0.9396939 1.40328e-5 -0.3420234 0.9396914 8.25423e-7 -0.3420205 0.9396925 -1.57457e-5 -0.3420159 0.9396942 -5.39961e-7 -0.3420199 0.9396927 -5.00367e-6 -0.3420174 0.9396936 2.7495e-6 -0.3420211 0.9396923 4.37629e-6 -0.3420221 0.939692 1.26295e-6 -0.3420206 0.9396924 7.04832e-6 -0.3420243 0.9396911 -1.22096e-6 -0.3420192 0.939693 3.87739e-6 -0.3420225 0.9396918 -9.10319e-6 -0.3420147 0.9396946 -1.8697e-5 -0.342009 0.9396967 0 -0.34202 0.9396927 -2.77206e-5 -0.3420386 0.9396859 1.44619e-5 -0.3420095 0.9396965 -1.451e-6 -0.3420196 0.9396928 1.65406e-6 -0.3420206 0.9396924 -2.92477e-6 -0.3420193 0.939693 0 -0.3420197 0.9396927 8.40965e-6 -0.3420165 0.9396939 2.17484e-6 -0.3420192 0.939693 -8.78428e-7 -0.3420199 0.9396927 -8.90531e-6 -0.3420264 0.9396903 5.97279e-6 -0.342015 0.9396945 2.85884e-6 -0.3420172 0.9396937 -9.15442e-6 -0.3420262 0.9396904 -7.95767e-6 -0.3420253 0.9396907 -2.67716e-6 -0.3420209 0.9396923 3.72053e-6 -0.3420177 0.9396935 -2.99751e-6 -0.3420222 0.9396919 -2.39893e-6 -0.3420212 0.9396922 2.19829e-6 -0.3420184 0.9396933 1.05913e-5 -0.3420194 0.9396929 0 -0.3420197 0.9396927 6.02362e-7 -0.3420196 0.9396928 1 0 0 1 0 0 0.9969188 -0.07844012 0 0.9969188 -0.07844007 0 0.9723662 -0.2334606 0 0.9723663 -0.2334606 0 0.9238776 -0.3826882 0 0.9238775 -0.3826882 0 0.8526434 -0.5224933 0 0.8526434 -0.5224933 0 0.7604097 -0.6494438 0 0.7604097 -0.6494437 0 0.6494423 -0.7604109 0 0.6494423 -0.7604108 0 0.5225051 -0.8526362 0 0.5225051 -0.8526362 0 0.3826882 -0.9238777 0 0.3826882 -0.9238777 0 0.2334415 -0.9723708 0 0.2334415 -0.9723708 0 0.07845747 -0.9969174 0 0.07845747 -0.9969174 0 0.9969189 0.07371002 0.02682811 0.9969189 0.07371002 0.02682816 0.9723665 0.21938 0.07984751 0.9723665 0.21938 0.07984751 0.9238775 0.3596097 0.1308867 0.9238772 0.3596101 0.130887 0.8526465 0.4909784 0.178701 0.8526466 0.4909784 0.178701 0.7604068 0.6102808 0.2221234 0.7604004 0.6102872 0.2221279 0.6494482 0.7145472 0.2600757 0.649449 0.7145467 0.2600753 0.522497 0.8012201 0.291622 0.5224959 0.8012205 0.2916224 0.3826751 0.8681653 0.3159885 0.3826892 0.8681609 0.3159836 0.2334514 0.9137278 0.3325685 0.2334514 0.9137278 0.3325685 0.07845687 0.9367964 0.3409648 0.07845675 0.9367964 0.3409648 6.62271e-6 0.342012 -0.9396956 -1.98951e-6 0.3420192 -0.939693 -1.83526e-6 0.3420188 -0.9396931 -1.3113e-6 0.3420183 -0.9396933 -2.9724e-6 0.3420233 -0.9396915 0 0.3420184 -0.9396933 -6.28375e-7 0.3420226 -0.9396918 -3.84337e-7 0.342022 -0.9396919 -4.21416e-7 0.342021 -0.9396923 6.04774e-7 0.3420155 -0.9396944 -1.43845e-7 0.3420122 -0.9396955 -1.49688e-7 0.3420163 -0.939694 1.05828e-5 0.3420414 -0.9396849 7.0708e-6 0.342022 -0.939692 -4.88735e-6 0.3420038 -0.9396986 1.68997e-6 0.3420213 -0.9396923 1.03729e-6 0.3420206 -0.9396924 4.38605e-6 0.3420262 -0.9396904 -6.46322e-6 0.342018 -0.9396934 -6.96319e-6 0.3420174 -0.9396936 -1.03734e-6 0.3420206 -0.9396925 -3.25561e-6 0.3420187 -0.9396932 1.75546e-6 0.3420203 -0.9396925 6.89537e-6 0.3420233 -0.9396914 -7.97963e-7 0.3420221 -0.9396919 -5.20002e-6 0.3420205 -0.9396925 6.38334e-7 0.3420205 -0.9396925 5.28749e-6 0.3420214 -0.9396921 -1.11712e-6 0.3420224 -0.9396918 -7.22339e-6 0.3420222 -0.9396919 6.38357e-7 0.3420196 -0.9396928 3.51554e-6 0.3420193 -0.939693 6.22389e-6 0.3420178 -0.9396935 7.0649e-6 0.3420175 -0.9396936 7.18125e-7 0.3420224 -0.9396918 -5.40343e-6 0.3420253 -0.9396908 1.09318e-5 0.3420079 -0.939697 -5.08684e-6 0.342019 -0.9396931 -1.75946e-5 0.342038 -0.9396861 -3.07477e-6 0.3420239 -0.9396913 1.71556e-6 0.3420126 -0.9396953 -7.3475e-7 0.3420161 -0.9396941 -1.81533e-6 0.3420208 -0.9396924 6.6694e-7 0.3420156 -0.9396943 3.46601e-7 0.3420226 -0.9396917 5.36938e-7 0.342022 -0.939692 7.85489e-7 0.3420238 -0.9396913 1.30278e-6 0.3420181 -0.9396933 1.54345e-6 0.3420189 -0.9396932 1.47801e-6 0.3420182 -0.9396933 -2.99225e-6 0.3420098 -0.9396963 0 0.3420204 -0.9396926 -4.94708e-6 0.3420142 -0.9396948 -3.58338e-6 0.3420171 -0.9396938 8.01943e-6 0.3420275 -0.9396899 5.7651e-7 0.3420171 -0.9396938 -3.03216e-6 0.3420148 -0.9396945 7.13298e-6 0.3420248 -0.9396909 2.39381e-6 0.3420228 -0.9396917 1.53734e-6 0.3420222 -0.9396919 -1.05328e-5 0.3420192 -0.939693 -4.6065e-6 0.3420221 -0.9396919 0 0.3420224 -0.9396918 0 0.3420224 -0.9396917 1.10115e-5 0.3420215 -0.9396921 4.36333e-6 0.3420208 -0.9396924 -2.55343e-6 0.3420224 -0.9396918 -1.45824e-6 0.3420224 -0.9396918 5.58556e-6 0.3420193 -0.9396929 -8.64775e-6 0.3420222 -0.9396919 -1.11713e-5 0.3420238 -0.9396913 1.19824e-6 0.3420192 -0.939693 5.90458e-6 0.342015 -0.9396945 3.05209e-6 0.3420166 -0.9396939 -0.08482033 -0.9363061 -0.3407878 -0.08481848 -0.9363061 -0.3407883 -0.2519517 -0.9093777 -0.330987 -0.2519798 -0.9093725 -0.33098 -0.4119156 -0.85627 -0.3116525 -0.41189 -0.8562793 -0.3116609 -0.5599781 -0.7785421 -0.2833668 -0.5599591 -0.7785528 -0.2833749 -0.6919323 -0.6784214 -0.2469294 -0.6919466 -0.6784096 -0.2469214 -0.8040007 -0.5587677 -0.2033753 -0.8040007 -0.5587676 -0.2033752 -0.8929213 -0.4230616 -0.1539822 -0.8929269 -0.4230517 -0.1539763 -0.9561663 -0.2751651 -0.1001506 -0.956164 -0.2751718 -0.1001545 -0.9918991 -0.1193677 -0.04344636 -0.9918991 -0.1193674 -0.04344618 -0.9990981 0.03990131 0.01452291 -0.9990981 0.03990137 0.01452291 -0.977559 0.1979573 0.07205069 -0.977559 0.1979574 0.07205075 -0.9278842 0.3503819 0.1275289 -0.9278845 0.3503809 0.1275283 -0.8515349 0.4926788 0.1793205 -0.8515263 0.492691 0.1793279 -0.7506642 0.6208386 0.2259706 -0.7506653 0.6208375 0.2259699 -0.6282247 0.7311096 0.2661063 -0.6282247 0.7311096 0.2661063 -0.4876934 0.8203642 0.2985929 -0.4877129 0.8203552 0.2985856 -0.3331254 0.8860195 0.3224855 -0.3331254 0.8860195 0.3224855 -0.1690073 0.9261747 0.3371008 -0.1690078 0.9261746 0.3371006 0 0.9396924 0.3420208 0 0.9396924 0.3420208 0.1690022 0.9261756 0.337101 0.1690028 0.9261754 0.3371011 0.3331347 0.8860164 0.3224844 0.3331348 0.8860164 0.3224843 0.4876933 0.8203656 0.2985894 0.4877129 0.820354 0.2985892 0.6282248 0.7311095 0.2661063 0.6282247 0.7311096 0.2661063 0.7506642 0.6208387 0.2259703 0.7506653 0.6208373 0.2259702 0.8515349 0.4926779 0.1793231 0.8515263 0.492692 0.1793253 0.9278945 0.3503577 0.1275199 0.9278949 0.3503566 0.1275196 0.9775529 0.1979842 0.07206052 0.9775528 0.1979843 0.07206052 0.9990994 0.03987318 0.01451265 0.9990994 0.0398733 0.01451265 0.9919029 -0.11934 -0.04343622 0.9919029 -0.1193397 -0.04343616 0.9561663 -0.2751646 -0.1001519 0.956164 -0.2751723 -0.1001533 0.8929213 -0.4230623 -0.1539801 0.8929269 -0.4230509 -0.1539783 0.8040007 -0.5587676 -0.2033752 0.8040007 -0.5587676 -0.2033752 0.6919323 -0.6784226 -0.2469262 0.6919466 -0.6784085 -0.2469246 0.5599781 -0.7785409 -0.2833704 0.5599592 -0.7785542 -0.2833712 0.4119268 -0.8562636 -0.3116552 0.4119012 -0.8562761 -0.3116547 0.2519444 -0.9093813 -0.3309831 0.2519726 -0.9093726 -0.3309852 0.08482295 -0.9363058 -0.3407881 0.08482104 -0.9363061 -0.3407879 0 0.1689964 -0.9856166 0 0.04244118 -0.999099 -0.002566754 0 -0.9999967 0 -0.04244118 -0.999099 0 -0.1689964 -0.9856166 0 -0.1689964 -0.9856166 0 -0.333147 -0.9428749 0 -0.333147 -0.9428749 0 -0.4876888 -0.8730175 0 -0.4876888 -0.8730175 0 -0.6282201 -0.7780357 0 -0.6282201 -0.7780357 0 -0.7506709 -0.6606763 0 -0.7506709 -0.6606763 0 -0.8515272 -0.5243105 0 -0.8515272 -0.5243105 0 -0.9278888 -0.3728569 0 -0.9278888 -0.3728569 0 -0.977557 -0.2106709 0 -0.977557 -0.2106709 0 -0.9990996 -0.04242467 0 -0.9990996 -0.04242467 0 -0.991904 0.1269902 0 -0.991904 0.1269902 0 -0.9561625 0.2928368 0 -0.9561625 0.2928368 0 -0.89293 0.4501957 0 -0.89293 0.4501957 0 -0.8039939 0.5946375 0 -0.8039939 0.5946375 0 -0.6919301 0.7219645 0 -0.6919301 0.7219645 0 -0.5599867 0.8285016 0 -0.5599867 0.8285016 0 -0.4118971 0.9112303 0 -0.4118971 0.9112303 0 -0.2519792 0.9677327 0 -0.2519792 0.9677327 0 -0.08480864 0.9963973 0 -0.08480864 0.9963973 0 0.08481132 0.996397 0 0.08481132 0.996397 0 0.2519715 0.9677346 0 0.2519715 0.9677346 0 0.4119089 0.911225 0 0.4119089 0.911225 0 0.5599721 0.8285115 0 0.5599721 0.8285115 0 0.6919458 0.7219495 0 0.6919458 0.7219495 0 0.8039939 0.5946375 0 0.8039939 0.5946375 0 0.89293 0.4501957 0 0.89293 0.4501957 0 0.9561625 0.2928368 0 0.9561625 0.2928368 0 0.9919 0.1270213 0 0.9919 0.1270213 0 0.9990996 -0.04242467 0 0.9990996 -0.04242467 0 0.9775505 -0.2107011 0 0.9775505 -0.2107011 0 0.9278888 -0.3728569 0 0.9278888 -0.3728569 0 0.8515272 -0.5243105 0 0.8515272 -0.5243105 0 0.7506867 -0.6606585 0 0.7506867 -0.6606585 0 0.6282201 -0.7780357 0 0.6282201 -0.7780357 0 0.4876754 -0.873025 0 0.4876754 -0.873025 0 0.333157 -0.9428714 0 0.333157 -0.9428714 0 0.1689964 -0.9856166 1 0 0 1 0 0 1 0 0 1 0 0 1 0 0 1 0 0 1 0 0 1 0 0 1 0 0 1 0 0 1 0 0 1 0 0 1 0 0 1 0 0 1 0 0 1 0 0 1 0 0 1 0 0 1 0 0 1 0 0 1 0 0 1 0 0 1 0 0 1 0 0 1 0 0 1 0 0 1 0 0 1 0 0 1 0 0 1 0 0 1 0 0 1 0 0 1 0 0 1 0 0 1 0 0 1 0 0 1 0 0 1 0 0 1 0 0 1 0 0 1 0 0 1 0 0 1 0 0 1 0 0 1 0 0 1 0 0 1 0 0 1 0 0 1 0 0 1 0 0 1 0 0 1 0 0 1 0 0 1 0 0 1 0 0 1 0 0 1 0 0 1 0 0 1 0 0 1 0 0 1 0 0 1 0 0 1 0 0 1 0 0 1 0 0 1 0 0 1 0 0 1 0 0 1 0 0 1 0 0 1 0 0 1 0 0 1 0 0 1 0 0 1 0 0 1 0 0 0.2842364 -0.9587543 0 0.2842364 -0.9587543 0 -1 0 0 -1 0 0 1 0 0 1 0 0 0.05314248 -0.998587 0 0.05314248 -0.998587 0 0.164006 -0.9864594 0 0.164006 -0.9864594 0 0 0.9396926 0.3420202 0 0.9396927 0.34202 -1.4575e-7 0.9396927 0.34202 0 0.939693 0.3420193 0 0 1 0 0 1 0 0 1 0 0 1 0 0 1 0 0 1 0 0 1 0 0 1 0 0.6343917 0.7730117 0 0.5094199 0.860518 0 0.5094199 0.860518 0 0.372578 0.9280009 0 0.372578 0.9280008 0 0.2270684 0.9738788 0 0.2270683 0.9738788 0 0.07628297 0.9970862 0 0.07628297 0.9970862 0.001141369 0.7838825 0.6209082 0 0.7344075 0.6787087 0 0.6343917 0.7730118 0 0.7446134 0.667496 0 0.8374798 0.5464683 0 0.8374797 0.5464684 0 0.9108461 0.4127463 0 0.910846 0.4127463 0 0.9108471 0.412744 0 0.9108471 0.412744 0 0.8374798 0.5464684 0 0.8374798 0.5464684 0 0.7446106 0.6674991 0 0.7446106 0.6674991 0 0.6343917 0.7730118 0 0.6343917 0.7730118 0 0.5094385 0.8605071 0 0.5094385 0.8605071 0 0.3725672 0.9280052 0 0.3725672 0.9280052 0 0.2270684 0.9738789 0 0.2270684 0.9738789 0 0.07628917 0.9970858 0 0.07628917 0.9970858 0.8709401 -0.491389 2.9481e-4 0.9969187 -0.07844138 0 0.9661389 -0.2580071 0.002852082 0.9788013 -0.2048124 -2.24319e-5 0.9969628 -0.07787978 3.42285e-5 0.923883 -0.3826742 -7.18133e-4 0.8973944 -0.4411911 0.005808293 0.9180814 -0.396385 0.002377688 0.9346588 -0.3555454 5.71609e-4 0.9465911 -0.3224364 -3.54132e-6 0.9723708 -0.2334416 2.11008e-5 0.9543153 -0.2987422 0.005941689 0.9593699 -0.2821156 0.004495322 0.07847106 -0.9969164 0 0.07847106 -0.9969164 0 0.2334416 -0.9723708 0 0.2334416 -0.9723708 0 0.3826743 -0.9238833 0 0.3826743 -0.9238833 0 0.5224815 -0.8526507 0 0.5224815 -0.8526507 0 0.649469 -0.760388 0 0.649469 -0.760388 0 0.7604017 -0.6494531 0 0.7604017 -0.6494531 0 0.8526362 -0.5225051 0 0.8164817 -0.5773382 0.006180405 0.8407208 -0.5414617 0.002777397 0.9970282 0 -0.07703721 0.9999774 0.003878891 0.005493521 0.9967844 -6.92754e-5 -0.08013099 0.9859877 1.13123e-5 -0.1668183 0.9736355 5.16723e-4 -0.2281089 0.969843 -1.7683e-4 -0.2437303 0.9400622 1.04834e-4 -0.341003 0.9502001 -8.10172e-4 -0.3116394 0.9114598 0.001465559 -0.4113867 0.9213321 2.56237e-5 -0.3887767 0.8627539 -2.41246e-5 -0.505624 0.888139 -0.00277841 -0.4595665 0.8321998 0.002430558 -0.5544706 0.8221188 0.003316879 -0.5693063 0.8495834 1.83389e-5 -0.5274543 0.7778337 -1.24468e-5 -0.6284703 0.8017092 -0.00195831 -0.5977111 0.7289941 0.002392053 -0.6845158 0.7526143 4.1415e-5 -0.6584617 0.6983408 -6.86884e-6 -0.7157655 0.653191 -7.90012e-4 -0.7571928 0.6400364 3.78102e-4 -0.7683446 0.574563 -1.33981e-4 -0.8184604 0.525868 -0.001510322 -0.8505648 0.508628 4.78695e-5 -0.8609864 0.4383955 -1.54282e-5 -0.8987822 0.4015251 8.97899e-4 -0.9158475 0.4365411 -0.001172244 -0.8996835 0.3470466 0.001634716 -0.9378465 0.3650502 7.58715e-5 -0.9309878 0.2534304 -7.72113e-5 -0.9673536 0.2869614 -0.003084242 -0.9579372 0.1797709 0.002851963 -0.9837043 0.2121629 6.26704e-5 -0.9772343 0.1299384 -2.95635e-5 -0.991522 0.07688999 -0.002101004 -0.9970373 0.05188703 0 -0.9986531 0 -1 0 0 -1 0 0 -1 0 0 -1 0 0 -1 0 0 -1 0 0 -1 0 0 -1 0 0 -1 0 0 -1 0 0 -1 0 0 -1 0 0 -1 0 0 -1 0 0 -1 0 0 -1 0 0 -1 0 0 -1 0 0 -1 0 0 -1 0 0 -1 0 0 -1 0 0 -1 0 0 1 0 0 1 0 0 1 0 0 1 0 0 1 0 0 1 0 0 1 0 0 1 0 0 1 0 0 1 0 0 1 0 0 1 0 0 1 0 0 1 0 0 1 0 0 0 -1 0 0 -1 0 0 -1 0 0 -1 0 0 -1 0 0 -1 0 0 -1 0 0 -1 0 0 -1 0 -1 0 0 -1 0 0 -1 0 0 -1 0 0 -1 0 0 -1 0 0 -1 0 0 -1 0 0 -1 0 0 -1 0 0 -1 0 0 -1 0 0 -1 0 0 -1 0 0 -1 0 0 -1 0 0 -1 0 0 -1 0 0 -1 0 0 -1 0 0 -1 0 0 -1 0 0 1 0 0 1 0 0 1 0 0 1 0 0 1 0 0 1 0 0 1 0 0 1 0 0 1 0 0 1 0 0 1 0 0 1 0 0 1 0 0 1 0 0 1 0 0 1 0 0 1 0 0 1 0 0 1 0 0 1 0 0 1 0 0 1 0 0 1 0 1 0 0 1 0 0 1 0 0 1 0 0 1 0 0 1 0 0 1 0 0 1 0 0 1 0 0 1 0 0 1 0 0 1 0 0 1 0 0 1 0 0 1 0 0 1 0 0 1 0 0 1 0 0 1 0 0 1 0 0 1 0 0 1 0 0 1 0 0 1 0 0 1 0 0 1 0 0 1 0 0 1 0 0 1 0 0 1 0 0 1 0 0 1 0 0 0 0 1 0 0 1 0 0 1 0 0 1 0 0 1 0 0 1 0 0 1 0 0 1 0 0 1 0 0 1 0 0 1 0 0 1 0.2186759 0.08235234 0.9723163 0.9038642 0.4205663 0.07844388 0.06996548 -0.03169208 0.9970458 0.2160484 -0.098315 0.9714203 0.4311306 -0.1970442 0.8805112 0.3640555 -0.1664044 0.9163914 0.3142253 -0.1465652 0.9379665 0.491458 -0.22556 0.8411846 0.5940907 -0.2743141 0.7561799 0.7565982 -0.3496373 0.5525513 0.7166282 -0.3311812 0.6138103 0.8618847 -0.4001123 0.3115527 0.8385964 -0.3893061 0.3810471 0.8946497 -0.4158101 0.1634134 0.9062669 -0.4212085 -0.03554749 0.8781431 -0.4603942 0.1300071 0.8912395 -0.4504712 0.05261051 0.8872908 0.458513 0.04980742 0.8776568 0.4195385 0.2317456 0.8055679 0.3837906 0.4514035 0.6200174 0.2936645 0.7275574 0.6685473 0.3166354 0.6728941 0.4896557 0.2310589 0.8407432 0.5490128 0.2590437 0.794658 0.3628711 0.1705222 0.9161041 0.3140089 0.1504339 0.9374263 0.2117301 0.09859132 0.9723426 0.1483533 0.07489103 0.9860946 0.2152374 0.1006969 0.9713563 0.0695759 0.03224641 0.9970554 0.0711596 0.03313654 0.9969144 0.07349616 0.02767807 0.9969114 0.07349932 0.0276795 0.9969111 0.07566213 0.02105987 0.9969111 0.07722795 0.01427441 0.9969112 0.07565999 0.02105915 0.9969113 0.2250995 0.06265401 0.9723193 0.2186642 0.08234715 0.9723193 0.3583996 0.1349703 0.9237601 0.3467634 0.1622132 0.9238192 0.2896525 0.1407227 0.9467304 0.07819062 0.007377207 0.9969112 0.07722973 0.01427483 0.9969112 0.2297821 0.04247212 0.972315 0.2251165 0.0626598 0.972315 0.3689756 0.1027021 0.9237474 0.3584275 0.1349827 0.9237474 0.4893488 0.1842873 0.8523942 0.4731315 0.2223026 0.8524835 0.4298908 0.2060756 0.8790488 0.0785396 4.22356e-4 0.9969109 0.07819348 0.007377684 0.9969109 0.2326228 0.02194833 0.9723194 0.2297646 0.04246789 0.9723193 0.3766193 0.06961137 0.923749 0.3689717 0.1027007 0.9237491 0.5037095 0.1402041 0.8524198 0.4893108 0.1842702 0.8524199 0.6081275 0.2290155 0.7600874 0.5868578 0.2788527 0.7601572 0.5931751 0.2815011 0.7542548 0.07826739 -0.006536364 0.9969111 0.07853877 4.22306e-4 0.996911 0.2336362 0.001256227 0.9723232 0.2326067 0.02194595 0.9723232 0.3813099 0.03597575 0.923747 0.3766238 0.06961244 0.9237471 0.5141275 0.09502768 0.8524334 0.5036889 0.1401969 0.8524332 0.6260398 0.1742521 0.7600726 0.6081442 0.2290232 0.7600717 0.7118915 0.2680938 0.6491041 0.6867538 0.3270165 0.649176 0.7453962 0.3533281 0.5652822 0.07737576 -0.01344311 0.9969114 0.07826238 -0.006536245 0.9969114 0.232824 -0.01944482 0.9723245 0.2336311 0.001255929 0.9723245 0.3830025 0.002058923 0.9237451 0.3813137 0.03597635 0.9237454 0.5205375 0.0491119 0.8524252 0.5141402 0.09503084 0.8524254 0.6390056 0.1181103 0.7600802 0.6260307 0.1742489 0.7600809 0.732878 0.2039886 0.6490597 0.711925 0.2681098 0.6490609 0.7981729 0.3005906 0.5220779 0.7696411 0.3674637 0.5221332 0.7902534 0.3764966 0.4834768 0.07588386 -0.02024537 0.9969111 0.07737892 -0.01344347 0.9969111 0.2302128 -0.0399962 0.9723181 0.2328507 -0.01944559 0.972318 0.3816975 -0.0318759 0.9237375 0.3830207 0.002060115 0.9237374 0.5228867 0.002812385 0.8523976 0.5205814 0.04911887 0.852398 0.6469587 0.06104302 0.7600778 0.6390082 0.118111 0.7600778 0.748062 0.1382679 0.6490648 0.7328751 0.2039875 0.6490634 0.8216152 0.2286874 0.5221595 0.7981282 0.3005682 0.5221592 0.8647184 0.3256455 0.3823834 0.8337652 0.3982254 0.3824293 0.8384702 0.3997608 0.37035 0.07379668 -0.02688896 0.9969108 0.07588857 -0.02024632 0.9969108 0.2257479 -0.06022745 0.9723222 0.2301954 -0.03999418 0.9723222 0.3773351 -0.06555831 0.9237534 0.381659 -0.03187495 0.9237534 0.5210444 -0.04351598 0.8524195 0.5228513 0.002809941 0.8524193 0.6498292 0.003492355 0.7600723 0.6469658 0.06104427 0.7600716 0.7573488 0.07145941 0.6490888 0.7480425 0.1382626 0.6490885 0.8386746 0.1550143 0.5221069 0.8216449 0.2286991 0.5221077 0.8901677 0.2477719 0.3823748 0.8647226 0.3256477 0.382372 0.9100289 0.3427098 0.2332323 0.8773696 0.4192987 0.2332621 0.9010405 0.4306102 -0.05196917 0.8757477 0.465601 0.1275992 0.8811746 -0.4096619 0.2360261 0.8818475 -0.4098007 0.2332562 0.9136622 -0.3329065 0.2332267 0.9759252 -0.203508 0.07845014 0.9632326 -0.2569823 0.0783776 0.9395567 -0.2506657 0.2332375 0.9136595 -0.3329061 0.2332376 0.8681842 -0.3163365 0.3823447 0.8380607 -0.38914 0.3823927 0.7992446 -0.3700853 0.4735453 0.9690754 -0.08092951 0.2331162 0.958097 -0.1664527 0.2331172 0.9103968 -0.1581656 0.3823106 0.8928067 -0.2381892 0.3823117 0.8240542 -0.219847 0.5221131 0.8013389 -0.2919824 0.5221133 0.7147337 -0.2604262 0.6491025 0.6901921 -0.3197063 0.6491708 0.6607016 -0.3034261 0.6865902 0.99514 0.05948835 0.07846975 0.9969078 0.005360245 0.07839757 0.9724066 0.005228519 0.2332344 0.9690468 -0.08093386 0.2332339 0.9207847 -0.07690304 0.3824154 0.910353 -0.1581644 0.3824151 0.8402808 -0.14599 0.5221256 0.8240467 -0.2198458 0.5221252 0.7350277 -0.1960966 0.6490612 0.7147673 -0.2604353 0.6490618 0.6105797 -0.2224731 0.7600646 0.5898242 -0.2725843 0.7601349 0.5512052 -0.2529582 0.7951007 0.9562213 0.176745 0.2332426 0.9681185 0.09134227 0.2332449 0.9199113 0.08679389 0.3824005 0.923983 0.004963099 0.3824014 0.8528648 0.004581093 0.5221118 0.8499182 -0.07098114 0.5221118 0.7580507 -0.06330883 0.6491157 0.7494633 -0.1302077 0.6491153 0.6402636 -0.1112359 0.7600585 0.6278924 -0.1675163 0.7600588 0.505181 -0.1347779 0.8524242 0.4912571 -0.1789975 0.8524239 0.3598524 -0.1311181 0.9237502 0.348044 -0.1595887 0.9237948 0.289776 -0.131857 0.9479682 0.9447183 0.318335 0.07855015 0.960408 0.2673153 0.07847887 0.9368139 0.2607482 0.2332171 0.9562269 0.1767475 0.2332175 0.9086462 0.1679527 0.3823009 0.9199519 0.08680373 0.3823003 0.8491247 0.08012074 0.5220803 0.8528838 0.004583179 0.5220806 0.7606924 0.004087746 0.6490997 0.7580643 -0.06330883 0.6490998 0.6475847 -0.05408221 0.7600718 0.6402477 -0.1112343 0.7600722 0.5151505 -0.08950042 0.852414 0.5051972 -0.1347812 0.8524141 0.3700653 -0.09872943 0.9237446 0.3598647 -0.1311218 0.9237448 0.2195443 -0.07999408 0.9723175 0.2124897 -0.09698659 0.9723383 0.1475874 -0.06685006 0.9867872 0.9632371 -0.2569806 0.0783286 0.9475377 -0.3098798 0.07840156 0.9371851 -0.3414774 -0.07125443 0.9328691 -0.3515789 0.0784052 0.9075943 -0.412462 0.07840657 0.773497 -0.3592168 0.522174 0.8013349 -0.2919813 0.5221199 0.8681672 -0.3163329 0.3823863 0.8927753 -0.2381855 0.3823873 0.9395537 -0.2506657 0.23325 0.9580644 -0.1664547 0.2332497 0.9828813 -0.1707664 -0.06916075 0.9969106 0.005362331 0.07836037 0.9956352 -0.05058616 0.07843202 0.9934886 -0.08296829 -0.07808125 0.9924095 -0.09467357 0.07848787 0.9839841 -0.1600481 0.07848477 0.4747478 -0.2188147 0.8524873 0.4912504 -0.1789956 0.8524281 0.6105529 -0.2224655 0.7600883 0.6278581 -0.1675097 0.7600886 0.7349652 -0.1960855 0.6491353 0.7494456 -0.1302061 0.6491362 0.8403042 -0.1459916 0.5220873 0.8499334 -0.07098084 0.522087 0.9208207 -0.07690083 0.3823291 0.924013 0.00496757 0.3823287 0.9724033 0.005227744 0.2332476 0.9681175 0.09134191 0.233249 0.9936815 0.09375387 -0.06170326 0.9604149 0.2673237 0.07836663 0.9740628 0.2122477 0.07843798 0.9798312 0.181109 -0.08444124 0.982516 0.1688614 0.07841068 0.9915283 0.1035601 0.07840299 0.0715624 -0.03226327 0.9969142 0.07379525 -0.02688848 0.9969109 0.2195347 -0.07999116 0.9723199 0.2257576 -0.06022942 0.9723199 0.3700718 -0.0987308 0.9237419 0.3773629 -0.06556147 0.9237419 0.5151549 -0.0895009 0.8524113 0.5210577 -0.04351627 0.8524114 0.6475712 -0.05408209 0.7600833 0.6498159 0.003491282 0.7600836 0.7606836 0.004086971 0.64911 0.7573309 0.07145619 0.64911 0.849092 0.08011412 0.5221346 0.8386579 0.1550094 0.5221351 0.908598 0.1679365 0.3824226 0.8901488 0.2477636 0.3824241 0.9368292 0.2607566 0.233146 0.9100455 0.3427209 0.2331512 0.9344906 0.3519269 -0.05361568 0.9296784 0.3599251 0.07843416 0.9969164 0 0.07847166 0.9969164 0 0.07847166 0.9723626 0 0.2334759 0.9723626 0 0.2334759 0.9238929 0 0.3826509 0.9238929 0 0.3826509 0.8526583 0 0.5224688 0.8526583 0 0.5224688 0.7603914 0 0.6494651 0.7603914 0 0.6494651 0.649439 0 0.7604137 0.649439 0 0.7604137 0.5225224 0 0.8526255 0.5225224 0 0.8526255 0.3826674 0 0.9238862 0.3826674 0 0.9238862 0.2334534 0 0.972368 0.2334534 0 0.972368 0.07846152 0 0.9969172 0.07846152 0 0.9969172 4.58989e-4 -0.9624888 -0.2713211 -4.16596e-4 -0.9848094 -0.1736387 2.7082e-4 -0.9808045 -0.1949937 -2.45473e-4 -0.9944738 -0.1049853 1.21771e-4 -0.9930479 -0.1177115 -1.11023e-4 -0.9993809 -0.03518342 0 -0.999222 -0.03943789 -9.6873e-4 -0.9237999 -0.3828745 1.19735e-4 -0.9429452 -0.332948 -2.01731e-4 -0.9674655 -0.253003 3.60656e-6 -0.8181661 -0.574982 -5.48417e-4 -0.8474485 -0.5308774 -8.83239e-4 -0.8525182 -0.5226969 -5.65211e-6 -0.8789412 -0.47693 9.68247e-6 -0.9113674 -0.4115937 -1.28822e-5 -0.7701488 -0.6378642 -6.25272e-4 -0.7602609 -0.6496176 2.08531e-6 -0.7177956 -0.6962539 -9.17897e-6 -0.6686736 -0.743556 -8.63509e-4 -0.6491728 -0.7606405 7.02978e-6 -0.6081485 -0.7938233 -1.77354e-5 -0.5375216 -0.84325 -6.8439e-4 -0.5222321 -0.8528032 3.06029e-6 -0.4699299 -0.8827037 -7.73354e-6 -0.4055891 -0.9140555 -8.25594e-4 -0.3822746 -0.9240483 4.75761e-6 -0.3325424 -0.9430883 -1.39373e-5 -0.2434907 -0.9699032 -4.35695e-4 -0.2332293 -0.9724217 9.05378e-7 -0.1668949 -0.9859747 -4.4603e-6 -0.07845801 -0.9969174 0 -0.07836604 -0.9969246 3.95677e-6 0.331557 -0.9434352 0 0.07846152 -0.9969171 -6.02517e-6 0.07832711 -0.9969277 -1.5233e-5 0.2334561 -0.9723674 -6.2182e-4 0.2455341 -0.9693877 9.50377e-7 0.1694523 -0.9855383 -1.65647e-5 0.3826593 -0.9238895 -0.002791106 0.433807 -0.9010015 -8.60994e-4 0.3859618 -0.9225144 -0.003114581 0.6944026 -0.71958 1.09879e-5 0.6387715 -0.7693965 -1.66737e-5 0.522494 -0.8526431 -0.00303626 0.5727967 -0.8196919 1.21813e-5 0.5087602 -0.8609083 -9.72325e-5 0.6494076 -0.7604405 1.03168e-4 0.7604156 -0.6494369 -2.97624e-4 0.7552127 -0.6554798 -1.15878e-5 0.9238749 -0.3826947 -0.001426637 0.9339952 -0.3572828 1.77097e-6 0.9033281 -0.4289503 -4.59602e-6 0.8526577 -0.52247 -0.003385066 0.8849985 -0.4655815 2.48091e-4 0.8434509 -0.5372064 0 0.9992191 -0.03951179 -1.09583e-6 0.9992208 -0.03946965 1.71879e-6 0.9930418 -0.1177625 1.91225e-6 0.9930409 -0.1177699 -3.49162e-6 0.9807848 -0.1950929 -3.64145e-4 0.9834175 -0.1813555 4.91872e-4 0.9624925 -0.2713078 -6.77494e-4 0.9709731 -0.2391875 3.28144e-6 0.9567947 -0.2907644 0.07847356 -0.9969162 0 0.07847356 -0.9969162 0 0.2334189 -0.9723763 0 0.2334189 -0.9723763 0 0.3827226 -0.9238634 0 0.3827226 -0.9238634 0 0.5225136 -0.8526309 0 0.5225136 -0.8526309 0 0.6494531 -0.7604017 0 0.6494531 -0.7604017 0 0.7603434 -0.6495213 0 0.7603434 -0.6495213 0 0.8526918 -0.5224144 0 0.8526918 -0.5224144 0 0.923864 -0.382721 0 0.923864 -0.382721 0 0.9723847 -0.233384 0 0.9723847 -0.233384 0 0.9969086 -0.07857024 0 0.9969086 -0.07857024 0 0.006179094 -0.996897 0.07847398 0.00617516 -0.9968973 0.07847034 0.01836651 -0.9722096 0.2333906 0.01836502 -0.9722099 0.233389 0.03009814 -0.9234662 0.3824976 0.03010708 -0.9234618 0.3825073 0.04109221 -0.8519108 0.5220723 0.04108381 -0.851917 0.5220629 0.05104219 -0.7594105 0.6486065 0.05104935 -0.7594035 0.6486142 0.05974084 -0.648291 0.7590453 0.05973339 -0.6483002 0.759038 0.06694793 -0.5213481 0.8507139 0.06696647 -0.5213209 0.8507292 0.07253319 -0.3816716 0.9214476 0.07252162 -0.3816911 0.9214405 0.07630711 -0.2327494 0.9695385 0.07630258 -0.2327578 0.9695369 0.07821696 -0.07823318 0.993862 0.07822108 -0.07822513 0.9938623 0.01837295 -0.9968973 0.0765382 0.01837742 -0.996897 0.07654112 0.0546565 -0.9722098 0.227642 0.05465352 -0.9722104 0.2276398 0.08957445 -0.9234609 0.3730903 0.0895704 -0.9234626 0.3730871 0.1222495 -0.8519185 0.5092052 0.1222405 -0.8519241 0.509198 0.1518746 -0.7594083 0.6326398 0.1518902 -0.7593951 0.632652 0.1777475 -0.648293 0.7403526 0.1777284 -0.6483137 0.7403392 0.199202 -0.5213149 0.8297888 0.1991968 -0.5213217 0.8297857 0.2157532 -0.3816956 0.8987541 0.215777 -0.3816587 0.8987641 0.2270362 -0.2327645 0.9456613 0.2270302 -0.2327751 0.9456601 0.2327275 -0.07822161 0.9693912 0.2327384 -0.07820004 0.9693903 0.03012669 -0.9968971 0.0727235 0.03012382 -0.9968972 0.07272225 0.08959311 -0.9722102 0.2162874 0.08959013 -0.9722108 0.2162858 0.1468335 -0.9234624 0.3544815 0.1468404 -0.9234598 0.3544853 0.2004061 -0.8519257 0.4837975 0.2004133 -0.8519216 0.4838017 0.2490039 -0.7593916 0.6011003 0.2489638 -0.7594223 0.6010781 0.2913537 -0.6483148 0.7034209 0.2913994 -0.6482698 0.7034435 0.3265904 -0.521317 0.7883954 0.3265714 -0.5213402 0.7883879 0.3537256 -0.3816571 0.8539416 0.3536902 -0.3817091 0.8539329 0.3721529 -0.2327772 0.8985082 0.3721862 -0.2327191 0.8985094 0.3815212 -0.07821124 0.9210454 0.3814935 -0.07826721 0.9210521 0.04112821 -0.9968972 0.06711566 0.04111838 -0.9968978 0.06711292 0.122301 -0.9722115 0.1996181 0.1223332 -0.9722051 0.199629 0.200479 -0.9234611 0.327151 0.2004545 -0.9234697 0.3271418 0.2736011 -0.8519184 0.4465171 0.2735964 -0.8519209 0.4465153 0.3399028 -0.7594354 0.5547288 0.3399649 -0.7593911 0.5547512 0.3978556 -0.6482502 0.6492168 0.3978625 -0.6482439 0.649219 0.4458886 -0.5213456 0.7275865 0.4458384 -0.5214042 0.7275754 0.4829167 -0.3817258 0.7880843 0.482985 -0.3816276 0.7880899 0.508189 -0.2326925 0.8292154 0.5081307 -0.2327947 0.8292225 0.5208818 -0.07829141 0.850031 0.5209221 -0.07820558 0.8500142 0.0511083 -0.996898 0.05985236 0.05112838 -0.9968969 0.05985474 0.1520724 -0.9722037 0.1780274 0.1520485 -0.9722083 0.1780233 0.2491722 -0.9234727 0.2917388 0.2491631 -0.9234756 0.291737 0.3400925 -0.8519221 0.3982031 0.3401079 -0.8519145 0.3982064 0.4225603 -0.759389 0.4947436 0.4225926 -0.7593669 0.4947499 0.4945434 -0.6482298 0.5789861 0.4944232 -0.6483372 0.5789687 0.5541333 -0.5214204 0.6488891 0.5541777 -0.5213699 0.6488918 0.6002814 -0.3816134 0.7028751 0.600275 -0.3816226 0.7028756 0.6315802 -0.2328078 0.7395316 0.6315994 -0.2327733 0.7395262 0.6474499 -0.07820236 0.7580852 0.6474502 -0.07820165 0.758085 0.05986267 -0.9968967 0.05112224 0.05985265 -0.9968972 0.0511226 0.1780205 -0.9722078 0.1520547 0.1780085 -0.9722101 0.1520546 0.2917116 -0.9234793 0.2491795 0.2917891 -0.9234539 0.2491829 0.3982309 -0.8519132 0.3400824 0.3982101 -0.8519234 0.3400814 0.4947892 -0.7593582 0.4225623 0.4947256 -0.7594008 0.4225602 0.5789156 -0.6483493 0.4944694 0.5789405 -0.6483272 0.4944691 0.6488725 -0.5213728 0.5541975 0.6489602 -0.5212727 0.554189 0.7028999 -0.3816148 0.6002516 0.7028639 -0.3816677 0.60026 0.7395392 -0.2327805 0.6315814 0.7395559 -0.2327484 0.6315736 0.7581115 -0.07819336 0.64742 0.7580545 -0.07834112 0.647469 0.06711864 -0.9968972 0.04112237 0.06710726 -0.9968979 0.0411247 0.1996083 -0.9722105 0.1223241 0.1996532 -0.9722021 0.1223176 0.3271928 -0.9234516 0.2004547 0.3271462 -0.9234669 0.2004601 0.4465085 -0.8519233 0.2735998 0.4464464 -0.8519536 0.2736065 0.554736 -0.7593991 0.3399721 0.5548194 -0.7593429 0.3399617 0.6491826 -0.6483297 0.3977822 0.6491557 -0.6483537 0.3977867 0.7276476 -0.5212638 0.4458847 0.7275686 -0.5213565 0.4459051 0.7880693 -0.3816714 0.4829841 0.7880998 -0.3816242 0.4829717 0.8292133 -0.2327472 0.5081673 0.8292399 -0.2326914 0.5081494 0.8500236 -0.07834619 0.5208855 0.850041 -0.07829362 0.5208651 0.07271218 -0.996898 0.03012263 0.0727266 -0.9968971 0.03011727 0.2163323 -0.9722008 0.08958673 0.2162452 -0.9722177 0.08961385 0.3544441 -0.9234687 0.1468847 0.3545497 -0.9234327 0.1468554 0.4837579 -0.8519559 0.2003737 0.4837887 -0.8519402 0.2003653 0.6011764 -0.7593383 0.2489825 0.6011419 -0.7593624 0.2489925 0.7033873 -0.6483563 0.2913424 0.7033356 -0.6484045 0.29136 0.7883689 -0.5213601 0.3265854 0.7884 -0.5213216 0.3265719 0.8539561 -0.3816238 0.3537266 0.8539748 -0.3815922 0.3537152 0.8985262 -0.2326829 0.3721683 0.8985276 -0.2326797 0.3721671 0.9210482 -0.07830482 0.3814951 0.9210591 -0.07826387 0.3814772 0.07654339 -0.996897 0.01837038 0.07653814 -0.9968973 0.01837337 0.2276065 -0.9722191 0.05463814 0.22761 -0.9722185 0.05463647 0.3731644 -0.9234309 0.08957594 0.3730908 -0.9234573 0.0896095 0.5091554 -0.8519425 0.1222897 0.509219 -0.8519086 0.1222613 0.6326902 -0.7593601 0.1519062 0.6326114 -0.7594183 0.1519431 0.7402366 -0.6484131 0.1777929 0.7403835 -0.6482665 0.1777157 0.8297939 -0.5213161 0.1991771 0.8298413 -0.5212523 0.1991469 0.8988118 -0.3815908 0.2156986 0.8987265 -0.3817508 0.2157708 0.9456828 -0.2326688 0.2270443 0.9456217 -0.2328415 0.2271224 0.9693638 -0.07827198 0.2328248 0.9693896 -0.0781387 0.232762 0.07846891 -0.9968973 0.006184399 0.07847207 -0.9968972 0.006181895 0.2333519 -0.9722186 0.01838314 0.2333796 -0.9722123 0.01836359 0.3825166 -0.9234582 0.03009849 0.3825494 -0.9234454 0.0300768 0.5220806 -0.8519079 0.04104703 0.5220732 -0.8519122 0.04105192 0.6485989 -0.7594198 0.05100095 0.6486081 -0.7594124 0.05099475 0.7590764 -0.6482602 0.05967992 0.7589851 -0.648361 0.05974805 0.850771 -0.5212517 0.06697356 0.8507776 -0.5212417 0.06696772 0.9214148 -0.3817518 0.07252782 0.9214322 -0.3817137 0.07250761 0.9695166 -0.2328457 0.07629138 0.969556 -0.2327051 0.07622087 0.9938766 -0.07813203 0.0781328 0.9938533 -0.07832944 0.07823055 0 -0.07847356 0.9969162 0 -0.07847356 0.9969162 0 -0.2334299 0.9723736 0 -0.2334299 0.9723736 0 -0.3826796 0.9238812 0 -0.3826796 0.9238812 0 -0.5225204 0.8526268 0 -0.5225204 0.8526268 0 -0.649451 0.7604035 0 -0.649451 0.7604035 0 -0.7604017 0.6494531 0 -0.7604017 0.6494531 0 -0.8526309 0.5225136 0 -0.8526309 0.5225136 0 -0.9238848 0.3826709 0 -0.9238848 0.3826709 0 -0.9723736 0.2334299 0 -0.9723736 0.2334299 0 -0.9969161 0.07847547 0 -0.9969161 0.07847547 0.3226051 -0.2216115 0.9202252 0.3916984 -0.8987053 0.1972337 0.04552507 -0.9983344 0.0354408 0.2021753 -0.9710121 0.1275168 0.1878687 -0.9750081 0.1185951 0.1777681 -0.9749982 0.1333301 0.1303641 -0.9870982 0.09296292 0.253827 -0.9557321 0.148822 0.3549608 -0.9178826 0.1774664 0.368564 -0.9170539 0.1522265 0.3377364 -0.9207411 0.1953713 0.442038 -0.8736913 0.2031398 0.59571 -0.7781209 0.1991413 0.5726605 -0.7971476 0.1913527 0.5524066 -0.7976006 0.2422404 0.5010061 -0.8409746 0.2043396 0.6416044 -0.7436642 0.1879032 0.6848356 -0.7087348 0.1693965 0.7351631 -0.6496159 0.1937385 0.7513682 -0.6467318 0.131087 0.8227606 -0.5623424 0.08267962 0.8173851 -0.5701606 0.08245384 0.8113238 -0.5718964 0.1211957 0.7924101 -0.60146 0.1016471 0.8520764 -0.5211037 0.0491603 0.8624646 -0.5035555 0.05085921 0.8546048 -0.504071 0.1247521 0.8563946 -0.4995154 0.1306622 0.852111 -0.5009266 0.1515896 0.8366453 -0.4996871 0.2243596 0.84571 -0.4855892 0.2213093 0.8239971 -0.4868051 0.289913 0.8060921 -0.4720249 0.3569426 0.8087314 -0.4623126 0.3636215 0.7621488 -0.4629178 0.4525883 0.5717803 -0.3675302 0.7334772 0.6522754 -0.3666238 0.6634183 0.6314626 -0.4118909 0.6569634 0.6995327 -0.4129643 0.5831934 0.7287595 -0.3897118 0.563058 0.7296019 -0.4490413 0.5157936 0.7735695 -0.4491452 0.4470557 0.4357818 -0.2945443 0.8504927 0.4924637 -0.2942317 0.8190892 0.5024692 -0.2766581 0.8191367 0.5471768 -0.351683 0.7595503 0.5884551 -0.3515909 0.7280828 0.3683897 -0.2119208 0.9051953 0.3755033 -0.2302549 0.8977639 0.3006656 -0.2305926 0.9254335 0.04636597 -0.9981822 0.03850293 0.04211962 -0.9981727 0.04332631 0.04442971 -0.9980095 0.04475563 0.03904831 -0.9980233 0.04924088 0.04022061 -0.9979637 0.04950416 0.03438979 -0.997954 0.05390143 0.03678876 -0.9977419 0.05619156 0.02690017 -0.9977461 0.06147503 0.02913612 -0.9974998 0.06438422 0.02248883 -0.9975195 0.0667023 0.02350419 -0.9974857 0.06685644 0.01663088 -0.9974715 0.06909489 0.018467 -0.9971903 0.07259821 0.1412367 -0.9836622 0.1116281 0.1252577 -0.9836006 0.1297705 0.1320214 -0.9821574 0.13393 0.1159498 -0.9822644 0.1473509 0.1193519 -0.9817528 0.1480419 0.1019183 -0.9816492 0.1611751 0.1089594 -0.9797677 0.1678783 0.07944238 -0.9797764 0.1836492 0.08595573 -0.9776035 0.1921015 0.06606286 -0.9777572 0.1990646 0.06926029 -0.9774509 0.199481 0.0486766 -0.9773089 0.2061504 0.05401909 -0.9748319 0.2162976 0.2544234 -0.9577795 0.1338926 0.2291554 -0.9577791 0.1736293 0.2389065 -0.9546675 0.1775774 0.206566 -0.9546681 0.2143343 0.2175633 -0.9506965 0.2210029 0.1910002 -0.9509715 0.243253 0.1967144 -0.9495518 0.2442431 0.1678506 -0.949274 0.2659043 0.1791723 -0.9441422 0.2765735 0.1305718 -0.9441535 0.302531 0.1410197 -0.9382412 0.3159382 0.1082752 -0.9386258 0.327503 0.113802 -0.937777 0.32806 0.07973527 -0.9373998 0.3390044 0.08834236 -0.9306484 0.3550904 0.3404313 -0.9182701 0.2022042 0.3162846 -0.9178444 0.2398455 0.329494 -0.9118115 0.2450171 0.2848429 -0.9118093 0.2957505 0.2995797 -0.9041799 0.3044845 0.2629767 -0.90467 0.335284 0.2708009 -0.9019673 0.336336 0.2309241 -0.9014583 0.3661245 0.2460644 -0.8916005 0.3801326 0.1792656 -0.8916029 0.415822 0.1932813 -0.880209 0.4334449 0.1483317 -0.8808819 0.449494 0.1560665 -0.879287 0.4499971 0.1091478 -0.8786145 0.4648906 0.1206774 -0.8656824 0.4858301 0.4471607 -0.8696028 0.209376 0.4247139 -0.869758 0.2512751 0.4325806 -0.8660737 0.2505798 0.3990374 -0.8655122 0.3027505 0.4152003 -0.8557239 0.3087803 0.3588693 -0.8557106 0.3727898 0.3766887 -0.8434536 0.3830034 0.3306133 -0.8441612 0.4220035 0.3406847 -0.8397098 0.422873 0.2902014 -0.838963 0.4603523 0.3085288 -0.8230596 0.4768468 0.2247454 -0.8230535 0.5216055 0.2416284 -0.8047699 0.5421819 0.1852017 -0.8057242 0.5625912 0.1953812 -0.8031459 0.5628346 0.1363382 -0.8021699 0.581322 0.1503202 -0.7814163 0.6056339 0.5342226 -0.8073351 0.2506316 0.5075458 -0.8075274 0.300494 0.5167497 -0.8021419 0.2992295 0.4764283 -0.8014065 0.3616126 0.4948728 -0.7871742 0.3680458 0.42761 -0.7871614 0.4444395 0.4480335 -0.7692104 0.4556109 0.3932363 -0.7701371 0.5022488 0.4049032 -0.7638467 0.502585 0.3446981 -0.7628737 0.5469982 0.3654375 -0.7397978 0.5649377 0.2661426 -0.7397923 0.6179608 0.2851876 -0.7133549 0.6401507 0.218324 -0.7145338 0.6646623 0.2308177 -0.7108467 0.6643946 0.1607758 -0.7096541 0.6859608 0.1765653 -0.6798812 0.7117488 0.6383875 -0.7467533 0.1866036 0.6081333 -0.7460826 0.2711725 0.622423 -0.733932 0.271907 0.5835797 -0.7347785 0.3457387 0.5937666 -0.7275279 0.3437216 0.547171 -0.7266349 0.4154585 0.5671843 -0.7073787 0.4218027 0.4900356 -0.707341 0.5094446 0.5120642 -0.6831091 0.5207229 0.4492242 -0.6841586 0.5745647 0.4628391 -0.6754784 0.5740287 0.3935989 -0.6743705 0.6247434 0.4156812 -0.6434442 0.6427975 0.3027455 -0.6434167 0.7031075 0.3230216 -0.6080048 0.7252498 0.2468568 -0.609277 0.7535538 0.2618117 -0.6043238 0.752494 0.181945 -0.6030222 0.7766984 0.1988708 -0.5633123 0.8019536 0.7127987 -0.6680619 0.2135683 0.680261 -0.6671803 0.3035053 0.6952529 -0.6514855 0.3036282 0.6518723 -0.6524187 0.3865389 0.663123 -0.6428216 0.3834685 0.610628 -0.6418556 0.4638479 0.6313008 -0.6172449 0.4695402 0.5453757 -0.6171984 0.5671256 0.5680658 -0.5861568 0.5776863 0.4982918 -0.5872719 0.6378221 0.5131962 -0.5762634 0.6360425 0.4359959 -0.5750932 0.692225 0.4584923 -0.5356053 0.7091628 0.3339332 -0.535578 0.7756577 0.3544218 -0.4907186 0.7959777 0.2703701 -0.4919456 0.8275806 0.287936 -0.485584 0.8254096 0.1994763 -0.4843339 0.8518391 0.2167358 -0.4342845 0.8743126 0.7938633 -0.593048 0.1344437 0.7785916 -0.5918044 0.2087171 0.7882501 -0.5797313 0.2063334 0.7440709 -0.5796704 0.3321757 0.7589474 -0.5604825 0.3314484 0.7117497 -0.5614446 0.4221282 0.7230548 -0.5499798 0.4179882 0.6654831 -0.5489627 0.5057393 0.6863262 -0.5182096 0.5103091 0.5927628 -0.518185 0.6165361 0.6149766 -0.4802127 0.6254596 0.5392873 -0.4812689 0.6910495 0.5553382 -0.4677239 0.6876292 0.4713329 -0.4666175 0.7484073 0.4931133 -0.418267 0.7628185 0.3591468 -0.4182522 0.8343133 0.3788024 -0.363734 0.8510032 0.2886184 -0.364786 0.8852292 0.3080928 -0.3572254 0.881742 0.2130382 -0.3561692 0.9098122 0.2297689 -0.2958638 0.9271844 0.005907773 -0.9971958 0.074602 0.007247149 -0.9968899 0.07847344 0.01663005 -0.9748444 0.2222653 0.02051627 -0.972169 0.2333808 0.02696782 -0.9306622 0.3648844 0.03328961 -0.9233726 0.3824589 0.03668332 -0.8656938 0.499228 0.04526615 -0.851757 0.521978 0.04557055 -0.781426 0.6223317 0.0561307 -0.7592029 0.6484292 0.05340617 -0.6798645 0.7313905 0.06563156 -0.6480507 0.7587639 0.06004661 -0.5632923 0.8240729 0.07352852 -0.521106 0.8503188 0.0653513 -0.4342745 0.8984068 0.07961028 -0.381465 0.9209488 0.06922733 -0.2958304 0.9527287 0.08375251 -0.2326098 0.9689573 0.06056797 -0.0783295 0.995086 0.08699607 -0.129294 0.9877827 0.161356 -0.1513839 0.9752165 0.214409 -0.1511096 0.9649844 0.228023 -0.1801595 0.9568427 0.3005734 -0.2216675 0.9276418 0.07847356 0.9969162 0 0.07847356 0.9969162 0 0.2334648 0.9723652 0 0.2334648 0.9723652 0 0.382681 0.9238805 0 0.382681 0.9238805 0 0.5224959 0.8526418 0 0.5224959 0.8526418 0 0.6494531 0.7604017 0 0.6494531 0.7604017 0 0.7603536 0.6495093 0 0.7603536 0.6495093 0 0.8526851 0.5224252 0 0.8526851 0.5224252 0 0.9238604 0.3827297 0 0.9238604 0.3827297 0 0.9723873 0.2333729 0 0.9723873 0.2333729 0 0.9969086 0.07857024 0 0.9969086 0.07857024 0 0.07847207 0.9968972 0.006184637 0.07846933 0.9968973 0.006181657 0.2334254 0.9722008 0.01838892 0.2334011 0.972207 0.01836526 0.3825076 0.923462 0.03009784 0.3824787 0.9234748 0.03007125 0.5220556 0.8519232 0.04104506 0.5220623 0.8519189 0.04105103 0.6486078 0.7594121 0.05100166 0.6485998 0.7594195 0.05099409 0.7589987 0.6483518 0.05967384 0.7590782 0.6482512 0.05975538 0.8507707 0.5212523 0.06697356 0.850765 0.5212624 0.06696671 0.9214272 0.3817217 0.07252877 0.9214132 0.3817598 0.07250612 0.9695532 0.2326927 0.0762943 0.9695253 0.2328334 0.07621842 0.9938611 0.07833003 0.07813155 0.9938688 0.07813262 0.07823181 0.0765388 0.9968974 0.01836931 0.07654213 0.9968971 0.01837432 0.2276543 0.9722072 0.05464965 0.2276521 0.9722079 0.05464655 0.3730587 0.9234759 0.08955061 0.3731091 0.9234495 0.08961385 0.5091943 0.8519179 0.122299 0.5091505 0.8519519 0.1222448 0.6326217 0.7594204 0.1518898 0.6326751 0.7593621 0.1519584 0.7403714 0.6482503 0.1778253 0.7402756 0.6483968 0.1776899 0.8298262 0.5212618 0.1991848 0.8297978 0.5213256 0.1991365 0.8987431 0.3817619 0.2156822 0.8987864 0.3816018 0.2157852 0.9456449 0.2328321 0.2270352 0.945664 0.2326594 0.2271325 0.9693739 0.07813835 0.2328273 0.9693795 0.07827156 0.2327596 0.07272332 0.996897 0.03012722 0.07271689 0.9968979 0.03011322 0.2163061 0.9722077 0.08957588 0.2163486 0.9721907 0.08965671 0.3544897 0.9234482 0.1469035 0.3544357 0.923484 0.1468081 0.483766 0.8519505 0.200377 0.48375 0.8519661 0.2003493 0.6011494 0.7593632 0.2489714 0.6011669 0.7593392 0.2490028 0.7033577 0.6483939 0.2913302 0.7033819 0.6483457 0.2913792 0.7883851 0.5213316 0.3265921 0.7883726 0.5213701 0.3265606 0.8539649 0.3816003 0.3537303 0.8539596 0.3816318 0.3537089 0.8985294 0.2326686 0.3721696 0.8985294 0.2326718 0.3721678 0.9210513 0.07826375 0.3814963 0.9210562 0.07830476 0.381476 0.06711083 0.9968979 0.0411176 0.06711399 0.9968973 0.04112881 0.1996791 0.9721906 0.1223675 0.1996646 0.972199 0.1223245 0.3271241 0.9234851 0.2004127 0.3271406 0.9234697 0.2004567 0.4464494 0.8519659 0.2735636 0.4464716 0.8519355 0.2736219 0.554794 0.7593408 0.3400077 0.5547654 0.759397 0.3399288 0.6491733 0.6483424 0.3977766 0.6491814 0.6483184 0.3978025 0.7275926 0.5213694 0.445851 0.7276101 0.5212767 0.4459306 0.7880832 0.381632 0.4829927 0.7880805 0.3816792 0.4829598 0.829227 0.2326799 0.5081757 0.8292309 0.2327357 0.5081439 0.8500272 0.07829338 0.5208877 0.8500375 0.07834607 0.5208629 0.05985671 0.9968973 0.05111712 0.05985784 0.9968967 0.05112707 0.1780481 0.9721991 0.1520783 0.1780502 0.9721968 0.1520901 0.2917289 0.9234699 0.2491943 0.2917134 0.9234952 0.2491183 0.3982043 0.8519346 0.3400598 0.3982087 0.8519245 0.3400801 0.49475 0.7594023 0.4225288 0.4947621 0.7593597 0.4225913 0.5789381 0.6483146 0.4944886 0.5789344 0.6483366 0.4944639 0.6489151 0.5212813 0.5542339 0.6489096 0.5213814 0.5541458 0.7028803 0.3816771 0.6002348 0.7028776 0.3816242 0.6002717 0.7395471 0.2327371 0.6315882 0.7395521 0.2327692 0.6315705 0.7581027 0.0783416 0.6474125 0.7580633 0.07819384 0.6474765 0.05111861 0.9968968 0.05986446 0.05111944 0.9968979 0.05984425 0.1520895 0.9721974 0.1780474 0.1520898 0.972193 0.1780716 0.2491402 0.923493 0.2917014 0.2491406 0.9234901 0.2917106 0.3400895 0.851925 0.3981997 0.3400887 0.8519327 0.3981839 0.4225776 0.7593661 0.4947639 0.4225765 0.7593882 0.494731 0.494489 0.6483283 0.5789224 0.4944874 0.648221 0.5790439 0.5541495 0.5213796 0.648908 0.5541538 0.5214301 0.6488639 0.6002766 0.3816313 0.7028695 0.6002751 0.3816222 0.7028758 0.6315873 0.2327619 0.7395399 0.6315957 0.2327964 0.7395219 0.6474499 0.07820165 0.7580852 0.6474501 0.07820242 0.7580849 0.04112404 0.9968978 0.0671088 0.04112201 0.9968972 0.06711882 0.1223396 0.9721936 0.199681 0.1223444 0.9722 0.1996474 0.200446 0.9234874 0.3270971 0.200443 0.9234789 0.327123 0.2735897 0.8519318 0.4464984 0.2735892 0.8519294 0.4465035 0.3399307 0.7593895 0.5547744 0.3399389 0.7594338 0.5547088 0.3978639 0.6482318 0.6492303 0.3978651 0.648238 0.6492232 0.4458661 0.5214162 0.7275496 0.4458532 0.5213577 0.7275995 0.4829363 0.3816347 0.7881164 0.4829623 0.3817329 0.7880529 0.5081774 0.2327846 0.8291966 0.5081447 0.2326824 0.8292453 0.5208852 0.07820534 0.8500367 0.5209186 0.07829117 0.8500084 0.03012573 0.9968972 0.07272124 0.03012466 0.9968971 0.07272416 0.08960968 0.9721998 0.2163274 0.08960866 0.9721993 0.2163307 0.1468201 0.9234769 0.354449 0.1468222 0.9234796 0.3544415 0.200402 0.8519323 0.4837875 0.2004042 0.8519363 0.4837796 0.2489897 0.7594233 0.601066 0.248977 0.7593927 0.60111 0.2913727 0.6482565 0.7034667 0.2913891 0.6483014 0.7034186 0.3265824 0.5213516 0.7883759 0.3265742 0.5213283 0.7883946 0.3537158 0.3817185 0.8539181 0.353697 0.3816665 0.8539491 0.3721593 0.2327075 0.8985236 0.372182 0.2327657 0.8984991 0.3815195 0.07826739 0.9210413 0.3814952 0.07821142 0.9210561 0.01837396 0.9968971 0.07654225 0.01837652 0.9968973 0.0765376 0.05466657 0.9721993 0.2276839 0.0546649 0.9721986 0.2276872 0.08956372 0.9234799 0.3730458 0.08956158 0.9234783 0.3730505 0.1222432 0.8519352 0.5091788 0.1222385 0.8519296 0.5091893 0.1518783 0.7593946 0.6326554 0.1518867 0.7594079 0.6326375 0.1777456 0.6483023 0.740345 0.1777348 0.6482816 0.7403656 0.1991995 0.5213327 0.8297782 0.1991962 0.5213258 0.8297833 0.215756 0.3816667 0.8987658 0.2157728 0.3817036 0.898746 0.2270362 0.2327642 0.9456613 0.2270314 0.2327536 0.9456651 0.2327279 0.07819998 0.9693928 0.2327381 0.07822155 0.9693887 0.006178736 0.9968973 0.07846981 0.006175458 0.9968971 0.07847398 0.01836997 0.9721989 0.2334348 0.01836878 0.9721985 0.2334365 0.03009575 0.9234789 0.3824671 0.03010308 0.9234832 0.3824561 0.04109001 0.8519281 0.5220443 0.04108315 0.8519219 0.5220548 0.05104285 0.7594033 0.648615 0.05104875 0.7594102 0.6486063 0.05974102 0.6482886 0.7590475 0.05973476 0.6482793 0.7590559 0.06694877 0.521331 0.8507243 0.06696468 0.5213584 0.8507063 0.07253229 0.3817 0.9214359 0.07252192 0.3816804 0.9214448 0.07630717 0.2327468 0.9695391 0.07630294 0.2327384 0.9695415 0.07821702 0.07822507 0.9938626 0.07822102 0.07823312 0.9938617 0 0.996916 0.07847547 0 0.996916 0.07847547 0 0.9723626 0.2334759 0 0.9723626 0.2334759 0 0.9239019 0.3826295 0 0.9239019 0.3826295 0 0.8526418 0.5224959 0 0.8526418 0.5224959 0 0.7604017 0.6494531 0 0.7604017 0.6494531 0 0.649439 0.7604137 0 0.649439 0.7604137 0 0.5225313 0.8526201 0 0.5225313 0.8526201 0 0.3826882 0.9238776 0 0.3826882 0.9238776 0 0.2334189 0.9723763 0 0.2334189 0.9723763 0 0.07847356 0.9969162 0 0.07847356 0.9969162 0.07777887 0.07823586 0.9938961 0.2231357 0.1529077 0.9627199 0.3687749 0.2341738 0.8995376 0.4906463 0.2994919 0.8182731 0.7637586 0.4577853 0.4550884 0.5764524 0.7989845 0.1712498 0.8154774 0.5740296 0.0740723 0.8147664 0.5743402 0.07930475 0.8543825 0.5133829 0.0804274 0.8480884 0.5278173 0.0464217 0.849341 0.5257814 0.04662376 0.5698701 0.7997561 0.1887808 0.5934156 0.7805696 0.1963898 0.6336833 0.7514718 0.1836727 0.7081329 0.6740915 0.2101156 0.3664467 0.9181643 0.1506359 0.3531845 0.9189636 0.1754044 0.4368538 0.8721952 0.2200778 0.2042375 0.9751736 0.08557695 0.18413 0.9760223 0.1160895 0.2402585 0.9587508 0.1518971 0.04229372 0.9984927 0.03498011 0.7497777 0.6506237 0.1205075 0.7480253 0.6511563 0.1282721 0.7887271 0.6005275 0.1314388 0.7885829 0.6044597 0.1129852 0.8508984 0.5101034 0.1255648 0.8495373 0.5132673 0.1218317 0.8327586 0.5080559 0.2199825 0.7752692 0.599482 0.1989449 0.7821705 0.5876426 0.2070887 0.6887929 0.7033804 0.1755573 0.6776006 0.7173851 0.1619138 0.7435637 0.5876986 0.3189409 0.7520355 0.5682433 0.3339793 0.6791918 0.6734821 0.291754 0.6885162 0.6578503 0.3052513 0.6065627 0.7510235 0.260855 0.6161724 0.7388654 0.2727807 0.5101876 0.831882 0.2183598 0.5306096 0.8108132 0.2470534 0.4400568 0.8752492 0.200721 0.4264816 0.8853541 0.1850989 0.7884266 0.435228 0.4346954 0.8416628 0.4944683 0.2170362 0.7988646 0.4947313 0.3421351 0.8057553 0.4714626 0.3584432 0.7590898 0.4720504 0.4482757 0.7136579 0.5690635 0.4084838 0.7147113 0.5569596 0.4230648 0.6528714 0.6586542 0.3740771 0.6550792 0.6487786 0.3872438 0.5838052 0.7395923 0.3349249 0.5867462 0.7319132 0.3464564 0.5072258 0.8110811 0.2913235 0.51048 0.8054692 0.3010475 0.4241739 0.8721453 0.2438014 0.427384 0.868326 0.2517002 0.3348932 0.9223811 0.1925088 0.3380326 0.9196203 0.2000809 0.2488577 0.9575781 0.1453071 0.2522298 0.9604623 0.1178652 0.6654865 0.33971 0.6646239 0.1297766 0.9824222 0.134181 0.1259267 0.9838726 0.1270322 0.2136954 0.9514481 0.2215419 0.2078008 0.9554199 0.2097421 0.2942111 0.9055534 0.3056349 0.2868199 0.9132584 0.2892981 0.3698805 0.8455862 0.3849315 0.3617826 0.8580632 0.3644734 0.4395204 0.7725584 0.4582306 0.4316751 0.7905925 0.4343041 0.5022077 0.6873475 0.5247294 0.4955164 0.7119731 0.4975517 0.5568099 0.5916782 0.5829921 0.5524866 0.6230271 0.5537109 0.6024971 0.4868335 0.632448 0.6016445 0.5254009 0.601646 0.6296957 0.4199224 0.653566 0.5508717 0.487582 0.6773508 0.5407721 0.4732526 0.6954117 0.5076745 0.5924831 0.6254842 0.5002968 0.5808926 0.6420801 0.4568354 0.6881269 0.5637222 0.4516579 0.6790512 0.5787009 0.3989256 0.773248 0.4928955 0.3955017 0.7664743 0.5060589 0.3350031 0.8461377 0.4145166 0.3329862 0.8415591 0.4253214 0.2660528 0.9059319 0.3293983 0.2650088 0.9031356 0.3378114 0.1930356 0.951664 0.2388994 0.192584 0.9501487 0.2452122 0.1170364 0.9825073 0.1448512 0.116929 0.9819536 0.1486433 0.5484148 0.1925265 0.8137412 0.6115839 0.3748161 0.6967625 0.5855329 0.3748868 0.7187567 0.5724847 0.3580757 0.7375927 0.4976361 0.3570021 0.790511 0.4853277 0.4725689 0.7356193 0.4767231 0.4232291 0.7704623 0.4475658 0.5801345 0.6805356 0.4440586 0.539824 0.7151237 0.4029497 0.6783192 0.6144223 0.4032605 0.6467434 0.6473824 0.3520752 0.7658184 0.5381126 0.3549716 0.7423278 0.5682822 0.2957597 0.8410351 0.4529747 0.3000735 0.8248405 0.4791598 0.2348839 0.9027749 0.3603151 0.2395874 0.8926894 0.3817114 0.1704616 0.9499449 0.2618157 0.1745954 0.9447384 0.2774631 0.1034291 0.981878 0.1588017 0.1063101 0.9799681 0.1684061 0.4343052 0.2997911 0.849414 0.3741384 0.2230044 0.9001609 0.3771929 0.4232972 0.8237385 0.3602018 0.3675585 0.857412 0.3492124 0.5398759 0.7658882 0.3381559 0.493884 0.80108 0.3153571 0.6468085 0.6943981 0.3091289 0.6107484 0.7289895 0.2762964 0.742393 0.6103383 0.2736498 0.7154136 0.6428834 0.2325786 0.8248868 0.5152369 0.2323967 0.8062423 0.5440267 0.1850483 0.8927242 0.4108536 0.1862809 0.881104 0.4346897 0.1344242 0.9447647 0.2989143 0.1361492 0.9387134 0.316671 0.08166068 0.9799811 0.1815729 0.08310532 0.9777826 0.1924442 0.3233612 0.2344902 0.9167616 0.2996692 0.2252988 0.9270592 0.308214 0.368178 0.8771825 0.2879461 0.3603463 0.887264 0.2873374 0.4946564 0.8202148 0.2704373 0.4882557 0.8297408 0.2611531 0.6115705 0.746847 0.2469826 0.6064139 0.7558186 0.2297384 0.7161979 0.6589999 0.2186572 0.7124276 0.6668103 0.1942334 0.8069016 0.557838 0.1853779 0.8041864 0.5647294 0.1547765 0.8815799 0.4459386 0.1486802 0.8799871 0.4511285 0.1128908 0.9389917 0.3248851 0.1086354 0.9381284 0.328806 0.06868135 0.9778946 0.197497 0.0662648 0.9775775 0.1998782 0.2998751 0.225299 0.9269927 0.2166031 0.1751447 0.9604204 0.2347731 0.3597806 0.9030169 0.2087917 0.2978717 0.9314926 0.2181578 0.487535 0.8454092 0.1985627 0.436212 0.8776628 0.1976047 0.6056268 0.7708233 0.1834654 0.5649015 0.804504 0.1735008 0.711684 0.6807373 0.1638554 0.6811211 0.7136003 0.1463014 0.8035635 0.576959 0.1402235 0.7823747 0.6068173 0.1165428 0.8795358 0.46134 0.1130838 0.8663101 0.4865375 0.08477991 0.9378691 0.3364731 0.08311241 0.9309533 0.3555535 0.05157124 0.9774782 0.2046385 0.05098819 0.9749614 0.2164498 0.01731926 0.9722167 0.2334409 0.01995921 0.9749795 0.2213969 0.02777928 0.9235453 0.3824818 0.03272932 0.930981 0.3635977 0.03720766 0.8520513 0.5221341 0.04513192 0.8663455 0.4974018 0.04540586 0.7596175 0.6487832 0.05689352 0.7824236 0.6201422 0.05206817 0.6485581 0.7593821 0.06777971 0.6811796 0.7289721 0.05699998 0.5216817 0.8512338 0.07759422 0.5649544 0.8214656 0.06003659 0.3819978 0.9222111 0.08614486 0.4362586 0.8956883 0.06110906 0.2329826 0.970559 0.09322953 0.2979166 0.9500284 0.06723266 0.1238358 0.9900225 0.1612357 0.1532659 0.9749424 0.7176017 0.45712 0.5254418 0.7201094 0.4203776 0.5520192 0.6700282 0.5562663 0.4915588 0.6758528 0.5253359 0.5169576 0.6136363 0.6480805 0.4510457 0.6217751 0.6229588 0.4746768 0.5492489 0.7312684 0.4044407 0.5586183 0.7119108 0.425592 0.4776038 0.8049269 0.3521181 0.4874313 0.7905439 0.370744 0.399639 0.8679088 0.2949967 0.4090249 0.8580228 0.3106371 0.3164681 0.9193305 0.2338362 0.3246506 0.9132299 0.2461971 0.2290996 0.9585536 0.1693763 0.2354416 0.9554023 0.1782516 0.1328685 0.9862828 0.09794038 0.1403827 0.983903 0.110578 0.04730826 0.9982072 0.03666406 0.04230058 0.9982063 0.04236674 0.04373127 0.998035 0.04487466 0.0393902 0.9980461 0.04850268 0.03939682 0.9979909 0.04962068 0.03482961 0.9979835 0.05306422 0.03588938 0.9977693 0.05628937 0.02759295 0.9977734 0.06071907 0.02819353 0.9975225 0.06445181 0.02328068 0.9975371 0.06616449 0.02255046 0.9975032 0.06692349 0.01757824 0.9974934 0.06854164 0.01749324 0.9972003 0.07270079 0.006980299 0.9972057 0.07437819 0.006212472 0.9968968 0.07847398 0.9969087 0.07856833 0 0.9969087 0.07856833 0 0.9723846 0.233384 0 0.9723846 0.233384 0 0.9238604 0.3827297 0 0.9238604 0.3827297 0 0.8526984 0.5224036 0 0.8526984 0.5224035 0 0.7603434 0.6495212 0 0.7603434 0.6495213 0 0.649439 0.7604137 0 0.649439 0.7604137 0 0.3827226 0.9238634 0 0.346202 0.93816 -3.37142e-4 0.4187685 0.908093 0 0.5225136 0.852631 0 0.4887242 0.8724383 -3.35608e-4 0.5556417 0.8314219 0 0.07844942 0.9969182 0 0.0392673 0.9992287 -3.38342e-4 0.1175262 0.9930698 0 0.2334419 0.9723708 0 0.1951344 0.9807764 -3.37858e-4 0.2714659 0.9624481 0 0.2333729 -0.9723873 0 0.2714192 -0.9624612 -3.38042e-4 0.1950698 -0.9807893 0 0.07847356 -0.9969162 0 0.1176136 -0.9930594 -3.38798e-4 0.039254 -0.9992293 0 0.5557975 -0.8313177 -3.3732e-4 0.4885442 -0.8725392 0 0.3827641 -0.9238462 0 0.4188165 -0.9080708 -3.37187e-4 0.3462636 -0.9381373 0 0.5224959 -0.8526418 0 0.6494531 -0.7604017 0 0.6494531 -0.7604016 0 0.7603537 -0.6495093 0 0.7603537 -0.6495093 0 0.8526851 -0.5224252 0 0.8526851 -0.5224252 0 0.9238604 -0.3827297 0 0.9238604 -0.3827297 0 0.9723873 -0.2333729 0 0.9723873 -0.2333729 0 0.9969086 -0.07857024 0 0.9969086 -0.07857024 0 0.9969089 0 -0.07856738 0.9969089 0 -0.07856738 0.9723846 0 -0.233384 0.9723846 0 -0.233384 0.9238604 0 -0.3827297 0.9238604 0 -0.3827297 0.8526984 0 -0.5224035 0.8526984 0 -0.5224035 0.7603486 0 -0.6495153 0.7603485 0 -0.6495153 0.649439 0 -0.7604137 0.649439 0 -0.7604137 0.4885627 0 -0.8725287 0.5556836 1.26944e-4 -0.8313939 0.4886166 -1.26502e-4 -0.8724986 0.5556249 0 -0.8314331 0.3461353 0 -0.9381846 0.4187768 1.27139e-4 -0.9080892 0.3461765 -1.26792e-4 -0.9381694 0.4187284 0 -0.9081115 0.1950464 0 -0.980794 0.2715442 1.27451e-4 -0.962426 0.1950708 -1.2722e-4 -0.9807891 0.271511 0 -0.9624354 0.03930252 0 -0.9992274 0.1174931 1.27138e-4 -0.9930737 0.03930753 -1.27065e-4 -0.9992272 0.1174783 0 -0.9930754 0 0 -1 0 0 -1 0 0 -1 0 -1 0 0 -1 0 0 0 1 0 0 1 0 0 1 0 0 1 0 0 1 0 0 1 0 0 1 0 0 1 0 0 1 0 0 1 0 0 1 0 0 1 0 0 1 0 0 1 0 0 1 0 0 1 0 0 1 0 0 1 0 0 1 0 0 1 0 0 1 0 0 1 0 0 1 0 0 1 0 1 0 0 1 0 0 0 -1 0 0 -1 0 0 -1 -0.9078875 0.4192139 0 -0.9078875 0.4192139 0 -0.9668364 0.2553966 0 -0.9668364 0.2553966 0 -0.9964641 0.08401983 0 -0.9964641 0.08401983 0 -0.9959434 -0.08998215 0 -0.9959434 -0.08998215 0 -0.9652897 -0.2611818 0 -0.9652897 -0.2611818 0 -0.9053626 -0.4246394 0 -0.9053626 -0.4246394 0 -0.8181426 -0.5750154 0 -0.8181426 -0.5750154 0 -0.7060755 -0.7081366 0 -0.7060755 -0.7081366 0 -0.5726174 -0.8198227 0 -0.5726174 -0.8198227 0 -0.4218661 -0.9066581 0 -0.4218661 -0.9066581 0 -0.2583094 -0.9660622 0 -0.2583094 -0.9660622 0 -0.08700805 -0.9962077 0 -0.08700805 -0.9962077 0 -0.09190016 -0.7327346 -0.6742807 -0.08513599 -0.6228981 -0.7776567 -0.08369237 -0.4801149 -0.873204 -0.0773428 -0.3433525 -0.9360166 -0.07863771 -0.1717274 -0.9820009 -0.07904493 -0.001471579 -0.99687 -0.8284891 0.5200046 -0.2078484 -0.8402899 0.5381901 -0.06530249 -0.8396528 0.5385636 -0.07023143 -0.8365662 0.5287253 -0.1435496 -0.8285101 0.5200049 -0.207764 -0.7587062 0.4531862 -0.4679607 -0.7716482 0.4573667 -0.4420123 -0.8013395 0.4913486 -0.3412206 -0.7995372 0.4909398 -0.3460032 -0.8164442 0.5026809 -0.2841314 -0.4547908 0.2232145 -0.8621721 -0.5015833 0.2457454 -0.8294718 -0.5480152 0.2902231 -0.7845062 -0.5853327 0.3073703 -0.7502727 -0.6308345 0.3517036 -0.6916304 -0.6590186 0.3638162 -0.6582798 -0.7014048 0.4063169 -0.585609 -0.6930849 0.4030399 -0.5976555 -0.7267957 0.4194142 -0.5439299 -0.2445726 0.07779747 -0.9665049 -0.3101933 0.1114066 -0.9441232 -0.3530985 0.1520147 -0.9231538 -0.3881834 0.1694913 -0.9058622 -0.4351177 0.2044101 -0.8768633 -0.04713481 -0.122512 -0.9913471 -0.01886242 -0.1043287 -0.994364 -0.1315039 0.002104282 -0.9913134 -0.1600294 0.01697862 -0.9869662 -0.2151776 0.04987967 -0.9753002 -0.04613292 -0.2933509 -0.9548911 -0.01518803 -0.2875942 -0.957632 -0.1437927 -0.1736113 -0.9742601 -0.2195711 -0.1355798 -0.9661297 -0.2646882 -0.09297424 -0.9598417 -0.3314612 -0.05817282 -0.9416737 -0.379975 -0.01037776 -0.9249386 -0.4371245 0.0204913 -0.8991676 -0.4872931 0.07247251 -0.8702259 -0.5342791 0.09874671 -0.8395206 -0.5842046 0.1537895 -0.7969025 -0.6213877 0.1753199 -0.7636362 -0.6688207 0.2319588 -0.70631 -0.6966418 0.2486661 -0.6729453 -0.7390025 0.305005 -0.6007057 -0.7583819 0.3171069 -0.5694736 -0.7935348 0.3717942 -0.4817382 -0.8056543 0.3797139 -0.454685 -0.8309128 0.4305356 -0.3524528 -0.8373634 0.4350038 -0.3310503 -0.8503947 0.4800365 -0.2153924 -0.8528581 0.4819142 -0.200977 -0.8514811 0.5192046 -0.0735293 -0.8518162 0.5195636 -0.06680339 -0.05323386 -0.4305562 -0.9009925 -0.03831589 -0.4240328 -0.9048359 -0.1644105 -0.3224803 -0.9321886 -0.223959 -0.3018997 -0.9266601 -0.2920988 -0.2406596 -0.925614 -0.3445118 -0.2203424 -0.9125573 -0.4130443 -0.1532498 -0.8977243 -0.4577065 -0.1340667 -0.8789374 -0.5244364 -0.06229811 -0.8491675 -0.5612243 -0.04489344 -0.8264453 -0.623891 0.03025877 -0.7809253 -0.6527013 0.04525381 -0.7562627 -0.7088296 0.1221318 -0.6947261 -0.7303862 0.1345195 -0.669657 -0.7775323 0.2113449 -0.5922642 -0.7922272 0.2207651 -0.5688927 -0.8281034 0.2957606 -0.4762042 -0.8372971 0.3024886 -0.4554496 -0.8595609 0.3734679 -0.3488222 -0.8642749 0.377618 -0.3323154 -0.8709737 0.4425661 -0.2134013 -0.8726558 0.4446469 -0.201894 -0.8621334 0.5013739 -0.07314431 -0.8622425 0.5020477 -0.06697779 -0.05614012 -0.5746493 -0.8164721 -0.03077441 -0.5671566 -0.8230348 -0.1743614 -0.4682459 -0.866224 -0.2397989 -0.4452844 -0.8626808 -0.3096989 -0.387527 -0.8682796 -0.3671928 -0.3632566 -0.8562793 -0.4373686 -0.2971721 -0.8487623 -0.486144 -0.2729077 -0.830172 -0.554229 -0.199357 -0.808138 -0.5939322 -0.1762648 -0.7849684 -0.6573178 -0.09650361 -0.7474092 -0.6882528 -0.07542622 -0.7215394 -0.7441786 0.008939862 -0.667921 -0.7666558 0.0271148 -0.6414855 -0.8124299 0.1142958 -0.5717465 -0.8275244 0.1292154 -0.5463577 -0.8604246 0.2170271 -0.461052 -0.8692014 0.228307 -0.4385941 -0.8867571 0.3144321 -0.3388134 -0.8908044 0.3222751 -0.320322 -0.8907794 0.4041545 -0.2077766 -0.8916593 0.4087515 -0.1945918 -0.8723294 0.4836179 -0.07179933 -0.8717862 0.485636 -0.06439238 -0.06490349 -0.687619 -0.7231649 -0.04945129 -0.6781471 -0.7332606 -0.1943368 -0.5943243 -0.7803922 -0.2440816 -0.5843202 -0.7739471 -0.336264 -0.5165839 -0.7874438 -0.3799225 -0.5040186 -0.7756443 -0.4693919 -0.4252153 -0.7738626 -0.5063364 -0.4111889 -0.7579888 -0.590162 -0.3226329 -0.7400113 -0.6202304 -0.3081282 -0.7213676 -0.6955614 -0.2113465 -0.6866782 -0.7186799 -0.1973631 -0.6667435 -0.7825137 -0.09448081 -0.6154231 -0.7993676 -0.08163028 -0.5952715 -0.8489762 0.02512067 -0.5278336 -0.8600915 0.03611302 -0.50886 -0.8930073 0.1443416 -0.4262667 -0.8993767 0.1531038 -0.4094884 -0.9133455 0.2597362 -0.3135873 -0.9161339 0.2661366 -0.2997831 -0.9094852 0.3684857 -0.1924964 -0.9099209 0.3726011 -0.1822429 -0.8814516 0.4676139 -0.06618392 -0.8808419 0.4695409 -0.06040555 -0.07057732 -0.7950648 -0.6024044 -0.04655933 -0.7805483 -0.6233592 -0.2063321 -0.7072975 -0.6761341 -0.2557154 -0.6974678 -0.6694389 -0.3548019 -0.6339999 -0.6871388 -0.3979847 -0.6205813 -0.6756383 -0.4935382 -0.5431711 -0.6792534 -0.5299074 -0.5274317 -0.6640888 -0.6186655 -0.4373322 -0.6526818 -0.647965 -0.4205008 -0.6350751 -0.7268351 -0.3192239 -0.6081175 -0.7492427 -0.3023793 -0.5892387 -0.8149557 -0.1921561 -0.5467388 -0.8307839 -0.1764113 -0.527899 -0.8804954 -0.05957353 -0.4702968 -0.8906462 -0.04560011 -0.4524049 -0.9216604 0.07501053 -0.3806778 -0.9270791 0.08656561 -0.3647341 -0.9371285 0.2076076 -0.2805159 -0.9389882 0.2163258 -0.2674027 -0.9263623 0.3348965 -0.1723285 -0.9260056 0.3405884 -0.1628291 -0.8896877 0.4526457 -0.05973136 -0.8884425 0.4558407 -0.05365806 -0.8944262 0.4446416 -0.04791188 -0.8947436 0.4436436 -0.05113029 -0.9379392 0.3155847 -0.1437925 -0.9377219 0.3137472 -0.149132 -0.9554577 0.1773406 -0.2359045 -0.9541119 0.1746956 -0.2432118 -0.946406 0.03442275 -0.3211397 -0.9433361 0.03106093 -0.3303821 -0.9110678 -0.1095985 -0.3974213 -0.9059267 -0.1132963 -0.4079961 -0.8506017 -0.2506229 -0.4622389 -0.8425256 -0.2545985 -0.4746896 -0.7664573 -0.3846012 -0.5144172 -0.7555413 -0.3882098 -0.5276841 -0.6611402 -0.5081135 -0.5520094 -0.6469976 -0.5109747 -0.5659495 -0.5375998 -0.6174949 -0.5741834 -0.5202165 -0.6191126 -0.5882809 -0.3991752 -0.709829 -0.5803463 -0.3786999 -0.7097078 -0.5940549 -0.2497825 -0.7825109 -0.5703379 -0.2263891 -0.7801583 -0.5831819 -0.09338682 -0.833547 -0.5444983 -0.06163018 -0.9003393 -0.4308026 -0.08471411 -0.8584307 -0.5058857 -0.0676946 -0.8285116 -0.5558651 -0.9025651 0.42939 -0.03162962 -0.9030184 0.4282782 -0.03369748 -0.9554384 0.2795465 -0.0948224 -0.9556549 0.2776102 -0.09826743 -0.9803897 0.1212426 -0.1553578 -0.979975 0.1186898 -0.1598805 -0.9766409 -0.04050666 -0.2110254 -0.9752191 -0.04370528 -0.2168814 -0.9443983 -0.2008165 -0.2603549 -0.9415362 -0.2045588 -0.2677037 -0.8843897 -0.3556913 -0.3022227 -0.8800342 -0.3594205 -0.3104137 -0.7988193 -0.4998348 -0.3347432 -0.7923823 -0.5035431 -0.3443466 -0.6898623 -0.6294229 -0.3576548 -0.6813897 -0.6325954 -0.3681457 -0.5607559 -0.740705 -0.3700119 -0.5502493 -0.7429575 -0.3811035 -0.4153484 -0.8303763 -0.3714307 -0.4028126 -0.8313455 -0.3828925 -0.257839 -0.8958208 -0.3619725 -0.2436074 -0.8951387 -0.3733393 -0.904707 0.4253415 -0.02428907 -0.9053003 0.4239772 -0.02597719 -0.9601715 0.2697122 -0.0729801 -0.9605687 0.2675926 -0.07551252 -0.9871739 0.1060356 -0.1193487 -0.9870456 0.1028842 -0.1231091 -0.9848795 -0.06073623 -0.162245 -0.9838501 -0.06456011 -0.1669462 -0.9534472 -0.2255773 -0.2001335 -0.9511412 -0.2300313 -0.205951 -0.8938124 -0.3837258 -0.2320643 -0.8900175 -0.3884041 -0.2387701 -0.8077527 -0.5305792 -0.2569463 -0.8021844 -0.535252 -0.2645856 -0.6979464 -0.6615984 -0.2741501 -0.6905322 -0.6658518 -0.2825005 -0.5675551 -0.7731219 -0.283132 -0.5581668 -0.7766149 -0.2920947 -0.4203963 -0.8618355 -0.2837367 -0.4093136 -0.8641103 -0.292875 -0.2609829 -0.9251018 -0.2758163 -0.2480444 -0.9258376 -0.285129 -0.9064016 0.422075 -0.01699405 -0.906672 0.4214584 -0.01785498 -0.9636561 0.262316 -0.05056917 -0.9639141 0.2610139 -0.05235791 -0.9920781 0.09436959 -0.08291786 -0.9920406 0.09283477 -0.08507102 -0.9907386 -0.07615309 -0.1124179 -0.9902469 -0.0781331 -0.1153529 -0.9597163 -0.2444331 -0.1385532 -0.9586028 -0.246692 -0.1422104 -0.9000221 -0.4052448 -0.160427 -0.8980643 -0.4077435 -0.1650023 -0.8133029 -0.5540806 -0.1775758 -0.8105161 -0.5564779 -0.1827457 -0.7024112 -0.686168 -0.1891877 -0.698634 -0.6883683 -0.1950889 -0.5704299 -0.7978314 -0.1951277 -0.5657335 -0.7995834 -0.2015244 -0.4215577 -0.8855606 -0.1951193 -0.4157315 -0.886729 -0.2021859 -0.2599008 -0.9468751 -0.1894177 -0.2533119 -0.947189 -0.1966367 -0.9072902 0.420381 -0.01020205 -0.9075255 0.4198573 -0.01082843 -0.965662 0.257974 -0.03076255 -0.9658393 0.2571971 -0.03168529 -0.9948555 0.08793836 -0.05029195 -0.9948815 0.08691293 -0.05154591 -0.9940624 -0.08477395 -0.06821566 -0.993803 -0.08624303 -0.07012569 -0.9633023 -0.2548593 -0.08423423 -0.9627156 -0.2563573 -0.08636927 -0.903541 -0.4172717 -0.09745633 -0.9024472 -0.4189824 -0.1002137 -0.8165947 -0.5670531 -0.1078134 -0.8150506 -0.5686804 -0.1108832 -0.7051484 -0.6997163 -0.1147295 -0.7028878 -0.7013577 -0.1185171 -0.5724716 -0.8113335 -0.1183821 -0.5696943 -0.8126825 -0.122456 -0.4225245 -0.8985964 -0.118311 -0.419246 -0.8995534 -0.1226238 -0.2599443 -0.958801 -0.1145854 -0.2560896 -0.9592748 -0.119206 -0.258102 -0.9652866 -0.04006379 -0.2593611 -0.9650154 -0.03843146 -0.4215077 -0.9058878 -0.0412122 -0.42261 -0.9054437 -0.03965586 -0.5721338 -0.8191304 -0.0410878 -0.5730614 -0.8185533 -0.03963589 -0.7055193 -0.7075788 -0.03968387 -0.7061395 -0.707021 -0.03857922 -0.8175731 -0.5746151 -0.03730386 -0.8180822 -0.5739591 -0.03622758 -0.9048492 -0.4243987 -0.03366982 -0.9051886 -0.4237464 -0.03275096 -0.9648833 -0.2610719 -0.02901369 -0.9650717 -0.2604582 -0.02825003 -0.9956687 -0.08995735 -0.0234822 -0.9957146 -0.0895639 -0.02303755 -0.996313 0.08400708 -0.01741021 -0.9962822 0.08447158 -0.01691991 -0.9667816 0.2553821 -0.01064664 -0.9667031 0.2556923 -0.01033115 -0.9078815 0.4192112 -0.003615736 -0.9078227 0.4193397 -0.003485321 -0.8985055 0.4371481 -0.03986549 -0.8997798 0.4341502 -0.04370206 -0.947203 0.2971692 -0.1204037 -0.9480122 0.2920167 -0.1264881 -0.9689825 0.148415 -0.1976004 -0.9683764 0.1411306 -0.2057406 -0.9631628 -0.004234969 -0.2688857 -0.9602128 -0.01354199 -0.2789406 -0.9300947 -0.1564567 -0.3323329 -0.9239547 -0.1673641 -0.3439433 -0.8705863 -0.3046292 -0.3863685 -0.8605432 -0.3165318 -0.3990903 -0.7867872 -0.4435933 -0.4291747 -0.772257 -0.45581 -0.4425566 -0.6807384 -0.5702206 -0.4598301 -0.6615266 -0.581797 -0.4731753 -0.5557065 -0.6806778 -0.4773552 -0.5315656 -0.6907963 -0.4901413 -0.4150717 -0.7719848 -0.4814093 -0.3862237 -0.7796494 -0.492928 -0.262741 -0.8416197 -0.471851 -0.2296678 -0.8458598 -0.481429 -0.07037991 -0.8955921 -0.4392739 -0.09280931 -0.9351757 -0.3418083 -0.07706624 -0.9325044 -0.3528405 -0.09371453 -0.9610939 -0.2598384 -0.07941699 -0.9598949 -0.268877 -0.09056425 -0.9798734 -0.177894 -0.08326339 -0.9791666 -0.1852025 -0.08953827 -0.9901676 -0.107476 -0.08524531 -0.9900194 -0.1122271 -0.08832514 -0.9954409 -0.03599977 -0.08694636 -0.9955008 -0.0376656 -0.003888964 0.07844692 -0.9969108 -0.1686408 0.1219779 -0.9781011 -0.01157265 0.2334372 -0.9723029 -0.2598978 0.1897939 -0.9468006 -0.01896828 0.3826193 -0.9237114 -0.02589488 0.5223276 -0.8523517 -0.5333133 0.3885504 -0.7514023 -0.03217893 0.6490886 -0.7600319 -0.03767132 0.759874 -0.648978 -0.6785557 0.4934779 -0.5440972 -0.04223227 0.8518835 -0.5220258 -0.7248191 0.5285239 -0.4419274 -0.04575467 0.9229186 -0.3822667 -0.04937839 0.995702 -0.0783537 -0.04936468 0.9957482 -0.07777267 -0.1202725 0.9896831 -0.0778588 -0.1389617 0.9282138 0.3451213 -0.1691309 0.9825145 -0.07784634 -0.2387919 0.9679493 -0.0777989 -0.2436994 0.9639803 0.1065483 -0.2864116 0.9548848 -0.0785076 -0.3388059 0.9375823 -0.07842183 -0.3388063 0.9376357 -0.07777935 -0.3995374 0.9134034 -0.07787257 -0.4109139 0.8598277 0.3030613 -0.4442735 0.8925026 -0.07784724 -0.5068123 0.8585354 -0.07783621 -0.5034783 0.8308641 0.2370115 -0.5486706 0.8323484 -0.07846516 -0.5985131 0.7972699 -0.07837522 -0.6612592 0.7197062 0.211564 -0.6819631 0.7272494 -0.07768374 -0.7321109 0.6767403 -0.07769352 -0.70759 0.6315886 0.3168789 -0.7647106 0.6396571 -0.07782357 -0.8057933 0.5870721 -0.07774025 -0.04815 0.9712347 -0.2332051 -0.04813992 0.9713816 -0.232595 -0.1439965 0.9618561 -0.2325894 -0.1439964 0.9618541 -0.2325975 -0.2384258 0.9428976 -0.2325884 -0.2384082 0.9427611 -0.2331587 -0.330471 0.9145657 -0.2331492 -0.3305014 0.9146966 -0.2325915 -0.4193658 0.8775188 -0.2325794 -0.419363 0.8775107 -0.2326144 -0.504099 0.8317277 -0.2326227 -0.5040453 0.8316091 -0.233162 -0.5838127 0.7776889 -0.2331584 -0.5985115 0.7972689 -0.07839781 -0.6450812 0.7600721 -0.07848972 -0.7255662 0.6476359 -0.2326399 -0.7255532 0.6476212 -0.2327218 -0.6579316 0.7162203 -0.2327117 -0.6578704 0.7161355 -0.2331453 -0.5838141 0.7776904 -0.2331498 -0.8067209 0.5873214 -0.06523072 -0.7998856 0.5827697 -0.1433959 -0.7860739 0.5726832 -0.2326409 -0.7910652 0.5754392 -0.2075707 -0.7749845 0.5646227 -0.2839021 -0.0457533 0.9229071 -0.3822944 -0.1368103 0.9138541 -0.3823005 -0.1368141 0.9138711 -0.3822584 -0.2265317 0.8958604 -0.3822533 -0.2265309 0.8958577 -0.38226 -0.3140281 0.8690606 -0.3822564 -0.3140219 0.8690466 -0.3822935 -0.3984359 0.8337232 -0.3823015 -0.3984434 0.8337363 -0.3822652 -0.4789542 0.7902406 -0.38226 -0.4789468 0.7902302 -0.3822907 -0.5547574 0.7389844 -0.3822907 -0.5547581 0.738985 -0.3822886 -0.6251268 0.6804919 -0.3822922 -0.6251456 0.6805096 -0.3822298 -0.6893888 0.6153413 -0.382228 -0.6893745 0.6153303 -0.3822715 -0.7468552 0.5441288 -0.3822711 -0.7590236 0.5516535 -0.3457768 -0.03767102 0.7598707 -0.6489819 -0.1126411 0.7524123 -0.6489899 -0.1126424 0.7524188 -0.6489819 -0.1865114 0.7375913 -0.6489781 -0.1865102 0.7375874 -0.648983 -0.2585478 0.7155233 -0.6489835 -0.2585477 0.7155231 -0.6489837 -0.3280513 0.6864417 -0.648984 -0.3280599 0.6864578 -0.6489626 -0.3943467 0.6506477 -0.6489594 -0.3943457 0.6506462 -0.6489615 -0.4567683 0.6084511 -0.6489608 -0.4567469 0.6084251 -0.6490002 -0.5146823 0.5602643 -0.649004 -0.5146624 0.5602444 -0.649037 -0.567548 0.5065872 -0.6490445 -0.5675494 0.5065882 -0.6490424 -0.04223328 0.8518933 -0.5220099 -0.1262856 0.843545 -0.5219998 -0.1262806 0.8435199 -0.5220414 -0.2090899 0.8268842 -0.5220575 -0.2090933 0.8268953 -0.5220385 -0.2898526 0.8021586 -0.5220412 -0.2898538 0.8021617 -0.522036 -0.3677732 0.7695595 -0.5220355 -0.3677752 0.7695632 -0.5220286 -0.4420875 0.7294147 -0.5220276 -0.4420745 0.7293956 -0.5220655 -0.5120484 0.6820921 -0.5220698 -0.5120751 0.6821241 -0.5220018 -0.5770317 0.6281346 -0.5219976 -0.5770235 0.6281266 -0.5220162 -0.6363225 0.5679765 -0.5220118 -0.6363428 0.5679928 -0.5219694 -0.6894004 0.5022728 -0.5219666 -0.6148673 0.4479706 -0.649046 -0.6489902 0.4705953 -0.5977891 -0.6079916 0.4429579 -0.6588889 -0.02589333 0.5223088 -0.8523631 -0.0774275 0.5171923 -0.8523598 -0.07743132 0.5172134 -0.8523466 -0.1282072 0.5070188 -0.8523468 -0.1282053 0.5070122 -0.8523509 -0.1777238 0.4918447 -0.8523516 -0.177726 0.4918501 -0.8523479 -0.2255027 0.4718617 -0.8523468 -0.2254951 0.4718469 -0.852357 -0.2710589 0.4472298 -0.8523571 -0.2710646 0.4472387 -0.8523505 -0.3139715 0.4182375 -0.8523494 -0.313988 0.4182581 -0.8523331 -0.3538193 0.3851526 -0.8523317 -0.3537985 0.3851312 -0.85235 -0.3901572 0.3482505 -0.8523491 -0.3901175 0.3482173 -0.8523808 -0.03217947 0.6490948 -0.7600266 -0.09622073 0.6427267 -0.7600289 -0.0962218 0.6427326 -0.7600239 -0.1593228 0.6300699 -0.7600185 -0.1593208 0.6300629 -0.7600247 -0.2208573 0.6112158 -0.7600245 -0.2208605 0.6112239 -0.7600171 -0.2802339 0.5863829 -0.7600159 -0.2802181 0.586353 -0.7600448 -0.3368363 0.5557592 -0.760048 -0.3368424 0.5557686 -0.7600384 -0.3901592 0.5197246 -0.7600409 -0.3901426 0.5197041 -0.7600634 -0.4396284 0.4785648 -0.7600675 -0.4396834 0.4786205 -0.7600007 -0.4848684 0.4327883 -0.759998 -0.48486 0.4327812 -0.7600074 -0.5254731 0.3824658 -0.7599986 -0.4223843 0.3082506 -0.8523926 -0.4498798 0.3267252 -0.8311792 -0.3859477 0.2811843 -0.8786239 -0.01896864 0.3826244 -0.9237092 -0.05672031 0.3788712 -0.9237096 -0.05671709 0.3788534 -0.9237171 -0.09390884 0.3713803 -0.9237195 -0.09391474 0.371401 -0.9237106 -0.1301887 0.3602924 -0.9237101 -0.1301839 0.3602803 -0.9237154 -0.1651789 0.3456356 -0.9237164 -0.1651859 0.3456491 -0.9237101 -0.1985635 0.3276166 -0.9237098 -0.1985668 0.3276218 -0.9237073 -0.2299989 0.3063777 -0.9237062 -0.2299984 0.306377 -0.9237066 -0.2591765 0.2821295 -0.9237048 -0.259167 0.2821197 -0.9237105 -0.2857997 0.2551036 -0.9237103 -0.2858115 0.2551136 -0.9237039 -0.3096446 0.2255933 -0.9237033 -0.3393092 0.2458776 -0.9079722 -0.003889143 0.07844942 -0.9969105 -0.01162952 0.0776816 -0.9969104 -0.01162904 0.07767897 -0.9969106 -0.01925522 0.07614785 -0.9969106 -0.01925456 0.07614558 -0.9969108 -0.02669095 0.07386666 -0.9969109 -0.02669358 0.07387334 -0.9969103 -0.03386956 0.07087171 -0.9969102 -0.0338695 0.07087165 -0.9969102 -0.04071378 0.06717473 -0.9969102 -0.04070919 0.06716763 -0.9969109 -0.04715287 0.06281155 -0.9969109 -0.04715353 0.06281244 -0.9969108 -0.0531345 0.05784046 -0.9969108 -0.0531401 0.05784624 -0.9969102 -0.05860143 0.052307 -0.9969101 -0.05859237 0.05229932 -0.9969111 -0.01157253 0.2334355 -0.9723034 -0.03460395 0.2311442 -0.9723039 -0.03460431 0.231146 -0.9723035 -0.05729711 0.2265908 -0.9723033 -0.05729711 0.2265908 -0.9723033 -0.07942759 0.2198136 -0.9723031 -0.07942551 0.2198083 -0.9723044 -0.1007768 0.2108741 -0.9723046 -0.1007746 0.2108698 -0.9723057 -0.1211366 0.1998671 -0.9723061 -0.1211442 0.199879 -0.9723027 -0.1403193 0.186917 -0.9723027 -0.1403186 0.1869162 -0.9723029 -0.1581177 0.1721211 -0.972303 -0.1581079 0.172111 -0.9723064 -0.1743549 0.1556281 -0.9723067 -0.1743726 0.155643 -0.9723011 -0.1889125 0.1376338 -0.972301 -0.06347775 0.04624724 -0.9969111 -0.117139 0.08313691 -0.9896296 -0.05290353 0.03854334 -0.9978556 -0.08074736 0.9967346 0 -0.08074736 0.9967346 0 -0.2402233 0.9707176 0 -0.2402233 0.9707176 0 -0.3933835 0.9193745 0 -0.3933835 0.9193745 0 -0.5362336 0.8440696 0 -0.5362336 0.8440696 0 -0.6652195 0.746648 0 -0.6652195 0.746648 0 -0.7767608 0.6297958 0 -0.7767608 0.6297958 0 -0.8679524 0.4966475 0 -0.8679524 0.4966475 0 -0.9366549 0.3502538 0 -0.9366549 0.3502538 0 -0.9808124 0.1949535 0 -0.9808124 0.1949535 0 -0.9994087 0.03438419 0 -0.9994087 0.03438419 0 -0.9919341 -0.1267545 0 -0.9919341 -0.1267545 0 -0.9585098 -0.2850594 0 -0.9585098 -0.2850594 0 -0.9001892 -0.4354992 0 -0.9001892 -0.4354992 0 -0.04160857 0.1292864 -0.9907339 -0.9584532 -0.2850425 -0.01087975 -0.9917783 -0.1267346 -0.01772707 -0.9991117 0.03437393 -0.02437627 -0.9803699 0.1948655 -0.03003901 -0.867287 0.4962667 -0.03914749 -0.7760646 0.6292313 -0.04232889 -0.6645707 0.7459197 -0.04415529 -0.5356932 0.8432191 -0.04488062 -0.2400017 0.9698221 -0.04294514 -0.08246028 0.9956996 -0.04222053 -0.08068192 0.9959267 -0.04025453 -0.07857638 0.9889754 -0.1255131 -0.05850684 0.9879637 -0.1431947 -0.08230435 0.9776142 -0.1936398 -0.0761162 0.9669505 -0.2433373 -0.08354675 0.9632332 -0.2553462 -0.07470542 0.9483358 -0.3083478 -0.05117976 0.9396837 -0.3381939 -0.08665257 0.9204697 -0.3810865 -0.06824404 0.8896856 -0.4514446 -0.07469969 0.8914219 -0.4469752 -0.07582813 0.8680286 -0.4906899 -0.05917322 0.8388775 -0.5410944 -0.09152102 0.8151969 -0.5719074 -0.05289399 0.7512686 -0.6578737 -0.0903598 0.7157316 -0.6925051 -0.0693264 0.6822304 -0.7278431 -0.06701976 0.6618512 -0.7466334 -0.03979408 0.6161726 -0.7866052 -0.06598246 0.6121003 -0.7880225 -0.0637297 0.5329833 -0.8437223 -0.034029 0.4844773 -0.8741418 -0.05590099 0.4793433 -0.8758453 -0.06083375 0.3876301 -0.9198055 -0.05230504 0.374193 -0.9258747 -0.06518155 0.3320596 -0.9410036 -0.9583872 -0.2852582 -0.0110343 -0.9569765 -0.2874754 -0.03941857 -0.9562631 -0.2897482 -0.04008585 -0.9532529 -0.2950593 -0.06518352 -0.9524673 -0.297334 -0.0663219 -0.9480978 -0.3044679 -0.09170472 -0.9462688 -0.3100833 -0.09178048 -0.9400248 -0.3207827 -0.1159823 -0.9383931 -0.3253253 -0.1165407 -0.9308482 -0.3377075 -0.1395541 -0.9280532 -0.3462403 -0.1372408 -0.9160993 -0.3659807 -0.1637691 -0.9131094 -0.3752909 -0.1593363 -0.905915 -0.3873005 -0.1712199 -0.9042347 -0.3907568 -0.1722459 -0.8960022 -0.403833 -0.1846596 -0.8931098 -0.4134725 -0.1771876 -0.8764129 -0.4401653 -0.1953329 -0.874049 -0.4489231 -0.1857586 -0.8621277 -0.4678779 -0.1944888 -0.8604016 -0.472593 -0.1906959 -0.8470786 -0.49303 -0.1984425 -0.845942 -0.4995614 -0.1866022 -0.9916709 -0.1274923 -0.0182923 -0.9892674 -0.1311118 -0.06449592 -0.9887931 -0.134165 -0.06548154 -0.9839562 -0.1428974 -0.1068198 -0.9833486 -0.145847 -0.1084165 -0.9760614 -0.1575431 -0.1499475 -0.9746138 -0.1658264 -0.1504314 -0.9645906 -0.183188 -0.1897557 -0.963126 -0.189625 -0.1908682 -0.950842 -0.2096018 -0.2279618 -0.9486744 -0.2217764 -0.2254595 -0.9296815 -0.2531421 -0.2676029 -0.9273289 -0.2671173 -0.2621251 -0.9161117 -0.2860575 -0.2809102 -0.9138957 -0.2913755 -0.2826572 -0.9010895 -0.3114817 -0.3016901 -0.8990049 -0.3265832 -0.2917765 -0.8736543 -0.367104 -0.3193159 -0.8723039 -0.3810814 -0.3063707 -0.8545302 -0.4095087 -0.3195005 -0.8527736 -0.4171313 -0.3142909 -0.8331126 -0.4471106 -0.3256002 -0.8334022 -0.4588228 -0.308095 -0.8678296 0.4952248 -0.04030281 -0.8620597 0.4866094 -0.1416485 -0.8646686 0.4809888 -0.1449067 -0.8547207 0.4627066 -0.2352765 -0.8564212 0.4568737 -0.2404351 -0.8400421 0.4307656 -0.3298032 -0.8459358 0.4147624 -0.3352088 -0.8249746 0.3781499 -0.4200233 -0.8277304 0.3646591 -0.4264811 -0.8012519 0.3217889 -0.5044279 -0.8094754 0.2953476 -0.5074636 -0.7696648 0.2295708 -0.595746 -0.7792291 0.1976336 -0.5947629 -0.7570584 0.1597882 -0.6335063 -0.7541134 0.1468959 -0.6401053 -0.7276146 0.1056196 -0.6778064 -0.7397089 0.06756144 -0.6695269 -0.688569 -0.01424556 -0.7250309 -0.7024722 -0.05439043 -0.7096298 -0.6680536 -0.1098334 -0.7359626 -0.6704232 -0.1325185 -0.7300491 -0.6320706 -0.1906 -0.7511048 -0.6498301 -0.2307457 -0.7242081 -0.7766958 0.6283768 -0.04343217 -0.7705343 0.6188644 -0.1525899 -0.7743972 0.6129925 -0.156682 -0.7636941 0.5936766 -0.2536128 -0.7663848 0.5873689 -0.2601002 -0.7488721 0.5590738 -0.3558472 -0.7573912 0.542645 -0.3631736 -0.7349519 0.5037485 -0.4539639 -0.7394861 0.4889819 -0.4626631 -0.7112641 0.4429595 -0.5457933 -0.7235081 0.414415 -0.5520836 -0.6810258 0.3441747 -0.6463341 -0.6952639 0.3087972 -0.6490395 -0.6716384 0.2687638 -0.6904114 -0.6687504 0.2542086 -0.698678 -0.6407952 0.2103223 -0.7383401 -0.6583836 0.167123 -0.7338944 -0.6038248 0.07982635 -0.7931098 -0.6234707 0.03339362 -0.7811332 -0.5868254 -0.02546954 -0.8093128 -0.5909675 -0.05205249 -0.8050142 -0.5502474 -0.1139245 -0.8271934 -0.574458 -0.1623945 -0.8022632 -0.66545 0.745055 -0.04549056 -0.6591337 0.7349001 -0.1595764 -0.6642243 0.7292268 -0.1644214 -0.6529355 0.7093622 -0.2654819 -0.656618 0.7030189 -0.2731615 -0.6385954 0.6733663 -0.3725236 -0.650024 0.6568458 -0.3821288 -0.6266058 0.6167029 -0.4764901 -0.6331374 0.6009852 -0.4878051 -0.6041219 0.5532397 -0.5735526 -0.6205632 0.5235937 -0.5837388 -0.5765162 0.4507295 -0.6815218 -0.5958321 0.4126197 -0.6890059 -0.5714815 0.3718034 -0.7315539 -0.5686892 0.3556885 -0.7416726 -0.5400964 0.3103197 -0.7823027 -0.5634484 0.2629292 -0.7831949 -0.5068704 0.172385 -0.8446099 -0.5325459 0.1202722 -0.8378124 -0.4945766 0.05955928 -0.867091 -0.5006307 0.02908205 -0.8651723 -0.4586017 -0.03507578 -0.8879495 -0.4894175 -0.09150469 -0.8672355 -0.5369994 0.8422911 -0.04666286 -0.5307732 0.83182 -0.1623432 -0.536956 0.8267526 -0.1678054 -0.5252963 0.8068181 -0.2703855 -0.5300397 0.8006408 -0.2793424 -0.5121144 0.7705079 -0.3795477 -0.5267356 0.7543431 -0.3918113 -0.5028637 0.7139868 -0.4871867 -0.5111591 0.698513 -0.5007953 -0.482176 0.6502862 -0.5870556 -0.5030989 0.6201956 -0.6018713 -0.458661 0.5466546 -0.7005705 -0.4828358 0.5074844 -0.713673 -0.4583917 0.4670074 -0.7561622 -0.4556781 0.4491881 -0.7684969 -0.4274571 0.4038307 -0.8088271 -0.4566008 0.353365 -0.8164857 -0.3994485 0.2618252 -0.8785718 -0.4312981 0.204664 -0.8786891 -0.3929479 0.1436567 -0.9082701 -0.4009777 0.1094 -0.909532 -0.3588145 0.04465103 -0.9323403 -0.396211 -0.01934272 -0.9179557 -0.2415669 0.9693506 -0.04477411 -0.236094 0.9592676 -0.15513 -0.2447997 0.9559189 -0.1621489 -0.2332229 0.9372406 -0.2592048 -0.2398645 0.9324171 -0.2703022 -0.2236106 0.9039513 -0.3645136 -0.2437971 0.8914433 -0.381958 -0.2209227 0.8538044 -0.4713929 -0.2328555 0.8398715 -0.4903002 -0.2063661 0.7948601 -0.5706229 -0.2354604 0.767758 -0.5959079 -0.1937808 0.6987676 -0.6886021 -0.2273669 0.6606131 -0.7154681 -0.2045062 0.6237655 -0.7543831 -0.202084 0.6039218 -0.7709996 -0.1771141 0.5627065 -0.8074602 -0.2170357 0.5098395 -0.8324418 -0.1629409 0.4231618 -0.8912824 -0.2060853 0.3594055 -0.9101409 -0.1697429 0.3023526 -0.9379606 -0.1812322 0.2623951 -0.9477888 -0.1419444 0.2012076 -0.9692097 -0.1915332 0.1238524 -0.9736404 -0.09706145 0.2135168 -0.9721058 0.0402528 0.2826715 -0.9583718 -0.04162085 0.2952514 -0.9545126 -0.8337324 -0.5483178 -0.06509906 -0.8443497 -0.5321816 -0.06209945 -0.8454893 -0.5296866 -0.06767618 -0.8521771 -0.5193551 -0.06375366 -0.8532392 -0.5173766 -0.06560713 -0.8589589 -0.508344 -0.06144958 -0.8610166 -0.5041659 -0.06683737 -0.8684918 -0.4922143 -0.05871218 -0.8709845 -0.4872242 -0.0632345 -0.874359 -0.4817919 -0.05807757 -0.8754961 -0.4797884 -0.05752992 -0.8782524 -0.4752475 -0.0530337 -0.8808671 -0.4700443 -0.05596095 -0.8854134 -0.4625357 -0.0458672 -0.8878218 -0.4577323 -0.04747247 -0.8904815 -0.453321 -0.03927743 -0.8918748 -0.4505933 -0.03905045 -0.8940027 -0.4469949 -0.03089809 -0.8957569 -0.4434635 -0.03098297 -0.8971921 -0.4410682 -0.0224784 -0.897842 -0.4397746 -0.02186137 -0.8988546 -0.4380354 -0.01361817 -0.8995931 -0.4365296 -0.01320195 -0.9000401 -0.4357907 -0.003795325 -0.9001834 -0.4354964 -0.003586351 -0.8332405 -0.5496076 -0.06034666 -0.830577 -0.5392988 -0.1389199 -0.8239693 -0.5328335 -0.192777 -0.8238009 -0.5311904 -0.1979617 -0.8041461 -0.5032664 -0.3163418 -0.8058416 -0.511999 -0.2974497 -0.7791596 -0.478783 -0.4045705 -0.9991184 0.03391695 -0.02474051 -0.9957151 0.02891141 -0.08783817 -0.9956942 0.02497762 -0.08927065 -0.9892694 0.01316672 -0.1455085 -0.9889419 0.008951306 -0.1480333 -0.9788975 -0.006959259 -0.2042335 -0.9785378 -0.01705425 -0.2053603 -0.9650733 -0.04058158 -0.2588177 -0.9641353 -0.04917466 -0.2608159 -0.9474721 -0.07611137 -0.3106504 -0.9467438 -0.09245419 -0.3084288 -0.9213123 -0.134446 -0.3648395 -0.9206532 -0.1531192 -0.3590992 -0.9057703 -0.1784549 -0.3843617 -0.9033672 -0.1851794 -0.3868285 -0.8861563 -0.2119911 -0.412052 -0.8861317 -0.2326655 -0.4007961 -0.8528212 -0.2859272 -0.4369687 -0.8537154 -0.3063742 -0.4210758 -0.830756 -0.3432546 -0.4382017 -0.8294274 -0.354239 -0.4319316 -0.8039364 -0.3929359 -0.4464164 -0.8069781 -0.4106854 -0.4244102 -0.7657493 -0.4729197 -0.4358613 -0.758085 -0.4633151 -0.4589622 -0.9805225 0.1939743 -0.03081572 -0.9761886 0.1876692 -0.1087939 -0.976866 0.1829204 -0.110783 -0.9690361 0.1684105 -0.1805739 -0.9692413 0.1638271 -0.1836626 -0.95668 0.1440203 -0.2530248 -0.9579046 0.1314723 -0.2552135 -0.941449 0.102602 -0.3211644 -0.9414448 0.09201288 -0.3243694 -0.9208617 0.05885958 -0.385421 -0.9224073 0.03916716 -0.3842275 -0.8912351 -0.01232463 -0.4533743 -0.8932293 -0.03599178 -0.4481586 -0.8753884 -0.06651574 -0.4788223 -0.8727751 -0.07503306 -0.4823211 -0.851659 -0.107803 -0.5128892 -0.854786 -0.134526 -0.5012421 -0.8144081 -0.1990823 -0.5450741 -0.8186823 -0.2257183 -0.5280252 -0.7911279 -0.2701132 -0.5487764 -0.7906649 -0.284969 -0.5418872 -0.7600716 -0.331276 -0.5590594 -0.7670811 -0.3559808 -0.5337269 -0.721973 -0.42449 -0.5464093 -0.7310303 -0.4453448 -0.5169747 -0.6628615 -0.374 -0.6486437 -0.7144093 -0.2957111 -0.6341722 -0.7023821 -0.2633716 -0.6612827 -0.7373467 -0.2104802 -0.6418862 -0.7365539 -0.1919853 -0.6485601 -0.7679685 -0.1413437 -0.624697 -0.759236 -0.1077398 -0.6418355 -0.8055937 -0.03359675 -0.591515 -0.7983955 -0.001192808 -0.6021322 -0.8226823 0.03649634 -0.5673288 -0.8254863 0.04711157 -0.5624526 -0.8457241 0.08177173 -0.5273179 -0.840246 0.1099247 -0.5309455 -0.8762561 0.1694152 -0.4510808 -0.8716726 0.1928289 -0.4505595 -0.8955495 0.2313389 -0.3800965 -0.8943037 0.2434226 -0.3754547 -0.9132959 0.2767486 -0.2988321 -0.909996 0.2910747 -0.2952673 -0.9246973 0.3142983 -0.2148288 -0.9237853 0.3197839 -0.2106159 -0.9327586 0.3364278 -0.1295287 -0.93118 0.341752 -0.1269229 -0.9363268 0.349291 -0.03588765 -0.9360756 0.3500372 -0.03516155 -0.6771153 -0.4022806 -0.6161861 -0.6350837 -0.3586713 -0.6841226 -0.587797 -0.324356 -0.7411397 -0.5977738 -0.3378168 -0.7270117 -0.5135718 -0.2548914 -0.8193133 -0.5403209 -0.3002221 -0.7860789 -0.4258503 -0.1881186 -0.8850215 -0.4593266 -0.2425178 -0.8545199 -0.3313371 -0.1179953 -0.9361051 -0.3716042 -0.1816937 -0.9104382 -0.3146815 -0.1254827 -0.9408665 -0.2254119 -0.05487787 -0.9727168 -0.2963982 0.05280178 -0.9536038 -0.2526099 0.1239176 -0.9596002 -0.2938551 0.1876757 -0.9372444 -0.2840074 0.2250034 -0.9320479 -0.3218541 0.2848024 -0.9029382 -0.2840951 0.3459033 -0.8942264 -0.3404189 0.4361592 -0.8329947 -0.3056747 0.4884997 -0.8172705 -0.3326258 0.5324024 -0.7784008 -0.3352125 0.5515145 -0.7638483 -0.3591752 0.5906488 -0.7225837 -0.3300145 0.6301089 -0.7028892 -0.3736329 0.7023276 -0.6059163 -0.3485531 0.7314198 -0.5861192 -0.3766698 0.7787023 -0.5017396 -0.3663823 0.7938749 -0.485311 -0.390042 0.8333403 -0.3916774 -0.3726443 0.8479716 -0.3769354 -0.3899797 0.8777396 -0.2783685 -0.384253 0.8833824 -0.2683002 -0.396016 0.9028961 -0.1671826 -0.3882954 0.907412 -0.1607179 -0.3942181 0.9178535 -0.04622715 -0.3929904 0.918456 -0.04468894 -0.07496678 0.003441095 -0.9971802 -0.008522987 0.1146919 -0.9933646 -0.1507833 -0.0238685 -0.9882786 -0.1184148 0.01276028 -0.9928823 -0.2061753 -0.04735761 -0.9773684 -0.261542 -0.1017757 -0.9598112 -0.03003436 -0.06478238 -0.9974474 -0.202023 -0.4350161 -0.8774666 -0.2541433 -0.5432381 -0.8001897 -0.496127 -0.8365076 -0.2326222 -0.7996236 -0.5974684 -0.06027913 -0.7933266 -0.5927712 -0.1387636 -0.6396598 -0.7116079 0.2906022 -0.7988571 -0.5964143 -0.07821381 -0.7609038 -0.6441218 -0.07831043 -0.7180916 -0.6558758 0.2327475 -0.7282902 -0.6807695 -0.078399 -0.6778704 -0.7309877 -0.07841265 -0.6410861 -0.7634557 -0.07838422 -0.5903581 -0.803334 -0.0783056 -0.5903555 -0.803325 -0.07841747 -0.544538 -0.8350539 -0.07850712 -0.5058631 -0.8530718 0.127949 -0.5028374 -0.8608763 -0.07776021 -0.4401351 -0.8945541 -0.07780665 -0.7646964 -0.5717608 -0.2972021 -0.4960629 -0.836424 -0.2330588 -0.5758684 -0.7836193 -0.2330588 -0.57585 -0.7835866 -0.2332143 -0.6500746 -0.7231948 -0.2332218 -0.6500726 -0.723192 -0.2332358 -0.7180022 -0.6557969 -0.2332454 -0.7179906 -0.6557835 -0.2333184 -0.7792934 -0.5816034 -0.2333221 -0.7852535 -0.5867391 -0.1977727 -0.3967581 -0.8489839 -0.3490118 -0.4111989 -0.8813669 -0.232611 -0.4127913 -0.884033 -0.219292 -0.3991043 -0.8544544 0.332601 -0.3879245 -0.9094947 -0.1494455 -0.3957837 -0.9155671 -0.07136011 -0.7117695 -0.5318282 -0.4588497 -0.7326314 -0.547416 -0.4044588 -0.74053 -0.552736 -0.382228 -0.682298 -0.623186 -0.3822416 -0.6822767 -0.6231635 -0.3823165 -0.6177242 -0.6872056 -0.3823159 -0.6177223 -0.6872032 -0.3823233 -0.547187 -0.7445909 -0.3823228 -0.5471765 -0.7445741 -0.3823707 -0.4713459 -0.794748 -0.3823725 -0.4713603 -0.7947769 -0.3822948 -0.3905689 -0.8374416 -0.3822926 -0.3717866 -0.795298 -0.4788275 -0.6307243 -0.471529 -0.6163175 -0.6859368 -0.5121385 -0.5169186 -0.5494925 -0.4105765 -0.727657 -0.5837662 -0.4361855 -0.6848058 -0.6098107 -0.4550042 -0.6489238 -0.5617799 -0.5131086 -0.6489399 -0.5617553 -0.513084 -0.6489806 -0.5086055 -0.5658156 -0.6489785 -0.5086159 -0.5658282 -0.6489595 -0.4505387 -0.6130737 -0.6489649 -0.4505176 -0.6130422 -0.6490094 -0.3880807 -0.6543571 -0.649007 -0.3880744 -0.6543455 -0.6490226 -0.6833281 -0.510383 -0.5220843 -0.6297517 -0.5751894 -0.5220825 -0.6297714 -0.5752094 -0.5220367 -0.5701858 -0.6343199 -0.5220407 -0.5702095 -0.6343491 -0.5219795 -0.5050997 -0.6873177 -0.5219853 -0.5051009 -0.6873195 -0.5219818 -0.4350981 -0.733634 -0.5219873 -0.4351025 -0.7336425 -0.5219717 -0.3604359 -0.7730748 -0.5219593 -0.3228526 -0.6888384 -0.6490516 -0.3376276 -0.7262242 -0.5988373 -0.3098347 -0.6635188 -0.6809884 -0.4943063 -0.3695942 -0.7868046 -0.5208877 -0.3885577 -0.760065 -0.4798204 -0.438248 -0.760073 -0.4799017 -0.438328 -0.7599757 -0.4344952 -0.48337 -0.7599786 -0.4344348 -0.4832977 -0.760059 -0.3848309 -0.523659 -0.7600569 -0.3848446 -0.5236791 -0.7600361 -0.331512 -0.5589736 -0.7600318 -0.3315044 -0.5589596 -0.7600454 -0.2749624 -0.5888388 -0.7600425 -0.2874177 -0.6183173 -0.7314881 -0.3290187 -0.2459837 -0.911723 -0.4148182 -0.3097725 -0.8555506 -0.4191415 -0.3128221 -0.8523278 -0.3861597 -0.3527068 -0.8523371 -0.386118 -0.3526662 -0.8523728 -0.3495882 -0.388908 -0.8523723 -0.3496109 -0.388935 -0.8523508 -0.3096925 -0.4214156 -0.8523494 -0.3096823 -0.4214007 -0.8523605 -0.2667623 -0.4497961 -0.8523622 -0.2667814 -0.4498308 -0.852338 -0.2219487 -0.4735307 -0.8523541 -0.1531251 -0.3293182 -0.9317201 -0.2200002 -0.1643822 -0.96155 -0.2662234 -0.1989198 -0.9431627 -0.1588408 -0.1186851 -0.9801446 -0.1875744 -0.1394839 -0.9722963 -0.1725763 -0.1576243 -0.9723024 -0.1725761 -0.1576241 -0.9723024 -0.1562471 -0.1738221 -0.9723027 -0.1562278 -0.1737995 -0.97231 -0.1383895 -0.1883147 -0.9723095 -0.1383945 -0.188322 -0.9723075 -0.119215 -0.2010118 -0.9723076 -0.1192218 -0.2010242 -0.9723042 -0.3071806 -0.2289475 -0.9237008 -0.2828661 -0.2583596 -0.9237084 -0.2828454 -0.2583395 -0.9237204 -0.256085 -0.2848894 -0.92372 -0.2560954 -0.2849016 -0.9237132 -0.2268539 -0.3086918 -0.9237135 -0.2268713 -0.308717 -0.9237008 -0.1954287 -0.3295202 -0.9237013 -0.1954119 -0.3294899 -0.9237157 -0.16208 -0.3470987 -0.9237167 -0.0988872 -0.2117697 -0.9723039 -0.1235294 -0.2687166 -0.9552654 -0.09017318 -0.1927278 -0.9771003 -0.04838937 -0.03615593 -0.998174 -0.03322982 -0.07116234 -0.9969111 -0.0400632 -0.06755155 -0.9969111 -0.04006707 -0.06755852 -0.9969105 -0.04651266 -0.06329262 -0.9969105 -0.04651361 -0.06329399 -0.9969104 -0.05250954 -0.05841553 -0.9969104 -0.05250889 -0.05841481 -0.9969105 -0.05799585 -0.05297154 -0.9969105 -0.0579859 -0.05296194 -0.9969116 -0.06315529 -0.04671013 -0.99691 -0.1112149 -0.08309924 -0.990316 -0.367823 -0.9269683 -0.07372814 -0.3675863 -0.9272466 -0.07137215 -0.2679897 -0.7441567 -0.6118925 -0.2695152 -0.7541134 -0.5988944 -0.3032183 -0.8171464 -0.4902353 -0.3038629 -0.8235056 -0.4790676 -0.3319866 -0.872642 -0.3581631 -0.3320178 -0.8762173 -0.3492957 -0.3536744 -0.9095519 -0.2182427 -0.3537345 -0.9092211 -0.2195194 -0.3608823 -0.9205656 -0.1494089 -0.0805673 -0.3137037 -0.9460967 -0.09155637 -0.3540467 -0.9307354 -0.1318369 -0.4380112 -0.8892498 -0.1368908 -0.4611536 -0.8766973 -0.181373 -0.5525348 -0.8135165 -0.1851748 -0.5710519 -0.7997563 -0.2270899 -0.6553357 -0.7203924 -0.2249185 -0.643764 -0.731423 -0.2408902 -0.6916106 -0.6809161 0.02889859 -0.04917448 -0.998372 0.02052706 -0.08532768 -0.9961415 -0.02556627 -0.1836029 -0.982668 -0.03298783 -0.2157916 -0.9758821 -0.06844574 -0.2908824 -0.9543074 -0.3428053 -0.9367106 -0.07111799 -0.3423032 -0.936406 -0.07728093 -0.311353 -0.9259316 -0.2137987 -0.3098577 -0.9238048 -0.224884 -0.2732387 -0.8952722 -0.3518924 -0.2703697 -0.8900533 -0.3670223 -0.2293227 -0.8455047 -0.4822167 -0.2247348 -0.8359532 -0.5006761 -0.1805127 -0.7776725 -0.6021965 -0.1739879 -0.7627396 -0.6228615 -0.1279138 -0.6933348 -0.709172 -0.1193901 -0.6722816 -0.7306048 -0.07260531 -0.5942872 -0.8009689 -0.06212562 -0.5665924 -0.8216529 -0.01580464 -0.4827342 -0.8756243 -0.003475427 -0.4479953 -0.8940291 0.04133045 -0.3609279 -0.9316774 0.0551514 -0.3194113 -0.9460099 0.097566 -0.2315751 -0.9679121 0.1124927 -0.1836201 -0.9765393 -0.3128706 -0.9472778 -0.06911516 -0.3109542 -0.9472559 -0.07754921 -0.2589127 -0.942629 -0.2107483 -0.2555586 -0.9407799 -0.2227624 -0.1990987 -0.9163901 -0.3472592 -0.1940243 -0.9115461 -0.362544 -0.134764 -0.8692013 -0.4757393 -0.1278591 -0.8602889 -0.4935131 -0.06734496 -0.8021365 -0.593331 -0.05867707 -0.7883039 -0.6124818 0.001494824 -0.7169123 -0.6971617 0.01172089 -0.6975593 -0.7164312 0.07026356 -0.6154781 -0.7850158 0.08184242 -0.5899961 -0.8032474 0.1374598 -0.5000187 -0.8550357 0.1499139 -0.4683724 -0.8707199 0.2014678 -0.3733723 -0.9055407 0.2142976 -0.3356478 -0.9172879 0.2608892 -0.2383562 -0.9354801 0.2735058 -0.1949086 -0.9419157 0.3325754 -0.05165219 -0.9416611 0.374574 0.02706438 -0.926802 0.2572131 -0.07662844 -0.9633117 0.1742237 -0.0461027 -0.9836263 0.2372504 0.060947 -0.9695348 0.09583109 -0.07550108 -0.9925301 -0.2843839 -0.9564871 -0.06525456 -0.2806696 -0.9568875 -0.07477223 -0.2078214 -0.9573625 -0.2006669 -0.2022776 -0.955836 -0.2132166 -0.126247 -0.9350734 -0.3312093 -0.1189092 -0.93064 -0.3460777 -0.04165929 -0.890211 -0.4536396 -0.03260684 -0.8819827 -0.4701524 0.04390484 -0.8238945 -0.5650401 0.054385 -0.8112012 -0.5822328 0.1282183 -0.7379651 -0.6625463 0.1399483 -0.7200116 -0.6797042 0.2094968 -0.6342517 -0.7442015 0.2218249 -0.6109402 -0.7599642 0.2856986 -0.5154443 -0.8078945 0.2980618 -0.486677 -0.8211606 0.3550242 -0.3844135 -0.8521643 0.3668122 -0.3502392 -0.8618476 0.4158468 -0.244255 -0.8760199 0.4263319 -0.2050969 -0.8810087 -0.2578033 -0.9643785 -0.05925703 -0.2521364 -0.9652308 -0.06896901 -0.1589434 -0.9700245 -0.1838188 -0.1514329 -0.9689148 -0.1956327 -0.0562036 -0.9511566 -0.3035494 -0.04698622 -0.9472737 -0.316962 0.04791724 -0.9083132 -0.4155369 0.05866461 -0.9008979 -0.4300481 0.1506854 -0.8426812 -0.5168969 0.1625819 -0.831128 -0.5317834 0.2496888 -0.7558571 -0.6052566 0.2621307 -0.7398651 -0.6195862 0.3422741 -0.6502641 -0.6782368 0.3547582 -0.6295197 -0.6912682 0.4262288 -0.5285282 -0.7341573 0.438172 -0.5028271 -0.7450974 0.499539 -0.3935727 -0.7717263 0.5100893 -0.3633788 -0.7795927 0.560375 -0.2488651 -0.7899659 0.5688448 -0.2144349 -0.7939983 0.6172953 -0.0614807 -0.7843257 0.6389666 -0.004506051 -0.7692214 0.5523505 -0.07976442 -0.8297871 0.4807304 -0.05664408 -0.875037 0.5115547 0.01027631 -0.8591892 0.409965 -0.07830417 -0.9087339 -0.2340698 -0.9708408 -0.05176419 -0.2273547 -0.9719567 -0.0600835 -0.114957 -0.9802492 -0.1609237 -0.1066662 -0.979557 -0.170559 0.00693953 -0.9640443 -0.2656508 0.0166518 -0.960924 -0.2763109 0.1287056 -0.9226731 -0.3634684 0.1394578 -0.9166169 -0.3746533 0.2469422 -0.857351 -0.4516289 0.2584086 -0.8478853 -0.4629421 0.3586436 -0.7698353 -0.5279473 0.3703278 -0.7566337 -0.5388531 0.4609316 -0.6624734 -0.5904837 0.4721904 -0.6454582 -0.60035 0.551354 -0.5378885 -0.6377185 0.5615 -0.5172054 -0.6459229 0.6273728 -0.3996652 -0.6683346 0.6358757 -0.375259 -0.6744204 0.6872451 -0.2509999 -0.6816841 0.6933445 -0.2235355 -0.6850585 0.8795824 -0.08204996 -0.4686178 0.8365103 -0.07047897 -0.5433997 0.7999203 -0.2303496 -0.554136 0.7948908 -0.2534208 -0.5512953 0.7439562 -0.3843277 -0.5466457 0.7364782 -0.4047951 -0.5419786 0.6679444 -0.527992 -0.5244757 0.658544 -0.5456308 -0.5182729 0.5737862 -0.6576422 -0.4881355 0.56314 -0.6720843 -0.4808076 0.4641306 -0.7695214 -0.4386566 0.4528107 -0.7807508 -0.4305703 0.3416029 -0.860828 -0.3772038 0.3302059 -0.8688939 -0.3687648 0.2097708 -0.928785 -0.30554 0.1986814 -0.9339721 -0.2970215 0.07193422 -0.9716026 -0.2254197 0.06172794 -0.9741587 -0.2172661 -0.06789046 -0.9879363 -0.1391857 -0.07694834 -0.9883082 -0.1316283 -0.2060011 -0.9773191 -0.04910105 -0.2137716 -0.975968 -0.04228734 0.8471032 -0.02389931 -0.5308907 0.7891116 -0.08204227 -0.6087462 0.7357499 -0.06675809 -0.6739552 0.7482156 -0.02700239 -0.6629058 0.6810542 -0.08078998 -0.7277625 0.9149335 -0.07574826 -0.3964328 0.915513 -0.06011855 -0.397771 0.8817244 -0.2372341 -0.407777 0.8785233 -0.2525345 -0.4054913 0.8267957 -0.3927673 -0.4026694 0.8217239 -0.4063787 -0.3995323 0.749271 -0.5377041 -0.3866099 0.7427816 -0.5493037 -0.3828067 0.6513386 -0.6679178 -0.3600609 0.6436749 -0.6776339 -0.3556615 0.5354804 -0.7800769 -0.3236367 0.5272228 -0.7876102 -0.3189143 0.4046247 -0.8711126 -0.2782837 0.3961859 -0.8765137 -0.2734236 0.2627907 -0.9381615 -0.2253751 0.254445 -0.9416152 -0.2204962 0.1134587 -0.9795446 -0.1661906 0.1055022 -0.9812278 -0.161435 -0.03915357 -0.9939745 -0.10238 -0.04629427 -0.9941107 -0.09798359 -0.1906418 -0.9810065 -0.03580385 -0.1969299 -0.9799022 -0.03178286 0.9445149 -0.08147889 -0.3182023 0.9450607 -0.08352935 -0.3160428 0.9143763 -0.2444691 -0.3227239 0.914605 -0.2462247 -0.3207352 0.8591354 -0.4004901 -0.3185813 0.8591226 -0.402149 -0.3165195 0.78025 -0.545717 -0.305619 0.7800331 -0.5471108 -0.3036743 0.6799786 -0.6758505 -0.2843503 0.67963 -0.676927 -0.2826182 0.5610523 -0.7873959 -0.2553979 0.5605849 -0.7882758 -0.2537044 0.4266113 -0.8774265 -0.2193755 0.4260122 -0.8781611 -0.2175927 0.2806268 -0.9433033 -0.1772776 0.2800189 -0.9437824 -0.175682 0.1267618 -0.9833334 -0.1303342 0.1262 -0.9835859 -0.1289665 -0.03041052 -0.9963336 -0.07996475 -0.03104078 -0.9964323 -0.07848155 -0.186977 -0.981989 -0.02715086 -0.1873834 -0.9819377 -0.02619034 0.9692233 -0.07949209 -0.2329961 0.9687085 -0.08860498 -0.2318465 0.9407921 -0.2427025 -0.2366556 0.938926 -0.2511863 -0.2352092 0.8865451 -0.3992074 -0.2338187 0.8835864 -0.4066671 -0.2321574 0.8079563 -0.544757 -0.2246026 0.804033 -0.5512946 -0.2227221 0.7071189 -0.6754375 -0.2092059 0.7025249 -0.6808308 -0.2071915 0.5867633 -0.7876174 -0.1880632 0.5817509 -0.7918197 -0.1859767 0.4500432 -0.8782405 -0.1617243 0.4447953 -0.8812971 -0.1596012 0.3008094 -0.9446572 -0.1309074 0.2956197 -0.9465787 -0.1288321 0.1430553 -0.9850037 -0.09645193 0.1380223 -0.9859166 -0.09443587 -0.01879686 -0.9980635 -0.05929583 -0.02329885 -0.9980754 -0.05746734 -0.1802264 -0.9834114 -0.02050644 -0.1843319 -0.9826843 -0.01879543 0.9934279 -0.08305245 -0.07876199 0.9932192 -0.08594107 -0.07829308 0.9658629 -0.2463814 -0.08003139 0.9651703 -0.249247 -0.07951223 0.9117708 -0.4030158 -0.07907241 0.9106425 -0.4056646 -0.07852685 0.8325641 -0.5487001 -0.07592976 0.8311206 -0.5509585 -0.07538884 0.7304115 -0.6793376 -0.0707066 0.728713 -0.6812151 -0.07016819 0.6079478 -0.7914309 -0.06353461 0.6061892 -0.7928183 -0.06303763 0.4686154 -0.8817116 -0.05462723 0.4667663 -0.8827217 -0.05414438 0.3162486 -0.9476459 -0.04420512 0.3143652 -0.948294 -0.0437383 0.1548769 -0.9873977 -0.0325405 0.1530609 -0.9876951 -0.03210365 -0.01100832 -0.9997403 -0.01995867 -0.0126211 -0.9997287 -0.01957452 -0.1764342 -0.9842886 -0.006854414 -0.1780441 -0.9840012 -0.006467401 -0.1764384 -0.9843116 0 -0.1764384 -0.9843116 0 -0.01101052 -0.9999394 0 -0.01101052 -0.9999394 0 0.154959 -0.9879209 0 0.154959 -0.9879209 0 0.3165581 -0.9485732 0 0.3165581 -0.9485732 0 0.4693163 -0.8830302 0 0.4693163 -0.8830302 0 0.6091786 -0.793033 0 0.6091786 -0.793033 0 0.7322442 -0.6810422 0 0.7322442 -0.6810422 0 0.8349745 -0.5502886 0 0.8349745 -0.5502886 0 0.9146346 -0.4042817 0 0.9146346 -0.4042817 0 0.968971 -0.2471743 0 0.968971 -0.2471743 0 0.9965236 -0.0833112 0 0.9965236 -0.0833112 0 0.9969086 -0.07857024 0 0.9969086 -0.07857024 0 0.9723846 -0.233384 0 0.9723846 -0.233384 0 0.923864 -0.382721 0 0.923864 -0.382721 0 0.8526917 -0.5224144 0 0.8526917 -0.5224144 0 0.7603434 -0.6495212 0 0.7603434 -0.6495212 0 0.6494531 -0.7604017 0 0.6494531 -0.7604017 0 0.5225136 -0.852631 0 0.5225136 -0.852631 0 0.3827225 -0.9238634 0 0.3827225 -0.9238634 0 0.2334189 -0.9723763 0 0.2334189 -0.9723763 0 0.07847356 -0.9969162 0 0.07847356 -0.9969162 0 -0.08583968 0.996309 0 -0.08583968 0.996309 0 -0.2550389 0.9669308 0 -0.2550389 0.9669308 0 -0.4167587 0.9090172 0 -0.4167587 0.9090172 0 -0.5660385 0.8243788 0 -0.5660385 0.8243788 0 -0.6987718 0.7153446 0 -0.6987718 0.7153446 0 -0.8108596 0.5852407 0 -0.8108596 0.5852407 0 -0.8990176 0.4379123 0 -0.8990176 0.4379123 0 -0.8944631 -0.4471418 0 -0.8944631 -0.4471418 0 -0.8057315 -0.5922808 0 -0.8057315 -0.5922808 0 -0.6936176 -0.7203435 0 -0.6936176 -0.7203435 0 -0.5615321 -0.827455 0 -0.5615321 -0.827455 0 -0.4131001 -0.9106857 0 -0.4131001 -0.9106857 0 -0.2528198 -0.9675134 0 -0.2528198 -0.9675134 0 -0.08501958 -0.9963793 0 -0.08501958 -0.9963793 0 0.9969086 0.07857024 0 0.9969086 0.07857024 0 0.9723873 0.2333729 0 0.9723873 0.2333729 0 0.9238604 0.3827297 0 0.9238604 0.3827297 0 0.8526851 0.5224252 0 0.8526851 0.5224252 0 0.7603537 0.6495093 0 0.7603537 0.6495093 0 0.6494531 0.7604017 0 0.6494531 0.7604017 0 0.5224959 0.8526418 0 0.5224959 0.8526418 0 0.382681 0.9238805 0 0.382681 0.9238805 0 0.2334649 0.9723653 0 0.2334649 0.9723653 0 0.07847356 0.9969162 0 0.07847356 0.9969162 0 -0.2193176 0.08201432 -0.9722003 -0.07873195 0.002664029 -0.9968923 -0.07814514 -0.009988069 -0.996892 -0.0737915 0.0275945 -0.9968919 -0.06839495 0.03909641 -0.9968919 -0.2032858 0.1162037 -0.9721994 -0.2032606 0.1162307 -0.9722014 -0.3331758 0.1905202 -0.9234154 -0.06116497 0.0496549 -0.9968918 -0.2296754 0.04566311 -0.9721955 -0.2340452 0.007919311 -0.9721935 -0.2339802 0.008159577 -0.9722071 -0.2322232 -0.02968156 -0.9722095 -0.2322325 -0.0297715 -0.9722046 -0.1817565 0.1475535 -0.9722101 -0.1818842 0.1474543 -0.9722013 -0.2981052 0.2416751 -0.9234319 -0.2981714 0.2416354 -0.9234209 -0.4069215 0.3297655 -0.8518624 -0.05243015 0.05880552 -0.9968916 -0.359389 0.1344615 -0.9234499 -0.376348 0.07482391 -0.923452 -0.3764006 0.07473713 -0.9234375 -0.3835138 0.01337426 -0.9234383 -0.3835624 0.0132538 -0.9234199 -0.3806782 -0.04880189 -0.9234189 -0.3806576 -0.0487101 -0.9234322 -0.1558145 0.1747611 -0.9722039 -0.1557542 0.174794 -0.9722077 -0.2553043 0.2865133 -0.9234337 -0.2552943 0.2865173 -0.9234352 -0.3484243 0.3910373 -0.8518746 -0.3484438 0.3910313 -0.8518694 -0.4329041 0.4858146 -0.7593274 -0.04224169 0.06650203 -0.9968917 -0.4546005 0.2600362 -0.8518918 -0.4905086 0.1835184 -0.8518934 -0.4905382 0.1834889 -0.8518826 -0.5137065 0.1020002 -0.8518812 -0.5137062 0.1020007 -0.8518813 -0.523419 0.01808649 -0.8518835 -0.5233732 0.01817792 -0.8519097 -0.5194438 -0.0664696 -0.8519154 -0.5194497 -0.06648814 -0.8519104 -0.1255307 0.1976261 -0.9722067 -0.1255657 0.1976138 -0.9722048 -0.2058298 0.3239327 -0.9234185 -0.2057254 0.3239558 -0.9234337 -0.2807355 0.442074 -0.8519144 -0.2808718 0.4420552 -0.8518792 -0.348965 0.549225 -0.7593256 -0.3489394 0.5492275 -0.7593355 -0.408352 0.6427424 -0.6481749 -0.03102254 0.07241773 -0.9968918 -0.5053758 0.4098628 -0.759347 -0.5648076 0.3230758 -0.7593513 -0.5647315 0.3231258 -0.7593866 -0.6093953 0.2279481 -0.7593924 -0.6094295 0.2279167 -0.7593745 -0.6382013 0.1267201 -0.7593688 -0.6382022 0.1267191 -0.7593684 -0.6502679 0.02258527 -0.7593693 -0.650354 0.02242898 -0.7593001 -0.6454805 -0.08261978 -0.7592949 -0.6454641 -0.08257347 -0.7593141 -0.09220296 0.2152345 -0.9722 -0.09209793 0.2152531 -0.9722058 -0.1509616 0.3528302 -0.9234292 -0.1510177 0.3528271 -0.9234212 -0.2060852 0.4814829 -0.8518821 -0.2059882 0.4814805 -0.8519069 -0.2559353 0.5982277 -0.7593555 -0.2560002 0.598232 -0.7593302 -0.299575 0.7000596 -0.6482062 -0.2996203 0.7000626 -0.6481822 -0.3357872 0.7845665 -0.5212507 -0.01888424 0.07648843 -0.9968916 -0.5064472 0.5685864 -0.6482443 -0.5913837 0.4796157 -0.6482546 -0.5914984 0.4795644 -0.6481879 -0.6609397 0.3781738 -0.6481846 -0.6609077 0.3781949 -0.648205 -0.7132234 0.266734 -0.6482017 -0.7132301 0.2667278 -0.6481969 -0.7468997 0.1483017 -0.6481878 -0.7469041 0.1482961 -0.6481841 -0.76104 0.02624624 -0.6481739 -0.7610021 0.02631497 -0.6482155 -0.7552967 -0.09662425 -0.6482213 -0.7553336 -0.0967282 -0.6481627 -0.05612051 0.2273093 -0.9722042 -0.05618292 0.2273085 -0.9722008 -0.09207212 0.3725109 -0.9234492 -0.09221333 0.3725259 -0.923429 -0.1258527 0.5084231 -0.851861 -0.1257543 0.5084045 -0.8518866 -0.1562363 0.6316381 -0.7593573 -0.1562595 0.6316435 -0.759348 -0.182859 0.7391652 -0.6482264 -0.182881 0.7391703 -0.6482143 -0.2049574 0.8283988 -0.5212947 -0.2050217 0.8284108 -0.5212502 -0.2220589 0.8972515 -0.3816145 -0.006370007 0.07853162 -0.9968913 -0.4575969 0.7203216 -0.5212885 -0.5676048 0.6372478 -0.5212869 -0.5676629 0.6372299 -0.5212455 -0.6629062 0.5374593 -0.5212417 -0.6627992 0.5375124 -0.5213229 -0.7406598 0.4238319 -0.5213344 -0.7407625 0.4237582 -0.5212483 -0.7993355 0.2989287 -0.5212526 -0.7993381 0.2989262 -0.5212502 -0.8370648 0.1661973 -0.5212494 -0.8370058 0.1662793 -0.5213181 -0.8528499 0.02949106 -0.5213228 -0.852849 0.02949279 -0.5213241 -0.8464481 -0.1083964 -0.5213212 -0.8464405 -0.1083719 -0.5213387 -0.01892924 0.233367 -0.9722045 -0.01895868 0.2333714 -0.9722028 -0.03107428 0.3825072 -0.9234298 -0.03096854 0.3824782 -0.9234454 -0.04226803 0.5220323 -0.8518778 -0.04232633 0.5220535 -0.8518618 -0.05258136 0.6485384 -0.7593636 -0.05258184 0.6485386 -0.7593634 -0.06153559 0.7589734 -0.6482073 -0.0615136 0.7589644 -0.6482199 -0.06894075 0.8506019 -0.521271 -0.06892317 0.8505956 -0.5212838 -0.07465362 0.9213164 -0.3815797 -0.07461869 0.9213067 -0.3816096 -0.07851094 0.9693638 -0.2327442 -0.3636407 0.8497496 -0.3816947 -0.495618 0.7801721 -0.3816991 -0.4957385 0.7801454 -0.3815974 -0.6148374 0.6901856 -0.3816004 -0.6148203 0.6901925 -0.3816156 -0.7179174 0.5822117 -0.3816075 -0.7179577 0.5821874 -0.3815687 -0.8023391 0.4589834 -0.3815578 -0.8023245 0.4589957 -0.3815734 -0.8657812 0.3237738 -0.3815674 -0.865715 0.3238514 -0.3816514 -0.906587 0.1801023 -0.3816585 -0.9065753 0.1801216 -0.381677 -0.9237434 0.03194445 -0.3816773 -0.923816 0.03176385 -0.3815169 -0.9168765 -0.1173899 -0.3815194 -0.9168626 -0.1173275 -0.3815721 -0.2336462 0.944072 -0.2326746 -0.3826314 0.8941267 -0.2326597 -0.3826139 0.8941299 -0.2326765 -0.5216018 0.8208466 -0.2326851 -0.5214934 0.8208847 -0.2327937 -0.6468824 0.7261851 -0.2328056 -0.6469243 0.7261622 -0.2327605 -0.7553865 0.6125382 -0.2327837 -0.7553437 0.6125715 -0.2328351 -0.8441415 0.4829185 -0.2328408 -0.8441861 0.4828703 -0.2327788 -0.9108809 0.3407473 -0.2327817 -0.9109696 0.3406137 -0.2326301 -0.9539225 0.1895287 -0.2326173 -0.9539108 0.1895544 -0.232644 -0.9719876 0.0334202 -0.2326442 -0.9719208 0.03366839 -0.2328872 -0.9646386 -0.1234413 -0.2328835 -0.9646456 -0.1235103 -0.2328178 -0.08050024 0.9936843 -0.07817411 -0.2395044 0.9677428 -0.0781762 -0.2394878 0.9677456 -0.0781933 -0.392207 0.9165481 -0.07818645 -0.3921783 0.9165579 -0.07821738 -0.534583 0.8414891 -0.07821202 -0.5345914 0.8414846 -0.07820242 -0.6631575 0.7443838 -0.07819753 -0.6631842 0.7443636 -0.07816344 -0.7743154 0.6279573 -0.0781365 -0.7743929 0.6278759 -0.07802224 -0.8653854 0.4949963 -0.07801818 -0.8652958 0.4951273 -0.07817965 -0.9338003 0.3491501 -0.07817363 -0.9337859 0.3491809 -0.0782082 -0.9778189 0.1943053 -0.07820254 -0.9778046 0.1943556 -0.07825571 -0.9963358 0.03451418 -0.07825541 -0.9963626 0.03427934 -0.07801508 -0.98888 -0.1266132 -0.07800894 -0.9888918 -0.1263657 -0.07826095 -0.0804556 0.9936843 -0.07821953 -0.07848614 0.9693602 -0.2327679 -0.2335552 0.9440733 -0.2327606 -0.2219696 0.8972421 -0.3816885 -0.3636327 0.8497501 -0.3817014 -0.3357382 0.7845653 -0.5212841 -0.4575984 0.7203214 -0.5212876 -0.408317 0.6427459 -0.6481937 -0.5065225 0.5685665 -0.648203 -0.4328206 0.4858368 -0.7593609 -0.5053419 0.409878 -0.7593613 -0.4067037 0.3298735 -0.8519246 -0.4544676 0.2601315 -0.8519335 -0.3330451 0.1906308 -0.9234396 -0.3594164 0.1344292 -0.9234439 -0.2193096 0.08202636 -0.9722011 -0.2296093 0.04580873 -0.9722042 -0.07725501 0.01541292 -0.9968923 -0.9555755 -0.2841867 -0.07818752 -0.9555913 -0.2841128 -0.07826447 -0.9322209 -0.2771643 -0.2326889 -0.932229 -0.2770317 -0.2328146 -0.8860113 -0.2632971 -0.3816524 -0.8860171 -0.2633945 -0.3815718 -0.8179891 -0.2431712 -0.5213078 -0.8179836 -0.2431331 -0.5213339 -0.7298804 -0.2169458 -0.6482353 -0.7299066 -0.21709 -0.6481575 -0.6237261 -0.1855096 -0.7593101 -0.6237237 -0.1854963 -0.7593154 -0.5019797 -0.1492895 -0.8518974 -0.5019728 -0.149241 -0.8519099 -0.3678606 -0.1093683 -0.9234268 -0.3678581 -0.1093251 -0.923433 -0.2244332 -0.06670016 -0.9722041 -0.2244327 -0.0667079 -0.9722037 -0.07551515 -0.02244526 -0.996892 -0.8974168 -0.434158 -0.07842087 -0.8973357 -0.4343669 -0.078193 -0.8754121 -0.4237545 -0.2325637 -0.8754425 -0.4236199 -0.2326942 -0.8319825 -0.4025899 -0.3817414 -0.8319702 -0.4027085 -0.3816431 -0.7681822 -0.3718324 -0.5211879 -0.7681866 -0.3716388 -0.5213195 -0.6854484 -0.3316112 -0.6482242 -0.6854479 -0.3315863 -0.6482374 -0.5857677 -0.2833659 -0.7593287 -0.5857687 -0.2834196 -0.7593079 -0.4713997 -0.228083 -0.8519157 -0.4713976 -0.22818 -0.851891 -0.345419 -0.1672 -0.9234338 -0.3454136 -0.1672528 -0.9234262 -0.2107256 -0.1020355 -0.9722055 -0.2107105 -0.1021026 -0.9722017 -0.07089829 -0.03435474 -0.9968917 0 0.9969161 -0.07847392 0 0.9969161 -0.07847392 0 0.9723653 -0.2334648 0 0.9723653 -0.2334648 0 0.9238945 -0.3826475 0 0.9238945 -0.3826475 0 0.8526306 -0.5225142 0 0.8526306 -0.5225142 0 0.7604146 -0.6494381 0 0.7604146 -0.6494381 0 0.6494368 -0.7604156 0 0.6494368 -0.7604156 0 0.5224992 -0.8526397 0 0.5224992 -0.8526397 0 0.382692 -0.9238759 0 0.382692 -0.9238759 0 0.2334088 -0.9723787 0 0.2334088 -0.9723787 0 0.07853323 -0.9969115 0 0.07853323 -0.9969115 -0.9012517 -0.4261511 -0.07836198 -0.9169015 -0.3913269 -0.0784524 -0.9023301 -0.3993659 0.1621957 -0.8892248 -0.3935655 -0.2332069 -0.8891844 -0.3935397 -0.2334044 -0.8448951 -0.373938 -0.3825216 -0.844958 -0.3739731 -0.3823481 -0.7798663 -0.345164 -0.5221786 -0.7797659 -0.345111 -0.5223634 -0.6955179 -0.3078243 -0.6492296 -0.6956477 -0.3078905 -0.6490592 -0.5941524 -0.2629691 -0.7601515 -0.5941312 -0.2629585 -0.7601716 -0.4780413 -0.2115779 -0.8524736 -0.477979 -0.2115471 -0.8525162 -0.3501355 -0.1549653 -0.9237916 -0.350183 -0.1549885 -0.9237697 -0.2135994 -0.09453761 -0.9723364 -0.2136027 -0.09453922 -0.9723355 -0.07187211 -0.0318101 -0.9969065 -0.0718609 -0.03180468 -0.9969075 -0.8780874 -0.4720487 -0.0783106 -0.8780715 -0.4720277 -0.07861459 -0.8564704 -0.4604156 -0.2334007 -0.8565247 -0.4604565 -0.2331207 -0.8138679 -0.4375247 -0.3823494 -0.8137922 -0.4374744 -0.3825682 -0.7510752 -0.4037593 -0.5223643 -0.7511851 -0.4038284 -0.5221528 -0.6700521 -0.3602123 -0.6490588 -0.6699639 -0.3601584 -0.6491797 -0.5722698 -0.3076401 -0.7601742 -0.5722951 -0.3076553 -0.760149 -0.4603944 -0.2474995 -0.8525145 -0.4604037 -0.247505 -0.8525079 -0.3372986 -0.1813259 -0.9237697 -0.337283 -0.1813167 -0.9237773 -0.2057436 -0.1106037 -0.9723355 -0.2057293 -0.1105954 -0.9723396 -0.0692172 -0.03720957 -0.9969074 -0.0692203 -0.03721135 -0.9969071 0.9938614 0.07812696 -0.07833039 0.122337 0.1995795 -0.9722149 0.006168901 0.07853174 -0.9968925 0.04116773 0.06716066 -0.9968925 0.05114811 0.0599094 -0.9968926 0.1520096 0.1780477 -0.9722099 0.152055 0.1779869 -0.9722139 0.2492367 0.2917422 -0.9234541 0.05991262 0.0511437 -0.9968926 0.08963626 0.2162465 -0.9722154 0.05471533 0.2275925 -0.972218 0.05459254 0.2276532 -0.9722107 0.01833397 0.2333948 -0.9722092 0.0184161 0.2333692 -0.9722138 0.1780403 0.1519821 -0.9722155 0.1779973 0.1520639 -0.9722106 0.2917578 0.2492501 -0.9234456 0.2917765 0.2492018 -0.9234527 0.3981829 0.3400818 -0.8519359 0.06718522 0.04113382 -0.9968923 0.2005345 0.3271013 -0.9234666 0.1469133 0.3544269 -0.9234706 0.1467819 0.3545449 -0.9234462 0.08948624 0.3731613 -0.9234408 0.08957737 0.3731023 -0.9234558 0.03018528 0.3825085 -0.9234588 0.03016418 0.3825179 -0.9234555 0.199639 0.122228 -0.9722163 0.1996222 0.1222777 -0.9722135 0.3271842 0.2004154 -0.9234632 0.3271616 0.200521 -0.9234482 0.4464871 0.273657 -0.8519162 0.446497 0.2735812 -0.8519352 0.5547336 0.3399008 -0.7594327 0.07277309 0.03016704 -0.9968922 0.3400623 0.3981978 -0.8519367 0.2736869 0.4464237 -0.8519397 0.2736531 0.446473 -0.8519248 0.2003086 0.4838363 -0.8519266 0.2003822 0.4837589 -0.8519533 0.1222408 0.5091499 -0.8519529 0.1222234 0.5091632 -0.8519474 0.04116368 0.5220048 -0.8519487 0.04106462 0.5220585 -0.8519206 0.2162638 0.08964902 -0.9722104 0.2162765 0.08957505 -0.9722144 0.3544979 0.146822 -0.923458 0.3544992 0.146797 -0.9234614 0.4837769 0.2003305 -0.8519552 0.4837807 0.2004778 -0.8519184 0.6010977 0.2490938 -0.7593641 0.6010861 0.2489166 -0.7594313 0.7034717 0.2913156 -0.6482768 0.07659214 0.01841342 -0.9968925 0.4947286 0.4225192 -0.7594216 0.4225119 0.4947426 -0.7594165 0.4225227 0.4947175 -0.7594268 0.3399787 0.5546851 -0.7594332 0.339928 0.5547655 -0.7593973 0.2489879 0.6011018 -0.7593956 0.2490046 0.6010827 -0.7594052 0.1518643 0.6326426 -0.7594081 0.1518541 0.632651 -0.759403 0.05102032 0.6486256 -0.7593957 0.05108195 0.648589 -0.7594229 0.2276316 0.05472475 -0.9722084 0.2276324 0.05466121 -0.9722118 0.3730998 0.08959221 -0.9234554 0.3730981 0.08957642 -0.9234576 0.5092008 0.122253 -0.8519207 0.50918 0.1221408 -0.8519492 0.632634 0.1517546 -0.7594371 0.632673 0.1519274 -0.75937 0.7403908 0.1777943 -0.6482366 0.7403755 0.1777267 -0.6482725 0.8297231 0.1991745 -0.5214298 0.07853174 0.006168961 -0.9968925 0.6492526 0.3977519 -0.6482781 0.5789898 0.4944818 -0.6482735 0.5789807 0.4945175 -0.6482545 0.4944982 0.5789911 -0.6482599 0.4945031 0.5789796 -0.6482664 0.3978118 0.6492321 -0.6482618 0.3978214 0.6492168 -0.6482712 0.2914062 0.7034375 -0.6482733 0.2914059 0.7034378 -0.6482731 0.177712 0.7403796 -0.6482719 0.177725 0.7403687 -0.6482807 0.05978119 0.7590438 -0.6482891 0.05976164 0.7590554 -0.6482773 0.2333696 0.018332 -0.9722153 0.233382 0.01841711 -0.9722107 0.382552 0.03018873 -0.9234406 0.3825236 0.03008246 -0.9234559 0.5220587 0.04105573 -0.8519209 0.522062 0.04106497 -0.8519184 0.6485911 0.05101758 -0.7594254 0.6485838 0.0509991 -0.7594329 0.7590111 0.05968219 -0.6483365 0.7590799 0.0598551 -0.6482401 0.8507531 0.06708371 -0.5212666 0.850675 0.06686198 -0.5214226 0.921434 0.07242357 -0.3817254 0.7883822 0.3264905 -0.5213995 0.7276188 0.4457614 -0.5214093 0.7276014 0.4458921 -0.5213218 0.648883 0.5542222 -0.5213336 0.6488971 0.554175 -0.5213662 0.5542032 0.6488783 -0.5213596 0.5541923 0.6489012 -0.5213426 0.4458568 0.7276071 -0.521344 0.4458583 0.727605 -0.5213457 0.3265942 0.7883803 -0.5213373 0.3265863 0.7883887 -0.5213298 0.1991883 0.8297804 -0.5213333 0.1992008 0.8297708 -0.5213438 0.06697773 0.8507102 -0.5213504 0.06696575 0.8507167 -0.5213413 0.8987439 0.2156381 -0.3817848 0.8539184 0.3536308 -0.3817964 0.8539066 0.3538491 -0.3816209 0.7881062 0.482971 -0.381612 0.7881234 0.4828909 -0.3816778 0.7028589 0.6002599 -0.381677 0.7028422 0.6003031 -0.3816398 0.6002762 0.7028608 -0.3816481 0.6003261 0.7027748 -0.3817281 0.4829187 0.7880847 -0.3817224 0.4828894 0.7881209 -0.381685 0.353733 0.8539217 -0.3816945 0.3537248 0.8539291 -0.3816856 0.2157618 0.8987554 -0.3816878 0.2157585 0.8987575 -0.3816847 0.07253319 0.9214442 -0.3816801 0.07248848 0.9214639 -0.3816408 0.9695249 0.07621383 -0.2328369 0.9456745 0.2268982 -0.2328454 0.9456713 0.2271296 -0.2326325 0.8984794 0.3723195 -0.2326219 0.8985198 0.3720852 -0.2328405 0.8292394 0.5080831 -0.2328383 0.8292038 0.5081877 -0.2327367 0.7395153 0.6316258 -0.2327362 0.7395247 0.6316075 -0.2327551 0.6316732 0.7394714 -0.2327464 0.6316279 0.7395322 -0.2326766 0.5081021 0.8292703 -0.2326866 0.508158 0.8292158 -0.2327585 0.3721871 0.8984992 -0.2327573 0.3721758 0.8985071 -0.2327446 0.2270206 0.9456707 -0.2327415 0.2270323 0.9456649 -0.2327535 0.07627063 0.9695422 -0.2327462 0.07631003 0.9695299 -0.2327841 0.9938613 0.07833003 -0.07812976 0.9693759 0.232823 -0.07812744 0.9694024 0.2326565 -0.07829385 0.921077 0.3814263 -0.07830154 0.9210338 0.3815587 -0.07816404 0.8500072 0.5209373 -0.07817912 0.8500667 0.520821 -0.07830828 0.7580749 0.6474507 -0.07829457 0.7580246 0.6475198 -0.07821023 0.6474628 0.7580723 -0.07822048 0.6474632 0.7580718 -0.07822102 0.5209078 0.850021 -0.07822644 0.5208955 0.85003 -0.07821136 0.3815127 0.9210485 -0.07821607 0.3815088 0.9210504 -0.07821172 0.2327288 0.9693925 -0.07820034 0.2327495 0.9693859 -0.07822185 0.07822513 0.9938619 -0.07822549 0.07823306 0.9938607 -0.07823342 0.01841342 0.07659214 -0.9968925 0.9695474 0.07637047 -0.2326914 0.9214766 0.07258397 -0.381592 0.8987698 0.2158904 -0.381581 0.8297482 0.1993109 -0.5213378 0.7883848 0.326596 -0.5213294 0.7034786 0.2914229 -0.6482211 0.6492426 0.3978587 -0.6482224 0.5547299 0.3399409 -0.7594175 0.4947293 0.4225163 -0.7594227 0.3981875 0.3400662 -0.85194 0.3400738 0.3981735 -0.8519434 0.2492108 0.291787 -0.923447 0.2004377 0.3272206 -0.9234454 0.1222836 0.1996316 -0.9722108 0.08952802 0.2163231 -0.9722084 0.03012388 0.07278716 -0.9968925 -0.1314407 -0.1938717 -0.9721816 -0.04422867 -0.06523621 -0.9968892 -0.05468076 -0.05675953 -0.9968893 -0.1624928 -0.1686702 -0.9721865 -0.1624633 -0.1687171 -0.9721832 -0.2662863 -0.2765366 -0.9233738 -0.06354075 -0.04663872 -0.9968889 -0.1887972 -0.1385766 -0.9721894 -0.1887608 -0.1386647 -0.9721839 -0.3093663 -0.2272622 -0.9233875 -0.3093395 -0.2273596 -0.9233725 -0.4220768 -0.3102198 -0.8518303 -0.07050257 -0.03525125 -0.9968885 -0.2094996 -0.1047498 -0.9721818 -0.2095134 -0.1046887 -0.9721853 -0.3433609 -0.171569 -0.9233999 -0.3433505 -0.1716752 -0.9233841 -0.4685678 -0.2342839 -0.8517953 -0.4685695 -0.2341648 -0.8518271 -0.5821789 -0.2909405 -0.7592242 -0.8917275 -0.4457744 -0.07814896 -0.891743 -0.4457357 -0.07819348 -0.8699468 -0.4348409 -0.2326071 -0.8699384 -0.4348775 -0.2325699 -0.8268032 -0.4133144 -0.3815333 -0.8268082 -0.4132645 -0.3815766 -0.7634217 -0.381582 -0.5211359 -0.7634204 -0.3816629 -0.5210784 -0.6812239 -0.3405697 -0.6480327 -0.8032691 -0.5904707 -0.07812279 -0.8032845 -0.5904454 -0.07815456 -0.7836219 -0.5759925 -0.2327432 -0.7835685 -0.5761209 -0.2326051 -0.7447608 -0.5475875 -0.3814175 -0.7447971 -0.5474561 -0.3815351 -0.6876888 -0.5054792 -0.5211285 -0.6876931 -0.5054563 -0.5211449 -0.6136422 -0.4510287 -0.6480867 -0.6136263 -0.4511389 -0.6480252 -0.5243346 -0.3854915 -0.759256 -0.6914943 -0.7181384 -0.07818526 -0.6914668 -0.7181696 -0.07814073 -0.674566 -0.7006161 -0.2325892 -0.6746386 -0.7005016 -0.2327239 -0.6412292 -0.6658114 -0.3814715 -0.6412048 -0.665863 -0.3814221 -0.5919756 -0.6147406 -0.5212091 -0.5919415 -0.6148322 -0.5211398 -0.5282153 -0.5486417 -0.6480593 -0.5282269 -0.5486063 -0.6480799 -0.451449 -0.4688664 -0.7591825 -0.4515075 -0.468686 -0.7592591 -0.363417 -0.377244 -0.8518303 -0.5598142 -0.8249235 -0.07816195 -0.5598354 -0.8249063 -0.07819122 -0.5461486 -0.804739 -0.2326301 -0.5461166 -0.8047745 -0.2325828 -0.5190659 -0.7649116 -0.3814197 -0.5191103 -0.7648479 -0.3814866 -0.4792835 -0.7061679 -0.5211663 -0.4793037 -0.7061331 -0.5211948 -0.4276869 -0.6300887 -0.6481298 -0.4276314 -0.6301938 -0.648064 -0.3654544 -0.5385645 -0.7592045 -0.3654296 -0.5386115 -0.7591829 -0.2941254 -0.4335153 -0.8517951 -0.2942009 -0.433385 -0.8518353 -0.2155836 -0.3175745 -0.9234014 -0.4118366 -0.9079003 -0.07815092 -0.4118546 -0.9078904 -0.07817292 -0.4017826 -0.8856878 -0.232654 -0.401766 -0.8857008 -0.2326331 -0.3818654 -0.8418297 -0.3814468 -0.3818465 -0.8418487 -0.3814237 -0.3525301 -0.7772154 -0.521209 -0.352492 -0.7772608 -0.5211668 -0.3145437 -0.6935833 -0.6480775 -0.3145942 -0.6935175 -0.6481234 -0.2688665 -0.5927115 -0.7592128 -0.2688533 -0.5927286 -0.759204 -0.2164015 -0.4770907 -0.851795 -0.2163996 -0.4770932 -0.8517942 -0.1585728 -0.3496034 -0.9233808 -0.1586931 -0.3494815 -0.9234063 -0.09683805 -0.2132614 -0.9721841 -0.05920237 -0.2266069 -0.9721853 -0.05920076 -0.2266078 -0.9721853 -0.09703171 -0.3714165 -0.9233822 -0.09699392 -0.3714436 -0.9233753 -0.1323612 -0.5068848 -0.8517912 -0.1324223 -0.5068329 -0.8518126 -0.1645236 -0.6296973 -0.759219 -0.1645237 -0.6296972 -0.759219 -0.1925182 -0.7368436 -0.6480727 -0.1924909 -0.7368689 -0.6480522 -0.2157023 -0.8257237 -0.5212034 -0.2156708 -0.8257503 -0.521174 -0.2335966 -0.8943842 -0.3814573 -0.233617 -0.8943696 -0.3814789 -0.2457938 -0.9409866 -0.2326579 -0.2458002 -0.9409831 -0.2326652 -0.2519633 -0.9645768 -0.07814198 -0.2520449 -0.9645479 -0.07823467 -0.08475923 -0.9933287 -0.07819151 -0.08481317 -0.9933195 -0.07825011 -0.08273941 -0.9690313 -0.2326644 -0.0827248 -0.9690361 -0.2326491 -0.07862699 -0.9210342 -0.3814628 -0.07862931 -0.921033 -0.381465 -0.07259768 -0.8503808 -0.5211355 -0.07265955 -0.8503442 -0.5211865 -0.06483858 -0.7588145 -0.6480715 -0.06481355 -0.7588307 -0.648055 -0.05538481 -0.64844 -0.7592484 -0.05531489 -0.6484854 -0.7592148 -0.04452425 -0.5219811 -0.8517941 -0.04459851 -0.5219371 -0.8518173 -0.03268277 -0.3824876 -0.9233825 -0.03263688 -0.3825098 -0.9233749 -0.01991122 -0.2333626 -0.9721859 -0.01987314 -0.2333754 -0.9721835 -0.006687343 -0.0785315 -0.9968892 -0.01992201 -0.07625496 -0.9968893 -0.6812185 -0.3403678 -0.6481444 -0.5821774 -0.2908823 -0.7592477 -0.5243328 -0.3855038 -0.7592511 -0.42206 -0.31031 -0.8518058 -0.3633778 -0.3773499 -0.8518002 -0.2662899 -0.2765289 -0.923375 -0.2154671 -0.3177416 -0.9233711 -0.1314565 -0.1938542 -0.972183 -0.09683001 -0.2132678 -0.9721836 -0.03258383 -0.07176578 -0.9968892 0.07853323 0 -0.9969115 0.07853323 0 -0.9969115 0.2334088 0 -0.9723786 0.2334088 0 -0.9723787 0.3827264 0 -0.9238617 0.3827264 0 -0.9238618 0.5224993 0 -0.8526398 0.5224993 0 -0.8526397 0.6494368 0 -0.7604156 0.6494368 0 -0.7604155 0.7603665 0 -0.6494942 0.7603664 0 -0.6494943 0.8315309 0 -0.5554786 0.8526739 3.47764e-4 -0.5224435 0.8725047 0 -0.4886057 0.9080445 0 -0.4188737 0.92386 3.47151e-4 -0.3827304 0.9382437 0 -0.3459752 0.9624007 0 -0.2716338 0.9723872 3.46033e-4 -0.2333729 0.9808553 0 -0.1947377 0.9930424 0 -0.1177577 0.9969085 3.43615e-4 -0.0785706 0.9992291 0 -0.03925704 0 -0.9992291 -0.03925704 -2.02703e-4 -0.9969162 -0.07847392 0 -0.993065 -0.1175661 0 -0.980781 -0.1951116 -2.02939e-4 -0.9723652 -0.2334648 0 -0.9624515 -0.2714538 0 -0.9381805 -0.3461463 -2.03213e-4 -0.9238945 -0.3826475 0 -0.9081922 -0.4185533 0 -0.8725047 -0.4886056 -2.04728e-4 -0.8526306 -0.5225142 0 -0.8314411 -0.5556129 0 -0.7604145 -0.649438 0 -0.7604145 -0.649438 0 -0.6494368 -0.7604156 0 -0.6494368 -0.7604156 0 -0.5224992 -0.8526397 0 -0.5224993 -0.8526398 0 -0.382692 -0.9238759 0 -0.382692 -0.923876 0 -0.2334088 -0.9723787 0 -0.2334088 -0.9723787 0 -0.07853323 -0.9969115 0 -0.07853323 -0.9969115 -0.8835368 0.4617301 -0.07853764 -0.8835542 0.461731 -0.07833641 -0.8618207 0.4503734 -0.2332997 -0.8618356 0.4503785 -0.2332349 -0.8189573 0.4279711 -0.3822953 -0.8188652 0.4279335 -0.3825345 -0.7558023 0.3949773 -0.5222603 -0.7558529 0.3949995 -0.5221703 -0.6741205 0.3522871 -0.6491959 -0.6741811 0.3523146 -0.6491181 -0.5758167 0.3009112 -0.7601892 -0.5758088 0.3009076 -0.7601966 -0.463343 0.2421349 -0.8524577 -0.4632469 0.2420896 -0.8525226 -0.339351 0.1773425 -0.9237914 -0.339378 0.1773553 -0.923779 -0.2070078 0.1081801 -0.9723399 -0.2070209 0.1081863 -0.9723364 -0.06965607 0.03640133 -0.9969067 -0.0696538 0.03640019 -0.9969069 -0.9161251 0.3931648 -0.07833403 -0.9161117 0.3931651 -0.07848918 -0.8936027 0.383505 -0.2332342 -0.8936046 0.3835055 -0.2332256 -0.8490514 0.3643847 -0.3825386 -0.8491122 0.3644043 -0.3823844 -0.7837207 0.3363409 -0.5221654 -0.7836253 0.3363075 -0.5223301 -0.6990322 0.3000028 -0.6491166 -0.6990585 0.3000124 -0.6490837 -0.5970323 0.2562262 -0.7601977 -0.5970636 0.2562379 -0.7601692 -0.4803224 0.2061368 -0.8525245 -0.4803707 0.2061552 -0.8524929 -0.3518898 0.1510165 -0.9237789 -0.3518686 0.1510084 -0.9237883 -0.2146527 0.09212064 -0.9723364 -0.2146584 0.09212285 -0.9723349 -0.07222169 0.03099465 -0.9969069 -0.0722205 0.03099423 -0.996907 -0.1653702 -0.165961 -0.9721676 -0.03324264 -0.07147723 -0.9968882 -0.02035385 -0.0761587 -0.996888 -0.05563819 -0.05583697 -0.9968885 -0.06452524 -0.04527932 -0.9968883 -0.1917417 -0.134551 -0.9721786 -0.1916761 -0.1347219 -0.9721679 -0.3140773 -0.220753 -0.9233762 -0.07136112 -0.03349334 -0.9968881 -0.1340967 -0.192089 -0.9721728 -0.09879231 -0.2124199 -0.9721717 -0.0988422 -0.2123793 -0.9721755 -0.06048339 -0.2263123 -0.9721752 -0.0605129 -0.226296 -0.9721772 -0.2120791 -0.09953927 -0.97217 -0.212095 -0.09945744 -0.9721748 -0.3476253 -0.1630114 -0.9233548 -0.3476335 -0.1628854 -0.9233739 -0.474371 -0.2222689 -0.8518032 -0.07608854 -0.02059668 -0.9968883 -0.2711392 -0.2718255 -0.9233604 -0.2197721 -0.3148161 -0.9233586 -0.2197769 -0.314809 -0.9233599 -0.162001 -0.3480869 -0.9233587 -0.1620047 -0.348083 -0.9233594 -0.09918206 -0.3709046 -0.9233595 -0.09921121 -0.3708831 -0.9233649 -0.2261437 -0.06121575 -0.9721685 -0.2261444 -0.06117397 -0.972171 -0.3705556 -0.1002385 -0.9233855 -0.3705752 -0.100417 -0.9233583 -0.5057444 -0.1370446 -0.8517284 -0.5056956 -0.1367959 -0.8517974 -0.6282594 -0.1699507 -0.7592146 -0.07851034 -0.007071018 -0.9968882 -0.4286231 -0.3012791 -0.8517706 -0.3699913 -0.3709276 -0.8517741 -0.369951 -0.3710456 -0.8517403 -0.2999334 -0.4296255 -0.8517405 -0.3000105 -0.4294854 -0.8517841 -0.2210622 -0.4749737 -0.8517813 -0.2210304 -0.4750132 -0.8517675 -0.1353885 -0.5061253 -0.8517671 -0.1353698 -0.5061417 -0.8517604 -0.2332987 -0.02101194 -0.9721781 -0.2333194 -0.02114284 -0.9721702 -0.3823392 -0.03464663 -0.9233723 -0.3823136 -0.03455859 -0.9233862 -0.5219024 -0.04717642 -0.8516997 -0.52186 -0.0470668 -0.8517316 -0.6481299 -0.05845522 -0.759283 -0.6481953 -0.05860579 -0.7592155 -0.7585862 -0.06858664 -0.6479528 -0.07855111 0.006628751 -0.9968881 -0.5892808 -0.2763969 -0.7591792 -0.5324965 -0.3742917 -0.7591794 -0.5324977 -0.3742803 -0.759184 -0.4595581 -0.4609178 -0.7591845 -0.4595506 -0.4609431 -0.7591736 -0.3727326 -0.5335921 -0.7591771 -0.3727605 -0.5335359 -0.7592029 -0.274582 -0.5901001 -0.7592013 -0.2745385 -0.590159 -0.7591712 -0.1681695 -0.6287784 -0.7591816 -0.1681576 -0.6287897 -0.7591749 -0.2334122 0.01969718 -0.9721783 -0.2334185 0.01967865 -0.9721772 -0.3825798 0.03225392 -0.9233592 -0.3825404 0.03233414 -0.9233728 -0.5220648 0.0441274 -0.8517636 -0.5221759 0.04394304 -0.851705 -0.6485582 0.0545786 -0.7592057 -0.6484618 0.05472451 -0.7592777 -0.7589941 0.06405252 -0.6479394 -0.7589798 0.06407403 -0.6479538 -0.8504179 0.07179331 -0.5211862 -0.07621234 0.02015239 -0.9968879 -0.7352182 -0.1989865 -0.6479649 -0.689584 -0.3234432 -0.6479648 -0.6895772 -0.3233316 -0.6480278 -0.6230987 -0.4379616 -0.6480258 -0.6230836 -0.4380947 -0.6479505 -0.537774 -0.5394036 -0.6479529 -0.5377926 -0.5393407 -0.6479897 -0.4362117 -0.6243541 -0.6479979 -0.4361766 -0.6244248 -0.6479535 -0.3212634 -0.6906006 -0.6479666 -0.3212946 -0.6905584 -0.6479961 -0.1967718 -0.7357861 -0.6479967 -0.1967844 -0.735774 -0.6480066 -0.2264471 0.05987811 -0.9721812 -0.2264715 0.05983394 -0.9721782 -0.3711913 0.09806901 -0.9233632 -0.3712031 0.09805291 -0.9233601 -0.5065716 0.1338104 -0.8517512 -0.5065506 0.1338346 -0.8517599 -0.6292749 0.1662592 -0.759191 -0.6292442 0.1662916 -0.7592093 -0.736372 0.1946024 -0.6479863 -0.7364248 0.1945467 -0.6479431 -0.8251864 0.2179955 -0.5211001 -0.8251162 0.2180764 -0.5211775 -0.8937352 0.2362123 -0.3813672 -0.07156866 0.03305548 -0.9968877 -0.8500885 -0.07679003 -0.5210114 -0.823905 -0.2229896 -0.5210146 -0.8238682 -0.222801 -0.5211535 -0.772736 -0.3623234 -0.5211533 -0.7727378 -0.3624157 -0.5210866 -0.6982003 -0.4909098 -0.5210795 -0.6982226 -0.4907678 -0.5211834 -0.6026124 -0.6043472 -0.5211744 -0.6025674 -0.6044785 -0.5210741 -0.4887634 -0.6997073 -0.5210761 -0.48877 -0.6996951 -0.521086 -0.3600453 -0.7738452 -0.5210863 -0.360079 -0.7738034 -0.5211251 -0.2205173 -0.8245109 -0.5211082 -0.2205155 -0.8245126 -0.5211064 -0.2126597 0.09822136 -0.9721771 -0.2126412 0.09824436 -0.9721788 -0.3484948 0.1610113 -0.9233779 -0.3485666 0.1609424 -0.9233628 -0.4757038 0.2196452 -0.8517405 -0.4756726 0.2196704 -0.8517514 -0.5908855 0.272877 -0.7592052 -0.5909157 0.2728545 -0.7591897 -0.6914495 0.3192759 -0.6480435 -0.691528 0.3192176 -0.6479885 -0.7749226 0.3577135 -0.5210912 -0.7749089 0.3577246 -0.5211039 -0.839338 0.3874673 -0.3812883 -0.8392726 0.3875303 -0.3813683 -0.8829818 0.4077129 -0.2326229 -0.9211102 0.07757073 -0.3814953 -0.9206236 -0.08316159 -0.3814925 -0.9206341 -0.08319801 -0.3814591 -0.8923312 -0.2413157 -0.3814601 -0.8923424 -0.241419 -0.3813687 -0.8369431 -0.3925282 -0.3813761 -0.8369469 -0.3924733 -0.3814246 -0.7562718 -0.5315695 -0.3814275 -0.756268 -0.5315848 -0.3814135 -0.6526159 -0.6546856 -0.3814175 -0.6526883 -0.6545211 -0.3815756 -0.5293391 -0.7577715 -0.3815527 -0.5292565 -0.7578951 -0.3814221 -0.39 -0.8381029 -0.381423 -0.3899748 -0.8381293 -0.3813909 -0.2388373 -0.893018 -0.3814127 -0.2388539 -0.8930058 -0.3814308 -0.9403541 0.2483889 -0.2324588 -0.9691773 0.08161866 -0.2324517 -0.9691502 0.08169806 -0.2325368 -0.9686402 -0.08753633 -0.2325371 -0.9686184 -0.08739674 -0.2326804 -0.9388017 -0.2539883 -0.2326827 -0.9388001 -0.2540717 -0.2325982 -0.8805626 -0.4129263 -0.2325968 -0.880584 -0.4128175 -0.2327092 -0.7956551 -0.5592702 -0.2327012 -0.7956038 -0.5594033 -0.2325566 -0.6867547 -0.6886832 -0.2325586 -0.6867491 -0.6886924 -0.2325476 -0.5568428 -0.7973985 -0.2325548 -0.556863 -0.7973752 -0.2325862 -0.4102922 -0.8817953 -0.2325884 -0.4103154 -0.8817765 -0.2326187 -0.2513009 -0.9395417 -0.2326142 -0.2512965 -0.9395441 -0.2326091 -0.9051047 0.4179289 -0.07823663 -0.9638757 0.254602 -0.07824021 -0.9638716 0.2546133 -0.07825344 -0.9934099 0.08374315 -0.07825523 -0.9934066 0.08376204 -0.07827621 -0.9928984 -0.08958745 -0.07827419 -0.9928979 -0.08970701 -0.07814329 -0.9623231 -0.2604378 -0.07814431 -0.9623332 -0.2603819 -0.07820647 -0.9026685 -0.4231708 -0.0782054 -0.9026042 -0.4233457 -0.07800143 -0.8155384 -0.5734196 -0.0780192 -0.8156353 -0.5732531 -0.07823002 -0.7039434 -0.7059353 -0.07822382 -0.7039147 -0.7059695 -0.07817494 -0.5708131 -0.8173503 -0.07817208 -0.570862 -0.8173094 -0.07824182 -0.4205959 -0.9038695 -0.07822424 -0.4205744 -0.9038819 -0.07819706 -0.2575929 -0.9630848 -0.07818949 -0.2575203 -0.9631111 -0.07810503 -0.9050744 0.417982 -0.07830351 -0.8829429 0.4077612 -0.2326859 -0.9402399 0.2485962 -0.2326989 -0.8936814 0.2362863 -0.3814477 -0.9211335 0.07752317 -0.3814487 -0.8505448 0.07158237 -0.5210083 -0.8500931 -0.07680165 -0.5210023 -0.7585627 -0.06853234 -0.6479861 -0.7352102 -0.1989531 -0.6479843 -0.628275 -0.1700157 -0.7591872 -0.5892798 -0.2763828 -0.759185 -0.4743754 -0.2224904 -0.8517428 -0.4286059 -0.3013904 -0.8517399 -0.314056 -0.2208403 -0.9233626 -0.2711491 -0.271803 -0.9233641 -0.1654421 -0.1658411 -0.9721757 -0.1341428 -0.1920359 -0.9721769 -0.04514068 -0.06462246 -0.9968882 -0.0867418 -0.9931586 -0.07817816 -0.08670282 -0.9931654 -0.07813483 -0.08458369 -0.9688916 -0.2325824 -0.08461123 -0.9688821 -0.232612 -0.08041971 -0.9208849 -0.3814495 -0.08040297 -0.9208932 -0.381433 -0.07423663 -0.8502671 -0.5210901 -0.07424747 -0.8502606 -0.5210992 -0.06625586 -0.7587436 -0.648011 -0.0662443 -0.7587513 -0.6480032 -0.05661046 -0.6484073 -0.7591859 -0.05660712 -0.6484095 -0.7591842 -0.04556667 -0.5219457 -0.8517607 -0.04556173 -0.5219487 -0.8517591 -0.0333864 -0.3824701 -0.9233645 -0.03337138 -0.3824775 -0.9233619 -0.02036178 -0.2333715 -0.9721745 -0.02039921 -0.2333586 -0.9721768 -0.006864845 -0.07853138 -0.9968881 -0.1325394 0.1931232 -0.9721814 -0.04460126 0.06498849 -0.9968888 -0.03284782 0.07165169 -0.9968887 -0.09761786 0.2129361 -0.9721775 -0.09758192 0.2129428 -0.9721795 -0.1599218 0.3489805 -0.9233838 -0.02010583 0.07621407 -0.9968887 -0.05974972 0.2264901 -0.9721791 -0.05975508 0.22649 -0.9721788 -0.09793263 0.3711946 -0.9233763 -0.09790742 0.3711917 -0.9233801 -0.1336152 0.5065689 -0.8517833 -0.006771683 0.07852953 -0.9968888 -0.02012401 0.2333726 -0.9721791 -0.02011001 0.2333704 -0.97218 -0.0329594 0.3824841 -0.9233741 -0.03295046 0.3824815 -0.9233754 -0.0449655 0.5219491 -0.8517906 -0.04498815 0.5219579 -0.8517841 -0.05588924 0.6484336 -0.7592167 -0.08557695 0.9932599 -0.07817542 -0.08558952 0.9932599 -0.07816189 -0.08349639 0.9689697 -0.2326498 -0.08351963 0.9689735 -0.2326263 -0.0793823 0.9209729 -0.3814542 -0.0793513 0.920964 -0.3814823 -0.07326519 0.8503276 -0.5211288 -0.07326698 0.8503283 -0.5211275 -0.06537991 0.7587924 -0.6480429 -0.2542577 0.963969 -0.07820957 -0.2542896 0.9639635 -0.07817465 -0.2480742 0.9404025 -0.2325989 -0.2480031 0.9404036 -0.2326702 -0.23572 0.8938277 -0.3814552 -0.2357412 0.8938301 -0.3814367 -0.2176541 0.8252516 -0.5211395 -0.217655 0.8252519 -0.5211389 -0.1942246 0.7364142 -0.6480516 -0.1942507 0.7364205 -0.6480367 -0.1659985 0.629314 -0.7592157 -0.4154857 0.9062403 -0.07810342 -0.4153651 0.9062837 -0.07824188 -0.4052044 0.8841142 -0.2327045 -0.4053293 0.8840905 -0.2325772 -0.3852504 0.8402951 -0.3814266 -0.385228 0.8402965 -0.3814461 -0.3556771 0.775837 -0.5211246 -0.3556463 0.7758364 -0.5211465 -0.3173678 0.6923325 -0.6480381 -0.317334 0.6923303 -0.6480571 -0.2711756 0.5916261 -0.7592381 -0.2712376 0.5916301 -0.7592129 -0.2183331 0.4762336 -0.8517817 -0.5643066 0.8218565 -0.07816582 -0.5643807 0.8218144 -0.07807374 -0.5505782 0.801716 -0.2326264 -0.5504786 0.8017535 -0.232733 -0.523218 0.7620494 -0.3814756 -0.5232869 0.7620329 -0.381414 -0.483124 0.703546 -0.5211663 -0.4831889 0.7035362 -0.5211194 -0.4311965 0.6278338 -0.6479925 -0.4311154 0.6278426 -0.648038 -0.3684054 0.5365166 -0.7592282 -0.3683547 0.536522 -0.7592489 -0.2965195 0.4318913 -0.8517899 -0.296562 0.431885 -0.8517784 -0.2173266 0.316494 -0.9233638 -0.6966304 0.7131525 -0.07822811 -0.6966768 0.7131143 -0.07816314 -0.6796522 0.695688 -0.232575 -0.6796073 0.6957144 -0.2326272 -0.6459259 0.6612347 -0.3815079 -0.6459613 0.6612195 -0.3814744 -0.5964362 0.6105245 -0.5210794 -0.5962994 0.6105701 -0.5211824 -0.5321292 0.5448642 -0.6480444 -0.5322442 0.5448312 -0.6479778 -0.4548093 0.465565 -0.7592086 -0.4547572 0.4655801 -0.7592307 -0.366042 0.3747535 -0.8518057 -0.3660956 0.3747358 -0.8517906 -0.2682728 0.2746044 -0.9233754 -0.2683756 0.2745604 -0.9233586 -0.1637451 0.1675187 -0.9721754 -0.1899778 0.1370768 -0.972172 -0.1899162 0.137129 -0.9721767 -0.3112416 0.2247319 -0.9233766 -0.3113111 0.2246866 -0.9233641 -0.4247731 0.3065769 -0.8518089 -0.4248403 0.3065409 -0.8517884 -0.5278046 0.3808341 -0.7592021 -0.5276406 0.3809136 -0.7592762 -0.6175005 0.4457851 -0.6480499 -0.6175965 0.4457386 -0.6479905 -0.6920863 0.4995003 -0.521072 -0.6919414 0.4995782 -0.5211895 -0.7494422 0.5410935 -0.3815156 -0.7495461 0.5410258 -0.3814077 -0.7886073 0.5692203 -0.2325656 -0.7885662 0.5692552 -0.2326195 -0.8083233 0.5835175 -0.07823497 -0.8083804 0.5834513 -0.07814061 -0.8962606 0.4365693 -0.07825595 -0.8963169 0.4364752 -0.07813739 -0.8744124 0.4258084 -0.232573 -0.8743832 0.4258434 -0.2326188 -0.8310802 0.404754 -0.3814183 -0.8310968 0.4047385 -0.3813984 -0.7672843 0.3736622 -0.521202 -0.7672871 0.37366 -0.5211994 -0.6847814 0.3334806 -0.64797 -0.684765 0.3334924 -0.6479812 -0.5851349 0.2849708 -0.7592159 -0.5849856 0.2850781 -0.7592907 -0.4709318 0.2294968 -0.8517948 -0.4709547 0.2294788 -0.851787 -0.345093 0.1681511 -0.9233829 -0.3452044 0.1680477 -0.9233601 -0.2106143 0.1025283 -0.9721778 -0.2106436 0.1024933 -0.9721751 -0.0708754 0.03448593 -0.9968888 -0.06391561 0.04611772 -0.9968891 -0.06539469 0.7587988 -0.6480339 -0.05588299 0.648431 -0.7592196 -0.1659861 0.629311 -0.7592208 -0.1336117 0.5065683 -0.8517844 -0.2183249 0.4762334 -0.8517839 -0.1599852 0.3489767 -0.9233742 -0.2172443 0.3165135 -0.9233765 -0.1325505 0.1931191 -0.9721807 -0.1636295 0.1675865 -0.9721832 -0.05506277 0.05639433 -0.996889 0 -0.07853323 -0.9969115 0 -0.07853323 -0.9969115 0 -0.2334198 -0.972376 0 -0.2334198 -0.972376 0 -0.3826834 -0.9238795 0 -0.3826834 -0.9238795 0 -0.5224884 -0.8526464 0 -0.5224884 -0.8526464 0 -0.6494488 -0.7604053 0 -0.6494488 -0.7604053 0 -0.7604146 -0.649438 0 -0.7604146 -0.649438 0 -0.8526197 -0.5225319 0 -0.8526197 -0.5225319 0 -0.9238772 -0.3826889 0 -0.9238772 -0.3826889 0 -0.9723763 -0.2334189 0 -0.9723763 -0.2334189 0 -0.9969162 -0.07847392 0 -0.9969162 -0.07847392 0 0.07853132 -0.9969117 0 0.07853132 -0.9969117 0 0.2334199 -0.9723761 0 0.2334199 -0.9723761 0 0.382692 -0.923876 0 0.382692 -0.9238759 0 0.5224776 -0.852653 0 0.5224776 -0.852653 0 0.6494488 -0.7604054 0 0.6494488 -0.7604053 0 0.7604265 -0.649424 0 0.7604265 -0.649424 0 0.8314411 -0.5556129 -2.07857e-4 0.8526197 -0.5225319 0 0.872484 -0.4886426 0 0.9081553 -0.4186334 -2.06648e-4 0.9238772 -0.3826889 0 0.9381806 -0.3461463 0 0.9624642 -0.2714089 -2.06e-4 0.9723707 -0.2334419 0 0.980781 -0.1951116 0 0.9930707 -0.1175182 -2.05752e-4 0.9969181 -0.07844978 0 0.9992291 -0.03925704 0.07820069 -0.9938633 -0.07823359 0.199646 -0.1222545 -0.9722115 0.07853174 -0.006169915 -0.9968925 0.06718152 -0.041139 -0.9968923 0.05991733 -0.05113726 -0.9968926 0.1780804 -0.1519852 -0.9722077 0.1780065 -0.1520403 -0.9722127 0.2917654 -0.2492049 -0.9234554 0.0511406 -0.05991488 -0.9968926 0.2162868 -0.08957922 -0.9722117 0.2276161 -0.05471223 -0.9722127 0.2276403 -0.05466312 -0.9722098 0.233394 -0.01833677 -0.9722093 0.2333692 -0.0184161 -0.9722138 0.1519728 -0.1780471 -0.9722158 0.152065 -0.1779986 -0.9722102 0.2492458 -0.2917528 -0.9234483 0.2491974 -0.2917715 -0.9234555 0.3400818 -0.3981829 -0.8519359 0.04115921 -0.0671668 -0.9968924 0.3271329 -0.2005034 -0.9234622 0.3544856 -0.1468169 -0.9234634 0.3545079 -0.1467921 -0.9234589 0.3730936 -0.08959072 -0.923458 0.3730995 -0.08958166 -0.9234565 0.3825078 -0.03018528 -0.9234591 0.3825532 -0.03008317 -0.9234436 0.1223158 -0.1996043 -0.9722124 0.1222906 -0.1996129 -0.9722138 0.2004364 -0.3271693 -0.9234638 0.2005236 -0.3271508 -0.9234516 0.2736638 -0.4464776 -0.8519189 0.2735964 -0.4464865 -0.8519359 0.3399316 -0.55474 -0.7594143 0.03014481 -0.07277852 -0.9968925 0.3981803 -0.340097 -0.8519311 0.446462 -0.2736416 -0.8519342 0.4465148 -0.2736054 -0.8519182 0.483844 -0.2003467 -0.8519133 0.4837483 -0.2004376 -0.8519462 0.5091529 -0.1222482 -0.8519499 0.50922 -0.1221608 -0.8519224 0.5220643 -0.04105395 -0.8519175 0.5220585 -0.04106462 -0.8519206 0.08958303 -0.2162802 -0.9722128 0.08959418 -0.2162783 -0.9722122 0.1468484 -0.3544889 -0.9234572 0.146821 -0.3544904 -0.923461 0.200375 -0.4837933 -0.8519354 0.2004185 -0.4837943 -0.8519245 0.2490066 -0.601082 -0.7594051 0.2489812 -0.6010804 -0.7594147 0.2913835 -0.7034461 -0.6482741 0.01839029 -0.07659769 -0.9968925 0.4224932 -0.4947353 -0.7594318 0.4946946 -0.4225326 -0.7594363 0.4947574 -0.4225056 -0.7594104 0.5547531 -0.3399292 -0.7594059 0.5546991 -0.3399631 -0.75943 0.6010317 -0.249033 -0.7594363 0.6011464 -0.2489323 -0.7593785 0.6327082 -0.1517853 -0.7593692 0.6326003 -0.1519153 -0.7594332 0.6485806 -0.05101674 -0.7594344 0.6485917 -0.05099797 -0.7594261 0.05465215 -0.2276325 -0.9722122 0.05464285 -0.2276327 -0.9722127 0.08956319 -0.3731046 -0.9234562 0.08955729 -0.373104 -0.923457 0.1222212 -0.509185 -0.8519346 0.122229 -0.5091865 -0.8519327 0.1518604 -0.6326261 -0.7594227 0.1518947 -0.6326338 -0.7594093 0.1777628 -0.7403729 -0.6482656 0.1777482 -0.7403697 -0.6482734 0.1992111 -0.8297686 -0.5213435 0.00618118 -0.07853174 -0.9968924 0.39782 -0.6492145 -0.6482746 0.4944573 -0.5790045 -0.6482791 0.4945312 -0.5789857 -0.6482396 0.5790378 -0.4944781 -0.6482336 0.5789235 -0.4945272 -0.648298 0.6491609 -0.3978568 -0.6483055 0.6492903 -0.397775 -0.6482262 0.7035226 -0.2913258 -0.6482169 0.7034408 -0.2913977 -0.6482735 0.7403574 -0.1777926 -0.6482751 0.740406 -0.177734 -0.6482357 0.7590996 -0.05968707 -0.6482323 0.7590035 -0.05984908 -0.64833 0.01836925 -0.2333805 -0.972212 0.01836168 -0.2333794 -0.9722124 0.03009486 -0.3825101 -0.9234611 0.03012299 -0.3825176 -0.923457 0.04111087 -0.5220467 -0.8519256 0.04108464 -0.5220374 -0.8519325 0.05104535 -0.6486022 -0.759414 0.05103802 -0.6485992 -0.759417 0.05972987 -0.7590568 -0.6482785 0.05973917 -0.7590606 -0.6482734 0.06695187 -0.8507068 -0.5213595 0.06696534 -0.8507114 -0.5213499 0.07253313 -0.9214438 -0.381681 0.3265337 -0.7883741 -0.5213847 0.4458418 -0.7275826 -0.5213912 0.4459089 -0.7275737 -0.5213462 0.5542253 -0.6488742 -0.5213412 0.5541619 -0.648893 -0.5213851 0.6488232 -0.5542368 -0.5213926 0.6489466 -0.5541776 -0.5213017 0.7276811 -0.4457995 -0.5212897 0.7275615 -0.445882 -0.5213861 0.788355 -0.326573 -0.521389 0.7884097 -0.326521 -0.5213389 0.829778 -0.1991877 -0.5213375 0.829701 -0.1992884 -0.5214216 0.8506544 -0.0670759 -0.5214288 0.8507654 -0.06687092 -0.5212741 0.2157824 -0.8987588 -0.3816682 0.3536942 -0.8539499 -0.3816674 0.3537093 -0.8539491 -0.3816552 0.4829901 -0.7880777 -0.3816465 0.4828985 -0.7880973 -0.3817217 0.6002393 -0.7028471 -0.3817312 0.6003511 -0.7028039 -0.3816349 0.7028968 -0.6002492 -0.3816241 0.7028267 -0.6002899 -0.3816893 0.7880714 -0.4829651 -0.3816911 0.7881153 -0.4829295 -0.3816457 0.853971 -0.3536734 -0.3816395 0.8538643 -0.3537924 -0.3817679 0.8986941 -0.21586 -0.3817766 0.8988155 -0.2156722 -0.3815969 0.9214892 -0.07242989 -0.381591 0.9214236 -0.07257795 -0.3817211 0.07628649 -0.9695354 -0.2327694 0.2270422 -0.945657 -0.2327757 0.2270543 -0.9456568 -0.2327645 0.372165 -0.898506 -0.232766 0.3721746 -0.8985044 -0.2327571 0.5081111 -0.8292444 -0.2327594 0.5081644 -0.8292263 -0.2327076 0.6316816 -0.7394812 -0.2326928 0.631598 -0.7395253 -0.2327798 0.7395063 -0.6316182 -0.2327853 0.7395483 -0.6315867 -0.2327371 0.82924 -0.5081292 -0.2327354 0.8291729 -0.5081982 -0.2328239 0.8984468 -0.3722648 -0.2328351 0.8985614 -0.3721024 -0.2326524 0.945717 -0.2269263 -0.2326449 0.9456278 -0.2271077 -0.2328308 0.969513 -0.07636582 -0.232836 0.9695587 -0.07621842 -0.232694 0.07823324 -0.9938632 -0.07820147 0.232752 -0.9693872 -0.07819837 0.2327032 -0.969395 -0.07824718 0.3815115 -0.9210456 -0.0782563 0.38155 -0.921033 -0.07821631 0.5209084 -0.850022 -0.07821124 0.5209133 -0.8500196 -0.07820588 0.6474494 -0.7580854 -0.07820278 0.6474651 -0.7580741 -0.07818377 0.7581025 -0.6474324 -0.0781781 0.7580085 -0.6475268 -0.07830965 0.8499842 -0.5209534 -0.07832181 0.8500836 -0.5208165 -0.07815474 0.9210884 -0.3814311 -0.07814466 0.9210295 -0.3815468 -0.07827299 0.9693671 -0.232809 -0.07827788 0.969412 -0.2326705 -0.07813405 0.9938769 -0.07813006 -0.07813042 0.9938457 -0.07832884 -0.0783292 0.07659304 -0.01841068 -0.9968924 0.07632017 -0.9695402 -0.2327381 0.07253414 -0.921444 -0.3816801 0.2157621 -0.8987567 -0.3816846 0.1991998 -0.8297665 -0.521351 0.3265922 -0.7883756 -0.5213457 0.2914101 -0.7034478 -0.6482602 0.3978515 -0.6492115 -0.6482581 0.3399558 -0.5547378 -0.759405 0.4225697 -0.4947157 -0.7594019 0.3401079 -0.3981751 -0.8519291 0.3981933 -0.3400907 -0.8519275 0.2917742 -0.2491998 -0.9234539 0.3271908 -0.2004565 -0.9234519 0.1996091 -0.1222923 -0.9722144 0.2162517 -0.08962893 -0.9722149 0.07277458 -0.03016257 -0.9968922 0.9992291 0 -0.03925704 0.9969085 -3.43615e-4 -0.0785706 0.9930424 0 -0.1177577 0.9808554 0 -0.1947377 0.9723872 -3.46033e-4 -0.2333729 0.9624007 0 -0.2716338 0.9382437 0 -0.3459752 0.92386 -3.4715e-4 -0.3827304 0.9080445 0 -0.4188737 0.8725047 0 -0.4886057 0.8526738 -3.47764e-4 -0.5224435 0.8315308 0 -0.5554786 0.7603665 0 -0.6494943 0.7603665 0 -0.6494942 0.6494368 0 -0.7604155 0.6494368 0 -0.7604156 0.5224993 0 -0.8526397 0.5224993 0 -0.8526397 0.3827264 0 -0.9238617 0.3827264 0 -0.9238618 0.2334088 0 -0.9723787 0.2334088 0 -0.9723787 0.07853323 0 -0.9969115 0.07853323 0 -0.9969115 0 0.07853209 0.9969115 0 0.07853209 0.9969115 0 0.2334213 0.9723757 0 0.2334213 0.9723757 0 0.3826907 0.9238765 0 0.3826907 0.9238765 0 0.5224787 0.8526523 0 0.5224787 0.8526523 0 0.6494475 0.7604064 0 0.6494475 0.7604064 0 0.7604265 0.649424 0 0.7604265 0.649424 0 0.8526201 0.5225312 0 0.8526201 0.5225312 0 0.9238771 0.3826892 0 0.9238771 0.3826892 0 0.9723708 0.2334419 0 0.9723708 0.2334419 0 0.996918 0.07844966 0 0.996918 0.07844966 -0.1325424 0.1931275 0.9721801 -0.04460167 0.06498914 0.9968888 -0.0550633 0.05639487 0.996889 -0.1636605 0.1676182 0.9721726 -0.1637309 0.1675041 0.9721803 -0.2683411 0.2745252 0.9233791 -0.0639162 0.04611819 0.9968891 -0.189958 0.1370625 0.9721779 -0.1899279 0.1371374 0.9721732 -0.3112694 0.224752 0.9233623 -0.3112905 0.2246716 0.9233748 -0.4248046 0.3065996 0.8517851 -0.07087606 0.03448629 0.9968888 -0.2106317 0.1024875 0.9721782 -0.2106222 0.1025322 0.9721756 -0.3451446 0.1680185 0.9233878 -0.3451318 0.16817 0.9233649 -0.4709427 0.2294731 0.8517952 -0.4709427 0.2295021 0.8517874 -0.5850701 0.2851192 0.7592102 -0.896269 0.4365735 0.07813799 -0.8963086 0.4364711 0.07825654 -0.8744027 0.4258037 0.2326179 -0.8743931 0.4258483 0.2325721 -0.8310872 0.4047574 0.3813995 -0.8310891 0.4047347 0.3814192 -0.767286 0.373663 0.5211988 -0.767286 0.3736594 0.5212014 -0.6847734 0.3334767 0.6479804 -0.8083744 0.5834469 0.07823431 -0.8083294 0.5835219 0.0781399 -0.7885765 0.5692626 0.2325666 -0.7885966 0.5692126 0.2326205 -0.7495111 0.5410005 0.3815123 -0.7494794 0.5411204 0.3814044 -0.6919972 0.4996185 0.521077 -0.6920256 0.4994564 0.5211946 -0.6175582 0.445711 0.648046 -0.6175442 0.4458168 0.6479866 -0.5277031 0.3809587 0.75921 -0.6966339 0.7131561 0.07816344 -0.6966732 0.7131106 0.07822835 -0.6796436 0.6956792 0.2326261 -0.6796162 0.6957234 0.2325741 -0.6459352 0.6612442 0.3814758 -0.6459512 0.6612093 0.3815093 -0.5963945 0.610482 0.5211768 -0.5963458 0.6106176 0.5210738 -0.5321661 0.544902 0.6479822 -0.532202 0.544788 0.6480489 -0.454792 0.4655474 0.7592297 -0.4547759 0.4655992 0.7592077 -0.3660578 0.3747697 0.8517917 -0.5643107 0.8218624 0.07807415 -0.5643767 0.8218085 0.07816624 -0.5505641 0.8016955 0.2327309 -0.5504934 0.8017749 0.2326244 -0.5232319 0.7620696 0.3814163 -0.5232719 0.7620112 0.3814779 -0.4831397 0.7035688 0.5211209 -0.4831721 0.7035117 0.5211679 -0.4311761 0.6278041 0.6480349 -0.4311387 0.6278766 0.6479895 -0.3683922 0.5364975 0.7592481 -0.3683689 0.5365427 0.7592274 -0.2965294 0.4319058 0.8517791 -0.2965506 0.4318683 0.8517907 -0.2173119 0.3164726 0.9233746 -0.4154812 0.9062305 0.07824093 -0.4153696 0.9062936 0.07810246 -0.4052169 0.8841414 0.2325795 -0.4053164 0.8840622 0.2327069 -0.3852471 0.8402879 0.3814458 -0.3852315 0.8403039 0.3814263 -0.355672 0.7758257 0.5211448 -0.3556523 0.7758495 0.5211228 -0.3173615 0.6923188 0.6480558 -0.3173412 0.6923458 0.6480369 -0.2711862 0.5916492 0.7592163 -0.2712236 0.5915996 0.7592415 -0.2183322 0.4762317 0.851783 -0.218327 0.4762381 0.8517808 -0.1599769 0.3489586 0.9233825 -0.1599326 0.3490041 0.9233731 -0.09758502 0.2129495 0.9721778 -0.05975055 0.2264932 0.9721783 -0.0597552 0.2264906 0.9721786 -0.09792953 0.3711828 0.9233814 -0.09790903 0.3711976 0.9233775 -0.133615 0.5065683 0.8517838 -0.1336123 0.5065706 0.8517828 -0.1659875 0.6293161 0.7592163 -0.1659968 0.6293075 0.7592214 -0.1942473 0.7364073 0.6480526 -0.1942277 0.7364258 0.6480377 -0.217655 0.8252518 0.5211389 -0.2176543 0.8252524 0.5211383 -0.2357391 0.8938223 0.381456 -0.2357219 0.8938348 0.3814375 -0.2480075 0.9404205 0.2325975 -0.24807 0.9403864 0.2326688 -0.2542889 0.9639608 0.07820969 -0.2542583 0.9639717 0.07817471 -0.08557707 0.9932609 0.07816189 -0.0855894 0.9932588 0.07817542 -0.08349686 0.9689753 0.2326267 -0.08351916 0.9689677 0.2326503 -0.07938128 0.9209617 0.3814816 -0.07935231 0.9209758 0.3814535 -0.07326531 0.8503288 0.5211269 -0.07326686 0.8503277 0.5211282 -0.06538057 0.7587996 0.6480345 -0.06539404 0.7587907 0.6480434 -0.0558831 0.6484326 0.7592181 -0.05588883 0.6484289 0.759221 -0.04498744 0.5219497 0.8517891 -0.04496663 0.5219621 0.8517825 -0.03295063 0.382483 0.9233748 -0.03295898 0.3824788 0.9233762 -0.0201103 0.2333741 0.972179 -0.02012372 0.2333695 0.9721799 -0.006771743 0.07853031 0.9968888 -0.02010601 0.07621484 0.9968887 -0.6847742 0.3334969 0.6479692 -0.5850625 0.2849355 0.7592849 -0.5277268 0.380778 0.7592842 -0.4248176 0.3065245 0.8518056 -0.3660769 0.3747167 0.851807 -0.2682948 0.2746268 0.9233623 -0.2172642 0.3165424 0.923362 -0.1325502 0.1931186 0.9721809 -0.09761357 0.2129267 0.9721798 -0.03284811 0.07165235 0.9968886 -0.06232547 0.02600193 0.9977171 -0.07234144 0.03068238 0.9969079 -0.1333584 0.05573451 0.9894995 -0.2154636 0.09004575 0.9723513 -0.210945 0.08841097 0.9734916 -0.3531517 0.1477183 0.9238308 -0.3466962 0.1454 0.9266394 -0.4819977 0.2020432 0.852559 -0.4806702 0.2015694 0.8534201 -0.5988748 0.2517236 0.7602528 -0.5989279 0.2517426 0.7602046 -0.7011479 0.2948898 0.6491777 -0.7000378 0.294508 0.6505475 -0.7858402 0.3309584 0.5224192 -0.7858419 0.3309589 0.5224163 -0.8514381 0.3588576 0.3824585 -0.8506426 0.3586206 0.3844456 -0.8783085 0.3702939 0.3024179 -0.8958524 0.3781967 0.2332715 -0.8977718 0.3786662 0.2249838 -0.9105713 0.3840641 0.1528226 -0.9184642 0.3876345 0.07850581 -0.9188615 0.3876004 0.07388824 0 -0.9969161 0.0784738 0 -0.9969161 0.0784738 0 -0.9723653 0.2334648 0 -0.9723653 0.2334648 0 -0.9238944 0.3826478 0 -0.9238944 0.3826478 0 -0.852631 0.5225136 0 -0.852631 0.5225136 0 -0.7604145 0.649438 0 -0.7604145 0.649438 0 -0.6494355 0.7604168 0 -0.6494355 0.7604168 0 -0.5225003 0.8526391 0 -0.5225003 0.8526391 0 -0.3826907 0.9238765 0 -0.3826907 0.9238765 0 -0.2334102 0.9723784 0 -0.2334102 0.9723784 0 -0.07853394 0.9969114 0 -0.07853394 0.9969114 -0.1314373 -0.1938667 0.9721831 -0.04422909 -0.0652368 0.9968891 -0.03258413 -0.07176643 0.9968891 -0.09682923 -0.2132661 0.972184 -0.0968393 -0.2132642 0.9721834 -0.1587227 -0.3495467 0.9233765 -0.01992225 -0.07625567 0.9968893 -0.0592029 -0.2266089 0.972185 -0.05920106 -0.2266089 0.972185 -0.09703636 -0.3714344 0.9233744 -0.09699016 -0.3714293 0.9233813 -0.1323516 -0.5068479 0.8518147 -0.006687402 -0.07853221 0.9968892 -0.01987218 -0.2333642 0.9721863 -0.01991188 -0.2333704 0.972184 -0.03263497 -0.3824869 0.9233844 -0.0326839 -0.382501 0.9233768 -0.04460215 -0.5219804 0.8517906 -0.04452151 -0.5219497 0.8518136 -0.05531114 -0.6484413 0.7592527 -0.08475887 -0.9933242 0.07824963 -0.08481359 -0.9933241 0.07819104 -0.08273971 -0.9690349 0.2326494 -0.08272451 -0.9690324 0.2326647 -0.07862687 -0.9210332 0.3814653 -0.07862937 -0.9210339 0.381463 -0.07259517 -0.8503516 0.5211833 -0.07266235 -0.8503772 0.5211323 -0.06483972 -0.7588275 0.6480561 -0.2520468 -0.964555 0.07814246 -0.2519615 -0.9645698 0.07823514 -0.2458007 -0.9409847 0.232658 -0.2457933 -0.9409849 0.2326654 -0.2336192 -0.8943778 0.3814583 -0.2335943 -0.8943752 0.3814798 -0.2156666 -0.8257343 0.5212013 -0.2157072 -0.8257423 0.521172 -0.1924868 -0.7368531 0.6480714 -0.192523 -0.7368617 0.6480508 -0.1645233 -0.6296959 0.7592201 -0.4118359 -0.9078988 0.07817268 -0.4118552 -0.9078919 0.07815068 -0.4017846 -0.8856922 0.2326334 -0.4017638 -0.8856962 0.2326545 -0.3818691 -0.841838 0.3814246 -0.3818424 -0.8418396 0.3814478 -0.3525403 -0.7772381 0.5211682 -0.352481 -0.7772368 0.5212103 -0.3145287 -0.6935502 0.6481203 -0.3146114 -0.6935555 0.6480744 -0.2688697 -0.5927186 0.7592059 -0.2688481 -0.5927173 0.7592147 -0.2164025 -0.4770928 0.8517936 -0.559813 -0.8249217 0.07819086 -0.5598368 -0.8249082 0.07816165 -0.5461549 -0.8047482 0.2325837 -0.5461101 -0.8047649 0.232631 -0.5190508 -0.7648894 0.3814847 -0.5191263 -0.7648715 0.3814177 -0.4792745 -0.7061545 0.5211927 -0.4793142 -0.7061486 0.5211642 -0.4277161 -0.6301319 0.6480686 -0.427598 -0.6301444 0.6481342 -0.3654665 -0.5385822 0.759186 -0.3654136 -0.5385878 0.7592076 -0.294094 -0.433469 0.8518294 -0.294243 -0.433447 0.8517892 -0.215616 -0.3176222 0.9233774 -0.6914967 -0.7181409 0.07814085 -0.6914644 -0.7181671 0.07818543 -0.674544 -0.7005934 0.2327213 -0.6746613 -0.7005252 0.2325866 -0.6412427 -0.6658254 0.381424 -0.6411902 -0.6658477 0.3814733 -0.5920038 -0.6147699 0.5211424 -0.591911 -0.6148005 0.5212118 -0.528204 -0.5486299 0.6480785 -0.5282398 -0.5486198 0.648058 -0.4513918 -0.4688071 0.7592532 -0.4515743 -0.4687553 0.7591765 -0.3634475 -0.3772756 0.8518034 -0.3633401 -0.3773108 0.8518336 -0.2662907 -0.2765297 0.9233745 -0.2662828 -0.2765331 0.9233759 -0.1624581 -0.1687117 0.972185 -0.1888228 -0.1385954 0.9721817 -0.1887496 -0.1386565 0.9721872 -0.3093999 -0.2272869 0.9233701 -0.3093149 -0.2273415 0.9233852 -0.422114 -0.3102471 0.8518019 -0.4220328 -0.31029 0.8518264 -0.5243266 -0.3854992 0.7592576 -0.5243377 -0.3854939 0.7592526 -0.6135811 -0.4511058 0.6480908 -0.6136816 -0.4510576 0.6480293 -0.687702 -0.5054628 0.521127 -0.6876814 -0.5054738 0.5211436 -0.7448375 -0.5474858 0.3814139 -0.7447229 -0.5475596 0.3815315 -0.7835413 -0.576101 0.2327458 -0.783648 -0.5760118 0.2326077 -0.8032866 -0.5904468 0.07812243 -0.8032671 -0.5904693 0.07815426 -0.8917244 -0.4457728 0.07819312 -0.8917461 -0.4457373 0.07814854 -0.8699545 -0.4348448 0.2325706 -0.8699303 -0.4348734 0.2326079 -0.8267877 -0.4133067 0.3815755 -0.8268246 -0.4132727 0.3815322 -0.7634519 -0.3815971 0.5210804 -0.7633879 -0.3816466 0.521138 -0.6811445 -0.34053 0.6481369 -0.6813093 -0.3404131 0.6480252 -0.5821985 -0.2908928 0.7592275 -0.5821509 -0.2909265 0.759251 -0.4686108 -0.2341855 0.8517987 -0.4685166 -0.2342582 0.8518306 -0.3433216 -0.1716608 0.9233974 -0.3434003 -0.1715887 0.9233815 -0.2095236 -0.1046938 0.9721826 -0.2094831 -0.1047415 0.9721862 -0.07050323 -0.03525161 0.9968884 -0.06354135 -0.04663914 0.9968889 -0.06481224 -0.7588157 0.6480726 -0.05538773 -0.6484742 0.7592189 -0.1645231 -0.6296959 0.7592201 -0.1324302 -0.5068633 0.8517933 -0.2163993 -0.4770928 0.8517944 -0.1585518 -0.3495571 0.923402 -0.2154177 -0.3176687 0.9234077 -0.1314594 -0.1938585 0.9721817 -0.162506 -0.168684 0.9721818 -0.0546813 -0.05676007 0.9968893 -0.9152407 -0.398346 0.06045717 -0.9138599 -0.3983817 0.07843494 -0.9079555 -0.3951163 0.1396421 -0.9046512 -0.3936783 0.1631674 -0.8915456 -0.3882521 0.2332526 -0.8895378 -0.3869544 0.2428761 -0.84753 -0.3686501 0.3818247 -0.8472243 -0.3685537 0.3825951 -0.8168307 -0.3550768 0.4546514 -0.8036906 -0.3493649 0.4816903 -0.7818258 -0.3405829 0.5222563 -0.7662067 -0.3327566 0.5497276 -0.7257996 -0.3152136 0.6114372 -0.6973317 -0.3035186 0.6493111 -0.6797446 -0.2948726 0.6715634 -0.5957276 -0.2591689 0.7602236 -0.5995889 -0.2606906 0.7566594 -0.6297822 -0.2732042 0.7271409 -0.479341 -0.2084001 0.8525266 -0.4984973 -0.2159657 0.839559 -0.5589836 -0.2421629 0.7930286 -0.2934173 -0.1300534 0.9470969 -0.3159589 -0.1387591 0.9385712 -0.3692644 -0.1597394 0.9154928 -0.4371701 -0.1891079 0.8792727 -0.3514223 -0.1517709 0.9238333 -0.2143796 -0.09258937 0.9723522 -0.2191636 -0.09493076 0.971059 -0.07231116 -0.03070831 0.9969093 -0.07878774 -0.03391098 0.9963145 0.9999997 8.69943e-4 0 0.9990403 0.04379987 -4.1856e-5 0.9732822 0.2296081 -0.001318037 0.9820177 0.1887887 -1.41576e-4 0.9967573 0.08046489 5.10636e-4 0.9913014 0.1315298 -0.004634439 0.9959076 0.09034734 -0.002327382 0.9334482 0.3587119 -3.8985e-4 0.9456887 0.3250737 -1.9349e-7 0.9709386 0.2393286 -1.1698e-6 0.9500627 0.3119703 -0.007448494 0.959451 0.2818412 -0.004392087 0.8320821 0.5546412 -0.003543496 0.8585627 0.5127084 -4.2044e-4 0.9199727 0.3919816 7.62379e-4 0.8972279 0.4415355 -0.005338609 0.9182878 0.3959072 -0.002195835 0.724213 0.6895641 -0.004116058 0.7484827 0.6631542 -5.11304e-4 0.7531431 0.6578543 -0.001769721 0.7762351 0.6304438 -2.20889e-4 0.8451752 0.534489 5.8254e-4 0.8045387 0.5938524 -0.007544279 0.8208616 0.5711051 -0.005034744 0.4999563 0.8660506 0 0.4999563 0.8660506 0 0.6324098 0.774634 0 0.6324098 0.774634 0 0.6963823 0.7176711 0 -0.4493156 -0.8899284 0.07837796 -0.5543302 -0.8285906 0.07845759 -0.6885131 -0.7209824 0.07832205 -0.9922617 -0.0962854 0.07839548 -0.9965979 0.02525788 0.07845169 -0.9861047 0.1464082 0.07849913 -0.8142842 0.5751511 0.07837438 -0.7381914 0.6700233 0.07837194 -0.2409794 0.9673605 0.07837444 -0.1213927 0.9895014 0.07842653 -0.02728778 0.07367938 0.9969086 -0.02728778 0.0736795 0.9969086 -0.08117306 0.2191744 0.9723032 -0.08117246 0.2191727 0.9723036 -0.133042 0.3592249 0.9237193 -0.1330363 0.3592079 0.9237267 -0.1816486 0.4904649 0.8523192 -0.1816533 0.490479 0.8523101 -0.2257238 0.6094729 0.7599944 -0.2257196 0.6094601 0.760006 -0.2642347 0.7134537 0.6489714 -0.2642339 0.7134513 0.6489742 -0.2962326 0.7998501 0.5220019 -0.2962371 0.7998644 0.5219776 -0.3209311 0.8665405 0.3822443 -0.3209288 0.8665325 0.3822646 -0.3377354 0.9119116 0.2331351 -0.3377358 0.9119129 0.2331295 -0.3462344 0.9348598 0.07847809 -0.03460162 0.07054018 0.9969086 -0.03460258 0.07054215 0.9969085 -0.1029308 0.2098388 0.9723029 -0.1029276 0.2098318 0.9723047 -0.1686924 0.3439022 0.9237284 -0.1686949 0.3439076 0.9237259 -0.2303422 0.4695841 0.8523105 -0.2303392 0.4695775 0.8523149 -0.2862192 0.5834965 0.7600069 -0.2862232 0.5835055 0.7599985 -0.3350566 0.6830588 0.6489744 -0.3350567 0.683059 0.6489741 -0.3756401 0.7657939 0.5219715 -0.3756458 0.7658074 0.5219475 -0.4069469 0.8296191 0.3822646 -0.4069457 0.829616 0.3822729 -0.4282596 0.8730675 0.233124 -0.4282535 0.8730504 0.2331993 -0.05414253 0.05695801 0.9969074 -0.05413705 0.05695199 0.996908 -0.1610117 0.1693837 0.9723088 -0.1610146 0.1693869 0.9723078 -0.2639311 0.2776547 0.9237143 -0.2639268 0.2776499 0.9237171 -0.3603475 0.3790842 0.8523173 -0.3603388 0.3790743 0.8523254 -0.4477594 0.4710404 0.7600213 -0.4477679 0.47105 0.7600104 -0.5241481 0.5514016 0.6490185 -0.524197 0.5514575 0.6489316 -0.5876479 0.6182081 0.5220044 -0.5876575 0.6182193 0.5219805 -0.6366642 0.6697747 0.3821788 -0.6366456 0.6697522 0.3822489 -0.6699743 0.704814 0.2331773 -0.6699578 0.7047921 0.2332909 -0.06870234 0.03813272 0.9969081 -0.06870228 0.03813266 0.9969081 -0.2043461 0.1134208 0.9723057 -0.2043399 0.1134171 0.9723075 -0.3349088 0.1858882 0.9237325 -0.334933 0.1859025 0.9237208 -0.4573559 0.2538527 0.8522819 -0.4573277 0.2538359 0.852302 -0.5681865 0.3153671 0.7600709 -0.5682765 0.3154214 0.759981 -0.6652947 0.3692712 0.6488619 -0.6652339 0.3692341 0.6489453 -0.7457014 0.413897 0.5221289 -0.7457677 0.4139385 0.5220014 -0.8079875 0.4484736 0.3821353 -0.8079262 0.4484336 0.382312 -0.850238 0.4719185 0.2332126 -0.8502373 0.4719181 0.2332163 -0.8716628 0.4838101 0.07830619 -0.07220762 0.03098672 0.9969082 -0.07220518 0.03098559 0.9969083 -0.2147653 0.09216284 0.9723075 -0.2147914 0.09217488 0.9723006 -0.3520214 0.1510654 0.9237208 -0.3520094 0.1510598 0.9237263 -0.480661 0.2062688 0.8523017 -0.4806711 0.2062735 0.8522948 -0.5972728 0.2563115 0.75998 -0.5972049 0.2562795 0.7600442 -0.6991763 0.3000386 0.6489448 -0.6991289 0.300016 0.6490064 -0.7838224 0.3363603 0.5220001 -0.7838466 0.3363722 0.5219563 -0.8491471 0.3643947 0.3823163 -0.8491802 0.3644117 0.3822265 -0.8936171 0.383481 0.2332183 -0.8936154 0.3834801 0.2332265 -0.07696443 -0.01581656 0.9969084 -0.07695555 -0.01581496 0.9969091 -0.2289298 -0.04704689 0.9723054 -0.2289799 -0.04705578 0.9722931 -0.3752114 -0.07710659 0.9237267 -0.375145 -0.07709497 0.9237546 -0.5122988 -0.1052811 0.8523297 -0.5123496 -0.1052898 0.8522981 -0.6366894 -0.1308422 0.7599388 -0.6366209 -0.1308306 0.7599982 -0.7452324 -0.1531511 0.6489787 -0.7452303 -0.1531507 0.6489812 -0.8354588 -0.1716935 0.5220441 -0.8355537 -0.1717079 0.5218874 -0.9051398 -0.186008 0.3822603 -0.905135 -0.1860073 0.3822721 -0.9525514 -0.1957515 0.2330822 -0.9525316 -0.1957498 0.2331641 -0.9765151 -0.2006785 0.07839834 -0.07496076 -0.02351921 0.9969092 -0.07496833 -0.02352136 0.9969085 -0.223044 -0.06998026 0.9722933 -0.2230155 -0.06997215 0.9723004 -0.3654208 -0.1146525 0.9237546 -0.3654933 -0.114673 0.9237233 -0.4990677 -0.1565818 0.852299 -0.4990655 -0.1565811 0.8523005 -0.6201196 -0.1945617 0.7599983 -0.6200807 -0.194551 0.7600327 -0.7259143 -0.2277564 0.6489803 -0.725884 -0.2277483 0.649017 -0.8138917 -0.255361 0.5218918 -0.8138581 -0.2553523 0.5219485 -0.8816731 -0.2766296 0.3822678 -0.8816876 -0.276633 0.3822318 -0.9278396 -0.2911134 0.2331667 -0.9278231 -0.2911103 0.233236 -0.06870234 -0.03813266 0.9969082 -0.06870239 -0.03813272 0.9969081 -0.2043374 -0.1134158 0.9723081 -0.2043415 -0.1134179 0.972307 -0.334937 -0.1859039 0.9237191 -0.3349158 -0.1858929 0.923729 -0.4573367 -0.2538419 0.8522953 -0.4573612 -0.2538545 0.8522785 -0.5682733 -0.3154153 0.7599859 -0.5681739 -0.3153647 0.7600812 -0.6652376 -0.3692398 0.6489382 -0.6652906 -0.3692663 0.6488689 -0.7457601 -0.4139306 0.5220186 -0.7457039 -0.4139031 0.5221205 -0.8079239 -0.4484383 0.3823115 -0.8079861 -0.4484673 0.3821458 -0.8502395 -0.4719197 0.2332048 -0.8502454 -0.4719222 0.2331786 -0.8716626 -0.4838096 0.07831031 -0.0644918 -0.0448876 0.9969081 -0.06448292 -0.04488176 0.996909 -0.1918168 -0.1335095 0.9723073 -0.1918413 -0.1335255 0.9723003 -0.3143939 -0.2188247 0.9237273 -0.3143973 -0.218827 0.9237257 -0.4293302 -0.2988226 0.8522797 -0.4292881 -0.2987951 0.8523105 -0.5333557 -0.3712288 0.7600795 -0.5334085 -0.3712627 0.7600259 -0.6245146 -0.4346745 0.6488757 -0.6245051 -0.4346684 0.6488889 -0.7000109 -0.487222 0.5221107 -0.7000371 -0.4872383 0.5220602 -0.7584667 -0.5279063 0.3821561 -0.7584279 -0.5278832 0.3822649 -0.7981394 -0.5555233 0.2331683 -0.7981522 -0.5555301 0.2331083 -0.02728843 -0.07368123 0.9969084 -0.0272904 -0.073686 0.996908 -0.08117455 -0.2191773 0.9723024 -0.08117341 -0.2191743 0.9723032 -0.1330363 -0.359208 0.9237267 -0.1330339 -0.3592021 0.9237293 -0.1816499 -0.4904693 0.8523164 -0.1816521 -0.4904747 0.8523128 -0.2257196 -0.6094603 0.7600058 -0.2257118 -0.6094413 0.7600234 -0.2642449 -0.7134839 0.648934 -0.2642413 -0.7134754 0.6489448 -0.2962328 -0.7998553 0.5219938 -0.2962309 -0.7998508 0.5220019 -0.3209216 -0.866518 0.3823035 -0.3209418 -0.8665626 0.3821855 -0.3377376 -0.9119122 0.23313 -0.3377324 -0.911902 0.2331776 -0.3462377 -0.9348669 0.07837909 -0.01969587 -0.07606971 0.996908 -0.0196948 -0.07606595 0.9969083 -0.05858242 -0.2262591 0.9723039 -0.05857777 -0.2262429 0.972308 -0.09601008 -0.3708165 0.92373 -0.0960223 -0.3708587 0.9237118 -0.131101 -0.5063402 0.8523099 -0.1310971 -0.5063269 0.8523185 -0.1628966 -0.6291437 0.7600283 -0.1629011 -0.6291585 0.760015 -0.1907069 -0.7365507 0.6489406 -0.1907049 -0.7365441 0.6489487 -0.2137925 -0.8257136 0.5220056 -0.2137948 -0.825721 0.521993 -0.2316254 -0.8945863 0.3821846 -0.2316142 -0.894553 0.3822693 -0.2437411 -0.9413901 0.2331843 -0.2437379 -0.9413817 0.2332215 -0.003979563 0.07847106 0.9969084 -0.003979623 0.07847267 0.9969083 -0.01183718 0.2334136 0.9723055 -0.01183706 0.2334064 0.9723072 -0.01940202 0.3825746 0.9237208 -0.01940196 0.3825734 0.9237214 -0.02649182 0.5223724 0.8523058 -0.02649188 0.5223753 0.8523041 -0.03291726 0.649073 0.7600136 -0.03291714 0.649065 0.7600204 -0.03853553 0.7598489 0.6489566 -0.03853553 0.7598473 0.6489585 -0.04320132 0.8518482 0.5220041 -0.04320132 0.8518552 0.5219928 -0.04680299 0.9228737 0.3822481 -0.04680317 0.9228622 0.3822757 -0.04925376 0.9711825 0.2331925 -0.04925322 0.9711908 0.2331581 -0.05049347 0.9956464 0.07834923 -0.05049329 0.9956471 0.07834053 -0.01189833 0.0776683 0.9969083 -0.0118981 0.07766658 0.9969084 -0.03538966 0.2310106 0.9723074 -0.03539037 0.231016 0.9723061 -0.05800628 0.3786449 0.9237226 -0.05800718 0.3786522 0.9237195 -0.07920426 0.5170197 0.8523012 -0.07920265 0.5170064 0.8523094 -0.09841239 0.6424006 0.760024 -0.09841352 0.6424102 0.7600157 -0.1152095 0.752049 0.6489601 -0.1152104 0.7520566 0.6489511 -0.1291595 0.8431121 0.521996 -0.1291588 0.8431051 0.5220075 -0.1399276 0.9133999 0.3822575 -0.1399271 0.9133943 0.3822711 -0.1472541 0.9612224 0.2331689 -0.1472541 0.9612221 0.2331701 -0.1417764 0.9254655 -0.3513021 -0.1713555 0.9820842 0.07840925 -0.2896692 0.9538971 0.07856202 -0.2457548 0.9491691 -0.1966789 -0.2437434 0.9414004 0.2331407 -0.2437422 0.9413917 0.233177 -0.2316173 0.8945626 0.3822448 -0.2316155 0.8945527 0.3822692 -0.2137918 0.8257133 0.5220063 -0.2137913 0.825711 0.5220102 -0.1907004 0.7365286 0.6489676 -0.1907038 0.7365444 0.6489487 -0.1629047 0.6291779 0.7599982 -0.1629005 0.6291587 0.760015 -0.1310979 0.50633 0.8523164 -0.1310995 0.5063371 0.8523119 -0.09601712 0.3708406 0.9237197 -0.09601759 0.3708427 0.9237188 -0.05858236 0.2262591 0.9723039 -0.05857986 0.2262479 0.9723067 -0.01969403 0.07606261 0.9969085 -0.01969438 0.07606416 0.9969084 -0.5116571 0.8556014 0.07844287 -0.4493161 0.8899242 0.07842111 -0.4271466 0.8707938 -0.2434421 -0.403662 0.9115318 0.07852852 -0.3462345 0.9348644 0.07842344 -0.5543304 0.8285963 0.07839721 -0.4983676 0.7995581 -0.3351665 -0.5143818 0.8252506 0.2331798 -0.514379 0.8252447 0.2332071 -0.4887939 0.7841973 0.3822501 -0.4887894 0.7841887 0.3822735 -0.4511892 0.723865 0.5219653 -0.4511975 0.7238799 0.5219374 -0.4024444 0.6456627 0.6489671 -0.4024397 0.6456544 0.6489781 -0.3437711 0.5515293 0.7600243 -0.3437885 0.5515597 0.7599944 -0.2766811 0.4438955 0.8522936 -0.2766623 0.4438629 0.8523167 -0.2026259 0.3250828 0.9237228 -0.2026203 0.3250731 0.9237275 -0.123626 0.1983389 0.9723057 -0.1236288 0.1983438 0.9723044 -0.04155975 0.06667637 0.9969088 -0.04156142 0.06667917 0.9969085 -0.04809165 0.06212896 0.9969088 -0.04810172 0.06214272 0.9969075 -0.1430571 0.1848158 0.9723054 -0.143049 0.1848047 0.9723087 -0.2344727 0.3029149 0.9237235 -0.2344844 0.302931 0.9237152 -0.3201717 0.4136306 0.8522909 -0.3201476 0.4135974 0.8523161 -0.3978022 0.5139191 0.7600268 -0.3978064 0.5139248 0.7600207 -0.4656974 0.6016331 0.6489712 -0.4656778 0.6016054 0.6490109 -0.5221107 0.6745107 0.5219538 -0.5220928 0.674485 0.5220049 -0.5656235 0.7307217 0.3822511 -0.5656381 0.7307435 0.3821877 -0.5952322 0.7689759 0.2331839 -0.5952333 0.7689777 0.2331754 -0.6102267 0.7883476 0.07830518 -0.610224 0.7883394 0.07840764 -0.6868535 0.7225663 0.07829582 -0.6906182 0.723189 -0.006650507 -0.6511093 0.7549126 0.07850831 -0.05962115 0.05118316 0.996908 -0.05961459 0.0511772 0.9969087 -0.1773249 0.1522276 0.9723079 -0.1773466 0.1522473 0.9723008 -0.2906616 0.2495253 0.9237169 -0.2906403 0.2495058 0.9237288 -0.3968381 0.3406735 0.8523268 -0.3968534 0.3406874 0.8523142 -0.4931245 0.4233334 0.7600111 -0.4931227 0.4233318 0.7600132 -0.5773008 0.4955963 0.6489284 -0.577317 0.4956114 0.6489024 -0.6471891 0.5555948 0.5219777 -0.6471544 0.5555617 0.5220561 -0.70114 0.6019067 0.3822449 -0.7011337 0.6019005 0.3822658 -0.7378211 0.6333954 0.233303 -0.7378482 0.6334249 0.233137 -0.7076569 0.6075063 -0.3607739 -0.771174 0.6317763 0.07841867 -0.8423624 0.533177 0.07840836 -0.81256 0.5655587 -0.1410309 -0.7981325 0.5555169 0.2332069 -0.7981455 0.5555285 0.2331346 -0.7584688 0.5279125 0.3821433 -0.7584296 0.5278809 0.3822648 -0.7000064 0.4872173 0.522121 -0.7000358 0.4872401 0.5220602 -0.6245194 0.434679 0.648868 -0.6244997 0.4346641 0.6488969 -0.5333679 0.3712346 0.7600681 -0.5334184 0.3712724 0.7600142 -0.4293236 0.2988198 0.8522839 -0.4292839 0.2987903 0.8523142 -0.3143855 0.2188187 0.9237316 -0.3143892 0.2188214 0.9237297 -0.1918225 0.1335124 0.9723058 -0.1918409 0.133526 0.9723003 -0.06449162 0.04488778 0.9969082 -0.06448572 0.04488343 0.9969087 -0.9462695 0.3137425 0.07835602 -0.9214791 0.3804436 0.07835125 -0.881682 0.3783591 -0.2819243 -0.9010175 0.4266346 0.07842433 -0.8716612 0.4838084 0.07833361 -0.9609354 0.2653973 0.0785337 -0.9064289 0.2843977 -0.3122574 -0.9278407 0.2911158 0.233159 -0.9278253 0.2911089 0.2332291 -0.8816708 0.2766278 0.3822743 -0.8816896 0.2766352 0.3822256 -0.8138908 0.2553629 0.5218924 -0.8138555 0.2553498 0.5219537 -0.725914 0.2277578 0.6489801 -0.7258911 0.2277496 0.6490086 -0.6201193 0.1945635 0.7599982 -0.6200676 0.1945452 0.760045 -0.499071 0.1565828 0.8522968 -0.4990747 0.156584 0.8522945 -0.3654263 0.114652 0.9237524 -0.3654853 0.1146724 0.9237266 -0.2230404 0.06997978 0.9722942 -0.2230158 0.06997132 0.9723004 -0.07496136 0.02351915 0.996909 -0.07496935 0.0235219 0.9969084 -0.07695603 0.01581484 0.996909 -0.07696366 0.01581662 0.9969084 -0.2289773 0.04705661 0.9722937 -0.2289333 0.0470463 0.9723046 -0.3751489 0.07709395 0.9237532 -0.3752059 0.07710742 0.9237288 -0.5123512 0.1052917 0.8522968 -0.5123013 0.1052798 0.8523284 -0.6366213 0.1308281 0.7599982 -0.6366865 0.1308439 0.7599409 -0.7452303 0.1531505 0.6489812 -0.7452395 0.1531528 0.6489701 -0.8355525 0.1717128 0.5218877 -0.8354533 0.171687 0.5220549 -0.9051336 0.1860064 0.3822759 -0.9051398 0.1860082 0.3822602 -0.9525332 0.1957476 0.2331594 -0.952553 0.1957542 0.2330728 -0.9765115 0.2006778 0.07844471 -0.9765149 0.2006797 0.07839852 -0.07816898 0.007948875 0.9969084 -0.07817703 0.007949888 0.9969078 -0.2325184 0.0236451 0.9723045 -0.2325289 0.02364641 0.972302 -0.3810815 0.03875315 0.9237289 -0.3810609 0.03875041 0.9237375 -0.520323 0.05291211 0.8523287 -0.5204021 0.05292266 0.8522798 -0.6466587 0.06576246 0.7599394 -0.6465713 0.06575047 0.7600148 -0.7569096 0.07697087 0.648971 -0.7568355 0.0769602 0.6490586 -0.8485362 0.08628493 0.5220549 -0.8485815 0.08629196 0.52198 -0.919314 0.09348469 0.3822596 -0.9193257 0.09348672 0.382231 -0.9674701 0.09838259 0.2330717 -0.9674395 0.09837585 0.2332013 -0.9919749 0.1008708 -0.07622873 -0.9922619 0.09628558 0.07839316 -0.07858026 0 0.9969078 -0.0785802 0 0.9969078 -0.2337283 0 0.972302 -0.2337283 0 0.9723019 -0.3830252 0 0.9237379 -0.3830251 0 0.9237379 -0.5230869 0 0.8522794 -0.5230869 0 0.8522793 -0.6499054 0 0.7600151 -0.6499054 0 0.7600151 -0.7607379 0 0.6490592 -0.7607379 0 0.6490592 -0.8529582 0 0.5219791 -0.8529583 0 0.5219792 -0.9240666 0 0.3822315 -0.9240666 0 0.3822315 -0.9724288 0 0.2332001 -0.9724288 0 0.2332 -0.9314169 0 -0.363954 -0.9965978 -0.02525794 0.07845234 -0.9861044 -0.1464102 0.07849913 -0.9919746 -0.1008707 -0.07623362 -0.9674694 -0.09837889 0.2330764 -0.9674386 -0.09837931 0.2332036 -0.919314 -0.09348547 0.3822595 -0.9193267 -0.09348589 0.382229 -0.8485392 -0.08628755 0.5220494 -0.8485828 -0.0862897 0.5219783 -0.7569062 -0.07696741 0.6489753 -0.7568317 -0.07696294 0.6490628 -0.6466602 -0.06575947 0.7599384 -0.646571 -0.06575357 0.7600147 -0.5203217 -0.05291455 0.8523294 -0.5204034 -0.05292028 0.8522792 -0.3810843 -0.03875279 0.9237278 -0.3810608 -0.03875106 0.9237375 -0.2325167 -0.02364522 0.9723049 -0.2325278 -0.02364605 0.9723023 -0.07816928 -0.007949113 0.9969084 -0.07817721 -0.007949709 0.9969078 -0.9214796 -0.3804442 0.07834208 -0.9462702 -0.3137424 0.07834839 -0.9064289 -0.2843977 -0.3122574 -0.9609357 -0.265398 0.07852733 -0.9765117 -0.200679 0.07844018 -0.9010203 -0.4266325 0.07840353 -0.8816837 -0.3783596 -0.2819181 -0.893619 -0.3834814 0.2332106 -0.8936132 -0.3834797 0.2332355 -0.8491463 -0.3643974 0.3823157 -0.849178 -0.3644084 0.3822348 -0.7838138 -0.3363587 0.5220141 -0.7838511 -0.3363724 0.5219494 -0.6991819 -0.3000385 0.6489388 -0.6991192 -0.3000146 0.6490175 -0.5972694 -0.2563076 0.759984 -0.5972214 -0.256289 0.760028 -0.480669 -0.2062722 0.8522964 -0.4806593 -0.2062683 0.8523027 -0.3520248 -0.1510666 0.9237194 -0.3520187 -0.1510642 0.9237221 -0.214763 -0.09216272 0.972308 -0.2147917 -0.09217411 0.9723006 -0.07220768 -0.03098666 0.9969081 -0.07220375 -0.03098511 0.9969085 -0.771173 -0.6317756 0.07843399 -0.8142837 -0.5751497 0.07838827 -0.8125635 -0.5655608 -0.1410021 -0.8423596 -0.5331814 0.0784083 -0.8716629 -0.4838097 0.07830703 -0.7381892 -0.6700239 0.07838821 -0.707656 -0.6075066 -0.3607751 -0.7378172 -0.6333993 0.2333047 -0.7378568 -0.6334261 0.2331071 -0.701148 -0.6019128 0.3822205 -0.7011329 -0.6019017 0.3822657 -0.6471686 -0.555575 0.522024 -0.6471532 -0.555563 0.522056 -0.5773123 -0.4956065 0.6489104 -0.5773237 -0.4956156 0.6488933 -0.4931122 -0.4233224 0.7600253 -0.493111 -0.4233214 0.7600266 -0.3968435 -0.3406786 0.8523223 -0.3968593 -0.3406914 0.8523098 -0.2906749 -0.2495353 0.92371 -0.2906483 -0.2495138 0.9237242 -0.1773189 -0.1522235 0.9723097 -0.1773472 -0.1522465 0.9723008 -0.05962228 -0.0511837 0.996908 -0.05961161 -0.05117499 0.996909 -0.6511112 -0.7549149 0.07847172 -0.6889658 -0.7247884 -0.002807796 -0.669982 -0.7048175 0.2331446 -0.6699548 -0.7047949 0.2332909 -0.6366651 -0.6697741 0.3821783 -0.6366528 -0.6697627 0.3822187 -0.5876471 -0.6182085 0.522005 -0.5876352 -0.6181971 0.5220317 -0.5241334 -0.5513927 0.649038 -0.5242111 -0.5514679 0.6489112 -0.447771 -0.4710532 0.7600066 -0.4477553 -0.4710379 0.7600253 -0.360347 -0.3790844 0.8523175 -0.3603434 -0.379081 0.8523206 -0.2639309 -0.2776551 0.9237143 -0.2639395 -0.2776636 0.9237093 -0.1610058 -0.1693776 0.9723109 -0.1610091 -0.169381 0.9723097 -0.0541408 -0.05695593 0.9969076 -0.05413794 -0.05695307 0.996908 -0.04810017 -0.0621401 0.9969077 -0.04809319 -0.06213158 0.9969086 -0.1430432 -0.1847976 0.9723109 -0.1430522 -0.1848086 0.9723075 -0.2344853 -0.3029306 0.9237152 -0.2344728 -0.3029153 0.9237233 -0.3201468 -0.4135975 0.8523163 -0.3201675 -0.4136226 0.8522964 -0.3978183 -0.5139393 0.7600046 -0.3978077 -0.5139266 0.7600188 -0.4656646 -0.6015906 0.649034 -0.465687 -0.6016173 0.6489932 -0.5220913 -0.6744856 0.5220056 -0.5221228 -0.6745222 0.5219268 -0.5656406 -0.7307422 0.3821864 -0.5656232 -0.7307227 0.3822497 -0.5952394 -0.7689836 0.2331402 -0.5952349 -0.7689789 0.2331667 -0.6102241 -0.7883433 0.07836765 -0.6102244 -0.7883435 0.0783627 -0.04156142 -0.06667906 0.9969085 -0.04156059 -0.06667774 0.9969086 -0.1236209 -0.1983313 0.9723079 -0.1236317 -0.1983475 0.9723032 -0.2026267 -0.3250826 0.9237228 -0.2026042 -0.3250488 0.9237396 -0.2766767 -0.4438872 0.8522992 -0.2766712 -0.443879 0.8523054 -0.3437756 -0.5515385 0.7600156 -0.3437781 -0.5515421 0.7600118 -0.4024328 -0.6456451 0.6489918 -0.4024509 -0.6456715 0.6489542 -0.451199 -0.7238805 0.5219355 -0.4511983 -0.7238795 0.5219374 -0.4887943 -0.7841967 0.3822507 -0.4887888 -0.7841891 0.3822736 -0.5143849 -0.8252541 0.2331607 -0.5143778 -0.8252453 0.2332071 -0.4983693 -0.7995619 -0.3351549 -0.5116602 -0.8556033 0.07840138 -0.4036683 -0.9115329 0.07848417 -0.4271466 -0.870795 -0.2434376 -0.428261 -0.8730668 0.2331242 -0.4282512 -0.8730516 0.2331992 -0.4069397 -0.8296051 0.3823028 -0.4069459 -0.8296158 0.3822728 -0.3756357 -0.7657856 0.5219869 -0.3756474 -0.7658067 0.5219475 -0.3350715 -0.6830874 0.6489366 -0.3350666 -0.6830782 0.6489488 -0.2862193 -0.5834965 0.7600068 -0.2862137 -0.5834861 0.7600169 -0.2303379 -0.4695757 0.8523163 -0.2303482 -0.4695948 0.852303 -0.1686927 -0.3439021 0.9237284 -0.168681 -0.34388 0.9237387 -0.1029329 -0.2098432 0.9723017 -0.1029294 -0.2098366 0.9723035 -0.03460222 -0.07054167 0.9969085 -0.03460168 -0.07054072 0.9969086 -0.1713547 -0.9820861 0.07838541 -0.2409807 -0.9673621 0.07835102 -0.2457551 -0.9491729 -0.1966605 -0.2896631 -0.9539009 0.07853907 -0.3462336 -0.934862 0.07845538 -0.1213922 -0.9894977 0.0784744 -0.1417789 -0.9254739 -0.3512787 -0.1472563 -0.9612277 0.2331457 -0.1472518 -0.9612115 0.2332155 -0.1399248 -0.9133831 0.3822987 -0.1399273 -0.9133943 0.3822711 -0.1291636 -0.8431332 0.5219609 -0.1291601 -0.8431158 0.52199 -0.1152055 -0.7520253 0.6489882 -0.1152117 -0.7520564 0.6489511 -0.09842008 -0.6424475 0.7599834 -0.09841299 -0.6424103 0.7600158 -0.07919913 -0.5169879 0.852321 -0.07920062 -0.5169959 0.852316 -0.05800735 -0.3786532 0.923719 -0.05801022 -0.3786689 0.9237125 -0.03539133 -0.2310214 0.9723048 -0.03538936 -0.2310107 0.9723074 -0.01189774 -0.07766461 0.9969086 -0.01189839 -0.07766842 0.9969083 -0.003979384 -0.07846885 0.9969086 -0.003979742 -0.07847297 0.9969083 -0.01183772 -0.2334175 0.9723046 -0.01183652 -0.2334026 0.9723081 -0.0194019 -0.382582 0.9237177 -0.01940131 -0.3825746 0.9237208 -0.02648931 -0.5223429 0.852324 -0.02649259 -0.5223832 0.8522992 -0.0329197 -0.6491131 0.7599794 -0.03291624 -0.6490731 0.7600136 -0.03853273 -0.7598235 0.6489866 -0.03853839 -0.7598848 0.6489144 -0.04320389 -0.8518767 0.5219575 -0.04319763 -0.8518159 0.5220572 -0.04679971 -0.9228453 0.3823171 -0.04680418 -0.9228823 0.3822273 -0.04925447 -0.9711962 0.2331351 -0.04925215 -0.9711825 0.2331926 -0.05049264 -0.9956433 0.07838886 -0.05049312 -0.9956446 0.07837349 0 -0.1690033 -0.9856154 0 -0.04241782 -0.9990999 0.003060281 0 -0.9999952 0 0.04241782 -0.9990999 0 0.1690033 -0.9856154 0 0.1690033 -0.9856154 0 0.3331505 -0.9428737 0 0.3331505 -0.9428737 0 0.4876888 -0.8730176 0 0.4876888 -0.8730176 0 0.628201 -0.7780511 0 0.628201 -0.7780511 0 0.7506906 -0.6606538 0 0.7506906 -0.6606538 0 0.8515202 -0.5243218 0 0.8515202 -0.5243218 0 0.9279026 -0.3728227 0 0.9279026 -0.3728227 0 0.9775454 -0.2107247 0 0.9775454 -0.2107247 0 0.9991012 -0.04238855 0 0.9991012 -0.04238855 0 0.9919085 0.1269545 0 0.9919085 0.1269545 0 0.9561575 0.2928528 0 0.9561575 0.2928528 0 0.8929339 0.4501878 0 0.8929339 0.4501878 0 0.8039869 0.5946472 0 0.8039869 0.5946472 0 0.6919548 0.7219409 0 0.6919548 0.7219409 0 0.5599463 0.828529 0 0.5599463 0.828529 0 0.4119132 0.9112231 0 0.4119132 0.9112231 0 0.2519878 0.9677304 0 0.2519878 0.9677304 0 0.08480149 0.9963979 0 0.08480149 0.9963979 0 -0.08480149 0.9963979 0 -0.08480149 0.9963979 0 -0.2519749 0.9677338 0 -0.2519749 0.9677338 0 -0.4119132 0.9112231 0 -0.4119132 0.9112231 0 -0.5599709 0.8285123 0 -0.5599709 0.8285123 0 -0.6919548 0.7219409 0 -0.6919548 0.7219409 0 -0.8039869 0.5946472 0 -0.8039869 0.5946472 0 -0.8929126 0.45023 0 -0.8929126 0.45023 0 -0.9561723 0.2928045 0 -0.9561723 0.2928045 0 -0.9919018 0.1270066 0 -0.9919018 0.1270066 0 -0.999099 -0.04244136 0 -0.999099 -0.04244136 0 -0.9775564 -0.2106741 0 -0.9775564 -0.2106741 0 -0.9278843 -0.3728683 0 -0.9278843 -0.3728683 0 -0.8515202 -0.5243218 0 -0.8515202 -0.5243218 0 -0.7506906 -0.6606538 0 -0.7506906 -0.6606538 0 -0.6282269 -0.7780302 0 -0.6282269 -0.7780302 0 -0.4876888 -0.8730176 0 -0.4876888 -0.8730176 0 -0.3331339 -0.9428796 0 -0.3331339 -0.9428796 0 -0.1690033 -0.9856154 0.1952764 -0.9807469 0.001606345 0.2572275 -0.9663508 -2.82681e-4 0.2573072 -0.9663296 -1.94367e-4 0.2577769 -0.9662036 -0.001268982 0.2763746 -0.9375941 -0.2110318 0.2775838 -0.9374701 -0.2099927 0.2191869 -0.9676783 -0.1247236 0.2658995 -0.9610848 -0.07492274 0.2397751 -0.9704526 -0.02701258 0.2362309 -0.9713798 -0.02482259 0.2336609 -0.9720415 -0.02319306 0.2551448 -0.9669028 4.05011e-4 0.2318021 -0.9585841 -0.1654816 0.2077351 -0.9707904 -0.1200506 0.1756056 -0.9798071 -0.09560644 0.1611732 -0.9841709 -0.07369476 0.138226 -0.9886213 -0.05934232 0.1234506 -0.9915066 -0.04092293 0.06935632 -0.9975888 0.002498209 0.06262737 -0.9980081 -0.00759238 -0.08476322 -0.9363091 -0.3407938 -0.08481365 -0.936308 -0.3407843 -0.2520036 -0.9093665 -0.3309785 -0.2519572 -0.9093751 -0.3309903 -0.4118984 -0.8562744 -0.311663 -0.4118974 -0.8562749 -0.3116633 -0.559959 -0.7785531 -0.2833744 -0.559994 -0.7785333 -0.2833597 -0.6919341 -0.6784222 -0.2469226 -0.6919335 -0.6784226 -0.2469229 -0.8040185 -0.558746 -0.2033647 -0.8040172 -0.5587475 -0.2033655 -0.8929045 -0.4230933 -0.1539919 -0.8929055 -0.4230917 -0.1539909 -0.9561734 -0.2751432 -0.1001427 -0.9561734 -0.2751432 -0.1001427 -0.9919025 -0.1193429 -0.04343676 -0.9919016 -0.1193485 -0.04343998 -0.9990988 0.03988379 0.01451671 -0.999099 0.03988194 0.01451563 -0.9775577 0.1979631 0.07205188 -0.9775555 0.1979721 0.07205706 -0.9279058 0.3503307 0.1275119 -0.9279059 0.3503304 0.1275117 -0.8515121 0.4927129 0.1793354 -0.8515254 0.492694 0.179324 -0.7506659 0.6208388 0.2259643 -0.7506659 0.6208389 0.2259644 -0.6282182 0.7311168 0.2661018 -0.6282182 0.7311168 0.2661018 -0.4876961 0.8203654 0.2985852 -0.4876936 0.8203665 0.2985862 -0.3331617 0.8860087 0.3224778 -0.3331657 0.8860076 0.3224766 -0.168998 0.9261777 0.3370972 -0.1689981 0.9261777 0.3370972 0 0.9396939 0.3420166 0 0.9396939 0.3420166 0.1689982 0.9261777 0.3370972 0.1689981 0.9261777 0.3370972 0.3331617 0.886009 0.3224771 0.3331657 0.8860073 0.3224773 0.4876961 0.8203652 0.2985857 0.4876936 0.8203667 0.2985857 0.6282182 0.7311168 0.2661018 0.6282182 0.7311168 0.2661018 0.7506659 0.6208389 0.2259644 0.7506659 0.6208389 0.2259644 0.8515357 0.4926784 0.1793183 0.851549 0.4926565 0.1793149 0.9278875 0.3503736 0.1275274 0.9278876 0.3503732 0.1275273 0.9775577 0.1979625 0.07205355 0.9775555 0.1979727 0.07205539 0.9990988 0.03988391 0.01451635 0.999099 0.03988182 0.01451599 0.9919025 -0.1193425 -0.04343777 0.9919017 -0.119349 -0.04343891 0.9561734 -0.2751432 -0.1001427 0.9561734 -0.2751432 -0.1001427 0.8929046 -0.4230934 -0.1539916 0.8929055 -0.4230916 -0.1539913 0.8040184 -0.558746 -0.203365 0.8040173 -0.5587476 -0.2033652 0.6919341 -0.678422 -0.2469227 0.6919335 -0.6784226 -0.2469227 0.5599592 -0.7785555 -0.2833677 0.5599941 -0.7785308 -0.2833663 0.4118983 -0.8562744 -0.3116632 0.4118974 -0.8562749 -0.3116631 0.2520038 -0.9093637 -0.3309862 0.2519572 -0.9093779 -0.3309826 0.08475869 -0.9363124 -0.3407859 0.08480918 -0.9363055 -0.3407925 -0.4894612 0.8720251 0 -0.4894612 0.8720251 0 -0.6039388 0.7970308 0 -0.6039388 0.7970308 0 -0.7071068 0.7071068 0 -0.7071068 0.7071068 0 -0.7970315 0.6039376 0 -0.7970315 0.6039376 0 -0.872027 0.4894579 0 -0.872027 0.4894579 0 -0.9306877 0.3658147 0 -0.9306877 0.3658147 0 -0.9719201 0.2353109 0 -0.9719201 0.2353109 0 -0.9949464 0.1004082 0 -0.9949464 0.1004082 0 -0.9993381 -0.03637939 0 -0.9993381 -0.03637939 0 -0.9850124 -0.172484 0 -0.9850124 -0.172484 0 -0.9522376 -0.3053581 0 -0.9522376 -0.3053581 0 -0.9016275 -0.4325136 0 -0.9016275 -0.4325136 0 -0.8341292 -0.5515691 0 -0.8341292 -0.5515691 0 -0.7510101 -0.6602907 0 -0.7510101 -0.6602907 0 -0.6538223 -0.7566482 0 -0.6538223 -0.7566482 0 -0.5443885 -0.8388332 0 -0.5443885 -0.8388332 0 -0.4247602 -0.9053058 0 -0.4247602 -0.9053058 0 -0.2971745 -0.9548233 0 -0.2971745 -0.9548233 0 -0.1640247 -0.9864562 0 -0.1640247 -0.9864562 0 -0.02780067 -0.9996135 0 -0.02780067 -0.9996135 0 0.1089431 -0.9940479 0 0.1089431 -0.9940479 0 0.2436462 -0.9698643 0 0.2436462 -0.9698643 0 0 0 -1 0 0 -1 0 0 -1 0 0 -1 0 0 -1 0 0 -1 0 0 -1 0 0 -1 0 0 -1 0 0 -1 0 0 -1 0 0 -1 0 0 -1 0 0 -1 0 0 -1 0 0 -1 0 0 -1 0 0 -1 0 0 -1 0 0 -1 0 0 -1 0 0 -1 0 0 -1 0 0 -1 0 0 -1 0 0 -1 0 0 -1 0 0 -1 0 0 -1 0 0 -1 0 0 -1 0 0 -1 0 0 -1 0 0 -1 0 0 -1 0 0 -1 0 0 -1 0 0 -1 0 0 -1 0 0 -1 0 0 -1 0 0 -1 0 0 -1 0 0 -1 0 0 -1 0 0 -1 0 0 -1 0 0 -1 0 0 -1 0 0 -1 0 0 -1 0 0 -1 0 0 -1 0 0 -1 0 0 -1 0 0 -1 0 0 -1 0 0 -1 0 0 -1 0 0 -1 0 0 -1 0 0 1 0 0 1 0 0 1 0 0 1 0 0 1 0 0 1 0 0 1 0 0 1 0 0 1 0 0 1 0 0 1 0 0 1 0 0 1 0 0 1 0 0 1 0 0 1 0 0 1 0 0 1 0 0 1 0 0 1 0 0 1 0 0 1 0 0 1 0 0 1 0 0 1 0 0 1 0 0 1 0 0 1 0 0 1 0 0 1 0 0 1 0 0 1 0 0 1 0 0 1 0 0 1 0 0 1 0 0 1 0 0 1 0 0 1 0 0 1 0 0 1 0 0 1 0 0 1 0 0 1 0 0 1 0 0 1 0 0 1 0 0 1 0 0 1 0 0 1 0 0 1 0 0 1 0 0 1 0 0 1 0 0 1 0 0 1 0 0 1 0 0 1 0 0 1 0 0 1 0 0 1 0 0 1 0 0 1 0 0 1 0 0 1 0 0 1 0 0 1 0.2003718 -0.9797199 0 0.6121066 -0.7907751 -4.56722e-4 0.6163476 -0.787474 6.04708e-4 0.6531252 -0.75725 9.37486e-6 0.6939329 -0.7200397 -1.61758e-4 0.6906343 -0.7232037 8.12221e-4 0.7430214 -0.6692675 -3.58295e-4 0.7404677 -0.672092 0 0.7764394 -0.630192 0 0.7735559 -0.6337277 6.0009e-4 0.8194177 -0.5731962 -8.14598e-4 0.8167972 -0.576925 0 0.8477964 -0.5303217 0 0.844961 -0.534828 2.6577e-4 0.8798059 -0.4753314 -0.001229286 0.8743469 -0.4852994 0.001403391 0.9063727 -0.422479 -3.41272e-4 0.9038025 -0.4279499 0 0.9268964 -0.3753171 0 0.9243199 -0.3816168 0.00121361 0.9513098 -0.3082348 -9.60571e-4 0.9491903 -0.3147028 0 0.9658915 -0.2589472 0 0.9639077 -0.2662354 7.30642e-4 0.979529 -0.201299 -0.001330912 0.9819058 -0.1893687 8.11331e-4 0.9891568 -0.1468635 0 0.9903403 -0.1386584 0 0.9953247 -0.09658259 -6.39971e-4 0.9964743 -0.08388423 0.00156641 0.999867 -0.01628583 -9.36907e-4 0.999679 -0.02533602 0 0.9993828 0.03512775 0 0.999678 0.02533596 0.001406013 0.9943284 0.1063379 -0.001844823 0.995325 0.09658282 0 0.9891571 0.1468613 0 0.9875518 0.1572944 1.98664e-4 0.9795283 0.201299 -0.00172919 0.9748968 0.2226496 0.001851022 0.9639081 0.2662349 -2.2377e-4 0.9608227 0.2771638 0 0.9453296 0.3261166 0 0.9491877 0.3147023 0.002292931 0.9196541 0.3927249 -0.00181359 0.9243206 0.3816168 0 0.8982525 0.4394799 0 0.9038003 0.4279522 0.001390993 0.8743462 0.4852986 -0.001979589 0.8646137 0.5024362 0.001069247 0.8449638 0.5348236 0 0.8376454 0.5462143 0 0.8167963 0.5769255 -0.001006305 0.8045402 0.5938944 0.00216788 0.7644175 0.6447196 -0.001613914 0.7735561 0.6337279 0 0.7302758 0.6831525 0 0.740467 0.6720888 0.002339422 0.6796702 0.7335118 -0.002972304 0.6906334 0.723205 0 0.6531252 0.75725 0 0.6410794 0.7674746 1.48678e-4 0.6121068 0.7907719 -0.002249777 0.5862196 0.8101488 0.002357125 0.5560485 0.8311499 -1.26931e-4 0.4999554 0.8660511 3.81451e-4 0.5132318 0.8582429 0.003497242 0.4351981 0.9003305 -0.002765715 0.4507041 0.8926734 0 0.4049124 0.9143554 0 0.3883553 0.9215093 8.48594e-4 0.3473032 0.9377499 -0.002404928 0.3216217 0.9468675 0.001227676 0.2905673 0.9568546 0 0.2725288 0.9621477 0 0.2417228 0.9703445 -0.001246988 0.05064839 0.9987165 0 0.03037941 0.9995296 -0.004197537 0.1217685 0.9925527 0.003398656 0.1016082 0.9948245 0 0.1718847 0.9851171 0 0.1526085 0.9882838 -0.002389192 0.2133743 0.9769672 0.002544403 0.556051 -0.8311482 1.95955e-4 0.5579718 -0.82986 0 0.5132364 -0.8582472 0 0.5145776 -0.8574438 -2.05938e-4 0.4507021 -0.8926744 2.60217e-4 0.4520981 -0.8919681 0 0.4049173 -0.9143533 0 0.4056584 -0.9140247 -3.81448e-5 0.3473042 -0.9377526 1.71611e-4 0.3481332 -0.9374451 -1.43136e-5 0.2905607 -0.9568566 2.11935e-6 0.2906141 -0.9568403 0 0.2417238 -0.9703451 0 0.2697497 -0.962918 -0.004909098 0.1718794 -0.9850932 0.006977021 0.2003718 -0.9797199 0 0.1217693 -0.9925585 0 0.07133883 -0.9974504 0.001847743 0.05064839 -0.9987165 0 1 0 0 1 0 0 1 0 0 1 0 0 1 0 0 1 0 0 1 0 0 1 0 0 1 0 0 1 0 0 1 0 0 1 0 0 1 0 0 1 0 0 1 0 0 1 0 0 1 0 0 1 0 0 1 0 0 1 0 0 1 0 0 1 0 0 1 0 0 1 0 0 1 0 0 1 0 0 1 0 0 1 0 0 1 0 0 1 0 0 1 0 0 1 0 0 1 0 0 1 0 0 1 0 0 1 0 0 1 0 0 1 0 0 1 0 0 1 0 0 1 0 0 1 0 0 1 0 0 1 0 0 1 0 0 1 0 0 1 0 0 1 0 0 1 0 0 1 0 0 1 0 0 1 0 0 1 0 0 -1 0 0 -1 0 0 -1 0 0 -1 0 0 -1 0 0 -1 0 0 -1 0 0 -1 0 0 -1 0 0 -1 0 0 -1 0 0 -1 0 0 -1 0 0 -1 0 0 -1 0 0 -1 0 0 -1 0 0 -1 0 0 -1 0 0 -1 0 0 -1 0 0 -1 0 0 -1 0 0 -1 0 0 -1 0 0 -1 0 0 -1 0 0 -1 0 0 -1 0 0 -1 0 0 -1 0 0 -1 0 0 -1 0 0 -1 0 0 -1 0 0 -1 0 0 -1 0 0 -1 0 0 -1 0 0 -1 0 0 -1 0 0 -1 0 0 -1 0 0 -1 0 0 -1 0 0 -1 0 0 -1 0 0 -1 0 0 -1 0 0 -1 0 0 -1 0 0 -1 0 0 -1 0 0 -1 0 0 -1 0 0 -1 0 0 -1 0 0 -1 0 0 -1 0 0 -1 0 0 -1 0 0 0 0 -1 0 0 -1 0 0 -1 0 0 -1 0 0 -1 0 0 -1 0 0 -1 0 0 -1 0 0 -1 0 0 -1 0 0 -1 0 0 -1 0 0 -1 0 0 -1 0 0 -1 0 -1 0 0 -1 0 -8.39685e-6 0.3420245 -0.9396911 8.83688e-7 0.3420203 -0.9396926 2.49789e-6 0.3420206 -0.9396924 6.6961e-6 0.3420177 -0.9396935 3.23691e-7 0.34202 -0.9396927 -2.36604e-6 0.3420212 -0.9396922 0 0.34202 -0.9396927 1.07436e-5 0.3420231 -0.9396916 -1.02453e-5 0.3420176 -0.9396935 3.8671e-6 0.3420225 -0.9396918 -5.17319e-6 0.3420169 -0.9396938 -2.24421e-6 0.3420209 -0.9396923 4.29489e-6 0.3420184 -0.9396933 -4.29708e-6 0.342022 -0.939692 2.19609e-6 0.3420208 -0.9396923 3.30759e-6 0.3420212 -0.9396922 -2.93063e-6 0.3420193 -0.939693 2.02974e-6 0.3420211 -0.9396923 -1.26497e-6 0.3420193 -0.939693 -6.18558e-6 0.342018 -0.9396934 -1.28226e-5 0.3420159 -0.9396942 5.70686e-7 0.3420201 -0.9396927 -4.49157e-6 0.3420217 -0.9396921 -1.28178e-5 0.3420243 -0.9396911 3.3312e-6 0.3420222 -0.9396919 -5.1903e-6 0.3420175 -0.9396936 -8.35227e-7 0.3420199 -0.9396927 -9.87288e-7 0.3420196 -0.9396929 -2.21499e-6 0.342019 -0.9396931 0 0.3420197 -0.9396928 3.76989e-6 0.3420227 -0.9396917 -3.54794e-6 0.3420177 -0.9396935 2.57309e-6 0.3420208 -0.9396924 2.21012e-6 0.3420207 -0.9396925 1.06858e-5 0.3420236 -0.9396914 9.70838e-6 0.3420253 -0.9396907 3.19457e-6 0.3420218 -0.939692 -6.43832e-7 0.3420199 -0.9396927 7.66297e-6 0.3420156 -0.9396943 4.06207e-6 0.3420176 -0.9396936 -2.03573e-6 0.3420208 -0.9396924 -2.3704e-6 0.3420209 -0.9396923 3.49128e-6 0.3420174 -0.9396936 7.60319e-7 0.3420187 -0.9396932 -5.45258e-6 0.3420228 -0.9396916 7.03658e-6 0.3420153 -0.9396944 0 0.34202 -0.9396927 2.01212e-6 0.3420209 -0.9396923 -7.76257e-6 0.3420165 -0.9396939 5.11549e-6 0.3420177 -0.9396935 -6.74701e-6 0.3420238 -0.9396913 -9.3576e-7 0.3420204 -0.9396925 -3.0836e-6 0.3420207 -0.9396924 2.34233e-6 0.3420194 -0.9396929 0 0.34202 -0.9396927 0 0.34202 -0.9396927 -2.40814e-6 0.3420198 -0.9396927 -7.40522e-7 0.34202 -0.9396927 2.40992e-6 0.342019 -0.939693 -1.60117e-6 0.3420205 -0.9396925 2.58831e-7 0.3420199 -0.9396927 5.48622e-7 0.3420197 -0.9396928 0 0.939693 0.342019 0 0.939693 0.342019 8.9053e-6 -0.3420264 0.9396904 9.07189e-6 -0.3420147 0.9396945 -1.18905e-5 -0.3420277 0.9396899 -3.13372e-6 -0.3420175 0.9396936 -1.44619e-5 -0.3420095 0.9396964 6.75168e-7 -0.34202 0.9396927 -3.61432e-5 -0.3420411 0.9396851 1.87341e-5 -0.342009 0.9396967 1.31788e-5 -0.3420267 0.9396903 0 -0.34202 0.9396926 -1.34623e-5 -0.3420237 0.9396914 -7.28694e-7 -0.3420205 0.9396925 1.58333e-5 -0.3420155 0.9396943 -1.49989e-5 -0.3420132 0.9396952 2.11887e-6 -0.3420211 0.9396924 7.72362e-6 -0.3420235 0.9396914 0 -0.3420199 0.9396927 6.68929e-6 -0.3420159 0.9396942 -3.4191e-6 -0.3420225 0.9396918 1.47673e-6 -0.342019 0.939693 -6.97674e-6 -0.3420246 0.939691 -4.29976e-6 -0.3420226 0.9396917 2.92477e-6 -0.3420193 0.939693 -1.65406e-6 -0.3420207 0.9396924 1.451e-6 -0.3420196 0.9396928 -1.26295e-6 -0.3420206 0.9396924 -4.37629e-6 -0.3420221 0.9396919 -2.7495e-6 -0.3420211 0.9396923 5.03418e-6 -0.3420174 0.9396936 5.39961e-7 -0.3420199 0.9396927 2.67716e-6 -0.3420209 0.9396923 4.03553e-6 -0.3420219 0.939692 -8.12248e-6 -0.3420169 0.9396938 1.50609e-5 -0.3420262 0.9396904 -8.73022e-6 -0.3420156 0.9396942 -2.18917e-7 -0.3420198 0.9396929 -2.37873e-6 -0.3420189 0.9396931 -1.20637e-5 -0.3420156 0.9396943 -2.69104e-5 -0.34201 0.9396963 0 -0.34202 0.9396927 -4.45391e-5 -0.3420379 0.9396861 2.14108e-5 -0.3420109 0.939696 0 -0.3420199 0.9396927 -1.01858e-5 -0.3420173 0.9396936 -4.50891e-7 -0.3420197 0.9396928 8.78428e-7 -0.3420199 0.9396927 -2.80341e-6 -0.3420174 0.9396936 8.72572e-6 -0.3420267 0.9396902 -5.95909e-6 -0.342015 0.9396945 8.07258e-6 -0.3420254 0.9396907 -2.19829e-6 -0.3420184 0.9396932 3.08594e-6 -0.3420212 0.9396922 2.42288e-6 -0.3420212 0.9396923 -3.72053e-6 -0.3420177 0.9396935 4.39261e-6 -0.342018 0.9396934 -1.15227e-5 -0.3420249 0.939691 7.57458e-6 -0.3420163 0.939694 -1.04644e-5 -0.3420247 0.939691 -3.76817e-6 -0.3420215 0.9396921 0 -0.3420196 0.9396928 9.34789e-6 -0.342019 0.939693 1.04782e-5 -0.3420189 0.939693 -1 0 0 -1 0 0 -0.07845747 -0.9969174 0 -0.07845747 -0.9969174 0 -0.2334415 -0.9723708 0 -0.2334415 -0.9723708 0 -0.3826882 -0.9238777 0 -0.3826882 -0.9238777 0 -0.5225051 -0.8526362 0 -0.5225051 -0.8526362 0 -0.6494423 -0.7604108 0 -0.6494423 -0.7604109 0 -0.7604097 -0.6494437 0 -0.7604097 -0.6494438 0 -0.8526434 -0.5224933 0 -0.8526434 -0.5224933 0 -0.9238775 -0.3826882 0 -0.9238776 -0.3826882 0 -0.9723699 -0.2334452 0 -0.9723699 -0.2334452 0 -0.9969163 -0.07847231 0 -0.9969163 -0.07847231 0 -0.07845687 0.9367964 0.3409648 -0.07845687 0.9367964 0.3409648 -0.2334514 0.9137278 0.3325685 -0.2334514 0.9137278 0.3325685 -0.3826751 0.8681664 0.3159856 -0.3826892 0.8681598 0.3159865 -0.522497 0.8012199 0.2916222 -0.522496 0.8012205 0.2916222 -0.6494482 0.7145473 0.2600755 -0.6494489 0.7145466 0.2600755 -0.7604068 0.6102802 0.2221253 -0.7604004 0.610288 0.222126 -0.8526465 0.4909784 0.178701 -0.8526465 0.4909784 0.178701 -0.9238775 0.3596096 0.1308868 -0.9238773 0.3596101 0.1308869 -0.9723703 0.2193657 0.07984226 -0.9723702 0.2193657 0.07984226 -0.9969163 0.0737403 0.02683913 -0.9969163 0.0737403 0.02683913 1.54349e-6 0.3420189 -0.939693 1.47805e-6 0.3420182 -0.9396934 -2.99221e-6 0.3420099 -0.9396964 0 0.3420204 -0.9396926 -4.94708e-6 0.3420142 -0.9396948 -3.58338e-6 0.3420171 -0.9396938 8.01943e-6 0.3420275 -0.9396899 5.7651e-7 0.3420171 -0.9396938 -3.03216e-6 0.3420148 -0.9396945 7.13298e-6 0.3420248 -0.9396909 2.39381e-6 0.3420228 -0.9396917 1.53734e-6 0.3420222 -0.9396919 -1.05328e-5 0.3420192 -0.939693 -4.6065e-6 0.3420221 -0.9396919 0 0.3420224 -0.9396918 0 0.3420224 -0.9396917 1.10115e-5 0.3420215 -0.9396921 4.36347e-6 0.3420207 -0.9396924 -2.55344e-6 0.3420224 -0.9396917 -1.4582e-6 0.3420224 -0.9396917 5.58556e-6 0.3420193 -0.9396929 -8.64775e-6 0.3420222 -0.9396919 -1.11713e-5 0.3420238 -0.9396913 1.19824e-6 0.3420192 -0.939693 5.90458e-6 0.342015 -0.9396945 3.05209e-6 0.3420166 -0.9396939 6.62292e-6 0.342012 -0.9396956 -1.98949e-6 0.3420192 -0.9396929 -1.83519e-6 0.3420189 -0.9396931 -1.31127e-6 0.3420183 -0.9396933 -2.97237e-6 0.3420234 -0.9396914 0 0.3420184 -0.9396932 -6.28375e-7 0.3420226 -0.9396918 -3.84333e-7 0.342022 -0.9396919 -4.21411e-7 0.342021 -0.9396923 6.0477e-7 0.3420155 -0.9396944 -1.43845e-7 0.3420122 -0.9396955 -1.49688e-7 0.3420163 -0.939694 1.05828e-5 0.3420414 -0.9396849 7.0708e-6 0.342022 -0.939692 -4.88735e-6 0.3420038 -0.9396986 1.68997e-6 0.3420213 -0.9396923 1.03729e-6 0.3420206 -0.9396924 4.38605e-6 0.3420262 -0.9396904 -6.46322e-6 0.342018 -0.9396934 -6.96319e-6 0.3420174 -0.9396936 -1.03734e-6 0.3420206 -0.9396925 -3.25554e-6 0.3420187 -0.9396932 1.75546e-6 0.3420203 -0.9396926 6.89557e-6 0.3420233 -0.9396914 -7.97922e-7 0.3420221 -0.9396919 -5.19987e-6 0.3420205 -0.9396925 6.38368e-7 0.3420205 -0.9396926 5.28764e-6 0.3420214 -0.9396921 -1.11712e-6 0.3420224 -0.9396918 -7.22339e-6 0.3420222 -0.9396919 6.38357e-7 0.3420196 -0.9396928 3.51554e-6 0.3420193 -0.939693 6.22389e-6 0.3420178 -0.9396935 7.06511e-6 0.3420175 -0.9396936 7.18131e-7 0.3420224 -0.9396919 -5.40332e-6 0.3420253 -0.9396908 1.09318e-5 0.3420079 -0.939697 -5.08684e-6 0.342019 -0.9396931 -1.75946e-5 0.342038 -0.9396861 -3.07477e-6 0.3420239 -0.9396913 1.71556e-6 0.3420126 -0.9396953 -7.34763e-7 0.3420161 -0.9396941 -1.81535e-6 0.3420207 -0.9396924 6.66947e-7 0.3420156 -0.9396943 3.46605e-7 0.3420227 -0.9396917 5.3694e-7 0.342022 -0.9396919 7.85489e-7 0.3420238 -0.9396913 1.30278e-6 0.3420182 -0.9396934 -0.08482289 -0.9363059 -0.3407878 -0.08482104 -0.9363059 -0.3407882 -0.2519517 -0.9093777 -0.330987 -0.2519798 -0.9093725 -0.33098 -0.4119156 -0.85627 -0.3116525 -0.41189 -0.8562793 -0.3116609 -0.559992 -0.7785333 -0.2833636 -0.5599731 -0.778544 -0.2833716 -0.6919173 -0.678435 -0.2469342 -0.6919317 -0.6784231 -0.2469264 -0.8040007 -0.5587677 -0.2033753 -0.8040007 -0.5587676 -0.2033752 -0.8929213 -0.4230616 -0.1539822 -0.8929269 -0.4230517 -0.1539763 -0.9561747 -0.2751393 -0.1001412 -0.9561724 -0.2751461 -0.1001452 -0.9918991 -0.1193677 -0.04344636 -0.9918991 -0.1193674 -0.04344618 -0.9990994 0.03987318 0.01451265 -0.9990994 0.03987324 0.01451271 -0.9775528 0.1979842 0.07206052 -0.9775529 0.1979843 0.07206058 -0.9278944 0.3503575 0.12752 -0.9278949 0.3503566 0.1275194 -0.8515349 0.4926788 0.1793205 -0.8515263 0.492691 0.1793279 -0.7506642 0.6208386 0.2259706 -0.7506653 0.6208375 0.2259699 -0.6282247 0.7311096 0.2661063 -0.6282247 0.7311096 0.2661063 -0.4876934 0.8203642 0.2985929 -0.4877129 0.8203552 0.2985856 -0.3331254 0.8860195 0.3224855 -0.3331254 0.8860195 0.3224855 -0.1690073 0.9261747 0.3371008 -0.1690078 0.9261746 0.3371006 0 0.9396924 0.3420208 0 0.9396924 0.3420208 0.1690073 0.9261748 0.3371008 0.1690078 0.9261746 0.3371008 0.3331252 0.8860195 0.3224855 0.3331254 0.8860195 0.3224855 0.4876933 0.8203656 0.2985894 0.4877129 0.820354 0.2985892 0.6282248 0.7311095 0.2661063 0.6282247 0.7311096 0.2661063 0.7506642 0.6208387 0.2259703 0.7506653 0.6208373 0.2259702 0.8515349 0.4926779 0.1793231 0.8515263 0.492692 0.1793253 0.9278841 0.350382 0.1275287 0.9278846 0.3503808 0.1275285 0.9775589 0.1979573 0.07205069 0.9775589 0.1979574 0.07205075 0.9990981 0.03990131 0.01452291 0.9990981 0.03990137 0.01452291 0.9918991 -0.1193677 -0.0434463 0.9918992 -0.1193674 -0.04344624 0.9561663 -0.2751646 -0.1001519 0.956164 -0.2751723 -0.1001533 0.8929213 -0.4230623 -0.1539801 0.8929269 -0.4230509 -0.1539783 0.8040007 -0.5587676 -0.2033752 0.8040007 -0.5587676 -0.2033752 0.6919323 -0.6784226 -0.2469262 0.6919466 -0.6784085 -0.2469246 0.5599781 -0.7785409 -0.2833704 0.5599592 -0.7785542 -0.2833712 0.4119154 -0.8562684 -0.311657 0.41189 -0.8562809 -0.3116564 0.2519516 -0.9093794 -0.3309825 0.2519798 -0.9093708 -0.3309845 0.08482038 -0.9363059 -0.3407882 0.08481848 -0.9363062 -0.3407879 0 0 1 0 0 1 0 0.9396927 0.3420199 0 0.9396927 0.3420199 0 0.910846 0.4127463 0 0.910846 0.4127463 0 0.8374798 0.5464684 0 0.8374798 0.5464684 0 0.7446134 0.667496 0 0.7446134 0.667496 0 0.6343917 0.7730118 0 0.6343917 0.7730118 0 0.5094199 0.860518 0 0.5094199 0.860518 0 0.372578 0.9280009 0 0.372578 0.9280009 0 0.2270684 0.9738788 0 0.2270684 0.9738788 0 0.07628297 0.9970862 0 0.07628297 0.9970862 0 0.9108471 0.412744 0 0.9108471 0.412744 0 0.8374798 0.5464684 0 0.8374798 0.5464684 0 0.7446106 0.6674991 0 0.7446106 0.6674991 0 0.6343917 0.7730118 0 0.6343917 0.7730118 0 0.5094384 0.8605071 0 0.5094384 0.8605071 0 0.3725672 0.9280052 0 0.3725672 0.9280052 0 0.2270684 0.9738788 0 0.2270684 0.9738788 0 0.07628917 0.9970857 0 0.07628917 0.9970857 -0.1686478 0.9856764 0 -0.1686478 0.9856764 0 -0.05645638 0.998405 0 -0.05645638 0.998405 0 -1 0 0 -1 0 0 -0.2832212 0.9590546 0 -0.2832212 0.9590546 0 1 0 0 1 0 0 0.4493161 0.8899242 0.07842111 0.5543371 0.8285918 0.07839733 0.6885129 0.7209843 0.07830458 0.9922619 0.09628558 0.07839316 0.8142837 -0.5751497 0.07838827 0.7381892 -0.6700239 0.07838815 0.2409807 -0.9673621 0.07835102 0.121394 -0.9894993 0.07845097 0.02729207 -0.07369101 0.9969076 0.02728867 -0.07368105 0.9969085 0.08116853 -0.2191598 0.9723069 0.08117455 -0.2191774 0.9723024 0.1330339 -0.3592018 0.9237294 0.133036 -0.359208 0.9237267 0.1816518 -0.4904745 0.8523129 0.1816501 -0.4904693 0.8523163 0.2257124 -0.609441 0.7600235 0.2257189 -0.6094604 0.7600059 0.2642416 -0.7134752 0.6489449 0.2642444 -0.7134836 0.6489346 0.296231 -0.7998505 0.5220022 0.2962325 -0.7998552 0.5219941 0.3209385 -0.8665637 0.3821854 0.3209248 -0.8665167 0.3823036 0.3377336 -0.9119015 0.2331776 0.3377364 -0.9119127 0.2331295 0.3462356 -0.9348613 0.07845515 0.03460216 -0.07054167 0.9969085 0.03460174 -0.07054066 0.9969086 0.1029326 -0.2098432 0.9723017 0.1029215 -0.2098187 0.9723082 0.168693 -0.3439025 0.9237282 0.168695 -0.3439069 0.9237262 0.2303385 -0.4695753 0.8523164 0.2303475 -0.4695951 0.852303 0.2862188 -0.5834965 0.760007 0.2862141 -0.5834859 0.7600169 0.3350713 -0.6830878 0.6489363 0.335067 -0.6830781 0.6489489 0.3756367 -0.7657848 0.5219873 0.3756463 -0.7658072 0.5219475 0.4069406 -0.829605 0.3823021 0.4069452 -0.8296163 0.3822729 0.4282592 -0.873068 0.2331231 0.4282531 -0.8730506 0.2331993 0.05413341 -0.0569483 0.9969084 0.05413782 -0.05695319 0.9969079 0.1610265 -0.1694005 0.9723033 0.161009 -0.169381 0.9723097 0.2638982 -0.2776201 0.9237342 0.2639383 -0.2776649 0.9237093 0.3603872 -0.3791297 0.8522803 0.3603435 -0.3790808 0.8523205 0.4477701 -0.4710534 0.760007 0.4477559 -0.4710373 0.7600253 0.5241814 -0.5514367 0.6489617 0.5242099 -0.5514692 0.6489112 0.5876487 -0.6182069 0.5220051 0.587638 -0.6181945 0.5220319 0.6366336 -0.6697377 0.3822945 0.6366536 -0.6697619 0.3822188 0.6699792 -0.7048205 0.2331438 0.6699578 -0.7047921 0.2332909 0.06870234 -0.03813266 0.9969082 0.06870228 -0.0381326 0.9969081 0.2043413 -0.113418 0.972307 0.2043375 -0.1134158 0.9723081 0.3349162 -0.1858923 0.923729 0.3349367 -0.1859045 0.9237191 0.4573606 -0.2538552 0.8522786 0.4573369 -0.253841 0.8522955 0.5681761 -0.3153613 0.760081 0.5682713 -0.3154187 0.759986 0.665216 -0.3692278 0.6489673 0.665237 -0.3692407 0.6489384 0.7457697 -0.4139404 0.521997 0.7457585 -0.4139334 0.5220186 0.8079313 -0.4484424 0.382291 0.807924 -0.4484377 0.3823119 0.8502767 -0.4719455 0.2330169 0.8502398 -0.4719191 0.2332051 0.8716628 -0.4838097 0.07830721 0.07220768 -0.03098678 0.9969081 0.07220381 -0.03098499 0.9969085 0.2147633 -0.09216189 0.972308 0.2147914 -0.09217488 0.9723006 0.3520247 -0.1510668 0.9237193 0.3520187 -0.151064 0.9237221 0.480669 -0.2062725 0.8522963 0.4806595 -0.2062681 0.8523027 0.5972684 -0.2563091 0.7599843 0.5972222 -0.2562873 0.760028 0.6991805 -0.3000409 0.6489392 0.6992 -0.3000503 0.6489139 0.7838129 -0.3363605 0.5220143 0.7837772 -0.3363429 0.5220794 0.8491471 -0.3643952 0.3823158 0.849177 -0.3644106 0.3822348 0.893619 -0.3834821 0.2332095 0.8936135 -0.383479 0.2332355 0.07697027 -0.01581776 0.9969079 0.07696443 -0.01581639 0.9969084 0.2289373 -0.04704725 0.9723036 0.2289301 -0.04704552 0.9723054 0.3752115 -0.07710665 0.9237266 0.3752114 -0.07710659 0.9237267 0.5122667 -0.1052717 0.8523501 0.5123819 -0.1052992 0.8522775 0.6366208 -0.1308314 0.7599982 0.6365966 -0.1308256 0.7600194 0.7452302 -0.1531506 0.6489814 0.7452324 -0.1531512 0.6489787 0.8355525 -0.1717127 0.5218878 0.8354597 -0.1716886 0.5220443 0.905135 -0.186007 0.3822724 0.9051398 -0.1860083 0.3822602 0.9525321 -0.1957476 0.233164 0.9525508 -0.1957537 0.2330821 0.976512 -0.2006779 0.07844007 0.07816934 -0.007948935 0.9969084 0.07817721 -0.007949948 0.9969078 0.2325168 -0.02364492 0.9723049 0.2325278 -0.02364635 0.9723023 0.3810842 -0.03875344 0.9237278 0.3810609 -0.03875041 0.9237375 0.5204079 -0.05292075 0.8522763 0.5204034 -0.0529201 0.8522792 0.646565 -0.06574958 0.7600203 0.6465713 -0.06575047 0.7600148 0.7569059 -0.07697051 0.6489754 0.7569266 -0.07697349 0.6489508 0.8485388 -0.0862897 0.5220497 0.8484969 -0.0862832 0.5221189 0.919314 -0.09348458 0.3822596 0.9193266 -0.09348678 0.3822289 0.967469 -0.09838241 0.2330763 0.9674389 -0.09837579 0.2332037 0.07696372 0.01581639 0.9969084 0.07697069 0.01581764 0.9969079 0.2289333 0.04704636 0.9723045 0.2289353 0.04704672 0.9723041 0.3752064 0.07710582 0.9237288 0.375215 0.07710731 0.9237252 0.5123847 0.1052959 0.8522762 0.5122678 0.1052757 0.8523489 0.6365941 0.1308259 0.7600215 0.6366209 0.1308304 0.7599982 0.7452397 0.1531524 0.64897 0.7452303 0.1531509 0.6489812 0.8354524 0.1716923 0.5220547 0.8355537 0.1717077 0.5218874 0.9051399 0.1860077 0.3822603 0.9051333 0.1860069 0.3822763 0.9525536 0.1957519 0.2330726 0.9525327 0.19575 0.2331595 0.9765151 0.2006785 0.07839834 0.07497519 0.02352374 0.9969079 0.07496929 0.02352201 0.9969084 0.2230003 0.06996768 0.9723042 0.2230156 0.06997197 0.9723004 0.3654885 0.1146734 0.9237251 0.3654852 0.1146725 0.9237266 0.4989912 0.1565605 0.8523477 0.4990748 0.1565839 0.8522945 0.6201199 0.1945617 0.7599982 0.6200669 0.1945471 0.760045 0.7259141 0.2277568 0.6489804 0.7259795 0.2277744 0.6489011 0.8138929 0.255357 0.5218919 0.8137761 0.2553269 0.5220888 0.8816704 0.2766292 0.3822744 0.88169 0.2766338 0.3822256 0.9278411 0.2911139 0.2331598 0.9278247 0.2911108 0.2332291 0.06870228 0.03813266 0.9969082 0.06870239 0.03813272 0.9969081 0.2043398 0.1134172 0.9723075 0.2043461 0.1134206 0.9723058 0.3349335 0.1859019 0.9237207 0.3349085 0.185889 0.9237325 0.4573271 0.2538368 0.8523021 0.4573566 0.2538519 0.8522817 0.5682783 0.315418 0.7599811 0.5681843 0.3153702 0.7600713 0.665233 0.3692369 0.6489447 0.6652209 0.3692308 0.6489606 0.745768 0.4139385 0.5220009 0.7457655 0.4139373 0.5220054 0.8079239 0.4484383 0.3823115 0.8079354 0.4484437 0.382281 0.8502352 0.4719221 0.2332161 0.8502719 0.4719372 0.2330512 0.8716609 0.483809 0.07833331 0.0644918 0.04488766 0.9969081 0.0644856 0.04488354 0.9969088 0.1918221 0.1335129 0.9723058 0.1918413 0.1335255 0.9723003 0.3143861 0.2188192 0.9237313 0.3143893 0.2188213 0.9237297 0.4293249 0.2988188 0.8522837 0.429283 0.2987916 0.8523144 0.5333667 0.3712364 0.7600681 0.5334197 0.3712706 0.7600142 0.6244558 0.4346335 0.6489597 0.6245011 0.4346623 0.6488969 0.7000657 0.4872564 0.5220049 0.700037 0.4872386 0.5220602 0.7584242 0.5278772 0.3822805 0.7584298 0.5278806 0.3822648 0.7981634 0.5555358 0.2330561 0.7981467 0.5555268 0.2331346 0.02728784 0.07367956 0.9969086 0.02728974 0.07368427 0.9969082 0.08117282 0.2191726 0.9723036 0.08116781 0.21916 0.9723069 0.1330357 0.359208 0.9237267 0.1330425 0.3592247 0.9237192 0.1816537 0.4904788 0.8523101 0.1816482 0.4904652 0.8523191 0.2257192 0.6094604 0.7600059 0.2257243 0.6094728 0.7599945 0.2642338 0.7134513 0.6489744 0.2642349 0.7134538 0.6489711 0.2962378 0.7998641 0.5219776 0.2962319 0.7998504 0.5220019 0.3209282 0.8665326 0.3822649 0.3209318 0.8665404 0.382244 0.3377359 0.9119129 0.2331291 0.3377354 0.9119118 0.2331344 0.3462359 0.9348639 0.07842284 0.0196948 0.07606631 0.9969083 0.01969528 0.07606792 0.9969081 0.05857956 0.2262482 0.9723067 0.0585795 0.226248 0.9723067 0.09601712 0.3708406 0.9237196 0.09601765 0.3708427 0.9237188 0.1310978 0.5063303 0.8523162 0.1311059 0.5063579 0.8522986 0.1629063 0.6291775 0.7599982 0.1628938 0.6291354 0.7600356 0.1906996 0.7365284 0.648968 0.1907044 0.7365442 0.6489487 0.2137919 0.8257132 0.5220064 0.2137912 0.8257111 0.5220101 0.2316181 0.8945629 0.3822437 0.2316148 0.8945528 0.3822693 0.2437444 0.9414004 0.2331396 0.2437412 0.9413919 0.233177 0.003979563 -0.07847297 0.9969083 0.003979504 -0.07846885 0.9969087 0.01183688 -0.2334026 0.9723081 0.01183724 -0.2334175 0.9723045 0.01940143 -0.3825746 0.9237208 0.01940166 -0.3825855 0.9237164 0.02649104 -0.5223832 0.8522992 0.02649021 -0.5223385 0.8523268 0.03291749 -0.649073 0.7600136 0.03291815 -0.6491131 0.7599794 0.03853565 -0.7598848 0.6489146 0.03853505 -0.7598232 0.6489866 0.04320055 -0.8518158 0.5220571 0.04320049 -0.8518769 0.5219573 0.04680132 -0.9228824 0.3822274 0.0468021 -0.9228451 0.3823172 0.04925352 -0.9711824 0.2331926 0.04925262 -0.9711962 0.2331351 0.05049246 -0.9956445 0.07837349 0.05049258 -0.9956442 0.07837897 0.01189786 -0.07766461 0.9969086 0.01189863 -0.07767075 0.996908 0.03539103 -0.2310215 0.9723048 0.03538966 -0.2310106 0.9723074 0.05800938 -0.3786636 0.9237147 0.05801004 -0.3786689 0.9237124 0.07919782 -0.5169749 0.852329 0.07920193 -0.517009 0.8523079 0.09841823 -0.642448 0.7599832 0.09841215 -0.6423957 0.7600283 0.1152068 -0.7520252 0.6489881 0.1152104 -0.7520566 0.6489511 0.1291627 -0.8431333 0.521961 0.129161 -0.8431156 0.52199 0.1399255 -0.913383 0.3822987 0.1399265 -0.9133945 0.3822711 0.1472543 -0.9612279 0.2331461 0.1472537 -0.9612112 0.2332155 0.1417789 -0.9254739 -0.3512787 0.1713547 -0.9820861 0.07838541 0.2896631 -0.9539009 0.07853907 0.2457551 -0.9491729 -0.1966605 0.2437401 -0.9413903 0.2331843 0.2437389 -0.9413815 0.2332215 0.2316231 -0.8945871 0.3821839 0.2316166 -0.8945524 0.3822692 0.2137929 -0.8257131 0.5220062 0.2137945 -0.825721 0.521993 0.1907066 -0.7365508 0.6489406 0.1907052 -0.736544 0.6489487 0.1628972 -0.6291438 0.7600281 0.1628953 -0.6291351 0.7600356 0.1311013 -0.50634 0.8523099 0.131103 -0.5063478 0.852305 0.0960114 -0.3708165 0.9237299 0.09602105 -0.370859 0.9237118 0.05857914 -0.2262483 0.9723067 0.05857789 -0.2262428 0.972308 0.01969665 -0.07607352 0.9969077 0.01969575 -0.07606971 0.996908 0.5116567 -0.8556056 0.07840138 0.4493156 -0.8899284 0.07837796 0.4271466 -0.870795 -0.2434376 0.4036683 -0.9115329 0.07848417 0.3462357 -0.9348677 0.07837808 0.5543369 -0.8285862 0.07845747 0.4983529 -0.7995356 -0.335242 0.5143839 -0.8252549 0.23316 0.514379 -0.8252447 0.2332071 0.4887939 -0.7841973 0.3822501 0.4887894 -0.7841887 0.3822735 0.4511989 -0.7238805 0.5219356 0.4511983 -0.7238794 0.5219375 0.4024343 -0.6456449 0.6489911 0.4024497 -0.6456722 0.6489543 0.3437757 -0.5515382 0.7600157 0.343778 -0.5515422 0.7600119 0.2766765 -0.4438875 0.8522992 0.2766715 -0.4438788 0.8523054 0.2026255 -0.3250828 0.9237229 0.2026235 -0.3250796 0.9237245 0.1236084 -0.1983115 0.9723135 0.1236183 -0.1983283 0.9723088 0.04156547 -0.06668609 0.9969079 0.04156059 -0.06667774 0.9969086 0.04809916 -0.06213885 0.9969078 0.04809457 -0.06213253 0.9969084 0.1430367 -0.1847867 0.972314 0.1430603 -0.1848191 0.9723044 0.2344732 -0.3029149 0.9237233 0.2344598 -0.3028966 0.9237328 0.3201681 -0.4136223 0.8522962 0.3201804 -0.4136392 0.8522835 0.3978083 -0.5139263 0.7600187 0.397818 -0.5139399 0.7600045 0.465686 -0.6016184 0.648993 0.4657002 -0.6016384 0.6489641 0.5221188 -0.6745256 0.5219264 0.5220914 -0.6744861 0.5220049 0.5656224 -0.7307235 0.3822494 0.5656131 -0.7307097 0.3822893 0.5952353 -0.7689783 0.2331679 0.595239 -0.7689843 0.233139 0.6102243 -0.7883436 0.07836347 0.6102241 -0.788343 0.07836943 0.6868526 -0.7225654 0.07831329 0.6906191 -0.7231878 -0.006687939 0.6511112 -0.7549149 0.07847172 0.05962204 -0.05118399 0.996908 0.05961179 -0.0511747 0.996909 0.1773198 -0.1522231 0.9723095 0.1773466 -0.1522473 0.9723008 0.2906744 -0.2495362 0.9237099 0.2906489 -0.249513 0.9237242 0.3968448 -0.3406789 0.8523216 0.3968589 -0.3406919 0.8523098 0.4931123 -0.4233226 0.7600252 0.493111 -0.4233214 0.7600267 0.5773129 -0.4956063 0.6489101 0.5773234 -0.495616 0.6488933 0.6471686 -0.5555762 0.522023 0.6471539 -0.5555622 0.5220561 0.7011478 -0.6019144 0.3822184 0.7011337 -0.6019005 0.3822658 0.7378211 -0.6333954 0.233303 0.7378532 -0.6334302 0.233107 0.707656 -0.6075066 -0.360775 0.771173 -0.6317755 0.07843399 0.8423596 -0.5331814 0.0784083 0.8125635 -0.5655608 -0.1410021 0.79817 -0.5555425 0.2330174 0.7981535 -0.555528 0.2331082 0.7584208 -0.5278734 0.3822925 0.7584298 -0.5278806 0.3822647 0.7000699 -0.4872611 0.5219951 0.7000384 -0.4872366 0.5220602 0.6244516 -0.4346272 0.6489681 0.6245054 -0.434668 0.6488889 0.533357 -0.3712269 0.7600796 0.5334072 -0.3712646 0.760026 0.429329 -0.2988236 0.85228 0.4292891 -0.2987939 0.8523105 0.3143937 -0.2188243 0.9237275 0.3143973 -0.218827 0.9237256 0.1918173 -0.1335088 0.9723073 0.1918408 -0.1335261 0.9723003 0.06449162 -0.04488784 0.9969082 0.0644831 -0.04488152 0.996909 0.9462725 -0.3137355 0.07834839 0.9214796 -0.3804442 0.07834208 0.8816837 -0.3783596 -0.2819181 0.9010203 -0.4266325 0.07840353 0.8716627 -0.4838096 0.07831019 0.9609314 -0.2654133 0.07852715 0.9064788 -0.2844134 -0.3120979 0.9278392 -0.2911153 0.2331659 0.9278237 -0.2911084 0.233236 0.8816733 -0.2766286 0.382268 0.8816872 -0.276634 0.3822318 0.8138912 -0.2553626 0.5218919 0.8137812 -0.2553218 0.5220833 0.7259149 -0.2277539 0.6489805 0.7259719 -0.2277745 0.6489096 0.620119 -0.194563 0.7599985 0.6200813 -0.1945497 0.7600327 0.4989888 -0.156557 0.8523497 0.4990646 -0.1565835 0.8523005 0.3654836 -0.114672 0.9237272 0.3654925 -0.114675 0.9237233 0.2230034 -0.06996834 0.9723034 0.2230154 -0.06997251 0.9723004 0.07497465 -0.02352374 0.9969079 0.07496821 -0.02352154 0.9969085 0.9965978 -0.02525794 0.07845234 0.9922617 -0.0962854 0.07839548 0.9919746 -0.1008707 -0.07623362 0.9861044 -0.1464102 0.07849913 0.9765149 -0.2006796 0.07839852 0.9965979 0.02525788 0.07845169 0.9314169 0 -0.363954 0.9724288 0 0.2332001 0.9724288 0 0.2332001 0.9240666 0 0.3822315 0.9240666 0 0.3822315 0.8528717 0 0.5221207 0.8528717 0 0.5221207 0.760834 0 0.6489466 0.7608339 0 0.6489467 0.6499054 0 0.7600151 0.6499054 0 0.7600151 0.5230869 0 0.8522793 0.523087 0 0.8522794 0.3830251 0 0.9237379 0.3830251 0 0.9237379 0.2337283 0 0.9723019 0.2337282 0 0.972302 0.0785802 0 0.9969078 0.0785802 0 0.9969078 0.9861047 0.1464082 0.07849913 0.9919749 0.1008708 -0.07622867 0.9674705 0.09837901 0.2330717 0.9674392 0.09837943 0.2332013 0.919314 0.09348553 0.3822595 0.9193258 0.09348595 0.3822311 0.8485358 0.08628731 0.5220549 0.8484956 0.08628529 0.5221207 0.7569094 0.0769717 0.6489712 0.7569304 0.07697296 0.6489465 0.6465637 0.0657497 0.7600213 0.6465712 0.06575018 0.7600148 0.520409 0.05292063 0.8522757 0.5204023 0.05292016 0.8522799 0.3810815 0.03875255 0.9237289 0.3810608 0.038751 0.9237375 0.2325183 0.02364534 0.9723045 0.2325289 0.02364617 0.972302 0.07816892 0.007949054 0.9969084 0.07817703 0.007949709 0.9969078 0.9214791 0.3804436 0.07835125 0.9462718 0.3137356 0.07835596 0.9064788 0.2844134 -0.3120979 0.9609311 0.2654126 0.07853353 0.9765113 0.200679 0.07844507 0.9010175 0.4266346 0.07842433 0.881682 0.3783591 -0.2819243 0.8936169 0.3834807 0.2332197 0.8936153 0.3834803 0.2332265 0.8491461 0.3643971 0.3823164 0.8491812 0.3644093 0.3822266 0.783822 0.3363617 0.522 0.7837724 0.3363434 0.5220863 0.6991755 0.30004 0.6489449 0.6992092 0.3000528 0.6489028 0.5972738 0.2563091 0.75998 0.5972038 0.256282 0.7600442 0.480661 0.2062692 0.8523016 0.4806712 0.2062731 0.8522949 0.3520219 0.1510651 0.9237207 0.3520092 0.1510601 0.9237263 0.214765 0.09216356 0.9723075 0.2147916 0.09217417 0.9723006 0.07220768 0.03098666 0.9969081 0.07220512 0.03098565 0.9969084 0.771174 0.6317763 0.07841867 0.8142842 0.5751511 0.07837438 0.81256 0.5655587 -0.1410309 0.8423624 0.533177 0.07840836 0.871663 0.4838094 0.07830703 0.7381915 0.6700234 0.0783714 0.7076569 0.6075063 -0.3607739 0.7378178 0.6333987 0.2333045 0.7378513 0.6334214 0.2331371 0.7011396 0.6019056 0.3822473 0.7011334 0.6019011 0.3822657 0.6471906 0.5555928 0.5219779 0.6471527 0.5555636 0.522056 0.5772999 0.4955967 0.6489289 0.5773176 0.4956107 0.6489025 0.4931244 0.4233333 0.7600113 0.4931226 0.4233319 0.7600133 0.3968375 0.3406738 0.8523269 0.3968538 0.340687 0.8523142 0.2906624 0.2495248 0.9237168 0.2906398 0.2495065 0.9237289 0.1773242 0.1522281 0.9723079 0.1773471 0.1522467 0.9723008 0.05962127 0.05118292 0.996908 0.05961447 0.05117738 0.9969087 0.6511093 0.7549126 0.07850831 0.6889659 0.7247885 -0.00277245 0.6699764 0.7048117 0.2331783 0.6699556 0.7047943 0.2332909 0.6366332 0.6697392 0.3822925 0.6366466 0.6697514 0.3822489 0.5876494 0.6182065 0.5220049 0.5876602 0.6182167 0.5219806 0.5241937 0.55145 0.6489406 0.5241991 0.5514553 0.6489316 0.4477596 0.4710413 0.7600207 0.4477682 0.4710496 0.7600105 0.3603891 0.3791273 0.8522806 0.3603371 0.379076 0.8523253 0.2638975 0.2776211 0.9237341 0.2639266 0.27765 0.923717 0.1610324 0.1694056 0.9723016 0.1610141 0.1693874 0.9723078 0.05413532 0.05695056 0.9969082 0.05413693 0.05695211 0.996908 0.04809629 0.06213498 0.9969083 0.04809737 0.06213635 0.9969081 0.1430663 0.1848254 0.9723023 0.1430408 0.1847943 0.9723119 0.2344592 0.3028975 0.9237326 0.2344734 0.3029148 0.9237233 0.32018 0.4136385 0.8522838 0.3201725 0.4136295 0.8522911 0.3978067 0.5139248 0.7600206 0.3978019 0.513919 0.7600269 0.4657126 0.6016526 0.6489422 0.4656966 0.6016337 0.648971 0.5220893 0.6744874 0.5220055 0.5221095 0.6745109 0.5219549 0.5656116 0.7307111 0.3822891 0.5656224 0.7307232 0.3822498 0.5952334 0.7689774 0.233176 0.5952319 0.7689759 0.2331849 0.6102216 0.7883411 0.07840937 0.6102288 0.7883458 0.07830542 0.04156392 0.06668323 0.9969081 0.0415613 0.06667923 0.9969086 0.1236131 0.1983197 0.9723112 0.123616 0.1983242 0.97231 0.2026253 0.3250832 0.9237229 0.2026393 0.3251042 0.9237124 0.276682 0.4438947 0.8522937 0.2766612 0.4438635 0.8523167 0.3437699 0.5515298 0.7600245 0.3437895 0.551559 0.7599944 0.4024443 0.6456618 0.6489679 0.4024394 0.6456546 0.6489781 0.4511885 0.7238655 0.5219654 0.4511983 0.7238795 0.5219374 0.4887943 0.7841967 0.3822507 0.4887888 0.7841891 0.3822736 0.5143825 0.8252502 0.2331796 0.5143783 0.825245 0.2332071 0.4983514 0.7995321 -0.3352525 0.5116534 0.8556036 0.07844287 0.403662 0.9115318 0.07852852 0.4271466 0.8707938 -0.2434421 0.4282615 0.8730666 0.2331241 0.4282517 0.8730513 0.2331992 0.406947 0.8296189 0.3822652 0.4069454 0.8296161 0.3822728 0.3756393 0.7657942 0.5219717 0.3756465 0.7658071 0.5219475 0.3350566 0.6830589 0.6489744 0.3350567 0.683059 0.648974 0.2862189 0.5834966 0.7600069 0.2862235 0.5835053 0.7599985 0.2303423 0.469584 0.8523105 0.2303391 0.4695777 0.852315 0.1686923 0.3439024 0.9237284 0.1687092 0.3439343 0.9237133 0.1029314 0.2098384 0.9723029 0.1029189 0.2098144 0.9723094 0.03460156 0.07054013 0.9969087 0.03460264 0.07054215 0.9969085 0.1713555 0.9820842 0.07840925 0.2409794 0.9673605 0.07837444 0.2457548 0.9491691 -0.1966789 0.2896692 0.9538971 0.07856202 0.346233 0.9348604 0.07847803 0.1213944 0.989503 0.07840293 0.1417764 0.9254655 -0.3513021 0.1472542 0.9612225 0.2331686 0.1472541 0.9612221 0.2331701 0.1399279 0.9133999 0.3822575 0.1399267 0.9133945 0.3822711 0.1291599 0.8431122 0.5219956 0.1291584 0.8431051 0.5220075 0.1152092 0.7520487 0.6489604 0.1152107 0.7520565 0.648951 0.09841203 0.6424006 0.760024 0.09841114 0.6423959 0.7600282 0.07920223 0.5170066 0.8523093 0.07920461 0.5170194 0.8523014 0.05800795 0.3786552 0.9237182 0.05800741 0.3786521 0.9237195 0.03538954 0.2310107 0.9723074 0.03539049 0.231016 0.9723061 0.01189839 0.0776683 0.9969083 0.01189845 0.07766884 0.9969083 0.003979623 0.07847261 0.9969083 0.003979504 0.07847106 0.9969084 0.01183676 0.2334064 0.9723072 0.01183736 0.2334136 0.9723055 0.01940202 0.3825768 0.92372 0.01940184 0.3825746 0.9237208 0.02649146 0.5223709 0.8523068 0.02649158 0.5223724 0.8523058 0.03291666 0.649065 0.7600204 0.03291738 0.649073 0.7600136 0.03853523 0.7598472 0.6489586 0.03853535 0.7598488 0.6489566 0.04320144 0.8518551 0.5219928 0.04320073 0.8518482 0.5220042 0.04680216 0.9228624 0.3822758 0.04680353 0.9228737 0.3822481 0.04925394 0.9711908 0.2331579 0.04925256 0.9711825 0.2331926 0.05049329 0.9956479 0.07833075 0.0504927 0.9956465 0.07834935 0.0306769 -0.07317507 -0.9968472 0.1369253 -0.3348246 -0.9322789 0.2685318 -0.9585704 -0.09504479 0.26855 -0.9586308 -0.09438246 0.2862128 -0.9581546 0.004694342 0.2778425 -0.9366223 -0.2134062 0.3073591 -0.8276568 -0.4695899 0.2784453 -0.9112156 -0.3035695 0.2809625 -0.9110338 -0.3017904 0.2701509 -0.7162923 -0.6433847 0.2726675 -0.7224901 -0.635343 0.2747017 -0.7276843 -0.6285018 0.2480478 -0.64099 -0.7263636 0.255349 -0.6581532 -0.7082594 0.259615 -0.668811 -0.6966289 0.2135885 -0.5419118 -0.8128417 0.2238281 -0.5646231 -0.7944191 0.233724 -0.588026 -0.7743375 0.1622808 -0.4104791 -0.8973136 0.1728972 -0.432599 -0.884853 0.1835415 -0.4549691 -0.8713872 0.1990299 -0.4911162 -0.8480519 0.1173337 -0.2938693 -0.9486167 0.06463247 -0.161815 -0.9847023 0.08067286 -0.1958041 -0.9773191 0.09374904 -0.2259282 -0.9696224 0.01089346 -0.02620238 -0.9995974 0.01745682 -0.04370558 -0.998892 0.02084654 -0.04224401 -0.9988899 0.02084875 -0.0422483 -0.9988896 0.02507555 -0.0398848 -0.9988896 0.02507913 -0.03989028 -0.9988893 0.0290417 -0.03710508 -0.9988893 0.02903664 -0.03709882 -0.9988897 0.03269189 -0.03392177 -0.9988897 0.03268647 -0.03391635 -0.9988899 0.03599482 -0.0303812 -0.9988901 0.03600996 -0.0303936 -0.9988892 0.03894007 -0.02653658 -0.9988892 0.03893524 -0.02653342 -0.9988893 0.04145324 -0.02239596 -0.9988895 0.041462 -0.02240049 -0.998889 0.04354256 -0.01802569 -0.998889 0.04351752 -0.01801574 -0.9988903 0.04513663 -0.01345282 -0.9988903 0.04514306 -0.01345461 -0.99889 0.04628592 -0.008749544 -0.9988899 0.04630041 -0.008752048 -0.9988892 0.04695391 -0.003952622 -0.9988893 0.04694724 -0.003952145 -0.9988896 0.04710507 8.88246e-4 -0.9988895 0.04710543 8.88258e-4 -0.9988896 0.04676538 0.005719423 -0.9988896 0.04675823 0.005718469 -0.9988899 0.0459243 0.01048821 -0.9988899 0.04593014 0.01048964 -0.9988896 0.0446105 0.01514947 -0.9988896 0.04461157 0.01514983 -0.9988895 0.04282057 0.01964932 -0.9988895 0.04283118 0.01965439 -0.998889 0.0405867 0.02394723 -0.998889 0.04057383 0.02393937 -0.9988898 0.03790187 0.0279783 -0.9988897 0.03790843 0.0279833 -0.9988893 0.03483492 0.03172659 -0.9988894 0.03482478 0.03171706 -0.9988901 0.03138542 0.03512531 -0.9988899 0.03138834 0.03512871 -0.9988897 0.02761644 0.03816556 -0.9988898 0.02761793 0.03816771 -0.9988896 0.02355378 0.0408014 -0.9988896 0.02355545 0.04080426 -0.9988895 0.01924186 0.0430063 -0.9988895 0.01924079 0.04300379 -0.9988896 0.01472437 0.04475176 -0.9988896 0.01472455 0.04475224 -0.9988895 0.01005256 0.04602748 -0.9988896 0.01005244 0.04602682 -0.9988896 0.005274236 0.04681515 -0.9988897 0.005274415 0.04681688 -0.9988895 0.001429975 0.04704952 -0.9988915 0.001429975 0.04705053 -0.9988915 0.005461215 0.1796861 -0.9837089 0.01051926 0.3461041 -0.9381371 0.01526314 0.5021789 -0.864629 0.01955288 0.6433365 -0.7653338 0.02325969 0.765273 -0.6432855 0.02627277 0.8644161 -0.5020901 0.02850341 0.9378131 -0.3459683 0.03034603 0.9984307 -0.04706829 0.03035372 0.9984431 -0.04679751 0.1014971 0.9937373 -0.04673981 0.1011009 0.8972886 0.4297111 0.1524422 0.9872072 -0.04672497 0.2131419 0.9759064 -0.04665952 0.2856423 0.8681475 0.4058674 0.2722306 0.9610945 -0.04677271 0.2131422 0.9759041 -0.04670763 0.5855762 0.8092507 -0.04704993 0.4994016 0.8650918 -0.04705375 0.4994054 0.8651109 -0.04666024 0.4347247 0.8993511 -0.04671299 0.3275354 0.7320562 0.5973395 0.3879337 0.9205087 -0.0465973 0.3212726 0.94584 -0.04658997 0.5479212 0.613213 0.5689923 0.6403776 0.7666344 -0.04677909 0.585581 0.8092664 -0.04672044 0.8036587 0.5932472 -0.04680037 0.7635788 0.6440123 -0.04685616 0.6407894 0.5836127 0.4987836 0.7294845 0.6824123 -0.04653894 0.6789361 0.7327196 -0.04656106 0.8215912 0.484703 0.3000849 0.8367186 0.5456099 -0.04702997 0.803654 0.5932402 -0.04697191 0.7228968 0.331723 0.6061189 0.8972702 0.4389992 -0.0467537 0.86367 0.5018877 -0.04672068 0.9738327 0.2224053 -0.04675328 0.959769 0.2768599 -0.04681909 0.9235605 0.3136737 0.2205559 0.9442986 0.325761 -0.04668992 0.9186511 0.3922966 -0.04672867 0.8411825 0.1028763 0.5308753 0.986473 0.1571226 -0.0467289 0.9738361 0.2224074 -0.04667216 0.9953907 -0.08378714 -0.04665923 0.9987761 -0.01626807 -0.04670709 0.8367227 0.0157752 0.5473996 0.9982888 0.03508931 -0.04677766 0.9932417 0.1062216 -0.04677718 0.9690992 -0.1832186 0.1651594 0.9892415 -0.1385046 -0.04709225 0.9953733 -0.08379155 -0.04702377 0.7638365 -0.22766 0.6039244 0.9648371 -0.2586646 -0.04671156 0.9808363 -0.1891624 -0.04666566 0.8788233 -0.4748106 -0.04716426 0.9053608 -0.4220074 -0.04723858 0.867884 -0.3592299 0.3431196 0.9258863 -0.3749081 -0.04667395 0.950272 -0.3078985 -0.04670894 0.7271009 -0.4954985 0.4751901 0.8468727 -0.5297439 -0.04667121 0.8788504 -0.4748152 -0.04660868 0.6156628 -0.7866053 -0.04702538 0.6931657 -0.7192437 -0.04701012 0.6931738 -0.7192478 -0.04682582 0.7422044 -0.6685316 -0.046884 0.6227107 -0.5255878 0.5796455 0.7755923 -0.6295045 -0.04669845 0.8185244 -0.5725713 -0.04668897 0.4293296 -0.682886 0.5910524 0.5573598 -0.8289497 -0.04682272 0.6156728 -0.7866118 -0.04678547 0.290292 -0.9557799 -0.04706877 0.3477482 -0.9364083 -0.04701852 0.3477574 -0.9364194 -0.04672509 0.4052141 -0.9130237 -0.04678994 0.3978722 -0.8062605 0.4377689 0.4516041 -0.8909935 -0.04673618 0.5140148 -0.8565061 -0.04675602 0.02986925 0.9832878 -0.1795911 0.02988725 0.9833457 -0.1792708 0.1101402 0.9776368 -0.179152 0.1101445 0.9776523 -0.1790648 0.2099255 0.9611796 -0.1790675 0.2099252 0.9611788 -0.1790722 0.3074904 0.9345499 -0.1790699 0.3074929 0.9345546 -0.1790412 0.4018067 0.8980528 -0.1790324 0.4018046 0.8980497 -0.1790525 0.491885 0.8520503 -0.1790516 0.491837 0.8519916 -0.1794625 0.5766933 0.7970036 -0.1794718 0.5767387 0.7970487 -0.1791247 0.6555157 0.7336288 -0.1791307 0.655519 0.7336314 -0.1791089 0.727366 0.6624628 -0.1791136 0.727374 0.662468 -0.1790621 0.7915471 0.5842859 -0.1790618 0.7914714 0.5842471 -0.1795225 0.8472605 0.4999185 -0.1795301 0.8473246 0.4999434 -0.1791584 0.8941709 0.4103161 -0.1791624 0.8941891 0.410321 -0.1790605 0.9315906 0.316348 -0.1790607 0.9315091 0.3163344 -0.179508 0.9590585 0.2190485 -0.1795121 0.9591417 0.2190536 -0.1790606 0.9765618 0.1194331 -0.1790611 0.9765837 0.1194322 -0.1789421 0.983685 0.01854491 -0.1789411 0.9836516 0.01854979 -0.1791243 0.9803586 -0.08253854 -0.1791214 0.9802924 -0.08252191 -0.1794905 0.9666444 -0.1827101 -0.1794871 0.9667305 -0.1827415 -0.1789912 0.9428618 -0.2810193 -0.1789965 0.9428347 -0.2810061 -0.1791599 0.9090007 -0.3763217 -0.1791639 0.9089687 -0.3763018 -0.1793682 0.8655408 -0.4676153 -0.1793743 0.8655804 -0.4676458 -0.1791032 0.8129987 -0.5540355 -0.179103 0.8130062 -0.5540425 -0.1790471 0.7518366 -0.6345757 -0.1790403 0.7518364 -0.6345755 -0.1790419 0.6827094 -0.7084138 -0.1790462 0.6826661 -0.7083511 -0.1794595 0.6063529 -0.7746831 -0.1794493 0.6063928 -0.7747557 -0.1790016 0.5236515 -0.8329132 -0.1790103 0.5236497 -0.8329089 -0.1790356 0.4353783 -0.8822659 -0.1790323 0.435377 -0.8822615 -0.1790574 0.3424956 -0.9222987 -0.179058 0.3424847 -0.9222429 -0.1793662 0.2900349 -0.9400135 -0.1795952 0.2817909 -0.9131385 -0.2945707 0.02850335 0.9378136 -0.345967 0.1050511 0.9324437 -0.3457066 0.105051 0.9324418 -0.3457116 0.2002177 0.9167301 -0.3457148 0.2002183 0.9167339 -0.3457045 0.2932721 0.8913384 -0.3456987 0.2932683 0.8913224 -0.3457428 0.3832179 0.856505 -0.3457502 0.3832222 0.8565173 -0.3457151 0.469128 0.812651 -0.3457126 0.4691345 0.8126648 -0.3456717 0.550084 0.7602117 -0.3456671 0.5500854 0.7602139 -0.3456603 0.6252233 0.6997264 -0.3456568 0.6252194 0.6997212 -0.3456746 0.6937476 0.6318442 -0.3456693 0.6937357 0.6318314 -0.3457164 0.7549335 0.5572737 -0.3457184 0.7549475 0.557286 -0.3456683 0.8081707 0.4768401 -0.3456643 0.8081825 0.4768486 -0.3456246 0.852866 0.3913642 -0.3456206 0.8528168 0.3913363 -0.3457739 0.8884835 0.30172 -0.3457773 0.888516 0.3017342 -0.3456815 0.914798 0.208927 -0.3456792 0.9147884 0.2089239 -0.3457064 0.931403 0.1139095 -0.3457067 0.931371 0.1139028 -0.3457949 0.9381429 0.01768773 -0.3457964 0.938188 0.01769244 -0.3456738 0.9350488 -0.07871383 -0.3456703 0.9350557 -0.07871383 -0.3456514 0.9220356 -0.1742908 -0.3456488 0.9220115 -0.1742883 -0.3457143 0.899248 -0.2680184 -0.3457156 0.8992818 -0.2680255 -0.3456221 0.8670155 -0.3589289 -0.3456216 0.8669647 -0.3589127 -0.3457657 0.8255417 -0.446016 -0.3457608 0.8255591 -0.4460235 -0.3457099 0.7754094 -0.528419 -0.3457074 0.7753902 -0.5284082 -0.3457673 0.7170494 -0.6052163 -0.3457649 0.7170652 -0.6052275 -0.3457126 0.6511458 -0.6756436 -0.3457093 0.6511378 -0.6756365 -0.3457381 0.578337 -0.7389113 -0.3457405 0.578342 -0.7389167 -0.3457202 0.4994314 -0.7943876 -0.3457118 0.4994316 -0.7943879 -0.3457109 0.4152429 -0.8414596 -0.345715 0.4152383 -0.841452 -0.3457393 0.3313778 -0.877838 -0.3458169 0.2782827 -0.762025 -0.5847021 0.02627265 0.8644179 -0.5020872 0.09684073 0.8595697 -0.5017586 0.09684062 0.8595671 -0.5017631 0.1845694 0.8450814 -0.5017684 0.1845694 0.8450818 -0.5017678 0.2703493 0.821668 -0.5017699 0.2703514 0.8216758 -0.501756 0.353275 0.7895822 -0.5017537 0.3532727 0.7895765 -0.5017641 0.4324609 0.7491365 -0.5017688 0.4324519 0.7491186 -0.5018034 0.5070692 0.7007634 -0.5018082 0.5070812 0.7007821 -0.5017699 0.5763444 0.6450238 -0.5017684 0.5763385 0.6450165 -0.5017845 0.6395086 0.5824423 -0.5017865 0.639533 0.5824672 -0.5017267 0.695951 0.5137369 -0.5017238 0.6959215 0.5137124 -0.5017898 0.7449809 0.4395552 -0.5017915 0.7449983 0.4395669 -0.5017553 0.7861871 0.3607674 -0.5017537 0.7861732 0.3607601 -0.5017806 0.8190559 0.2781436 -0.5017804 0.8190489 0.2781407 -0.5017933 0.8432741 0.192592 -0.501794 0.8432744 0.192592 -0.5017935 0.8585905 0.1050027 -0.5017938 0.8586231 0.1050086 -0.5017364 0.8648675 0.01630842 -0.5017353 0.8648295 0.0163055 -0.5018007 0.8619343 -0.0725612 -0.5018008 0.8619728 -0.07256221 -0.5017345 0.8499686 -0.1606674 -0.5017363 0.8499569 -0.1606658 -0.5017566 0.828975 -0.2470717 -0.5017529 0.8289425 -0.2470641 -0.5018104 0.7992018 -0.3308562 -0.5018076 0.7992168 -0.3308614 -0.50178 0.7610266 -0.4111611 -0.5017818 0.7610359 -0.4111654 -0.5017642 0.7148041 -0.4871172 -0.5017688 0.7147913 -0.4871096 -0.5017945 0.6610077 -0.5579184 -0.5017926 0.6610444 -0.5579459 -0.5017138 0.600274 -0.6228573 -0.5017171 0.6002693 -0.6228529 -0.5017279 0.5331569 -0.6811843 -0.5017286 0.5331376 -0.6811625 -0.5017788 0.4603908 -0.7322924 -0.501785 0.4604018 -0.7323077 -0.5017526 0.3827916 -0.7757021 -0.5017541 0.3828015 -0.7757194 -0.5017194 0.312407 -0.8065004 -0.5019553 0.2657044 -0.7060157 -0.6564626 0.02325958 0.7652758 -0.6432821 0.08574485 0.761087 -0.6429576 0.0857439 0.7610731 -0.642974 0.1634209 0.7482469 -0.6429775 0.1634232 0.7482602 -0.6429616 0.2393748 0.7275308 -0.6429609 0.239369 0.7275103 -0.6429862 0.3127886 0.6990882 -0.6429923 0.3128069 0.6991346 -0.642933 0.382929 0.6633344 -0.6429253 0.3829277 0.6633318 -0.6429287 0.4490039 0.6205212 -0.6429221 0.4489809 0.6204859 -0.6429725 0.5103048 0.5711148 -0.642975 0.510303 0.5711126 -0.6429784 0.5662359 0.5157048 -0.6429818 0.5662736 0.5157424 -0.6429184 0.6162284 0.4548869 -0.6429157 0.6162338 0.4548913 -0.6429073 0.6596785 0.3892287 -0.6429039 0.6596195 0.3891901 -0.6429877 0.6960869 0.319418 -0.6429893 0.6961588 0.319455 -0.6428931 0.7252774 0.2463002 -0.6428911 0.7252203 0.2462779 -0.642964 0.7466707 0.170528 -0.6429643 0.7466932 0.1705343 -0.6429364 0.7602552 0.09297895 -0.6429361 0.7602043 0.09297037 -0.6429976 0.7657319 0.01443886 -0.6429978 0.7657365 0.01443916 -0.6429924 0.7631731 -0.06424552 -0.6429925 0.7631382 -0.06424415 -0.6430339 0.7525093 -0.142247 -0.6430362 0.7525544 -0.1422534 -0.642982 0.7339724 -0.2187579 -0.6429847 0.7339968 -0.218764 -0.6429549 0.707662 -0.2929593 -0.6429535 0.7076441 -0.2929528 -0.6429764 0.6738282 -0.3640523 -0.6429786 0.6738641 -0.3640697 -0.6429311 0.6329312 -0.4313237 -0.6429291 0.6329365 -0.4313269 -0.6429218 0.5853108 -0.4940215 -0.6429262 0.585237 -0.4939649 -0.6430369 0.5314387 -0.5514351 -0.6430336 0.531471 -0.5514658 -0.6429806 0.4720476 -0.603113 -0.6429819 0.4720876 -0.6031596 -0.642909 0.4076732 -0.6484352 -0.6429108 0.4076383 -0.6483848 -0.6429839 0.338923 -0.6868078 -0.6429823 0.3389347 -0.686829 -0.6429535 0.2824351 -0.7116193 -0.6432949 0.2423894 -0.6287112 -0.7388975 0.01955324 0.6433262 -0.7653425 0.07209193 0.6398989 -0.7650701 0.07209247 0.6399056 -0.7650644 0.1374039 0.6291242 -0.765064 0.1374038 0.6291238 -0.7650644 0.2012617 0.6116923 -0.7650662 0.2012652 0.6117044 -0.7650555 0.2630004 0.5878142 -0.7650525 0.2629862 0.5877791 -0.7650843 0.3219348 0.5576742 -0.7650865 0.3219479 0.5576991 -0.7650629 0.3774992 0.5217014 -0.7650634 0.3775044 0.5217092 -0.7650555 0.4290709 0.4802014 -0.7650521 0.4290647 0.4801939 -0.7650603 0.4760965 0.4336106 -0.7650581 0.47608 0.4335944 -0.7650777 0.518074 0.3824338 -0.7650776 0.5180339 0.3824018 -0.7651207 0.554552 0.3271971 -0.7651236 0.5546279 0.3272459 -0.7650477 0.5852933 0.2685789 -0.7650471 0.5852621 0.2685631 -0.7650766 0.6097392 0.2070637 -0.7650769 0.6097466 0.2070665 -0.7650702 0.627782 0.1433755 -0.7650707 0.6277871 0.1433768 -0.7650663 0.639189 0.0781725 -0.7650663 0.6391912 0.07817286 -0.7650645 0.6438387 0.01213908 -0.7650649 0.6438726 0.01214104 -0.7650365 0.6417166 -0.05402004 -0.765037 0.6416913 -0.05401891 -0.7650584 0.6327579 -0.1196113 -0.765056 0.6327832 -0.1196151 -0.7650343 0.6171606 -0.1839421 -0.7650346 0.6171512 -0.1839397 -0.765043 0.5950071 -0.2463217 -0.7650438 0.594996 -0.2463176 -0.7650538 0.5665658 -0.3060985 -0.7650536 0.5665116 -0.3060719 -0.7651044 0.5320968 -0.362611 -0.7651053 0.5321517 -0.3626455 -0.7650508 0.4921134 -0.41536 -0.7650493 0.4921149 -0.4153612 -0.7650477 0.4468756 -0.4636881 -0.7650462 0.4468482 -0.4636618 -0.7650781 0.3968895 -0.507088 -0.7650755 0.3968994 -0.5070996 -0.7650626 0.3427454 -0.5451619 -0.7650648 0.3427409 -0.5451553 -0.7650715 0.2849667 -0.5774644 -0.7650678 0.2849442 -0.5774229 -0.7651075 0.2408286 -0.5967458 -0.7654384 0.2074096 -0.5292232 -0.8227418 0.0152629 0.5021865 -0.8646247 0.05628359 0.499581 -0.8644368 0.05628377 0.4995834 -0.8644354 0.1072737 0.4911695 -0.8644333 0.1072726 0.4911635 -0.8644367 0.1571266 0.4775527 -0.8644389 0.1571278 0.4775566 -0.8644366 0.2053228 0.458903 -0.8644365 0.2053231 0.4589036 -0.8644361 0.2513483 0.4353995 -0.864437 0.2513524 0.4354073 -0.8644319 0.2947232 0.4073042 -0.8644313 0.2947362 0.4073235 -0.8644177 0.3349947 0.3749154 -0.8644171 0.3349828 0.3749012 -0.8644278 0.3717005 0.3385321 -0.8644275 0.3716786 0.3385108 -0.8644452 0.4044629 0.2985667 -0.8644465 0.4044873 0.298586 -0.8644284 0.4330042 0.2554829 -0.8644282 0.4329709 0.2554618 -0.8644509 0.4569074 0.2096636 -0.8644518 0.4569481 0.2096839 -0.8644253 0.4760596 0.161668 -0.864425 0.4760327 0.1616578 -0.8644418 0.4901134 0.1119343 -0.8644418 0.4901089 0.1119331 -0.8644445 0.4990102 0.06102609 -0.8644448 0.4990864 0.06103801 -0.8643999 0.5027163 0.009479701 -0.8643994 0.5026765 0.009477555 -0.8644226 0.5009916 -0.04217338 -0.8644241 0.5009814 -0.0421729 -0.8644299 0.4940054 -0.09338176 -0.8644297 0.4939768 -0.09337735 -0.8644464 0.4817818 -0.143594 -0.8644461 0.4818062 -0.1436004 -0.8644315 0.4645168 -0.192301 -0.8644331 0.464511 -0.1922988 -0.8644366 0.4423161 -0.2389706 -0.8644359 0.4423282 -0.2389767 -0.8644281 0.4154601 -0.2831247 -0.8644266 0.4154336 -0.2831079 -0.8644449 0.384176 -0.324257 -0.8644456 0.384171 -0.324253 -0.8644493 0.3488537 -0.3619794 -0.864449 0.3488686 -0.3619939 -0.8644369 0.3098635 -0.3958985 -0.8644357 0.3098613 -0.3958958 -0.8644376 0.2675837 -0.4256131 -0.8644376 0.2675957 -0.4256308 -0.8644253 0.2224853 -0.4508506 -0.8644269 0.2224874 -0.4508547 -0.8644244 0.1923375 -0.4640229 -0.8646901 0.1492744 -0.3862181 -0.9102488 0.01051932 0.346102 -0.9381379 0.03879451 0.3443467 -0.9380406 0.03879427 0.3443432 -0.9380421 0.07393908 0.3385421 -0.9380417 0.07393872 0.3385402 -0.9380425 0.1083021 0.3291608 -0.9380427 0.1083031 0.3291642 -0.9380412 0.1415221 0.3163067 -0.9380414 0.1415207 0.3163034 -0.9380427 0.1732432 0.300103 -0.9380432 0.1732332 0.3000841 -0.9380511 0.2031216 0.2807108 -0.9380527 0.2031319 0.280726 -0.9380459 0.2308769 0.2583904 -0.938046 0.2308723 0.2583851 -0.9380486 0.2561773 0.2333172 -0.9380492 0.2561819 0.2333217 -0.9380468 0.278781 0.205789 -0.9380469 0.2788162 0.2058167 -0.9380304 0.2984743 0.1761067 -0.9380296 0.2984811 0.1761111 -0.9380266 0.3149842 0.1445414 -0.938026 0.314908 0.1445035 -0.9380573 0.3280779 0.1114115 -0.9380577 0.3281494 0.1114382 -0.9380296 0.3378565 0.0771622 -0.9380293 0.3378248 0.07715392 -0.9380415 0.3439607 0.04206579 -0.9380413 0.3439159 0.04205894 -0.938058 0.3464162 0.006531834 -0.9380581 0.3464322 0.006532609 -0.9380524 0.345274 -0.02906548 -0.9380518 0.3452858 -0.02906608 -0.9380474 0.3404757 -0.06435966 -0.9380481 0.3404632 -0.06435769 -0.9380528 0.3320584 -0.09896969 -0.9380524 0.3320727 -0.09897351 -0.9380469 0.3201596 -0.1325405 -0.9380463 0.3201771 -0.1325471 -0.9380393 0.3048782 -0.1647163 -0.9380393 0.3048633 -0.1647088 -0.9380456 0.2863436 -0.1951353 -0.9380457 0.2863434 -0.1951352 -0.9380457 0.2647994 -0.2235 -0.9380453 0.2648152 -0.2235126 -0.9380378 0.2404711 -0.2495184 -0.9380374 0.2404637 -0.2495112 -0.9380413 0.2135768 -0.2728769 -0.9380422 0.2135702 -0.272869 -0.938046 0.1844307 -0.2933515 -0.938046 0.1844296 -0.2933499 -0.9380467 0.153339 -0.3107317 -0.9380474 0.1533465 -0.3107458 -0.9380415 0.1325238 -0.3197765 -0.9381793 0.1018764 -0.2639236 -0.9591484 0.005461215 0.1796853 -0.983709 0.02014243 0.1787866 -0.9836816 0.02014279 0.1787908 -0.9836809 0.03839081 0.1757785 -0.9836809 0.03839081 0.1757787 -0.9836809 0.05623382 0.1709111 -0.9836803 0.05623179 0.1709043 -0.9836817 0.07347917 0.1642286 -0.9836817 0.07347857 0.1642271 -0.983682 0.08994954 0.1558161 -0.983682 0.08995109 0.155819 -0.9836814 0.1054725 0.1457617 -0.9836814 0.1054672 0.1457539 -0.983683 0.1198717 0.1341556 -0.9836834 0.1198887 0.1341757 -0.9836786 0.1330309 0.1211606 -0.9836782 0.1330185 0.1211485 -0.9836814 0.144752 0.1068526 -0.9836816 0.1447433 0.1068458 -0.9836835 0.1549457 0.09142208 -0.9836838 0.1549329 0.09141403 -0.9836865 0.1634979 0.07502526 -0.9836868 0.1635378 0.07504498 -0.9836786 0.1703785 0.05785959 -0.9836786 0.1703475 0.05784803 -0.9836846 0.1753855 0.04005467 -0.9836847 0.1754238 0.04006463 -0.9836775 0.1786105 0.02184426 -0.9836774 0.1785926 0.02184158 -0.9836807 0.1798914 0.0033921 -0.9836807 0.1798844 0.003391802 -0.9836819 0.1792827 -0.01509219 -0.9836819 0.1792832 -0.01509219 -0.9836817 0.1767863 -0.03341847 -0.9836818 0.1768125 -0.03342258 -0.9836769 0.1724476 -0.05139738 -0.9836768 0.1724337 -0.05139368 -0.9836795 0.1662463 -0.06882232 -0.9836797 0.1662249 -0.06881421 -0.9836839 0.1582818 -0.08551502 -0.9836839 0.1582878 -0.085518 -0.9836826 0.1486718 -0.1013158 -0.9836828 0.1486719 -0.1013158 -0.9836828 0.137485 -0.1160433 -0.9836828 0.1375067 -0.1160605 -0.9836777 0.1248639 -0.1295614 -0.9836783 0.1248574 -0.129555 -0.9836799 0.1108974 -0.141688 -0.98368 0.1108928 -0.1416825 -0.9836813 0.09576237 -0.152318 -0.9836813 0.09576666 -0.1523244 -0.9836798 0.07962375 -0.1613518 -0.9836797 0.07961916 -0.1613432 -0.9836814 0.06884926 -0.1659933 -0.9837206 0.04516279 -0.1232456 -0.991348 -0.9238866 -0.3826663 -3.53153e-4 -0.9466345 -0.3223089 9.67913e-6 -0.9064705 -0.4222691 4.88034e-6 -0.7765888 -0.6300079 -1.67657e-4 -0.8122145 -0.5833589 5.58843e-6 -0.8794903 -0.4759167 7.62329e-6 -0.8567155 -0.5157893 -2.47666e-4 -0.8865014 -0.4627258 -5.85145e-5 -0.7876048 -0.6161807 2.74431e-5 -0.7301275 -0.6833108 -4.85186e-4 -0.7529258 -0.6581054 -3.04323e-4 -0.6735375 -0.739153 -9.02831e-5 -0.6655146 -0.7463848 -1.33184e-4 -0.7083857 -0.7058255 -1.31051e-5 -0.5405736 -0.8412967 2.3731e-5 -0.4906142 -0.8713768 -2.96772e-4 -0.5607779 -0.8279663 -3.0849e-5 -0.5983236 -0.8012546 -3.01899e-6 -0.6041927 -0.7968382 -6.41525e-7 -0.6243877 -0.7811146 1.94268e-6 -0.3923812 -0.9198027 -8.99676e-5 -0.4057498 -0.9139842 -3.7112e-5 -0.4557095 -0.8901285 -2.55022e-6 -0.2578294 -0.9661904 -4.20814e-5 -0.2958557 -0.9552326 -9.19621e-6 -0.3331362 -0.9428787 6.07456e-6 -0.09618872 -0.9953631 -3.04447e-6 -0.1526623 -0.9882785 2.05363e-7 -0.2332319 -0.9724212 -1.3438e-5 -0.1866697 -0.9824227 -2.40399e-4 -0.2266833 -0.9739685 -1.2234e-4 -0.01964491 -0.999807 -2.41774e-4 -0.06741875 -0.9977248 -3.58701e-5 0.00812292 -0.999967 0 0.1002966 -0.9949576 -7.82559e-7 0.08803784 -0.9961171 -5.93314e-5 0.2068105 -0.978381 2.57334e-5 0.2205493 -0.9753758 -2.40931e-6 0.2580745 -0.9661251 0 -0.9992623 -0.03840237 4.19566e-5 -0.9987097 -0.05078434 0 -0.9413244 -0.3375031 -1.57635e-4 -0.9603583 -0.2787687 0 -0.9871815 -0.1596015 0 -0.973192 -0.2299938 -4.00912e-4 -0.9871376 -0.1598729 -6.09477e-5 -0.9999988 0 -0.001588225 -0.9968098 7.66509e-5 -0.07981353 -0.9988899 -0.001643896 -0.04707676 -0.9921151 1.91021e-6 -0.12533 -0.9838205 -9.66062e-7 -0.1791573 -0.9673338 0.001210331 -0.2535033 -0.9775964 -0.001345157 -0.210484 -0.9580851 4.09867e-6 -0.2864837 -0.9364803 -9.64699e-6 -0.3507203 -0.9079974 0.00256884 -0.4189679 -0.8567054 -5.42222e-4 -0.5158056 -0.9297764 -9.86535e-4 -0.3681236 -0.8980445 4.47596e-6 -0.4399048 -0.8626932 -1.72344e-5 -0.5057276 -0.8240187 0.003816723 -0.5665497 -0.6434579 7.62478e-4 -0.7654812 -0.6092507 0.004870057 -0.7929627 -0.6640722 -6.9961e-6 -0.7476685 -0.7654811 1.3105e-5 -0.6434584 -0.7180292 0.006400346 -0.6959836 -0.7645079 5.59681e-4 -0.6446141 -0.04710471 0 -0.9988901 -0.03594529 0.001177191 -0.999353 -0.1253399 -0.001124739 -0.9921132 -0.1138494 -7.36323e-5 -0.993498 -0.21047 8.9583e-5 -0.9776002 -0.2064478 5.09165e-4 -0.9784575 -0.2865259 -2.78447e-4 -0.9580724 -0.2817852 -3.24555e-5 -0.9594775 -0.3681316 6.84513e-5 -0.9297737 -0.3668643 2.04506e-4 -0.9302744 -0.4398971 -5.77982e-5 -0.8980482 -0.4382682 -1.10907e-5 -0.8988443 -0.5157972 4.18151e-5 -0.8567108 -0.5138663 2.60276e-4 -0.8578702 -0.579149 -2.95676e-5 -0.8152217 -0.04658192 -0.007535874 -0.9988861 -0.04545581 -0.01258182 -0.9988871 -0.04545342 -0.01258289 -0.9988873 -0.3214488 -0.1266069 -0.938425 -0.3241493 -0.1338205 -0.9364931 -0.3831439 -0.1060683 -0.9175785 -0.2868399 -0.083395 -0.9543418 -0.2601818 -0.07202267 -0.9628698 -0.1733669 -0.04799085 -0.9836874 -0.1927772 -0.1261256 -0.9731029 -0.1333432 -0.03690838 -0.9903824 -0.5816249 -0.1609679 -0.7973719 -0.5413316 -0.1498165 -0.8273543 -0.4756722 -0.1700904 -0.863021 -0.4753457 -0.1674013 -0.8637264 -0.4270632 -0.1182268 -0.8964594 -0.6134188 -0.27288 -0.7411166 -0.6206111 -0.1717935 -0.7650679 -0.7162094 -0.1982564 -0.6691327 -0.7130423 -0.2904167 -0.6381448 -0.7691961 -0.2128723 -0.6025136 -0.8644407 -0.2393361 -0.4421091 -0.8077824 -0.3156782 -0.4978303 -0.8131102 -0.2915608 -0.5038294 -0.798043 -0.2208555 -0.5606696 -0.9281847 -0.2570137 -0.2691044 -0.9150195 -0.2713909 -0.2984735 -0.8553293 -0.3914347 -0.3393976 -0.8607371 -0.375467 -0.3437386 -0.8846712 -0.2449373 -0.3966894 -0.9395028 -0.2601477 -0.22284 -0.8785732 -0.4446754 -0.1742782 -0.954501 -0.2643501 -0.1380102 -0.9721112 -0.2297384 -0.04711687 -0.9593939 -0.2784888 -0.04480534 -0.9596179 -0.2776914 -0.04495644 -0.9596737 -0.2657827 -0.0915746 -0.9976039 -0.05072814 -0.04704308 -0.9976125 -0.05058234 -0.04701656 -0.9908622 -0.05024003 -0.1251717 -0.975267 0.1354304 -0.1746795 -0.9763907 -0.04966747 -0.2102245 -0.8552355 0.05855768 -0.5149206 -0.8971132 -0.04553002 -0.4394485 -0.9371294 -0.04756087 -0.345726 -0.9193341 0.1494544 -0.3639892 -0.9569493 -0.04867857 -0.2861441 -0.863882 -0.04400199 -0.5017685 -0.7648887 -0.0389598 -0.6429832 -0.7649018 -0.03889614 -0.6429715 -0.6431143 -0.0327031 -0.7650715 -0.6431139 -0.03270483 -0.7650719 -0.5156198 -0.02622127 -0.8564162 -0.504581 0.005018174 -0.8633498 -0.4397872 -0.02235472 -0.8978238 -0.3680672 -0.01870912 -0.929611 -0.349106 0.01622605 -0.9369427 -0.2864955 -0.01456105 -0.9579709 -0.210458 -0.01069647 -0.9775444 -0.1829105 0.02435982 -0.9828278 -0.1253374 -0.006369829 -0.9920938 -0.04710614 -0.00239396 -0.998887 -0.04710453 -0.002395212 -0.9988871 -0.04657757 -0.00753802 -0.9988862 -0.1776507 -0.02875071 -0.9836736 -0.1776515 -0.02874982 -0.9836734 -0.3421963 -0.05537855 -0.9379951 -0.3421967 -0.05537807 -0.937995 -0.4964541 -0.08034175 -0.864337 -0.4964534 -0.08034294 -0.8643373 -0.6358388 -0.1029002 -0.7649317 -0.6358448 -0.1028871 -0.7649285 -0.756186 -0.1223597 -0.6428147 -0.7561826 -0.1223698 -0.642817 -0.8539891 -0.1381974 -0.5016016 -0.8539857 -0.1382099 -0.5016039 -0.926331 -0.1499183 -0.3455942 -0.9263485 -0.1498386 -0.3455821 -0.9711628 -0.1570875 -0.17935 -0.9711431 -0.1571936 -0.1793635 -0.9860599 -0.1596081 -0.04702234 -0.9860448 -0.1596959 -0.04704111 0.03150945 -0.9971705 -0.06825095 -0.002962946 -0.02844327 -0.999591 -0.01912891 -0.999817 -3.14403e-4 0.1036317 -0.9664417 -0.2350553 0.1345584 -0.3685728 -0.9198088 0.09912329 -0.2769132 -0.9557686 0.1855607 -0.5232433 -0.8317354 0.155524 -0.567309 -0.8086858 0.2029639 -0.5694252 -0.7965931 0.1931521 -0.7595956 -0.621053 0.1738337 -0.8874043 -0.4269608 -0.4677571 -0.1894677 -0.8633106 -0.4868043 -0.3648058 -0.7936865 0.1624948 -0.9658284 -0.2019186 0.2114874 -0.9047169 -0.3698113 0.08017617 -0.9860931 -0.1455755 0.03579586 -0.9834126 -0.1778154 -0.7873129 -0.6162502 -0.0193457 -0.2023213 -0.9792768 -0.00911647 -0.2234635 -0.9741331 -0.03359752 -0.4424287 -0.8967334 -0.0112282 -0.4248268 -0.9052506 -0.006596267 -0.4228892 -0.9061637 -0.005657792 -0.3504064 -0.9365348 -0.01085889 -0.3237553 -0.9461393 -0.001673519 -0.5092238 -0.8605267 -0.01359736 -0.4865697 -0.8736 -0.008545637 -0.3923009 -0.9193801 -0.02898865 -0.3556367 -0.9344391 -0.01860773 -0.3260455 -0.9448516 -0.03081643 -0.2937701 -0.9556877 -0.01897728 -0.292982 -0.9558674 -0.02189081 -0.2463403 -0.9691467 -0.008432686 -0.5152742 -0.8561816 -0.03802353 -0.4865409 -0.8730649 -0.03218072 -0.3979272 -0.9158819 -0.05304944 -0.3662354 -0.9294554 -0.04454529 -0.2916695 -0.9546847 -0.0592125 -0.5644792 -0.825364 -0.01172947 -0.5930397 -0.8050256 -0.01541632 -0.5910812 -0.8065438 -0.01049524 -0.6223427 -0.7825888 -0.01562738 -0.874346 -0.4847881 -0.02235281 -0.8905552 -0.4545167 -0.01805847 -0.6082404 -0.7843645 -0.1217209 -0.6706705 -0.7362796 -0.08996391 -0.6657049 -0.7407594 -0.09006911 -0.7253581 -0.6860487 -0.05650556 -0.7055394 -0.7022826 -0.09493869 -0.7601453 -0.6471591 -0.05800139 -0.7326861 -0.6778993 -0.06019741 -0.788633 -0.614478 -0.02178931 -0.7483212 -0.6631113 -0.01728278 -0.793601 -0.5900229 -0.1485611 -0.8379527 -0.5236943 -0.1535564 -0.8628728 -0.4933934 -0.109606 -0.9193331 -0.3928347 -0.02252966 -0.8986812 -0.4380677 -0.02165275 -0.5605555 -0.8280436 -0.01101189 -0.5549405 -0.8318363 -0.009454846 -0.455094 -0.8897696 -0.03463453 -0.4263852 -0.9041195 -0.02763354 -0.3417823 -0.9387011 -0.04500144 -0.3069791 -0.9510984 -0.03428804 -0.2677369 -0.9621318 -0.05117982 -0.2676204 -0.9621565 -0.0513252 -0.2131384 -0.9751171 -0.06098121 -0.1812023 -0.9804235 -0.07704269 -0.3547518 -0.9247974 -0.1374805 -0.4154368 -0.9017384 -0.1195006 -0.4185245 -0.9003026 -0.1195513 -0.4859071 -0.868439 -0.09852916 -0.4834066 -0.869828 -0.09857583 -0.5569894 -0.8272209 -0.07394868 -0.5490109 -0.8324993 -0.07437813 -0.6267077 -0.7778918 -0.04606318 -0.4851759 -0.8637727 -0.1360189 -0.5504638 -0.8274237 -0.111173 -0.5487958 -0.8285202 -0.1112538 -0.6177954 -0.7819728 -0.08274811 -0.6113761 -0.7869423 -0.08331382 -0.6824842 -0.7291185 -0.05100351 -0.6705811 -0.7399739 -0.05253326 -0.7434039 -0.6686593 -0.01566362 -0.7188174 -0.694959 -0.01826375 -0.6555668 -0.7236563 -0.2157634 -0.7185674 -0.6570102 -0.2280318 -0.7189459 -0.6565386 -0.2281971 -0.5943109 -0.778315 -0.2025346 -0.6563289 -0.7229555 -0.2157956 -0.702463 -0.6884728 -0.1804189 -0.7578025 -0.6244086 -0.1893386 -0.7571496 -0.6252849 -0.1890587 -0.8408066 -0.5409888 -0.01937353 -0.842281 -0.5386281 -0.02103686 -0.7999628 -0.5964469 -0.06565558 -0.7910782 -0.6086293 -0.0613653 -0.7452334 -0.6593459 -0.09944933 -0.7096623 -0.6981394 -0.09476685 -0.6529835 -0.7462738 -0.1291822 -0.6096421 -0.7832714 -0.1217469 -0.548195 -0.8227373 -0.150285 -0.4825815 -0.865221 -0.1360427 -0.4220626 -0.8927605 -0.1576132 -0.3476961 -0.9275273 -0.137115 -0.2940736 -0.9435294 -0.1525545 -0.2361198 -0.9501734 -0.2035138 -0.3134574 -0.9203315 -0.2339536 -0.3609317 -0.9072908 -0.2157586 -0.425731 -0.8732292 -0.237116 -0.4773052 -0.8522987 -0.213931 -0.5399775 -0.8094008 -0.2308564 -0.5423115 -0.8075057 -0.2320187 -0.6060647 -0.7557216 -0.2481337 -0.6081295 -0.7537376 -0.2491145 -0.6766339 -0.6869782 -0.2650048 -0.6775124 -0.6859577 -0.2654033 -0.8234234 -0.5572307 -0.1070879 -0.7878283 -0.6071668 -0.1033198 -0.7458598 -0.6506159 -0.1428012 -0.7006772 -0.700361 -0.1361842 -0.6490144 -0.7413397 -0.170868 -0.596081 -0.7866852 -0.1606667 -0.5399241 -0.8201873 -0.1891417 -0.4826329 -0.8581158 -0.175222 -0.4266519 -0.882496 -0.1979118 -0.3513151 -0.9196711 -0.1754505 -0.3022046 -0.9337468 -0.1918055 -0.2251237 -0.9604783 -0.1637092 -0.1842609 -0.9670237 -0.1758208 -0.668669 -0.7433698 -0.01682442 -0.6460335 -0.7631894 -0.01351499 -0.5601781 -0.8272907 -0.04231631 -0.5336853 -0.8448547 -0.03742247 -0.4516496 -0.8902027 -0.05959784 -0.4182252 -0.9068566 -0.05195045 -0.3473705 -0.935275 -0.0677827 -0.3559248 -0.9326334 -0.05926567 -0.2677851 -0.9603649 -0.07739722 -0.2634094 -0.9614105 -0.07940644 -0.2113843 -0.9732626 -0.08987051 -0.2122215 -0.9731192 -0.08944875 -0.1590003 -0.9821625 -0.1003783 -0.129476 -0.9846507 -0.1170431 -0.9087209 -0.3324752 -0.2523619 -0.844738 -0.488442 -0.2187287 -0.9087701 -0.363386 -0.2051526 -0.9253901 -0.3537018 -0.1361919 -0.9335197 -0.3308376 -0.1381576 -0.9319694 -0.3507623 -0.09164589 -0.9338169 -0.348887 -0.07914465 -0.8993009 -0.4350487 -0.04461437 -0.9404497 -0.339644 -0.01401096 -0.09421551 -0.9928444 -0.07337296 -0.1048256 -0.9912722 -0.07994431 -0.1042755 -0.9906955 -0.08745783 -0.172177 -0.9695958 -0.1738936 -0.247857 -0.9468064 -0.2052422 -0.2914608 -0.9373927 -0.190645 -0.3687152 -0.9038026 -0.2172324 -0.4205661 -0.8856087 -0.197031 -0.4822334 -0.849358 -0.214574 -0.5365494 -0.8224657 -0.1888513 -0.5969662 -0.7762339 -0.2027126 -0.6489121 -0.7414295 -0.1708657 -0.7025304 -0.6884041 -0.1804186 -0.7471498 -0.6491482 -0.1427367 -0.7923586 -0.5916635 -0.1486681 -0.8260005 -0.5534701 -0.1067429 -0.8613013 -0.4960672 -0.1098972 -0.3054276 -0.9235042 -0.2320644 -0.3713147 -0.8922426 -0.25696 -0.4194692 -0.8765521 -0.2360126 -0.4848283 -0.8361364 -0.256549 -0.4882857 -0.8335551 -0.2583857 -0.5561467 -0.7830566 -0.2784299 -0.5581388 -0.7812793 -0.2794346 -0.6331746 -0.7135529 -0.2998868 -0.6343088 -0.7123167 -0.3004285 -0.3643597 -0.8955494 -0.2554083 -0.4316698 -0.8575552 -0.2797502 -0.4352172 -0.8550952 -0.281777 -0.5062167 -0.8062974 -0.3059888 -0.5089575 -0.8040055 -0.3074694 -0.5889955 -0.7364549 -0.3327438 -0.5901315 -0.7352835 -0.3333212 -0.6543066 -0.6694576 -0.3517234 -0.6928368 -0.6487403 -0.3148224 -0.7122244 -0.624098 -0.3213071 -0.7488813 -0.6006286 -0.2800393 -0.7485409 -0.6011216 -0.2798917 -0.7815308 -0.5763184 -0.2388865 -0.7812492 -0.5767493 -0.2387672 -0.8116955 -0.5499678 -0.1966869 -0.811344 -0.5505391 -0.1965389 -0.8391246 -0.5218613 -0.1533969 -0.814602 -0.4095573 -0.4107143 -0.3846507 -0.8719152 -0.3029978 -0.4580103 -0.8247885 -0.3315882 -0.4603617 -0.8229253 -0.3329581 -0.5445248 -0.7559118 -0.363442 -0.5459347 -0.7545234 -0.364211 -0.6147902 -0.6872476 -0.3869414 -0.6544337 -0.6693206 -0.3517476 -0.6986821 -0.6163123 -0.3633216 -0.7338303 -0.5970678 -0.3240419 -0.7725721 -0.5413323 -0.3318009 -0.8017536 -0.523115 -0.2890362 -0.8171933 -0.4961507 -0.293308 -0.8427218 -0.4782178 -0.24724 -0.842217 -0.4792147 -0.2470299 -0.8639686 -0.4610782 -0.2023985 -0.8628795 -0.4633136 -0.2019394 -0.8818961 -0.444473 -0.1571722 -0.8115994 -0.5697787 -0.1290683 -0.8964931 -0.428687 -0.1119264 -0.9102317 -0.4086395 -0.06702297 -0.8831349 -0.4645134 -0.06557536 -0.8638492 -0.4988732 -0.06992864 -0.8532859 -0.5173872 -0.06491267 -0.8237876 -0.563454 -0.06239938 -0.7848634 -0.6109466 -0.1036036 -0.748389 -0.6557935 -0.09924137 -0.6986092 -0.7024148 -0.1362301 -0.6544986 -0.7449453 -0.1291822 -0.5973138 -0.7857388 -0.1607193 -0.5458335 -0.8243315 -0.1501445 -0.4866417 -0.8557654 -0.1756288 -0.4154487 -0.8958922 -0.1574155 -0.3606121 -0.9159427 -0.1760908 -0.2838549 -0.9467974 -0.1516612 -0.2369145 -0.9573885 -0.1651631 -0.6981717 -0.7157601 -0.01561385 -0.6941143 -0.7197172 -0.01457476 -0.6126408 -0.788944 -0.04731285 -0.5767149 -0.8158981 -0.04135274 -0.4999157 -0.8636307 -0.06501072 -0.4979745 -0.8651585 -0.05934756 -0.4116514 -0.9075801 -0.0827133 -0.4103692 -0.9080359 -0.08407068 -0.3448475 -0.9332404 -0.1007104 -0.3453858 -0.933112 -0.1000536 -0.2812296 -0.9526258 -0.1158195 -0.2828574 -0.9524322 -0.113422 -0.2220466 -0.9665623 -0.1282685 -0.2240589 -0.9665908 -0.1244984 -0.1676519 -0.9760541 -0.1386048 -0.1695917 -0.9764056 -0.1336808 -0.1183536 -0.9819911 -0.1472615 -0.111452 -0.9786161 -0.1728839 -0.1366835 -0.9731695 -0.1850915 -0.1242384 -0.9752961 -0.1826534 -0.1974835 -0.956008 -0.2169075 -0.186567 -0.9586575 -0.2148686 -0.2623841 -0.932361 -0.2487118 -0.2541562 -0.9352533 -0.2463855 -0.3198374 -0.9068053 -0.2746055 -0.3127936 -0.9098342 -0.2726939 -0.3812779 -0.8741155 -0.3009141 -0.2639322 -0.9644071 -0.01608431 -0.1555176 -0.987257 -0.03373372 -0.2188902 -0.9748033 -0.04296261 -0.1478388 -0.9874743 -0.05512064 -0.1840145 -0.9803085 -0.07165175 -0.102961 -0.9908934 -0.08677136 -0.1409826 -0.9858235 -0.0909723 -0.03625273 -0.9926759 -0.1152409 -0.09205615 -0.9854881 -0.1426141 -0.03501164 -0.9862532 -0.1614896 -0.09352475 -0.9766691 -0.1933145 -0.08240234 -0.9781782 -0.1907284 -0.1524888 -0.9617683 -0.2274837 -0.1421433 -0.9639018 -0.2251411 -0.2153865 -0.9407383 -0.2619544 -0.2427494 -0.9314911 -0.2709191 -0.2709974 -0.9175484 -0.290973 -0.3340817 -0.8864524 -0.320299 -0.337355 -0.8844151 -0.3224926 -0.4116492 -0.8392421 -0.3552713 -0.4140022 -0.8374534 -0.3567548 -0.5015012 -0.7708902 -0.3927147 -0.5020157 -0.7704012 -0.3930171 -0.5741915 -0.7026907 -0.4201547 -0.6142793 -0.6877718 -0.3868214 -0.6613743 -0.6338231 -0.401064 -0.6981567 -0.6169577 -0.3632361 -0.7423766 -0.5561177 -0.3736445 -0.7738763 -0.5393964 -0.3319142 -0.8108044 -0.4777175 -0.3382044 -0.8359336 -0.4636678 -0.2936446 -0.7623379 -0.4129008 -0.4983511 -0.7567688 -0.4239044 -0.4976003 -0.7135316 -0.5028592 -0.4878579 -0.3297094 -0.8549487 -0.4004428 -0.4205037 -0.7893806 -0.4472751 -0.4197865 -0.7900412 -0.4467821 -0.4960795 -0.7215759 -0.4829424 -0.5362017 -0.7124443 -0.4526708 -0.5877006 -0.6566299 -0.4726999 -0.6266166 -0.6445695 -0.4380431 -0.6751832 -0.5820298 -0.4531764 -0.5758172 -0.5902674 -0.5657021 -0.5194467 -0.6612284 -0.5412506 -0.5147612 -0.6663407 -0.5394544 -0.4632338 -0.72149 -0.514652 -0.05292689 -0.9673455 -0.2478742 0.09284824 -0.9770368 -0.1917766 -0.4768871 -0.6452153 -0.5968886 -0.4458544 -0.6612409 -0.603303 -0.005996227 -0.9607846 -0.2772307 -0.74045 -0.2983403 -0.6022681 -0.828005 0.1541928 -0.5391032 -0.7049567 -0.4052358 -0.5820825 -0.69705 -0.4207069 -0.5806263 -0.6520801 -0.5021835 -0.5679817 -0.641602 -0.5187388 -0.5650284 -0.3174894 -0.8525004 -0.4152634 -0.6069117 -0.5937447 -0.5283231 -0.5545237 -0.6593291 -0.5077289 -0.7651682 -0.317393 -0.5601601 -0.8061165 -0.3108875 -0.5035129 -0.7989358 -0.3290787 -0.5033971 -0.8355812 -0.3261099 -0.4421045 -0.9183998 0.09358572 -0.3844262 -0.8545645 -0.3352447 -0.3966492 -0.8777912 -0.332641 -0.3447211 -0.009110987 -0.9765031 -0.2153108 0.05112791 -0.9836189 -0.1728575 0.08381956 -0.9771621 -0.1952652 0.09499275 -0.9780206 -0.1856129 0.1042248 -0.9851909 -0.1361469 0.08520376 -0.984697 -0.1520266 -0.3820898 -0.7942706 -0.4723788 -0.4596935 -0.7248156 -0.5131512 -0.4994333 -0.7184108 -0.4842028 -0.5502533 -0.6640024 -0.5062829 -0.5896031 -0.6545178 -0.4732595 -0.6447032 -0.5845627 -0.4925895 -0.3894313 -0.8440015 -0.3687882 -0.7084707 -0.5109949 -0.4867787 -0.7726891 -0.4896211 -0.4040085 -0.8099001 -0.4191552 -0.41033 -0.8466525 -0.4072201 -0.3425658 -0.8761717 -0.3367173 -0.3448833 -0.8939602 -0.3343291 -0.298428 0.2804214 -0.867091 -0.4117245 0.2791882 -0.8673886 -0.4119356 0.2772366 -0.8672189 -0.4136078 0.07993215 -0.9619459 -0.2612872 -0.018458 -0.9110388 -0.4119073 -0.04665815 -0.9234335 -0.3809117 -0.03953123 -0.9257506 -0.3760626 -0.08496057 -0.9366294 -0.3398631 -0.0849713 -0.9366263 -0.3398692 -0.1259161 -0.9405165 -0.3155532 -0.1168562 -0.9437099 -0.3094453 -0.07414221 -0.9657903 -0.2484995 -0.3991345 -0.7130641 -0.5763951 -0.3612322 -0.7114194 -0.6028214 -0.3705732 -0.702067 -0.6080933 -0.333239 -0.6977897 -0.6340673 -0.3439143 -0.6865996 -0.6405498 -0.5104941 -0.5784391 -0.6362422 -0.4701206 -0.5790191 -0.6661258 -0.206677 -0.8337877 -0.51194 -0.4478122 -0.5505688 -0.7045127 -0.4543783 -0.6516996 -0.6073122 -0.4147646 -0.6511669 -0.6355723 -0.4239794 -0.6405324 -0.640281 -0.3845283 -0.6375307 -0.6676022 -0.3953753 -0.6245026 -0.6735539 -0.1583776 -0.9404383 -0.3008196 -0.1272157 -0.9397532 -0.3173012 -0.2168643 -0.9011251 -0.3754243 -0.1696916 -0.8991792 -0.403338 -0.1745203 -0.8968859 -0.4063721 -0.1199845 -0.8867947 -0.4463171 -0.1311606 -0.8809297 -0.4547085 -0.09478724 -0.8672809 -0.4887119 -0.01852351 -0.9025287 -0.4302313 -0.1655161 -0.8057595 -0.5686441 -0.4068859 -0.5468748 -0.731691 -0.3677192 -0.6041575 -0.7069486 -0.355974 -0.6189723 -0.7001113 -0.3178197 -0.6677713 -0.6731063 -0.3070757 -0.6796652 -0.666153 -0.2395932 -0.7529221 -0.6129466 -0.2717702 -0.7610753 -0.5889866 -0.4143156 -0.6233787 -0.6631302 -0.288262 -0.7818617 -0.5528087 -0.3226439 -0.7848364 -0.5290865 -0.3914092 -0.7205366 -0.5723862 -0.6209136 -0.2528204 -0.7419893 -0.608641 -0.2837778 -0.7409631 -0.5753607 -0.362157 -0.7333502 -0.5591995 -0.3948594 -0.7289596 0.1054693 -0.9482156 -0.2996054 0.1015349 -0.9476307 -0.3027979 0.03213506 -0.923295 -0.382745 0.06072223 -0.9282959 -0.3668509 -0.01034545 -0.893571 -0.4488027 0.1199052 -0.9679563 -0.2206428 0.09261029 -0.9558129 -0.2790072 0.1424315 -0.9563479 -0.2551705 0.1548709 -0.9447345 -0.2889494 0.1174532 -0.9332255 -0.339551 0.1139898 -0.9329549 -0.3414697 0.07437664 -0.9163922 -0.3933109 -0.3147193 -0.5503297 -0.7733622 -0.3013148 -0.5693295 -0.7649009 -0.2707011 -0.6143239 -0.7411661 -0.2583604 -0.6299453 -0.7324063 -0.1988333 -0.7055969 -0.6801459 -0.2281942 -0.7187662 -0.6567363 -0.3698189 -0.4135354 -0.8319991 -0.4580983 -0.4231973 -0.7816968 -0.437565 -0.4600013 -0.772616 -0.5234088 -0.4632021 -0.7151832 -0.5056267 -0.4929814 -0.7080331 -0.2880216 -0.5180653 -0.8053892 -0.2753818 -0.5371693 -0.7972541 -0.2479351 -0.5807925 -0.7753762 -0.2346259 -0.5989268 -0.7656614 -0.1799756 -0.674779 -0.7157388 -0.2088628 -0.690802 -0.6922203 -0.1275919 -0.7794364 -0.6133508 -0.1533049 -0.7939187 -0.5883798 -0.2675563 -0.696691 -0.665609 0.003206372 -0.9778146 -0.2094476 0.04217046 -0.9710951 -0.234938 0.01891595 -0.9684834 -0.2483588 0.06114387 -0.9556766 -0.2879994 0.03140932 -0.9506041 -0.3088127 0.05347216 -0.9396359 -0.337972 -0.02214777 -0.9077648 -0.4188945 -0.005890488 -0.8981029 -0.4397459 -0.08776044 -0.8446934 -0.5280067 -0.06736755 -0.8312154 -0.5518538 -0.1368247 -0.7679478 -0.6257277 -0.1130812 -0.7511907 -0.650327 -0.1899877 -0.6582648 -0.7284175 -0.161368 -0.6392286 -0.7518958 -0.2117993 -0.5624496 -0.7992443 -0.2246863 -0.5435073 -0.8087743 -0.2485645 -0.5024263 -0.8281205 0.06894713 -0.9154314 -0.3965242 0.02051758 -0.8891312 -0.4571924 0.008515954 -0.8788809 -0.4769651 -0.02444714 -0.8622416 -0.5059069 -0.075477 -0.8225288 -0.5636927 -0.05588853 -0.8061707 -0.5890377 -0.1225506 -0.7378312 -0.6637669 -0.09915667 -0.7177137 -0.6892424 -0.1714152 -0.6205828 -0.7651757 -0.1428878 -0.5984434 -0.7883201 -0.1884447 -0.5223023 -0.8316783 -0.200237 -0.5036435 -0.8403859 -0.2210772 -0.4648782 -0.857329 -0.2606417 -0.482971 -0.8359456 -0.2851989 -0.4366326 -0.8532371 -0.3267756 -0.4486601 -0.8318185 -0.1292425 -0.7641535 -0.631954 -0.346319 -0.4981387 -0.7949346 -0.3875567 -0.5061312 -0.7704746 -0.3406484 -0.5799444 -0.7400156 -0.3285337 -0.5960953 -0.7326226 -0.2946377 -0.6424663 -0.7074078 -0.281428 -0.6580536 -0.6984008 -0.2187232 -0.7313601 -0.6459663 -0.248789 -0.7417932 -0.6227735 -0.1610495 -0.8214758 -0.547029 -0.2023813 -0.8345381 -0.5124335 -0.1877167 -0.844232 -0.5020309 -0.2496202 -0.8529004 -0.458531 -0.2419706 -0.857528 -0.453978 -0.3209346 -0.3146553 -0.8933046 -0.3363145 -0.2781018 -0.8997511 -0.4306497 -0.2847039 -0.8564372 -0.4533142 -0.2269694 -0.8619694 -0.5153793 -0.226213 -0.8265663 0.2478322 -0.8137 -0.5258057 0.242365 -0.8141071 -0.5277203 0.2397958 -0.7506736 -0.6156193 0.2385632 -0.7491734 -0.6179213 0.2226391 -0.6466799 -0.7295457 0.2293136 -0.6439297 -0.7299109 0.2165485 -0.7513998 -0.6233016 0.2120351 -0.7325689 -0.6468259 0.2129366 -0.7925196 -0.5714637 0.2099142 -0.781201 -0.5879295 0.2135826 -0.8380671 -0.5020219 0.2328465 -0.8530478 -0.4670032 0.2327105 -0.8282376 -0.5097728 0.1340851 -0.8575829 -0.4965609 0.1402294 -0.8322469 -0.5363774 0.09691148 -0.7854545 -0.611285 0.1726366 -0.8841821 -0.4340722 0.1768054 -0.8627101 -0.473784 0.1376565 -0.8267673 -0.5454415 0.1433328 -0.7944724 -0.5901436 0.1059431 -0.7468065 -0.6565487 -0.2055389 -0.2967158 -0.9325842 -0.1904752 -0.4327077 -0.8811829 -0.1534247 -0.4088274 -0.8996227 -0.2116253 -0.2754908 -0.9377204 -0.170717 -0.2607345 -0.9501964 -0.02243489 -0.4712449 -0.881717 -0.0466693 -0.5116404 -0.8579313 -0.001485526 -0.595707 -0.8032004 -0.02061498 -0.6342683 -0.7728382 0.01771169 -0.692868 -0.720847 0.02617007 -0.7012503 -0.7124348 0.05367779 -0.7392036 -0.6713395 0.06074923 -0.7453176 -0.6639362 0.1006994 -0.7945178 -0.5988331 0.09228318 -0.8223777 -0.5614078 0.1369189 -0.8625988 -0.4870077 0.1337304 -0.5214385 -0.8427444 0.1291703 -0.5791285 -0.8049381 0.129997 -0.5800272 -0.8041574 0.1251308 -0.6499156 -0.7496346 0.123242 -0.6480409 -0.751568 0.1054626 -0.6157664 -0.780839 0.1532016 -0.6261736 -0.7644841 0.1526793 -0.6241166 -0.7662686 0.1488145 -0.6892908 -0.7090363 0.1494976 -0.6916627 -0.7065785 0.1449109 -0.7436597 -0.6526647 0.1948737 -0.7594633 -0.6206769 0.1950678 -0.7070719 -0.6797043 0.1979213 -0.7066321 -0.6793365 0.1968168 -0.6448607 -0.7385241 0.2008842 -0.6437746 -0.7383764 0.1983761 -0.5734478 -0.7948613 0.2097087 -0.5686561 -0.7953945 0.1726062 -0.4184005 -0.8917108 0.1621152 -0.4388706 -0.883805 0.055193 -0.5226996 -0.8507285 0.0500639 -0.5159691 -0.8551429 0.06733942 -0.4513222 -0.8898166 0.06352603 -0.4460154 -0.892768 -0.01291769 -0.270411 -0.9626584 -0.009192347 -0.2857404 -0.958263 -0.03919225 -0.3247684 -0.9449812 -0.03453338 -0.3421943 -0.9389945 -0.06432843 -0.3791382 -0.9231013 -0.0398491 -0.2054592 -0.9778541 0.001015782 -0.3801721 -0.9249153 -0.06469118 -0.2671835 -0.9614719 -0.1018443 -0.2963643 -0.9496294 -0.0587005 -0.3980913 -0.9154658 -0.08821147 -0.4325445 -0.8972871 -0.04004102 -0.5298894 -0.847121 -0.0638681 -0.5660788 -0.8218733 -0.01342707 -0.6501543 -0.7596836 -0.03230023 -0.6833738 -0.7293539 0.0090065 -0.7387704 -0.6738971 0.01813632 -0.746801 -0.6648003 0.04710102 -0.7812876 -0.6223915 0.05490589 -0.7871841 -0.6142691 0.09628558 -0.8303806 -0.5488144 0.1142572 -0.7497848 -0.6517424 0.08947962 -0.7287653 -0.6788922 0.06711322 -0.6959431 -0.7149538 0.06064569 -0.6896163 -0.7216311 0.03485929 -0.6487224 -0.7602263 0.02736103 -0.6404412 -0.7675196 -0.007778823 -0.5796864 -0.8148026 0.01175171 -0.535558 -0.8444167 -0.02805501 -0.4537351 -0.8906949 -0.002048254 -0.4069728 -0.913438 -0.009254932 -0.3958408 -0.9182724 0.01822656 -0.3433732 -0.9390221 0.01231151 -0.3339109 -0.9425243 0.08553385 -0.4176571 -0.9045698 0.0688681 -0.4246387 -0.9027398 0.09755659 -0.4408831 -0.892247 0.08793354 -0.4970043 -0.8632812 0.09076875 -0.500639 -0.8608843 0.0777865 -0.5682656 -0.8191602 0.08193194 -0.5732184 -0.8152961 0.1516657 -0.5413639 -0.8269961 0.1585482 -0.5284383 -0.8340356 0.1289812 -0.4632021 -0.8768168 0.1324744 -0.4176714 -0.8988888 0.09934848 -0.3372296 -0.9361657 0.1063252 -0.2982942 -0.9485333 0.1177323 -0.2909964 -0.9494526 0.09287273 -0.3800648 -0.9202855 0.05289256 -0.2799341 -0.9585611 0.05294162 -0.2874986 -0.9563168 0.01211631 -0.179089 -0.9837583 0.1025069 -0.6125553 -0.7837527 0.1119357 -0.5440245 -0.8315694 0.1102498 -0.5420376 -0.8330908 0.1133973 -0.5160332 -0.8490293 0.1252257 -0.5034847 -0.8548811 0.1288041 -0.4616193 -0.8776772 0.09262192 -0.3763802 -0.9218238 0.09949553 -0.3395406 -0.9353142 0.0646792 -0.2503023 -0.9660049 0.08777153 -0.2513403 -0.9639109 0.08683258 -0.2505872 -0.9641919 0.06822931 -0.2277513 -0.9713259 0.04979872 -0.1877379 -0.980956 0.03867113 -0.1494582 -0.9880115 0.03102755 -0.1387383 -0.9898429 0.009271502 -0.08525419 -0.9963161 0.1595365 -0.4662938 -0.8701254 0.15246 -0.4666519 -0.8712014 0.1329305 -0.4218729 -0.8968571 0.1360223 -0.3772216 -0.9160796 0.1502068 -0.3559558 -0.9223521 -0.1431088 -0.2619977 -0.9543989 0.1810318 -0.5245655 -0.8319005 0.1822418 -0.6028507 -0.7767619 0.1790991 -0.6033383 -0.7771141 0.1788919 -0.6722224 -0.7184113 0.1770315 -0.6723256 -0.7187755 0.1755315 -0.7311462 -0.6592525 0.1749248 -0.7311395 -0.6594212 0.1722789 -0.7803764 -0.6011096 0.1926204 -0.7812271 -0.5937859 0.1817561 -0.7925943 -0.5820301 0.2095335 -0.8230518 -0.5279028 0.2243764 -0.8068875 -0.5464321 0.2243407 -0.8048853 -0.5493915 0.2202435 -0.7922463 -0.5690681 0.2331382 -0.7722531 -0.5909921 0.2305985 -0.7187503 -0.6559134 0.2148507 -0.6958335 -0.6853138 0.2241523 -0.6725261 -0.7053115 0.2146228 -0.6753196 -0.7056066 0.2116971 -0.6129546 -0.7612299 0.217773 -0.6103118 -0.7616393 -0.2228597 -0.364049 -0.904324 -0.2494109 -0.3113065 -0.9169965 -0.2538581 -0.29903 -0.9198572 -0.2821466 -0.2287144 -0.9317097 -0.3542348 -0.2359771 -0.9048937 -0.4848257 0.2500557 -0.8381027 -0.4019041 -0.1920981 -0.8953052 -0.2274702 -0.1071556 -0.9678714 -0.2339491 -0.149083 -0.9607508 -0.2615876 -0.1509177 -0.9533078 -0.257027 -0.1701016 -0.9513163 -0.3062702 -0.1727855 -0.9361323 -0.3113024 -0.1559722 -0.9374238 -0.3667731 -0.154969 -0.9173125 0.1788476 -0.8294996 -0.5290975 0.2109994 -0.8584803 -0.46743 0.2124086 -0.8653696 -0.453892 0.2233018 -0.8724573 -0.434689 0.2231119 -0.8718417 -0.4360197 0.2367029 -0.8789931 -0.4139356 0.2373622 -0.8316667 -0.5019857 0.2523946 -0.8595089 -0.4444562 0.2519894 -0.8125789 -0.5255634 0.2708858 -0.7961053 -0.5411445 0.2675765 -0.7957968 -0.5432406 0.2463149 -0.776196 -0.5803868 0.2630383 -0.774724 -0.5749902 0.2392085 -0.7487775 -0.6181519 0.2538741 -0.7206118 -0.6451872 0.2358481 -0.6959396 -0.6782652 0.2455754 -0.6696661 -0.7008852 0.2402362 -0.6751712 -0.6974456 0.2342624 -0.9370594 -0.2589222 0.2160319 -0.9190325 -0.3297111 0.1943929 -0.9496764 -0.2456138 0.1751191 -0.9476101 -0.2671487 0.1459205 -0.9703608 -0.1926325 -0.02449852 -0.9996456 -0.01041287 -0.1243217 -0.9918448 -0.02807313 -0.09871339 -0.9950829 -0.00810337 -0.1946855 -0.9808517 -0.005231916 -0.1885751 -0.9820588 5.48096e-5 -0.1488116 -0.9884089 -0.03005158 -0.1479717 -0.9881579 -0.04060089 -0.04123347 -0.997354 -0.05987393 -0.02569752 -0.9984912 -0.04852944 -0.02135598 -0.08469516 -0.996178 -0.1324226 -0.03968584 -0.9903985 -0.1070221 -0.1006323 -0.9891508 -0.1781076 -0.1070761 -0.9781679 -0.1354787 -0.2244581 -0.9650202 -0.176151 -0.2401173 -0.9546279 -0.1255563 -0.3625932 -0.9234511 -0.16064 -0.3870834 -0.9079434 -0.1031673 -0.5045496 -0.8571968 -0.1320918 -0.5331345 -0.835655 -0.07128745 -0.6342789 -0.7698106 -0.09455168 -0.6620265 -0.7434923 -0.03478044 -0.7404034 -0.6712623 -0.05356949 -0.7640913 -0.6428802 -0.007018566 -0.8115315 -0.5842666 0.002523481 -0.8180233 -0.5751797 0.03450179 -0.8460428 -0.5319974 0.04236012 -0.8504912 -0.5242808 0.0814163 -0.8797435 -0.4684259 0.08788007 -0.881268 -0.4643745 0.1252413 -0.9042007 -0.408333 0.1295617 -0.9047122 -0.4058446 0.1662176 -0.9224007 -0.3486384 -6.37838e-4 -0.188163 -0.9821376 -0.005014955 -0.1759973 -0.9843779 0.007341623 -0.2347691 -0.9720234 0.01068377 -0.2385637 -0.971068 0.04092496 -0.3170272 -0.9475331 0.02204144 -0.3145851 -0.9489734 0.05498296 -0.3435548 -0.9375217 0.03819578 -0.3914903 -0.9193891 0.0431655 -0.3989314 -0.9159643 0.0209915 -0.4586231 -0.8883829 0.0274046 -0.4677863 -0.8834167 0.006424188 -0.5200634 -0.8541036 0.03789824 -0.5809509 -0.8130558 0.04460853 -0.5890973 -0.8068298 0.06879329 -0.6326596 -0.7713685 0.07397109 -0.638307 -0.7662196 0.0956121 -0.6748421 -0.731742 0.09970146 -0.6788482 -0.7274784 0.1177374 -0.7074668 -0.6968706 0.1207529 -0.7101376 -0.6936306 0.1463679 -0.7480243 -0.6473299 0.1412047 -0.7890636 -0.5978627 0.1793897 -0.8314785 -0.5257971 0.1758032 -0.8595583 -0.4798466 0.2089136 -0.8838142 -0.4186018 0.1980937 -0.8994792 -0.3894821 0.2223572 -0.8868575 -0.4050197 0.208563 -0.9032635 -0.3749884 0.1918345 -0.8963453 -0.3997058 0.2373996 -0.897316 -0.3721094 0.2400552 -0.8529001 -0.4636108 0.2374563 -0.8490977 -0.4718554 0.2755687 -0.8284404 -0.4875947 -0.6894195 -0.278007 -0.6688893 -0.6787233 -0.3047636 -0.668172 -0.6416334 -0.3897866 -0.6605853 -0.6305041 -0.4117054 -0.6579995 -0.5882115 -0.4894424 -0.6437805 -0.5741337 -0.5120233 -0.6389074 -0.2569524 -0.8489217 -0.4618522 -0.5363255 -0.5951829 -0.5984249 -0.4855021 -0.6593236 -0.5740907 -0.4796839 -0.665713 -0.5716026 -0.4299504 -0.719566 -0.5453143 -0.4240861 -0.7251161 -0.5425474 -0.3481252 -0.7938423 -0.4986214 -0.3848772 -0.7916855 -0.4744508 -0.2938539 -0.8574177 -0.4224748 -0.4439471 -0.7548291 -0.48285 -0.1427896 -0.9397299 -0.3106747 -0.253665 -0.8985782 -0.358066 -0.1605855 -0.9391648 -0.3036147 -0.01412039 -0.1131293 -0.9934799 -0.09076267 -0.1468029 -0.9849929 -0.07651883 -0.1790489 -0.9808599 -0.1401878 -0.205049 -0.9686601 -0.09654897 -0.3158987 -0.9438678 -0.1316992 -0.3420698 -0.9303997 -0.08152514 -0.452665 -0.887946 -0.1107364 -0.4843103 -0.8678599 -0.0561695 -0.5846789 -0.809318 -0.07965147 -0.6166187 -0.7832223 -0.0243625 -0.6985269 -0.715169 -0.04309695 -0.7267175 -0.6855833 8.7312e-4 -0.7781717 -0.628051 0.01045912 -0.785601 -0.6186451 0.0409857 -0.8167982 -0.5754659 0.04877305 -0.8218995 -0.5675405 0.08644443 -0.8553792 -0.5107385 0.09296184 -0.8571395 -0.5066261 0.1296346 -0.8844164 -0.4483332 0.1338989 -0.8850173 -0.4458872 0.1685255 -0.9059453 -0.3884099 0.1595873 -0.9089615 -0.3851243 0.2028382 -0.9270116 -0.3154458 0.1865293 -0.937864 -0.2926054 0.2000988 -0.9404945 -0.2746464 0.1947734 -0.9413666 -0.2754857 0.2115983 -0.9047508 -0.369665 0.2347359 -0.9223146 -0.306977 0.2415357 -0.8791356 -0.4108297 0.2498622 -0.8816685 -0.4002867 0.2779818 -0.914187 -0.2949377 0.096583 -0.9854241 -0.1400396 0.1427177 -0.9719517 -0.1869265 0.1989542 -0.9596637 -0.1986525 0.1988689 -0.9594964 -0.199544 0.2226108 -0.9363218 -0.271562 0.2246921 -0.9379659 -0.2640709 0.280453 -0.9143332 -0.2921315 0.05780035 -0.9924455 -0.1082181 0.09647041 -0.9855109 -0.1395052 0.08508276 -0.9850351 -0.1498886 0.1438202 -0.9665995 -0.2121348 0.1655562 -0.9679302 -0.1889504 0.1889159 -0.9463663 -0.2621096 0.1494433 -0.9363891 -0.3175566 0.1594841 -0.9342378 -0.3190056 0.1241328 -0.9205241 -0.3704409 0.1201652 -0.9201393 -0.3726983 0.08181583 -0.9007402 -0.4265834 0.0756964 -0.8994899 -0.4303347 0.03518223 -0.873899 -0.4848327 0.0275579 -0.8701722 -0.4919765 -0.00606954 -0.8448751 -0.5349292 -0.01535242 -0.8393313 -0.5434034 -0.06429398 -0.7958345 -0.6020911 -0.0451731 -0.7760147 -0.6290951 -0.1085976 -0.7025215 -0.7033279 -0.08544278 -0.6788079 -0.729328 -0.1522639 -0.5787931 -0.8011331 -0.1235426 -0.5533877 -0.8237107 -0.1638418 -0.4796162 -0.8620465 -0.1954355 -0.4249006 -0.8838917 -0.2331283 -0.4442115 -0.8650592 -0.2647091 -0.3795799 -0.8864808 -0.09490621 -0.7069986 -0.700818 -0.301221 -0.3564378 -0.8844309 -0.3910664 -0.3721653 -0.8417601 -0.4121276 -0.3259477 -0.8508284 -0.5053704 -0.3255094 -0.7991523 -0.6396957 0.225897 -0.7346836 -0.5485772 -0.2565612 -0.7957634 0.01275092 -0.9982 -0.05860251 0.008705496 -0.9981918 -0.05947679 -0.01369518 -0.996738 -0.07953482 0.03500348 -0.9948143 -0.09549415 0.02267509 -0.9941565 -0.1055398 0.001596093 -0.9937086 -0.1119848 0.00286585 -0.9944283 -0.1053764 -0.001966714 -0.9940974 -0.1084734 -0.001082479 -0.9889531 -0.148225 -0.01307213 -0.9877647 -0.1554034 -0.0332939 -0.9816094 -0.1879747 -0.04870945 -0.9791424 -0.1972498 -0.05224996 -0.9778724 -0.2025724 -0.1058331 -0.9664787 -0.2339195 -0.1092148 -0.9649724 -0.238538 -0.1957004 -0.9377712 -0.2868564 -0.1986644 -0.9360538 -0.2904063 -0.290799 -0.8947856 -0.3388137 -0.2933175 -0.893266 -0.3406475 -0.3688434 -0.8491293 -0.378066 -0.3700028 -0.8482712 -0.3788588 -0.4598989 -0.7821369 -0.4204222 -0.460065 -0.7819826 -0.4205277 -0.5347627 -0.7138245 -0.4521983 -0.5750913 -0.7018031 -0.4204076 -0.6254121 -0.6459419 -0.437743 -0.663439 -0.631392 -0.4014883 -0.7104264 -0.5689275 -0.4142653 -0.4703423 -0.8230369 -0.3184154 -0.7692281 -0.4954497 -0.4035067 -0.8115902 -0.4763572 -0.3382385 -0.8445572 -0.4115219 -0.342597 -0.8657568 -0.4029017 -0.2968764 -0.8788478 -0.3710219 -0.2999487 -0.8904464 -0.3672066 -0.2688205 -0.761968 0.647614 -0.001033246 -0.7344408 0.6786648 -0.003296732 -0.7484817 0.6631534 -0.00160706 -0.4999563 0.8660506 0 -0.4999563 0.8660506 0 -0.6324098 0.774634 0 -0.6324098 0.774634 0 -0.6963074 0.7177438 0 -0.7105152 0.7036818 -1.35645e-4 -0.8737971 0.4862906 -1.82218e-4 -0.8810502 0.4730228 1.88263e-6 -0.854343 0.5197087 -9.33764e-4 -0.8320278 0.5547226 -0.003550827 -0.8451741 0.5344883 -0.001742959 -0.8100944 0.5862995 1.60379e-4 -0.7845999 0.6200023 -1.31355e-4 -0.94612 0.3238164 1.3327e-5 -0.9293285 0.3692538 -5.10663e-4 -0.9199712 0.391981 -0.001975178 -0.9135419 0.4067424 -0.001304388 -0.8992892 0.4373546 -4.6195e-6 -0.9588449 0.2839304 -5.01505e-5 -0.9709369 0.2393282 -0.001887202 -0.972032 0.2348427 -0.001624047 -0.9999997 8.69943e-4 0 -0.9990416 0.04377102 -4.18278e-5 -0.9952831 0.09697633 -0.002653121 -0.9967561 0.08046483 -0.001594245 -0.9900284 0.1408679 1.4816e-4 -0.9809701 0.1941588 -1.73554e-4 -1 0 0 -1 0 0 -1 0 0 -1 0 0 -1 0 0 -1 0 0 -1 0 0 -1 0 0 -1 0 0 -1 0 0 -1 0 0 -1 0 0 -1 0 0 -1 0 0 -1 0 0 -1 0 0 -1 0 0 -1 0 0 -1 0 0 -1 0 0 -1 0 0 -1 0 0 -1 0 0 -1 0 0 -1 0 0 -1 0 0 -1 0 0 -1 0 0 -1 0 0 -1 0 0 -1 0 0 -1 0 0 -1 0 0 -1 0 0 -1 0 0 -1 0 0 -1 0 0 -1 0 0 -1 0 0 -1 0 0 -1 0 0 -1 0 0 -1 0 0 -1 0 0 -1 0 0 -1 0 0 -1 0 0 -1 0 0 -1 0 0 -1 0 0 -1 0 0 -1 0 0 -1 0 0 -1 0 0 -1 0 0 -1 0 0 -1 0 0 -1 0 0 -1 0 0 -1 0 0 -1 0 0 -1 0 0 -1 0 0 -1 0 0 -1 0 0 -1 0 0 -1 0 0 -1 0 0 -1 0 0 -1 0 0 -1 0 0 -1 0 0 -1 0 0 -1 0 0 0 0.08480572 0.9963975 0 0.08480572 0.9963975 0 0.2519791 0.9677326 0 0.2519791 0.9677326 0 0.4119019 0.9112282 0 0.4119019 0.9112282 0 0.559961 0.828519 0 0.559961 0.828519 0 0.6919488 0.7219465 0 0.6919488 0.7219465 0 0.803995 0.594636 0 0.803995 0.594636 0 0.8929207 0.4502138 0 0.8929207 0.4502138 0 0.9561737 0.2928001 0 0.9561737 0.2928001 0 0.9918993 0.1270267 0 0.9918993 0.1270267 0 0.9990997 -0.04242295 0 0.9990997 -0.04242295 0 0.9775483 -0.2107113 0 0.9775483 -0.2107113 0 0.9278924 -0.3728483 0 0.9278924 -0.3728483 0 0.851532 -0.5243027 0 0.851532 -0.5243027 0 0.7506629 -0.6606854 0 0.7506629 -0.6606854 0 0.6282189 -0.7780367 0 0.6282189 -0.7780367 0 0.4877039 -0.8730091 0 0.4877039 -0.8730091 0 0.3331417 -0.9428768 0 0.3331417 -0.9428768 0 0.1689974 -0.9856165 0 0.1689974 -0.9856165 0 0 -1 0 0 -1 0 -0.1689974 -0.9856165 0 -0.1689974 -0.9856165 0 -0.3331417 -0.9428768 0 -0.3331417 -0.9428768 0 -0.4876869 -0.8730186 0 -0.4876869 -0.8730186 0 -0.6282189 -0.7780367 0 -0.6282189 -0.7780367 0 -0.7506828 -0.6606628 0 -0.7506828 -0.6606628 0 -0.8515142 -0.5243316 0 -0.8515142 -0.5243316 0 -0.9278924 -0.3728483 0 -0.9278924 -0.3728483 0 -0.9775565 -0.210673 0 -0.9775565 -0.210673 0 -0.9990997 -0.04242295 0 -0.9990997 -0.04242295 0 -0.9919043 0.1269874 0 -0.9919043 0.1269874 0 -0.9561624 0.2928367 0 -0.9561624 0.2928367 0 -0.8929207 0.4502138 0 -0.8929207 0.4502138 0 -0.8040142 0.5946102 0 -0.8040142 0.5946102 0 -0.6919288 0.7219657 0 -0.6919288 0.7219657 0 -0.5599796 0.8285064 0 -0.5599796 0.8285064 0 -0.4119019 0.9112282 0 -0.4119019 0.9112282 0 -0.2519791 0.9677326 0 -0.2519791 0.9677326 0 -0.08480232 0.9963977 0 -0.08480232 0.9963977</float_array>
          <technique_common>
            <accessor source="#camera_mount_left-mesh-normals-array" count="9927" stride="3">
              <param name="X" type="float"/>
              <param name="Y" type="float"/>
              <param name="Z" type="float"/>
            </accessor>
          </technique_common>
        </source>
        <vertices id="camera_mount_left-mesh-vertices">
          <input semantic="POSITION" source="#camera_mount_left-mesh-positions"/>
        </vertices>
        <triangles count="9927">
          <input semantic="VERTEX" source="#camera_mount_left-mesh-vertices" offset="0"/>
          <input semantic="NORMAL" source="#camera_mount_left-mesh-normals" offset="1"/>
          <p>0 0 1 0 2 0 2 1 1 1 3 1 2 2 3 2 4 2 4 3 3 3 5 3 4 4 5 4 6 4 6 5 5 5 7 5 6 6 7 6 8 6 9 7 10 7 11 7 11 8 10 8 12 8 9 9 13 9 10 9 10 10 13 10 14 10 10 11 14 11 15 11 15 12 14 12 16 12 17 13 18 13 19 13 19 14 18 14 20 14 19 15 20 15 16 15 16 16 20 16 21 16 16 17 21 17 15 17 22 18 23 18 24 18 24 19 23 19 25 19 24 20 25 20 19 20 19 21 25 21 26 21 19 22 26 22 17 22 27 23 28 23 29 23 29 24 28 24 30 24 29 25 30 25 31 25 31 26 32 26 29 26 29 27 32 27 33 27 29 28 33 28 24 28 24 29 33 29 34 29 24 30 34 30 22 30 27 31 29 31 35 31 35 32 29 32 36 32 35 33 36 33 37 33 36 34 38 34 0 34 0 35 38 35 39 35 39 36 40 36 0 36 0 37 40 37 41 37 0 38 41 38 1 38 37 39 36 39 42 39 42 40 36 40 0 40 42 41 0 41 43 41 43 42 0 42 44 42 43 43 44 43 45 43 45 44 44 44 46 44 45 45 46 45 47 45 47 46 46 46 48 46 48 47 46 47 49 47 48 48 49 48 50 48 51 49 52 49 49 49 49 50 52 50 53 50 49 51 53 51 50 51 54 52 55 52 56 52 56 53 55 53 57 53 56 54 57 54 51 54 51 55 57 55 58 55 51 56 58 56 52 56 54 57 56 57 59 57 59 58 56 58 60 58 59 59 60 59 61 59 61 60 60 60 62 60 62 61 60 61 63 61 62 62 63 62 64 62 65 63 66 63 63 63 63 64 66 64 67 64 63 65 67 65 64 65 68 66 69 66 70 66 68 67 70 67 71 67 72 68 73 68 70 68 70 69 73 69 74 69 70 70 74 70 71 70 75 71 76 71 70 71 76 72 77 72 70 72 70 73 77 73 78 73 70 74 78 74 79 74 79 75 80 75 70 75 70 76 80 76 81 76 70 77 81 77 82 77 83 78 84 78 70 78 82 79 85 79 70 79 70 80 85 80 86 80 70 81 86 81 83 81 84 82 87 82 70 82 70 83 87 83 88 83 70 84 88 84 89 84 89 85 90 85 70 85 70 86 90 86 91 86 70 87 91 87 92 87 93 88 94 88 75 88 75 89 94 89 95 89 75 90 95 90 96 90 69 91 97 91 70 91 70 92 97 92 98 92 70 93 98 93 75 93 75 94 98 94 99 94 75 95 99 95 93 95 92 96 100 96 70 96 70 97 100 97 101 97 70 98 101 98 65 98 65 99 101 99 102 99 65 100 102 100 66 100 72 101 70 101 103 101 103 102 70 102 104 102 103 103 104 103 105 103 105 104 104 104 106 104 105 105 106 105 107 105 107 106 106 106 108 106 107 107 108 107 109 107 109 108 108 108 110 108 109 109 110 109 111 109 111 110 110 110 112 110 111 111 112 111 113 111 114 112 115 112 116 112 116 113 117 113 114 113 114 114 117 114 118 114 114 115 118 115 119 115 113 116 120 116 111 116 111 117 120 117 121 117 111 118 121 118 109 118 109 119 121 119 122 119 109 120 122 120 107 120 107 121 122 121 123 121 107 122 123 122 105 122 123 123 124 123 105 123 105 124 124 124 125 124 105 125 125 125 103 125 103 126 125 126 126 126 103 127 126 127 72 127 119 128 118 128 127 128 127 129 118 129 128 129 127 130 128 130 120 130 120 131 128 131 129 131 120 132 129 132 121 132 130 133 131 133 132 133 132 134 131 134 133 134 132 135 133 135 134 135 134 136 133 136 135 136 134 137 135 137 136 137 136 138 135 138 137 138 136 139 137 139 138 139 138 140 137 140 139 140 138 141 139 141 140 141 140 142 139 142 141 142 140 143 141 143 142 143 142 144 141 144 143 144 142 145 143 145 144 145 144 146 143 146 145 146 144 147 145 147 146 147 146 148 145 148 147 148 146 149 147 149 148 149 148 150 147 150 149 150 148 151 149 151 150 151 150 152 149 152 151 152 150 153 151 153 152 153 152 154 151 154 153 154 152 155 153 155 154 155 154 156 153 156 155 156 154 157 155 157 156 157 156 158 155 158 157 158 156 159 157 159 158 159 158 160 157 160 159 160 158 161 159 161 160 161 160 162 159 162 161 162 160 163 161 163 162 163 162 164 161 164 163 164 162 165 163 165 164 165 164 166 163 166 165 166 164 167 165 167 166 167 166 168 165 168 167 168 166 169 167 169 168 169 168 170 167 170 169 170 168 171 169 171 170 171 170 172 169 172 171 172 170 173 171 173 172 173 172 174 171 174 173 174 172 175 173 175 174 175 174 176 173 176 175 176 174 177 175 177 176 177 176 178 175 178 177 178 176 179 177 179 178 179 178 180 177 180 179 180 178 181 179 181 180 181 180 182 179 182 181 182 180 183 181 183 182 183 182 184 181 184 183 184 182 185 183 185 184 185 184 186 183 186 185 186 184 187 185 187 186 187 186 188 185 188 187 188 186 189 187 189 188 189 188 190 187 190 189 190 188 191 189 191 190 191 190 192 189 192 191 192 190 193 191 193 192 193 192 194 191 194 193 194 192 195 193 195 194 195 194 196 193 196 195 196 194 197 195 197 196 197 196 198 195 198 197 198 196 199 197 199 198 199 198 200 197 200 199 200 198 201 199 201 200 201 200 202 199 202 201 202 200 203 201 203 202 203 202 204 201 204 203 204 202 205 203 205 204 205 204 206 203 206 130 206 204 207 130 207 132 207 205 208 206 208 207 208 207 209 206 209 208 209 207 210 208 210 209 210 209 211 208 211 210 211 209 212 210 212 211 212 211 213 210 213 212 213 211 214 212 214 213 214 213 215 212 215 214 215 213 216 214 216 215 216 215 217 214 217 216 217 215 218 216 218 217 218 217 219 216 219 218 219 217 220 218 220 219 220 219 221 218 221 220 221 219 222 220 222 221 222 221 223 220 223 222 223 221 224 222 224 223 224 223 225 222 225 224 225 223 226 224 226 225 226 225 227 224 227 226 227 225 228 226 228 227 228 227 229 226 229 228 229 227 230 228 230 229 230 229 231 228 231 230 231 229 232 230 232 231 232 231 233 230 233 232 233 231 234 232 234 233 234 233 235 232 235 234 235 233 236 234 236 235 236 235 237 234 237 236 237 235 238 236 238 237 238 237 239 236 239 238 239 237 240 238 240 239 240 239 241 238 241 240 241 239 242 240 242 241 242 241 243 240 243 242 243 241 244 242 244 243 244 243 245 242 245 244 245 243 246 244 246 245 246 245 247 244 247 246 247 245 248 246 248 247 248 247 249 246 249 248 249 247 250 248 250 249 250 249 251 248 251 250 251 249 252 250 252 251 252 251 253 250 253 252 253 251 254 252 254 253 254 253 255 252 255 254 255 253 256 254 256 255 256 255 257 254 257 256 257 255 258 256 258 257 258 257 259 256 259 258 259 257 260 258 260 259 260 259 261 258 261 260 261 259 262 260 262 261 262 261 263 260 263 262 263 261 264 262 264 263 264 263 265 262 265 264 265 263 266 264 266 265 266 265 267 264 267 266 267 265 268 266 268 267 268 267 269 266 269 268 269 267 270 268 270 269 270 269 271 268 271 270 271 269 272 270 272 271 272 271 273 270 273 272 273 271 274 272 274 273 274 273 275 272 275 274 275 273 276 274 276 275 276 275 277 274 277 276 277 275 278 276 278 277 278 277 279 276 279 278 279 277 280 278 280 205 280 205 281 278 281 206 281 279 282 280 282 281 282 281 283 280 283 282 283 281 284 282 284 283 284 283 285 282 285 7 285 283 286 7 286 284 286 284 287 7 287 5 287 284 288 5 288 285 288 285 289 5 289 3 289 285 290 3 290 286 290 286 291 3 291 1 291 286 292 1 292 287 292 287 293 1 293 41 293 287 294 41 294 288 294 288 295 41 295 40 295 289 296 290 296 291 296 291 297 290 297 292 297 291 298 292 298 293 298 294 299 295 299 296 299 296 300 295 300 297 300 296 301 297 301 298 301 299 302 300 302 301 302 301 303 300 303 302 303 301 304 302 304 303 304 303 305 302 305 293 305 303 306 293 306 304 306 304 307 293 307 292 307 0 308 2 308 305 308 305 309 2 309 306 309 306 310 2 310 4 310 306 311 4 311 307 311 307 312 4 312 6 312 307 313 6 313 308 313 308 314 6 314 8 314 308 315 8 315 309 315 309 316 8 316 310 316 309 317 310 317 311 317 311 318 310 318 312 318 311 319 312 319 313 319 313 320 312 320 314 320 313 321 314 321 315 321 315 322 314 322 316 322 315 323 316 323 297 323 297 324 316 324 317 324 297 325 317 325 298 325 305 326 318 326 0 326 0 327 318 327 319 327 0 328 319 328 44 328 44 329 319 329 320 329 44 330 320 330 46 330 46 331 320 331 321 331 46 332 321 332 49 332 301 333 112 333 299 333 299 334 112 334 110 334 299 335 110 335 322 335 322 336 110 336 108 336 322 337 108 337 323 337 323 338 108 338 106 338 323 339 106 339 324 339 324 340 106 340 104 340 321 341 325 341 49 341 49 342 325 342 326 342 49 343 326 343 51 343 51 344 326 344 327 344 51 345 327 345 56 345 56 346 327 346 328 346 56 347 328 347 60 347 328 348 329 348 60 348 60 349 329 349 330 349 60 350 330 350 63 350 63 351 330 351 331 351 63 352 331 352 65 352 65 353 331 353 332 353 65 354 332 354 70 354 70 355 332 355 333 355 70 356 333 356 104 356 104 357 333 357 334 357 104 358 334 358 324 358 335 359 336 359 337 359 338 360 339 360 340 360 340 361 339 361 341 361 340 362 341 362 342 362 342 363 341 363 343 363 342 364 343 364 344 364 344 365 343 365 345 365 344 366 345 366 346 366 346 367 345 367 347 367 346 368 347 368 348 368 348 369 347 369 349 369 348 370 349 370 350 370 350 371 349 371 351 371 350 372 351 372 352 372 352 373 351 373 353 373 352 374 353 374 354 374 354 375 353 375 355 375 354 376 355 376 356 376 356 377 355 377 357 377 356 378 357 378 358 378 358 379 357 379 359 379 358 380 359 380 360 380 360 381 359 381 361 381 360 382 361 382 362 382 362 383 361 383 363 383 362 384 363 384 364 384 364 385 363 385 365 385 364 386 365 386 366 386 366 387 365 387 367 387 366 388 367 388 368 388 368 389 367 389 369 389 368 390 369 390 370 390 370 391 369 391 371 391 370 392 371 392 372 392 371 393 373 393 374 393 374 394 373 394 375 394 374 395 375 395 376 395 377 396 378 396 371 396 379 397 380 397 371 397 381 398 382 398 374 398 374 399 382 399 383 399 383 400 384 400 374 400 374 401 384 401 385 401 374 402 385 402 371 402 371 403 385 403 386 403 371 404 386 404 379 404 380 405 387 405 371 405 371 406 387 406 388 406 371 407 388 407 377 407 378 408 389 408 371 408 371 409 389 409 390 409 371 410 390 410 372 410 391 411 392 411 381 411 381 412 392 412 393 412 381 413 393 413 382 413 375 414 394 414 376 414 376 415 394 415 395 415 376 416 395 416 396 416 397 417 398 417 399 417 399 418 398 418 396 418 399 419 396 419 400 419 400 420 396 420 395 420 397 421 401 421 398 421 398 422 401 422 402 422 398 423 402 423 403 423 402 424 404 424 403 424 403 425 404 425 405 425 403 426 405 426 406 426 407 427 408 427 409 427 409 428 408 428 406 428 409 429 406 429 410 429 410 430 406 430 405 430 411 431 412 431 413 431 335 432 414 432 336 432 336 433 414 433 415 433 336 434 415 434 411 434 411 435 415 435 416 435 411 436 416 436 412 436 417 437 418 437 419 437 419 438 418 438 420 438 419 439 420 439 421 439 421 440 422 440 419 440 419 441 422 441 423 441 419 442 423 442 424 442 424 443 335 443 419 443 419 444 335 444 337 444 419 445 337 445 425 445 425 446 337 446 408 446 425 447 408 447 426 447 426 448 408 448 407 448 413 449 427 449 411 449 411 450 427 450 428 450 411 451 428 451 429 451 419 452 430 452 417 452 417 453 430 453 431 453 417 454 431 454 432 454 432 455 431 455 433 455 432 456 433 456 434 456 434 457 433 457 435 457 435 458 433 458 436 458 436 459 433 459 437 459 436 460 437 460 438 460 438 461 437 461 439 461 438 462 439 462 440 462 440 463 439 463 441 463 440 464 441 464 442 464 441 465 443 465 442 465 442 466 443 466 444 466 442 467 444 467 445 467 445 468 444 468 446 468 447 469 448 469 449 469 449 470 448 470 450 470 447 471 451 471 448 471 448 472 451 472 452 472 448 473 452 473 453 473 453 474 452 474 454 474 453 475 454 475 455 475 455 476 454 476 456 476 455 477 456 477 457 477 457 478 456 478 458 478 457 479 458 479 459 479 459 480 458 480 460 480 459 481 460 481 461 481 461 482 460 482 462 482 461 483 462 483 446 483 446 484 462 484 463 484 446 485 463 485 445 485 464 486 465 486 466 486 467 487 468 487 469 487 469 488 468 488 470 488 469 489 470 489 471 489 450 490 448 490 471 490 471 491 448 491 472 491 471 492 472 492 469 492 473 493 474 493 475 493 475 494 474 494 464 494 475 495 464 495 469 495 469 496 464 496 466 496 469 497 466 497 467 497 115 498 290 498 116 498 116 499 290 499 289 499 476 500 477 500 338 500 338 501 477 501 478 501 289 502 339 502 116 502 116 503 339 503 338 503 116 504 338 504 479 504 479 505 338 505 478 505 480 506 481 506 289 506 289 507 481 507 482 507 289 508 482 508 339 508 483 509 484 509 485 509 485 510 484 510 486 510 486 511 484 511 338 511 338 512 484 512 487 512 338 513 487 513 476 513 488 514 489 514 490 514 490 515 489 515 491 515 490 516 491 516 492 516 488 517 490 517 289 517 289 518 490 518 493 518 289 519 493 519 480 519 154 520 156 520 474 520 154 521 474 521 152 521 186 522 188 522 494 522 494 523 188 523 190 523 494 524 190 524 192 524 180 525 182 525 494 525 494 526 182 526 184 526 494 527 184 527 186 527 202 528 495 528 200 528 200 529 495 529 198 529 295 530 496 530 134 530 134 531 496 531 497 531 134 532 136 532 295 532 295 533 136 533 138 533 295 534 138 534 297 534 297 535 138 535 140 535 297 536 140 536 142 536 156 537 158 537 474 537 474 538 158 538 160 538 474 539 160 539 162 539 497 540 498 540 134 540 134 541 498 541 499 541 134 542 499 542 500 542 202 543 204 543 495 543 495 544 204 544 132 544 495 545 132 545 501 545 501 546 132 546 134 546 501 547 134 547 502 547 502 548 134 548 500 548 174 549 494 549 172 549 172 550 494 550 170 550 174 551 176 551 494 551 494 552 176 552 178 552 494 553 178 553 180 553 152 554 474 554 150 554 150 555 474 555 473 555 150 556 473 556 148 556 148 557 473 557 503 557 148 558 503 558 504 558 142 559 144 559 297 559 297 560 144 560 146 560 297 561 146 561 505 561 505 562 146 562 148 562 505 563 148 563 506 563 162 564 164 564 474 564 474 565 164 565 166 565 474 566 166 566 494 566 494 567 166 567 168 567 494 568 168 568 170 568 494 569 507 569 508 569 508 570 509 570 494 570 494 571 509 571 510 571 494 572 510 572 511 572 512 573 513 573 514 573 514 574 513 574 494 574 514 575 494 575 515 575 515 576 494 576 511 576 504 577 516 577 148 577 148 578 516 578 517 578 148 579 517 579 518 579 518 580 519 580 148 580 148 581 519 581 520 581 148 582 520 582 506 582 192 583 194 583 495 583 495 584 194 584 196 584 495 585 196 585 198 585 495 586 521 586 192 586 192 587 521 587 522 587 192 588 522 588 494 588 494 589 522 589 523 589 494 590 523 590 507 590 524 591 525 591 526 591 526 592 525 592 527 592 528 593 529 593 526 593 530 594 531 594 296 594 532 595 533 595 534 595 534 596 533 596 535 596 294 597 536 597 537 597 538 598 539 598 527 598 527 599 539 599 540 599 527 600 540 600 541 600 294 601 537 601 542 601 535 602 543 602 534 602 534 603 543 603 544 603 534 604 544 604 527 604 527 605 544 605 545 605 527 606 545 606 538 606 541 607 546 607 527 607 527 608 546 608 547 608 527 609 547 609 526 609 526 610 547 610 548 610 526 611 548 611 549 611 549 612 550 612 526 612 526 613 550 613 551 613 526 614 551 614 528 614 529 615 552 615 526 615 526 616 552 616 553 616 526 617 553 617 296 617 296 618 553 618 554 618 296 619 554 619 530 619 555 620 556 620 557 620 557 621 556 621 558 621 531 622 559 622 296 622 296 623 559 623 560 623 296 624 560 624 294 624 294 625 560 625 561 625 294 626 561 626 536 626 562 627 563 627 537 627 558 628 564 628 557 628 557 629 564 629 565 629 557 630 565 630 566 630 566 631 567 631 557 631 557 632 567 632 568 632 557 633 568 633 534 633 534 634 568 634 569 634 534 635 569 635 532 635 562 636 537 636 570 636 563 637 571 637 537 637 537 638 571 638 572 638 537 639 572 639 542 639 555 640 557 640 537 640 537 641 557 641 573 641 537 642 573 642 570 642 574 643 494 643 575 643 575 644 494 644 576 644 574 645 577 645 494 645 494 646 577 646 578 646 494 647 578 647 579 647 579 648 580 648 494 648 494 649 580 649 581 649 494 650 581 650 582 650 464 651 527 651 465 651 465 652 527 652 525 652 464 653 474 653 527 653 527 654 474 654 494 654 527 655 494 655 583 655 583 656 494 656 582 656 525 657 584 657 465 657 465 658 584 658 585 658 465 659 585 659 586 659 586 660 585 660 587 660 588 661 589 661 590 661 590 662 589 662 591 662 585 663 592 663 587 663 587 664 592 664 591 664 587 665 591 665 593 665 593 666 591 666 589 666 594 667 595 667 596 667 596 668 595 668 576 668 597 669 598 669 494 669 599 670 600 670 601 670 601 671 600 671 602 671 601 672 602 672 603 672 604 673 605 673 513 673 513 674 605 674 606 674 513 675 606 675 607 675 599 676 601 676 608 676 608 677 601 677 609 677 608 678 609 678 610 678 611 679 612 679 613 679 598 680 614 680 494 680 494 681 614 681 615 681 494 682 615 682 616 682 617 683 618 683 609 683 609 684 618 684 619 684 609 685 619 685 610 685 603 686 620 686 601 686 601 687 620 687 621 687 601 688 621 688 622 688 622 689 621 689 623 689 622 690 623 690 624 690 604 691 513 691 625 691 625 692 513 692 626 692 625 693 626 693 627 693 627 694 626 694 628 694 627 695 628 695 613 695 613 696 628 696 629 696 613 697 629 697 611 697 612 698 630 698 613 698 613 699 630 699 631 699 613 700 631 700 623 700 623 701 631 701 632 701 623 702 632 702 624 702 607 703 633 703 513 703 513 704 633 704 634 704 513 705 634 705 635 705 616 706 636 706 494 706 494 707 636 707 637 707 494 708 637 708 576 708 635 709 638 709 513 709 513 710 638 710 639 710 513 711 639 711 494 711 494 712 639 712 640 712 494 713 640 713 597 713 617 714 609 714 641 714 641 715 609 715 642 715 641 716 642 716 643 716 637 717 644 717 576 717 576 718 644 718 645 718 576 719 645 719 596 719 596 720 645 720 646 720 596 721 646 721 647 721 647 722 646 722 648 722 642 723 649 723 643 723 643 724 649 724 650 724 643 725 650 725 651 725 651 726 652 726 643 726 643 727 652 727 653 727 643 728 653 728 646 728 646 729 653 729 654 729 646 730 654 730 648 730 626 731 513 731 655 731 655 732 513 732 512 732 261 733 512 733 259 733 259 734 512 734 514 734 259 735 514 735 257 735 261 736 263 736 512 736 512 737 263 737 265 737 512 738 265 738 267 738 267 739 269 739 512 739 512 740 269 740 271 740 512 741 271 741 273 741 273 742 275 742 512 742 512 743 275 743 277 743 512 744 277 744 655 744 227 745 229 745 656 745 245 746 514 746 243 746 243 747 514 747 595 747 243 748 595 748 241 748 245 749 247 749 514 749 514 750 247 750 249 750 514 751 249 751 251 751 213 752 215 752 657 752 657 753 215 753 217 753 657 754 217 754 219 754 251 755 253 755 514 755 514 756 253 756 255 756 514 757 255 757 257 757 277 758 205 758 655 758 655 759 205 759 207 759 655 760 207 760 658 760 658 761 207 761 209 761 659 762 660 762 211 762 211 763 660 763 661 763 211 764 661 764 209 764 209 765 661 765 662 765 209 766 662 766 663 766 213 767 657 767 211 767 211 768 657 768 664 768 211 769 664 769 659 769 219 770 221 770 657 770 657 771 221 771 223 771 657 772 223 772 656 772 656 773 223 773 225 773 656 774 225 774 227 774 663 775 665 775 209 775 209 776 665 776 666 776 209 777 666 777 658 777 667 778 237 778 668 778 668 779 237 779 239 779 668 780 239 780 669 780 669 781 239 781 670 781 229 782 231 782 656 782 656 783 231 783 233 783 656 784 233 784 671 784 671 785 233 785 235 785 671 786 235 786 672 786 667 787 673 787 237 787 237 788 673 788 674 788 237 789 674 789 235 789 235 790 674 790 675 790 235 791 675 791 672 791 241 792 595 792 239 792 239 793 595 793 594 793 239 794 594 794 670 794 609 795 601 795 656 795 656 796 601 796 657 796 609 797 656 797 671 797 609 798 671 798 642 798 642 799 671 799 672 799 642 800 672 800 649 800 649 801 672 801 675 801 649 802 675 802 650 802 650 803 675 803 674 803 650 804 674 804 651 804 651 805 674 805 673 805 651 806 673 806 652 806 652 807 673 807 667 807 652 808 667 808 653 808 653 809 667 809 668 809 653 810 668 810 654 810 654 811 668 811 669 811 654 812 669 812 648 812 648 813 669 813 670 813 648 814 670 814 647 814 647 815 670 815 594 815 647 816 594 816 596 816 657 817 601 817 622 817 657 818 622 818 664 818 664 819 622 819 624 819 664 820 624 820 659 820 659 821 624 821 632 821 659 822 632 822 660 822 660 823 632 823 631 823 660 824 631 824 661 824 661 825 631 825 630 825 661 826 630 826 662 826 662 827 630 827 612 827 662 828 612 828 663 828 663 829 612 829 611 829 663 830 611 830 665 830 665 831 611 831 629 831 665 832 629 832 666 832 666 833 629 833 628 833 666 834 628 834 658 834 658 835 628 835 626 835 658 836 626 836 655 836 254 837 676 837 256 837 256 838 676 838 677 838 256 839 677 839 258 839 258 840 677 840 678 840 258 841 678 841 260 841 260 842 678 842 679 842 260 843 679 843 262 843 262 844 679 844 680 844 262 845 680 845 264 845 264 846 680 846 681 846 264 847 681 847 266 847 266 848 681 848 682 848 266 849 682 849 268 849 268 850 682 850 683 850 268 851 683 851 270 851 270 852 683 852 684 852 270 853 684 853 272 853 272 854 684 854 685 854 272 855 685 855 274 855 274 856 685 856 686 856 274 857 686 857 276 857 276 858 686 858 687 858 276 859 687 859 278 859 278 860 687 860 688 860 278 861 688 861 206 861 206 862 688 862 689 862 206 863 689 863 208 863 208 864 689 864 690 864 208 865 690 865 210 865 210 866 690 866 691 866 210 867 691 867 212 867 212 868 691 868 692 868 212 869 692 869 214 869 214 870 692 870 693 870 214 871 693 871 216 871 216 872 693 872 694 872 216 873 694 873 218 873 218 874 694 874 695 874 218 875 695 875 220 875 220 876 695 876 696 876 220 877 696 877 222 877 222 878 696 878 697 878 222 879 697 879 224 879 224 880 697 880 698 880 224 881 698 881 226 881 226 882 698 882 699 882 226 883 699 883 228 883 228 884 699 884 700 884 228 885 700 885 230 885 230 886 700 886 701 886 230 887 701 887 232 887 232 888 701 888 702 888 232 889 702 889 234 889 234 890 702 890 703 890 234 891 703 891 236 891 236 892 703 892 704 892 236 893 704 893 238 893 238 894 704 894 705 894 238 895 705 895 240 895 240 896 705 896 706 896 240 897 706 897 242 897 242 898 706 898 707 898 242 899 707 899 244 899 244 900 707 900 708 900 244 901 708 901 246 901 246 902 708 902 709 902 246 903 709 903 248 903 248 904 709 904 710 904 248 905 710 905 250 905 250 906 710 906 711 906 250 907 711 907 252 907 252 908 711 908 712 908 252 909 712 909 254 909 254 910 712 910 676 910 689 911 625 911 690 911 690 912 625 912 627 912 690 913 627 913 691 913 691 914 627 914 613 914 691 915 613 915 692 915 692 916 613 916 623 916 692 917 623 917 693 917 693 918 623 918 621 918 693 919 621 919 694 919 694 920 621 920 620 920 694 921 620 921 695 921 695 922 620 922 603 922 695 923 603 923 696 923 696 924 603 924 602 924 696 925 602 925 697 925 697 926 602 926 600 926 697 927 600 927 698 927 698 928 600 928 599 928 698 929 599 929 699 929 699 930 599 930 608 930 699 931 608 931 700 931 700 932 608 932 610 932 700 933 610 933 701 933 701 934 610 934 619 934 701 935 619 935 702 935 702 936 619 936 618 936 702 937 618 937 703 937 703 938 618 938 617 938 703 939 617 939 704 939 704 940 617 940 641 940 704 941 641 941 705 941 705 942 641 942 643 942 705 943 643 943 706 943 706 944 643 944 646 944 706 945 646 945 707 945 707 946 646 946 645 946 707 947 645 947 708 947 708 948 645 948 644 948 708 949 644 949 709 949 709 950 644 950 637 950 709 951 637 951 710 951 710 952 637 952 636 952 710 953 636 953 711 953 711 954 636 954 616 954 711 955 616 955 712 955 712 956 616 956 615 956 712 957 615 957 676 957 676 958 615 958 614 958 676 959 614 959 677 959 677 960 614 960 598 960 677 961 598 961 678 961 678 962 598 962 597 962 678 963 597 963 679 963 679 964 597 964 640 964 679 965 640 965 680 965 680 966 640 966 639 966 680 967 639 967 681 967 681 968 639 968 638 968 681 969 638 969 682 969 682 970 638 970 635 970 682 971 635 971 683 971 683 972 635 972 634 972 683 973 634 973 684 973 684 974 634 974 633 974 684 975 633 975 685 975 685 976 633 976 607 976 685 977 607 977 686 977 686 978 607 978 606 978 686 979 606 979 687 979 687 980 606 980 605 980 687 981 605 981 688 981 688 982 605 982 604 982 688 983 604 983 689 983 689 984 604 984 625 984 713 985 714 985 537 985 537 986 714 986 715 986 537 987 715 987 555 987 555 988 715 988 716 988 555 989 716 989 556 989 556 990 716 990 717 990 556 991 717 991 558 991 558 992 717 992 718 992 558 993 718 993 564 993 564 994 718 994 719 994 564 995 719 995 565 995 565 996 719 996 720 996 565 997 720 997 566 997 566 998 720 998 721 998 566 999 721 999 567 999 567 1000 721 1000 722 1000 567 1001 722 1001 568 1001 568 1002 722 1002 723 1002 568 1003 723 1003 569 1003 569 1004 723 1004 724 1004 569 1005 724 1005 532 1005 532 1006 724 1006 725 1006 532 1007 725 1007 533 1007 533 1008 725 1008 726 1008 533 1009 726 1009 535 1009 535 1010 726 1010 727 1010 535 1011 727 1011 543 1011 543 1012 727 1012 728 1012 543 1013 728 1013 544 1013 544 1014 728 1014 729 1014 544 1015 729 1015 545 1015 545 1016 729 1016 730 1016 545 1017 730 1017 538 1017 538 1018 730 1018 731 1018 538 1019 731 1019 539 1019 539 1020 731 1020 732 1020 539 1021 732 1021 540 1021 540 1022 732 1022 733 1022 540 1023 733 1023 541 1023 541 1024 733 1024 734 1024 541 1025 734 1025 546 1025 546 1026 734 1026 735 1026 546 1027 735 1027 547 1027 547 1028 735 1028 736 1028 547 1029 736 1029 548 1029 548 1030 736 1030 737 1030 548 1031 737 1031 549 1031 549 1032 737 1032 738 1032 549 1033 738 1033 550 1033 550 1034 738 1034 739 1034 550 1035 739 1035 551 1035 551 1036 739 1036 740 1036 551 1037 740 1037 528 1037 528 1038 740 1038 741 1038 528 1039 741 1039 529 1039 529 1040 741 1040 742 1040 529 1041 742 1041 552 1041 552 1042 742 1042 743 1042 552 1043 743 1043 553 1043 553 1044 743 1044 744 1044 553 1045 744 1045 554 1045 554 1046 744 1046 745 1046 554 1047 745 1047 530 1047 530 1048 745 1048 746 1048 530 1049 746 1049 531 1049 531 1050 746 1050 747 1050 531 1051 747 1051 559 1051 559 1052 747 1052 748 1052 559 1053 748 1053 560 1053 560 1054 748 1054 749 1054 560 1055 749 1055 561 1055 561 1056 749 1056 750 1056 561 1057 750 1057 536 1057 536 1058 750 1058 713 1058 536 1059 713 1059 537 1059 195 1060 722 1060 197 1060 197 1061 722 1061 721 1061 197 1062 721 1062 199 1062 199 1063 721 1063 720 1063 199 1064 720 1064 201 1064 201 1065 720 1065 719 1065 201 1066 719 1066 203 1066 203 1067 719 1067 718 1067 203 1068 718 1068 130 1068 130 1069 718 1069 717 1069 130 1070 717 1070 131 1070 131 1071 717 1071 716 1071 131 1072 716 1072 133 1072 133 1073 716 1073 715 1073 133 1074 715 1074 135 1074 135 1075 715 1075 714 1075 135 1076 714 1076 137 1076 137 1077 714 1077 713 1077 137 1078 713 1078 139 1078 139 1079 713 1079 750 1079 139 1080 750 1080 141 1080 141 1081 750 1081 749 1081 141 1082 749 1082 143 1082 143 1083 749 1083 748 1083 143 1084 748 1084 145 1084 145 1085 748 1085 747 1085 145 1086 747 1086 147 1086 147 1087 747 1087 746 1087 147 1088 746 1088 149 1088 149 1089 746 1089 745 1089 149 1090 745 1090 151 1090 151 1091 745 1091 744 1091 151 1092 744 1092 153 1092 153 1093 744 1093 743 1093 153 1094 743 1094 155 1094 155 1095 743 1095 742 1095 155 1096 742 1096 157 1096 157 1097 742 1097 741 1097 157 1098 741 1098 159 1098 159 1099 741 1099 740 1099 159 1100 740 1100 161 1100 161 1101 740 1101 739 1101 161 1102 739 1102 163 1102 163 1103 739 1103 738 1103 163 1104 738 1104 165 1104 165 1105 738 1105 737 1105 165 1106 737 1106 167 1106 167 1107 737 1107 736 1107 167 1108 736 1108 169 1108 169 1109 736 1109 735 1109 169 1110 735 1110 171 1110 171 1111 735 1111 734 1111 171 1112 734 1112 173 1112 173 1113 734 1113 733 1113 173 1114 733 1114 175 1114 175 1115 733 1115 732 1115 175 1116 732 1116 177 1116 177 1117 732 1117 731 1117 177 1118 731 1118 179 1118 179 1119 731 1119 730 1119 179 1120 730 1120 181 1120 181 1121 730 1121 729 1121 181 1122 729 1122 183 1122 183 1123 729 1123 728 1123 183 1124 728 1124 185 1124 185 1125 728 1125 727 1125 185 1126 727 1126 187 1126 187 1127 727 1127 726 1127 187 1128 726 1128 189 1128 189 1129 726 1129 725 1129 189 1130 725 1130 191 1130 191 1131 725 1131 724 1131 191 1132 724 1132 193 1132 193 1133 724 1133 723 1133 193 1134 723 1134 195 1134 195 1135 723 1135 722 1135 127 1136 120 1136 303 1136 303 1137 120 1137 301 1137 301 1138 120 1138 112 1138 112 1139 120 1139 113 1139 304 1140 119 1140 303 1140 303 1141 119 1141 127 1141 290 1142 115 1142 114 1142 290 1143 114 1143 292 1143 292 1144 114 1144 119 1144 292 1145 119 1145 304 1145 751 1146 752 1146 521 1146 495 1147 557 1147 521 1147 521 1148 557 1148 534 1148 521 1149 534 1149 751 1149 595 1150 514 1150 753 1150 753 1151 514 1151 754 1151 515 1152 755 1152 514 1152 514 1153 755 1153 756 1153 514 1154 756 1154 757 1154 757 1155 758 1155 514 1155 514 1156 758 1156 759 1156 514 1157 759 1157 754 1157 507 1158 760 1158 508 1158 508 1159 760 1159 761 1159 508 1160 761 1160 509 1160 509 1161 761 1161 762 1161 509 1162 762 1162 510 1162 510 1163 762 1163 763 1163 510 1164 763 1164 511 1164 511 1165 763 1165 755 1165 511 1166 755 1166 515 1166 764 1167 765 1167 507 1167 507 1168 765 1168 766 1168 507 1169 766 1169 760 1169 507 1170 523 1170 764 1170 764 1171 523 1171 522 1171 764 1172 522 1172 767 1172 767 1173 522 1173 521 1173 767 1174 521 1174 752 1174 557 1175 495 1175 501 1175 557 1176 501 1176 573 1176 573 1177 501 1177 502 1177 573 1178 502 1178 570 1178 570 1179 502 1179 500 1179 570 1180 500 1180 562 1180 562 1181 500 1181 499 1181 562 1182 499 1182 563 1182 563 1183 499 1183 498 1183 563 1184 498 1184 571 1184 571 1185 498 1185 497 1185 571 1186 497 1186 572 1186 572 1187 497 1187 496 1187 572 1188 496 1188 542 1188 542 1189 496 1189 295 1189 542 1190 295 1190 294 1190 763 1191 762 1191 581 1191 534 1192 527 1192 583 1192 767 1193 752 1193 583 1193 583 1194 752 1194 751 1194 583 1195 751 1195 534 1195 581 1196 762 1196 582 1196 582 1197 762 1197 761 1197 582 1198 761 1198 760 1198 760 1199 766 1199 582 1199 582 1200 766 1200 765 1200 582 1201 765 1201 583 1201 583 1202 765 1202 764 1202 583 1203 764 1203 767 1203 576 1204 595 1204 575 1204 575 1205 595 1205 753 1205 575 1206 753 1206 574 1206 574 1207 753 1207 754 1207 574 1208 754 1208 577 1208 577 1209 754 1209 759 1209 577 1210 759 1210 578 1210 578 1211 759 1211 758 1211 578 1212 758 1212 579 1212 579 1213 758 1213 757 1213 579 1214 757 1214 580 1214 580 1215 757 1215 756 1215 580 1216 756 1216 581 1216 581 1217 756 1217 755 1217 581 1218 755 1218 763 1218 524 1219 526 1219 768 1219 768 1220 526 1220 769 1220 769 1221 770 1221 768 1221 768 1222 770 1222 771 1222 768 1223 771 1223 772 1223 771 1224 773 1224 772 1224 772 1225 773 1225 774 1225 772 1226 774 1226 775 1226 775 1227 774 1227 776 1227 775 1228 776 1228 777 1228 777 1229 776 1229 778 1229 777 1230 778 1230 779 1230 778 1231 780 1231 779 1231 779 1232 780 1232 781 1232 779 1233 781 1233 782 1233 782 1234 781 1234 783 1234 782 1235 783 1235 784 1235 784 1236 783 1236 785 1236 784 1237 785 1237 786 1237 786 1238 785 1238 787 1238 787 1239 785 1239 788 1239 787 1240 788 1240 789 1240 789 1241 788 1241 790 1241 790 1242 788 1242 791 1242 790 1243 791 1243 792 1243 791 1244 793 1244 792 1244 792 1245 793 1245 794 1245 792 1246 794 1246 795 1246 795 1247 794 1247 796 1247 795 1248 796 1248 797 1248 797 1249 796 1249 798 1249 797 1250 798 1250 799 1250 799 1251 798 1251 800 1251 799 1252 800 1252 801 1252 801 1253 800 1253 802 1253 802 1254 800 1254 279 1254 802 1255 279 1255 281 1255 96 1256 803 1256 804 1256 804 1257 803 1257 805 1257 804 1258 805 1258 806 1258 96 1259 807 1259 808 1259 809 1260 804 1260 810 1260 810 1261 804 1261 811 1261 810 1262 811 1262 812 1262 809 1263 813 1263 804 1263 804 1264 813 1264 814 1264 804 1265 814 1265 96 1265 96 1266 814 1266 815 1266 96 1267 815 1267 807 1267 808 1268 816 1268 96 1268 96 1269 816 1269 817 1269 96 1270 817 1270 75 1270 812 1271 818 1271 810 1271 810 1272 818 1272 819 1272 810 1273 819 1273 820 1273 821 1274 822 1274 823 1274 823 1275 822 1275 824 1275 823 1276 824 1276 819 1276 819 1277 824 1277 825 1277 819 1278 825 1278 820 1278 826 1279 381 1279 374 1279 827 1280 828 1280 374 1280 374 1281 828 1281 829 1281 829 1282 830 1282 374 1282 374 1283 830 1283 831 1283 374 1284 831 1284 826 1284 832 1285 833 1285 374 1285 374 1286 833 1286 834 1286 374 1287 834 1287 835 1287 835 1288 836 1288 374 1288 374 1289 836 1289 837 1289 374 1290 837 1290 827 1290 838 1291 839 1291 374 1291 374 1292 839 1292 840 1292 374 1293 840 1293 832 1293 396 1294 838 1294 376 1294 376 1295 838 1295 374 1295 336 1296 841 1296 337 1296 337 1297 841 1297 408 1297 396 1298 398 1298 838 1298 838 1299 398 1299 403 1299 838 1300 403 1300 841 1300 841 1301 403 1301 406 1301 841 1302 406 1302 408 1302 336 1303 411 1303 842 1303 843 1304 841 1304 844 1304 844 1305 841 1305 336 1305 844 1306 336 1306 845 1306 842 1307 846 1307 336 1307 336 1308 846 1308 847 1308 336 1309 847 1309 848 1309 848 1310 849 1310 336 1310 336 1311 849 1311 850 1311 336 1312 850 1312 851 1312 851 1313 852 1313 336 1313 336 1314 852 1314 853 1314 336 1315 853 1315 854 1315 854 1316 855 1316 336 1316 336 1317 855 1317 856 1317 336 1318 856 1318 857 1318 857 1319 858 1319 336 1319 336 1320 858 1320 859 1320 336 1321 859 1321 860 1321 860 1322 861 1322 336 1322 336 1323 861 1323 862 1323 336 1324 862 1324 845 1324 863 1325 864 1325 865 1325 865 1326 864 1326 866 1326 865 1327 866 1327 12 1327 867 1328 868 1328 865 1328 865 1329 868 1329 869 1329 10 1330 870 1330 12 1330 12 1331 870 1331 871 1331 12 1332 871 1332 872 1332 872 1333 873 1333 12 1333 12 1334 873 1334 874 1334 12 1335 874 1335 865 1335 865 1336 874 1336 875 1336 865 1337 875 1337 867 1337 876 1338 877 1338 869 1338 869 1339 877 1339 878 1339 869 1340 878 1340 865 1340 876 1341 869 1341 879 1341 879 1342 869 1342 880 1342 879 1343 880 1343 881 1343 881 1344 882 1344 879 1344 879 1345 882 1345 883 1345 879 1346 883 1346 884 1346 884 1347 883 1347 885 1347 886 1348 887 1348 888 1348 888 1349 887 1349 889 1349 888 1350 889 1350 890 1350 889 1351 891 1351 890 1351 890 1352 891 1352 892 1352 890 1353 892 1353 893 1353 893 1354 892 1354 894 1354 895 1355 896 1355 897 1355 894 1356 892 1356 898 1356 898 1357 892 1357 899 1357 898 1358 899 1358 900 1358 895 1359 897 1359 901 1359 901 1360 897 1360 902 1360 901 1361 902 1361 886 1361 886 1362 902 1362 903 1362 886 1363 903 1363 887 1363 896 1364 895 1364 904 1364 904 1365 895 1365 905 1365 904 1366 905 1366 906 1366 907 1367 908 1367 909 1367 905 1368 910 1368 906 1368 906 1369 910 1369 911 1369 906 1370 911 1370 912 1370 907 1371 909 1371 899 1371 899 1372 909 1372 913 1372 899 1373 913 1373 900 1373 914 1374 915 1374 916 1374 916 1375 917 1375 914 1375 914 1376 917 1376 918 1376 914 1377 918 1377 912 1377 912 1378 918 1378 919 1378 912 1379 919 1379 906 1379 920 1380 921 1380 922 1380 922 1381 921 1381 923 1381 922 1382 923 1382 924 1382 925 1383 926 1383 927 1383 927 1384 928 1384 925 1384 925 1385 928 1385 929 1385 925 1386 929 1386 930 1386 930 1387 931 1387 925 1387 925 1388 931 1388 932 1388 925 1389 932 1389 922 1389 922 1390 932 1390 933 1390 922 1391 933 1391 920 1391 934 1392 935 1392 936 1392 43 1393 45 1393 937 1393 938 1394 939 1394 924 1394 940 1395 941 1395 942 1395 943 1396 944 1396 945 1396 945 1397 944 1397 946 1397 945 1398 946 1398 947 1398 948 1399 949 1399 943 1399 950 1400 951 1400 952 1400 953 1401 954 1401 955 1401 955 1402 954 1402 956 1402 957 1403 958 1403 959 1403 959 1404 958 1404 960 1404 961 1405 962 1405 963 1405 963 1406 962 1406 102 1406 963 1407 102 1407 964 1407 964 1408 102 1408 101 1408 965 1409 42 1409 43 1409 966 1410 967 1410 968 1410 969 1411 970 1411 971 1411 972 1412 973 1412 974 1412 974 1413 973 1413 975 1413 976 1414 977 1414 978 1414 978 1415 977 1415 979 1415 980 1416 981 1416 982 1416 982 1417 981 1417 983 1417 935 1418 984 1418 936 1418 936 1419 984 1419 985 1419 936 1420 985 1420 986 1420 926 1421 984 1421 927 1421 927 1422 984 1422 935 1422 927 1423 935 1423 928 1423 928 1424 935 1424 934 1424 928 1425 934 1425 929 1425 930 1426 929 1426 987 1426 987 1427 929 1427 934 1427 987 1428 934 1428 988 1428 988 1429 934 1429 936 1429 988 1430 936 1430 981 1430 981 1431 936 1431 986 1431 981 1432 986 1432 983 1432 931 1433 930 1433 989 1433 989 1434 930 1434 987 1434 989 1435 987 1435 990 1435 990 1436 987 1436 988 1436 990 1437 988 1437 991 1437 991 1438 988 1438 981 1438 991 1439 981 1439 978 1439 978 1440 981 1440 980 1440 978 1441 980 1441 976 1441 932 1442 931 1442 992 1442 992 1443 931 1443 989 1443 992 1444 989 1444 993 1444 993 1445 989 1445 990 1445 993 1446 990 1446 994 1446 994 1447 990 1447 991 1447 994 1448 991 1448 995 1448 995 1449 991 1449 978 1449 995 1450 978 1450 974 1450 974 1451 978 1451 979 1451 974 1452 979 1452 972 1452 933 1453 932 1453 996 1453 996 1454 932 1454 992 1454 996 1455 992 1455 997 1455 997 1456 992 1456 993 1456 997 1457 993 1457 998 1457 998 1458 993 1458 994 1458 998 1459 994 1459 999 1459 999 1460 994 1460 995 1460 999 1461 995 1461 1000 1461 1000 1462 995 1462 974 1462 1000 1463 974 1463 1001 1463 1001 1464 974 1464 975 1464 1001 1465 975 1465 1002 1465 920 1466 933 1466 1003 1466 1003 1467 933 1467 996 1467 1003 1468 996 1468 1004 1468 1004 1469 996 1469 997 1469 1004 1470 997 1470 1005 1470 1005 1471 997 1471 998 1471 1005 1472 998 1472 1006 1472 1006 1473 998 1473 999 1473 1006 1474 999 1474 1007 1474 1007 1475 999 1475 1000 1475 1007 1476 1000 1476 1008 1476 1008 1477 1000 1477 1001 1477 1008 1478 1001 1478 969 1478 969 1479 1001 1479 1002 1479 969 1480 1002 1480 970 1480 921 1481 920 1481 1009 1481 1009 1482 920 1482 1003 1482 1009 1483 1003 1483 1010 1483 1010 1484 1003 1484 1004 1484 1010 1485 1004 1485 1011 1485 1011 1486 1004 1486 1005 1486 1011 1487 1005 1487 1012 1487 1012 1488 1005 1488 1006 1488 1012 1489 1006 1489 1013 1489 1013 1490 1006 1490 1007 1490 1013 1491 1007 1491 1014 1491 1014 1492 1007 1492 1008 1492 1014 1493 1008 1493 1015 1493 1015 1494 1008 1494 969 1494 1015 1495 969 1495 966 1495 966 1496 969 1496 971 1496 966 1497 971 1497 967 1497 923 1498 921 1498 1016 1498 1016 1499 921 1499 1009 1499 1016 1500 1009 1500 1017 1500 1017 1501 1009 1501 1010 1501 1017 1502 1010 1502 1018 1502 1018 1503 1010 1503 1011 1503 1018 1504 1011 1504 1019 1504 1019 1505 1011 1505 1012 1505 1019 1506 1012 1506 1020 1506 1020 1507 1012 1507 1013 1507 1020 1508 1013 1508 1021 1508 1021 1509 1013 1509 1014 1509 1021 1510 1014 1510 1022 1510 1022 1511 1014 1511 1015 1511 1022 1512 1015 1512 1023 1512 1023 1513 1015 1513 966 1513 1023 1514 966 1514 937 1514 937 1515 966 1515 968 1515 937 1516 968 1516 43 1516 43 1517 968 1517 965 1517 961 1518 957 1518 962 1518 962 1519 957 1519 959 1519 962 1520 959 1520 1024 1520 61 1521 62 1521 1025 1521 1025 1522 62 1522 1024 1522 1025 1523 1024 1523 1026 1523 1026 1524 1024 1524 959 1524 1026 1525 959 1525 1027 1525 1027 1526 959 1526 960 1526 1027 1527 960 1527 953 1527 1028 1528 1029 1528 1030 1528 1030 1529 1029 1529 1031 1529 1030 1530 1031 1530 1032 1530 1032 1531 1031 1531 1033 1531 1032 1532 1033 1532 1034 1532 1034 1533 1033 1533 955 1533 1034 1534 955 1534 950 1534 950 1535 955 1535 956 1535 950 1536 956 1536 951 1536 58 1537 57 1537 1035 1537 1035 1538 57 1538 1028 1538 1035 1539 1028 1539 1036 1539 1036 1540 1028 1540 1030 1540 1036 1541 1030 1541 1037 1541 1037 1542 1030 1542 1032 1542 1037 1543 1032 1543 1038 1543 1038 1544 1032 1544 1034 1544 1038 1545 1034 1545 1039 1545 1039 1546 1034 1546 950 1546 1039 1547 950 1547 948 1547 948 1548 950 1548 952 1548 948 1549 952 1549 949 1549 1040 1550 1041 1550 1042 1550 1042 1551 1041 1551 1043 1551 1042 1552 1043 1552 1044 1552 1044 1553 1043 1553 1045 1553 1044 1554 1045 1554 1046 1554 1046 1555 1045 1555 1047 1555 1046 1556 1047 1556 1048 1556 1048 1557 1047 1557 1049 1557 1048 1558 1049 1558 1050 1558 1050 1559 1049 1559 1051 1559 1050 1560 1051 1560 1052 1560 1052 1561 1051 1561 945 1561 1052 1562 945 1562 940 1562 940 1563 945 1563 947 1563 940 1564 947 1564 941 1564 47 1565 48 1565 1053 1565 1053 1566 48 1566 1040 1566 1053 1567 1040 1567 1054 1567 1054 1568 1040 1568 1042 1568 1054 1569 1042 1569 1055 1569 1055 1570 1042 1570 1044 1570 1055 1571 1044 1571 1056 1571 1056 1572 1044 1572 1046 1572 1056 1573 1046 1573 1057 1573 1057 1574 1046 1574 1048 1574 1057 1575 1048 1575 1058 1575 1058 1576 1048 1576 1050 1576 1058 1577 1050 1577 1059 1577 1059 1578 1050 1578 1052 1578 1059 1579 1052 1579 1060 1579 1060 1580 1052 1580 940 1580 1060 1581 940 1581 938 1581 938 1582 940 1582 942 1582 938 1583 942 1583 939 1583 62 1584 64 1584 1024 1584 1024 1585 64 1585 67 1585 1024 1586 67 1586 962 1586 962 1587 67 1587 66 1587 962 1588 66 1588 102 1588 953 1589 955 1589 1027 1589 1027 1590 955 1590 1033 1590 1027 1591 1033 1591 1026 1591 1026 1592 1033 1592 1031 1592 1026 1593 1031 1593 1025 1593 1025 1594 1031 1594 1029 1594 1025 1595 1029 1595 61 1595 57 1596 55 1596 1028 1596 1028 1597 55 1597 54 1597 1028 1598 54 1598 1029 1598 1029 1599 54 1599 59 1599 1029 1600 59 1600 61 1600 943 1601 945 1601 948 1601 948 1602 945 1602 1051 1602 948 1603 1051 1603 1039 1603 1039 1604 1051 1604 1049 1604 1039 1605 1049 1605 1038 1605 1038 1606 1049 1606 1047 1606 1038 1607 1047 1607 1037 1607 1037 1608 1047 1608 1045 1608 1037 1609 1045 1609 1036 1609 1036 1610 1045 1610 1043 1610 1036 1611 1043 1611 1035 1611 1035 1612 1043 1612 1041 1612 1035 1613 1041 1613 58 1613 48 1614 50 1614 1040 1614 1040 1615 50 1615 53 1615 1040 1616 53 1616 1041 1616 1041 1617 53 1617 52 1617 1041 1618 52 1618 58 1618 924 1619 923 1619 938 1619 938 1620 923 1620 1016 1620 938 1621 1016 1621 1060 1621 1060 1622 1016 1622 1017 1622 1060 1623 1017 1623 1059 1623 1059 1624 1017 1624 1018 1624 1059 1625 1018 1625 1058 1625 1058 1626 1018 1626 1019 1626 1058 1627 1019 1627 1057 1627 1057 1628 1019 1628 1020 1628 1057 1629 1020 1629 1056 1629 1056 1630 1020 1630 1021 1630 1056 1631 1021 1631 1055 1631 1055 1632 1021 1632 1022 1632 1055 1633 1022 1633 1054 1633 1054 1634 1022 1634 1023 1634 1054 1635 1023 1635 1053 1635 1053 1636 1023 1636 937 1636 1053 1637 937 1637 47 1637 47 1638 937 1638 45 1638 903 1639 902 1639 1061 1639 903 1640 1061 1640 1062 1640 1062 1641 1061 1641 1063 1641 1062 1642 1063 1642 1064 1642 1064 1643 1063 1643 1065 1643 1064 1644 1065 1644 1066 1644 1066 1645 1065 1645 1067 1645 1066 1646 1067 1646 1068 1646 1068 1647 1067 1647 1069 1647 1068 1648 1069 1648 1070 1648 1070 1649 1069 1649 1071 1649 1070 1650 1071 1650 1072 1650 1072 1651 1071 1651 1073 1651 1072 1652 1073 1652 1074 1652 1074 1653 1073 1653 1075 1653 1074 1654 1075 1654 1076 1654 1076 1655 1075 1655 1077 1655 1076 1656 1077 1656 1078 1656 1078 1657 1077 1657 925 1657 1078 1658 925 1658 922 1658 99 1659 1079 1659 93 1659 93 1660 1079 1660 1080 1660 93 1661 1080 1661 94 1661 94 1662 1080 1662 1081 1662 94 1663 1081 1663 95 1663 95 1664 1081 1664 803 1664 95 1665 803 1665 96 1665 98 1666 1082 1666 99 1666 99 1667 1082 1667 1083 1667 99 1668 1083 1668 1079 1668 1084 1669 1085 1669 97 1669 97 1670 1085 1670 1086 1670 97 1671 1086 1671 98 1671 98 1672 1086 1672 1087 1672 98 1673 1087 1673 1082 1673 1084 1674 97 1674 1088 1674 1088 1675 97 1675 69 1675 1088 1676 69 1676 1089 1676 1089 1677 69 1677 1090 1677 1090 1678 69 1678 68 1678 1090 1679 68 1679 1091 1679 1091 1680 68 1680 1092 1680 1092 1681 68 1681 71 1681 1092 1682 71 1682 1093 1682 1093 1683 71 1683 1094 1683 1094 1684 71 1684 74 1684 1094 1685 74 1685 1095 1685 1095 1686 74 1686 1096 1686 1096 1687 74 1687 73 1687 1096 1688 73 1688 1097 1688 1097 1689 73 1689 72 1689 1097 1690 72 1690 126 1690 1098 1691 1099 1691 38 1691 40 1692 39 1692 288 1692 288 1693 39 1693 1100 1693 38 1694 1099 1694 39 1694 39 1695 1099 1695 1101 1695 39 1696 1101 1696 1100 1696 36 1697 1102 1697 38 1697 38 1698 1102 1698 1103 1698 38 1699 1103 1699 1098 1699 1104 1700 1105 1700 29 1700 29 1701 1105 1701 1106 1701 29 1702 1106 1702 36 1702 36 1703 1106 1703 1107 1703 36 1704 1107 1704 1102 1704 29 1705 24 1705 1104 1705 1104 1706 24 1706 19 1706 1104 1707 19 1707 1108 1707 16 1708 14 1708 1109 1708 1109 1709 1110 1709 16 1709 16 1710 1110 1710 1111 1710 16 1711 1111 1711 19 1711 19 1712 1111 1712 1112 1712 19 1713 1112 1713 1108 1713 12 1714 866 1714 11 1714 11 1715 866 1715 1113 1715 11 1716 1113 1716 9 1716 9 1717 1113 1717 1114 1717 9 1718 1114 1718 13 1718 13 1719 1114 1719 1115 1719 13 1720 1115 1720 14 1720 14 1721 1115 1721 1116 1721 14 1722 1116 1722 1109 1722 811 1723 804 1723 1117 1723 811 1724 1117 1724 1118 1724 1118 1725 1117 1725 1119 1725 1118 1726 1119 1726 1120 1726 1120 1727 1119 1727 1121 1727 1120 1728 1121 1728 1122 1728 1122 1729 1121 1729 1123 1729 1122 1730 1123 1730 1124 1730 1124 1731 1123 1731 1125 1731 1124 1732 1125 1732 1126 1732 1126 1733 1125 1733 1127 1733 1126 1734 1127 1734 1128 1734 1128 1735 1127 1735 1129 1735 1128 1736 1129 1736 1130 1736 1130 1737 1129 1737 1131 1737 1130 1738 1131 1738 1132 1738 1132 1739 1131 1739 1133 1739 1132 1740 1133 1740 1134 1740 1134 1741 1133 1741 887 1741 1134 1742 887 1742 903 1742 810 1743 820 1743 1135 1743 1135 1744 820 1744 1136 1744 1135 1745 1136 1745 1137 1745 1137 1746 1136 1746 1138 1746 1137 1747 1138 1747 1139 1747 1139 1748 1138 1748 1140 1748 1139 1749 1140 1749 1141 1749 1141 1750 1140 1750 1142 1750 1141 1751 1142 1751 1143 1751 1143 1752 1142 1752 1144 1752 1143 1753 1144 1753 1145 1753 1145 1754 1144 1754 1146 1754 1145 1755 1146 1755 1147 1755 1147 1756 1146 1756 1148 1756 1147 1757 1148 1757 1149 1757 1149 1758 1148 1758 1150 1758 1149 1759 1150 1759 1151 1759 1151 1760 1150 1760 1152 1760 1151 1761 1152 1761 922 1761 922 1762 1152 1762 1078 1762 820 1763 825 1763 1136 1763 1136 1764 825 1764 1153 1764 1136 1765 1153 1765 1138 1765 1138 1766 1153 1766 1154 1766 1138 1767 1154 1767 1140 1767 1140 1768 1154 1768 1155 1768 1140 1769 1155 1769 1142 1769 1142 1770 1155 1770 1156 1770 1142 1771 1156 1771 1144 1771 1144 1772 1156 1772 1157 1772 1144 1773 1157 1773 1146 1773 1146 1774 1157 1774 1158 1774 1146 1775 1158 1775 1148 1775 1148 1776 1158 1776 1159 1776 1148 1777 1159 1777 1150 1777 1150 1778 1159 1778 1160 1778 1150 1779 1160 1779 1152 1779 1152 1780 1160 1780 1161 1780 1152 1781 1161 1781 1078 1781 1078 1782 1161 1782 1076 1782 825 1783 824 1783 1153 1783 1153 1784 824 1784 1162 1784 1153 1785 1162 1785 1154 1785 1154 1786 1162 1786 1163 1786 1154 1787 1163 1787 1155 1787 1155 1788 1163 1788 1164 1788 1155 1789 1164 1789 1156 1789 1156 1790 1164 1790 1165 1790 1156 1791 1165 1791 1157 1791 1157 1792 1165 1792 1166 1792 1157 1793 1166 1793 1158 1793 1158 1794 1166 1794 1167 1794 1158 1795 1167 1795 1159 1795 1159 1796 1167 1796 1168 1796 1159 1797 1168 1797 1160 1797 1160 1798 1168 1798 1169 1798 1160 1799 1169 1799 1161 1799 1161 1800 1169 1800 1170 1800 1161 1801 1170 1801 1076 1801 1076 1802 1170 1802 1074 1802 824 1803 822 1803 1162 1803 1162 1804 822 1804 1171 1804 1162 1805 1171 1805 1163 1805 1163 1806 1171 1806 1172 1806 1163 1807 1172 1807 1164 1807 1164 1808 1172 1808 1173 1808 1164 1809 1173 1809 1165 1809 1165 1810 1173 1810 1174 1810 1165 1811 1174 1811 1166 1811 1166 1812 1174 1812 1175 1812 1166 1813 1175 1813 1167 1813 1167 1814 1175 1814 1176 1814 1167 1815 1176 1815 1168 1815 1168 1816 1176 1816 1177 1816 1168 1817 1177 1817 1169 1817 1169 1818 1177 1818 1178 1818 1169 1819 1178 1819 1170 1819 1170 1820 1178 1820 1179 1820 1170 1821 1179 1821 1074 1821 1074 1822 1179 1822 1072 1822 822 1823 821 1823 1171 1823 1171 1824 821 1824 1180 1824 1171 1825 1180 1825 1172 1825 1172 1826 1180 1826 1181 1826 1172 1827 1181 1827 1173 1827 1173 1828 1181 1828 1182 1828 1173 1829 1182 1829 1174 1829 1174 1830 1182 1830 1183 1830 1174 1831 1183 1831 1175 1831 1175 1832 1183 1832 1184 1832 1175 1833 1184 1833 1176 1833 1176 1834 1184 1834 1185 1834 1176 1835 1185 1835 1177 1835 1177 1836 1185 1836 1186 1836 1177 1837 1186 1837 1178 1837 1178 1838 1186 1838 1187 1838 1178 1839 1187 1839 1179 1839 1179 1840 1187 1840 1188 1840 1179 1841 1188 1841 1072 1841 1072 1842 1188 1842 1070 1842 821 1843 823 1843 1180 1843 1180 1844 823 1844 1189 1844 1180 1845 1189 1845 1181 1845 1181 1846 1189 1846 1190 1846 1181 1847 1190 1847 1182 1847 1182 1848 1190 1848 1191 1848 1182 1849 1191 1849 1183 1849 1183 1850 1191 1850 1192 1850 1183 1851 1192 1851 1184 1851 1184 1852 1192 1852 1193 1852 1184 1853 1193 1853 1185 1853 1185 1854 1193 1854 1194 1854 1185 1855 1194 1855 1186 1855 1186 1856 1194 1856 1195 1856 1186 1857 1195 1857 1187 1857 1187 1858 1195 1858 1196 1858 1187 1859 1196 1859 1188 1859 1188 1860 1196 1860 1197 1860 1188 1861 1197 1861 1070 1861 1070 1862 1197 1862 1068 1862 823 1863 819 1863 1189 1863 1189 1864 819 1864 1198 1864 1189 1865 1198 1865 1190 1865 1190 1866 1198 1866 1199 1866 1190 1867 1199 1867 1191 1867 1191 1868 1199 1868 1200 1868 1191 1869 1200 1869 1192 1869 1192 1870 1200 1870 1201 1870 1192 1871 1201 1871 1193 1871 1193 1872 1201 1872 1202 1872 1193 1873 1202 1873 1194 1873 1194 1874 1202 1874 1203 1874 1194 1875 1203 1875 1195 1875 1195 1876 1203 1876 1204 1876 1195 1877 1204 1877 1196 1877 1196 1878 1204 1878 1205 1878 1196 1879 1205 1879 1197 1879 1197 1880 1205 1880 1206 1880 1197 1881 1206 1881 1068 1881 1068 1882 1206 1882 1066 1882 819 1883 818 1883 1198 1883 1198 1884 818 1884 1207 1884 1198 1885 1207 1885 1199 1885 1199 1886 1207 1886 1208 1886 1199 1887 1208 1887 1200 1887 1200 1888 1208 1888 1209 1888 1200 1889 1209 1889 1201 1889 1201 1890 1209 1890 1210 1890 1201 1891 1210 1891 1202 1891 1202 1892 1210 1892 1211 1892 1202 1893 1211 1893 1203 1893 1203 1894 1211 1894 1212 1894 1203 1895 1212 1895 1204 1895 1204 1896 1212 1896 1213 1896 1204 1897 1213 1897 1205 1897 1205 1898 1213 1898 1214 1898 1205 1899 1214 1899 1206 1899 1206 1900 1214 1900 1215 1900 1206 1901 1215 1901 1066 1901 1066 1902 1215 1902 1064 1902 818 1903 812 1903 1207 1903 1207 1904 812 1904 1216 1904 1207 1905 1216 1905 1208 1905 1208 1906 1216 1906 1217 1906 1208 1907 1217 1907 1209 1907 1209 1908 1217 1908 1218 1908 1209 1909 1218 1909 1210 1909 1210 1910 1218 1910 1219 1910 1210 1911 1219 1911 1211 1911 1211 1912 1219 1912 1220 1912 1211 1913 1220 1913 1212 1913 1212 1914 1220 1914 1221 1914 1212 1915 1221 1915 1213 1915 1213 1916 1221 1916 1222 1916 1213 1917 1222 1917 1214 1917 1214 1918 1222 1918 1223 1918 1214 1919 1223 1919 1215 1919 1215 1920 1223 1920 1224 1920 1215 1921 1224 1921 1064 1921 1064 1922 1224 1922 1062 1922 812 1923 811 1923 1216 1923 1216 1924 811 1924 1118 1924 1216 1925 1118 1925 1217 1925 1217 1926 1118 1926 1120 1926 1217 1927 1120 1927 1218 1927 1218 1928 1120 1928 1122 1928 1218 1929 1122 1929 1219 1929 1219 1930 1122 1930 1124 1930 1219 1931 1124 1931 1220 1931 1220 1932 1124 1932 1126 1932 1220 1933 1126 1933 1221 1933 1221 1934 1126 1934 1128 1934 1221 1935 1128 1935 1222 1935 1222 1936 1128 1936 1130 1936 1222 1937 1130 1937 1223 1937 1223 1938 1130 1938 1132 1938 1223 1939 1132 1939 1224 1939 1224 1940 1132 1940 1134 1940 1224 1941 1134 1941 1062 1941 1062 1942 1134 1942 903 1942 922 1943 924 1943 1225 1943 922 1944 1225 1944 1151 1944 1151 1945 1225 1945 1226 1945 1151 1946 1226 1946 1149 1946 1149 1947 1226 1947 1227 1947 1149 1948 1227 1948 1147 1948 1147 1949 1227 1949 1228 1949 1147 1950 1228 1950 1145 1950 1145 1951 1228 1951 1229 1951 1145 1952 1229 1952 1143 1952 1143 1953 1229 1953 1230 1953 1143 1954 1230 1954 1141 1954 1141 1955 1230 1955 1231 1955 1141 1956 1231 1956 1139 1956 1139 1957 1231 1957 1232 1957 1139 1958 1232 1958 1137 1958 1137 1959 1232 1959 1233 1959 1137 1960 1233 1960 1135 1960 1135 1961 1233 1961 809 1961 1135 1962 809 1962 810 1962 1234 1963 947 1963 946 1963 85 1964 82 1964 1235 1964 1236 1965 76 1965 75 1965 79 1966 78 1966 1237 1966 1237 1967 78 1967 77 1967 1237 1968 77 1968 1238 1968 1238 1969 77 1969 76 1969 1239 1970 80 1970 79 1970 82 1971 81 1971 1235 1971 1235 1972 81 1972 80 1972 1235 1973 80 1973 1240 1973 1241 1974 86 1974 85 1974 87 1975 84 1975 1242 1975 1242 1976 84 1976 83 1976 1242 1977 83 1977 1243 1977 1243 1978 83 1978 86 1978 1244 1979 88 1979 87 1979 88 1980 1245 1980 89 1980 89 1981 1245 1981 1246 1981 89 1982 1246 1982 90 1982 100 1983 92 1983 1247 1983 1247 1984 92 1984 91 1984 1247 1985 91 1985 1248 1985 1248 1986 91 1986 90 1986 101 1987 100 1987 964 1987 964 1988 100 1988 1247 1988 964 1989 1247 1989 963 1989 963 1990 1247 1990 1248 1990 963 1991 1248 1991 961 1991 961 1992 1248 1992 1249 1992 961 1993 1249 1993 957 1993 957 1994 1249 1994 958 1994 958 1995 1249 1995 960 1995 960 1996 1249 1996 1250 1996 960 1997 1250 1997 1251 1997 1252 1998 951 1998 1253 1998 1253 1999 951 1999 956 1999 1253 2000 956 2000 1254 2000 1254 2001 956 2001 954 2001 1254 2002 954 2002 1251 2002 1251 2003 954 2003 953 2003 1251 2004 953 2004 960 2004 944 2005 943 2005 1255 2005 1255 2006 943 2006 949 2006 1255 2007 949 2007 1252 2007 1252 2008 949 2008 952 2008 1252 2009 952 2009 951 2009 944 2010 1255 2010 946 2010 946 2011 1255 2011 1256 2011 946 2012 1256 2012 1234 2012 75 2013 817 2013 1236 2013 1236 2014 817 2014 816 2014 1236 2015 816 2015 1257 2015 1257 2016 816 2016 808 2016 1257 2017 808 2017 1258 2017 1258 2018 808 2018 807 2018 1258 2019 807 2019 1259 2019 1259 2020 807 2020 815 2020 1259 2021 815 2021 1260 2021 1260 2022 815 2022 814 2022 1260 2023 814 2023 1261 2023 1261 2024 814 2024 813 2024 1261 2025 813 2025 1262 2025 76 2026 1236 2026 1238 2026 1238 2027 1236 2027 1257 2027 1238 2028 1257 2028 1263 2028 1263 2029 1257 2029 1258 2029 1263 2030 1258 2030 1264 2030 1264 2031 1258 2031 1259 2031 1264 2032 1259 2032 1265 2032 1265 2033 1259 2033 1260 2033 1265 2034 1260 2034 1266 2034 1266 2035 1260 2035 1261 2035 1266 2036 1261 2036 1267 2036 1267 2037 1261 2037 1262 2037 1267 2038 1262 2038 1268 2038 79 2039 1237 2039 1239 2039 1239 2040 1237 2040 1238 2040 1239 2041 1238 2041 1269 2041 1269 2042 1238 2042 1263 2042 1269 2043 1263 2043 1270 2043 1270 2044 1263 2044 1264 2044 1270 2045 1264 2045 1271 2045 1271 2046 1264 2046 1265 2046 1271 2047 1265 2047 1272 2047 1272 2048 1265 2048 1266 2048 1272 2049 1266 2049 1273 2049 1273 2050 1266 2050 1267 2050 1273 2051 1267 2051 1274 2051 1274 2052 1267 2052 1268 2052 1274 2053 1268 2053 1275 2053 80 2054 1239 2054 1240 2054 1240 2055 1239 2055 1269 2055 1240 2056 1269 2056 1276 2056 1276 2057 1269 2057 1270 2057 1276 2058 1270 2058 1277 2058 1277 2059 1270 2059 1271 2059 1277 2060 1271 2060 1278 2060 1278 2061 1271 2061 1272 2061 1278 2062 1272 2062 1279 2062 1279 2063 1272 2063 1273 2063 1279 2064 1273 2064 1280 2064 1280 2065 1273 2065 1274 2065 1280 2066 1274 2066 1281 2066 1281 2067 1274 2067 1275 2067 1281 2068 1275 2068 1282 2068 85 2069 1235 2069 1241 2069 1241 2070 1235 2070 1240 2070 1241 2071 1240 2071 1283 2071 1283 2072 1240 2072 1276 2072 1283 2073 1276 2073 1284 2073 1284 2074 1276 2074 1277 2074 1284 2075 1277 2075 1285 2075 1285 2076 1277 2076 1278 2076 1285 2077 1278 2077 1286 2077 1286 2078 1278 2078 1279 2078 1286 2079 1279 2079 1287 2079 1287 2080 1279 2080 1280 2080 1287 2081 1280 2081 1288 2081 1288 2082 1280 2082 1281 2082 1288 2083 1281 2083 1289 2083 1289 2084 1281 2084 1282 2084 1289 2085 1282 2085 1290 2085 86 2086 1241 2086 1243 2086 1243 2087 1241 2087 1283 2087 1243 2088 1283 2088 1291 2088 1291 2089 1283 2089 1284 2089 1291 2090 1284 2090 1292 2090 1292 2091 1284 2091 1285 2091 1292 2092 1285 2092 1293 2092 1293 2093 1285 2093 1286 2093 1293 2094 1286 2094 1294 2094 1294 2095 1286 2095 1287 2095 1294 2096 1287 2096 1295 2096 1295 2097 1287 2097 1288 2097 1295 2098 1288 2098 1296 2098 1296 2099 1288 2099 1289 2099 1296 2100 1289 2100 1297 2100 1297 2101 1289 2101 1290 2101 1297 2102 1290 2102 1298 2102 87 2103 1242 2103 1244 2103 1244 2104 1242 2104 1243 2104 1244 2105 1243 2105 1299 2105 1299 2106 1243 2106 1291 2106 1299 2107 1291 2107 1300 2107 1300 2108 1291 2108 1292 2108 1300 2109 1292 2109 1301 2109 1301 2110 1292 2110 1293 2110 1301 2111 1293 2111 1302 2111 1302 2112 1293 2112 1294 2112 1302 2113 1294 2113 1303 2113 1303 2114 1294 2114 1295 2114 1303 2115 1295 2115 1304 2115 1304 2116 1295 2116 1296 2116 1304 2117 1296 2117 1305 2117 1305 2118 1296 2118 1297 2118 1305 2119 1297 2119 1306 2119 1306 2120 1297 2120 1298 2120 1306 2121 1298 2121 1307 2121 88 2122 1244 2122 1245 2122 1245 2123 1244 2123 1299 2123 1245 2124 1299 2124 1308 2124 1308 2125 1299 2125 1300 2125 1308 2126 1300 2126 1309 2126 1309 2127 1300 2127 1301 2127 1309 2128 1301 2128 1310 2128 1310 2129 1301 2129 1302 2129 1310 2130 1302 2130 1311 2130 1311 2131 1302 2131 1303 2131 1311 2132 1303 2132 1312 2132 1312 2133 1303 2133 1304 2133 1312 2134 1304 2134 1313 2134 1313 2135 1304 2135 1305 2135 1313 2136 1305 2136 1314 2136 1314 2137 1305 2137 1306 2137 1314 2138 1306 2138 1315 2138 1315 2139 1306 2139 1307 2139 1315 2140 1307 2140 1316 2140 90 2141 1246 2141 1248 2141 1248 2142 1246 2142 1245 2142 1248 2143 1245 2143 1249 2143 1249 2144 1245 2144 1308 2144 1249 2145 1308 2145 1250 2145 1250 2146 1308 2146 1309 2146 1250 2147 1309 2147 1251 2147 1251 2148 1309 2148 1310 2148 1251 2149 1310 2149 1254 2149 1254 2150 1310 2150 1311 2150 1254 2151 1311 2151 1253 2151 1253 2152 1311 2152 1312 2152 1253 2153 1312 2153 1252 2153 1252 2154 1312 2154 1313 2154 1252 2155 1313 2155 1255 2155 1255 2156 1313 2156 1314 2156 1255 2157 1314 2157 1256 2157 1256 2158 1314 2158 1315 2158 1256 2159 1315 2159 1234 2159 1234 2160 1315 2160 1316 2160 1234 2161 1316 2161 1317 2161 813 2162 809 2162 1262 2162 1262 2163 809 2163 1233 2163 1262 2164 1233 2164 1268 2164 1268 2165 1233 2165 1232 2165 1268 2166 1232 2166 1275 2166 1275 2167 1232 2167 1231 2167 1275 2168 1231 2168 1282 2168 1282 2169 1231 2169 1230 2169 1282 2170 1230 2170 1290 2170 1290 2171 1230 2171 1229 2171 1290 2172 1229 2172 1298 2172 1298 2173 1229 2173 1228 2173 1298 2174 1228 2174 1307 2174 1307 2175 1228 2175 1227 2175 1307 2176 1227 2176 1316 2176 1316 2177 1227 2177 1226 2177 1316 2178 1226 2178 1317 2178 1317 2179 1226 2179 1225 2179 1317 2180 1225 2180 924 2180 924 2181 939 2181 1317 2181 1317 2182 939 2182 942 2182 1317 2183 942 2183 1234 2183 1234 2184 942 2184 941 2184 1234 2185 941 2185 947 2185 865 2186 878 2186 1318 2186 865 2187 1318 2187 1319 2187 1319 2188 1318 2188 1320 2188 1319 2189 1320 2189 1321 2189 1321 2190 1320 2190 1322 2190 1321 2191 1322 2191 1323 2191 1323 2192 1322 2192 1324 2192 1323 2193 1324 2193 1325 2193 1325 2194 1324 2194 1326 2194 1325 2195 1326 2195 1327 2195 1327 2196 1326 2196 1328 2196 1327 2197 1328 2197 1329 2197 1329 2198 1328 2198 1330 2198 1329 2199 1330 2199 1331 2199 1331 2200 1330 2200 1332 2200 1331 2201 1332 2201 1333 2201 1333 2202 1332 2202 1334 2202 1333 2203 1334 2203 1335 2203 1335 2204 1334 2204 902 2204 1335 2205 902 2205 897 2205 878 2206 877 2206 1318 2206 1318 2207 877 2207 1336 2207 1318 2208 1336 2208 1320 2208 1320 2209 1336 2209 1337 2209 1320 2210 1337 2210 1322 2210 1322 2211 1337 2211 1338 2211 1322 2212 1338 2212 1324 2212 1324 2213 1338 2213 1339 2213 1324 2214 1339 2214 1326 2214 1326 2215 1339 2215 1340 2215 1326 2216 1340 2216 1328 2216 1328 2217 1340 2217 1341 2217 1328 2218 1341 2218 1330 2218 1330 2219 1341 2219 1342 2219 1330 2220 1342 2220 1332 2220 1332 2221 1342 2221 1343 2221 1332 2222 1343 2222 1334 2222 1334 2223 1343 2223 1344 2223 1334 2224 1344 2224 902 2224 902 2225 1344 2225 1061 2225 877 2226 876 2226 1336 2226 1336 2227 876 2227 1345 2227 1336 2228 1345 2228 1337 2228 1337 2229 1345 2229 1346 2229 1337 2230 1346 2230 1338 2230 1338 2231 1346 2231 1347 2231 1338 2232 1347 2232 1339 2232 1339 2233 1347 2233 1348 2233 1339 2234 1348 2234 1340 2234 1340 2235 1348 2235 1349 2235 1340 2236 1349 2236 1341 2236 1341 2237 1349 2237 1350 2237 1341 2238 1350 2238 1342 2238 1342 2239 1350 2239 1351 2239 1342 2240 1351 2240 1343 2240 1343 2241 1351 2241 1352 2241 1343 2242 1352 2242 1344 2242 1344 2243 1352 2243 1353 2243 1344 2244 1353 2244 1061 2244 1061 2245 1353 2245 1063 2245 876 2246 879 2246 1345 2246 1345 2247 879 2247 1354 2247 1345 2248 1354 2248 1346 2248 1346 2249 1354 2249 1355 2249 1346 2250 1355 2250 1347 2250 1347 2251 1355 2251 1356 2251 1347 2252 1356 2252 1348 2252 1348 2253 1356 2253 1357 2253 1348 2254 1357 2254 1349 2254 1349 2255 1357 2255 1358 2255 1349 2256 1358 2256 1350 2256 1350 2257 1358 2257 1359 2257 1350 2258 1359 2258 1351 2258 1351 2259 1359 2259 1360 2259 1351 2260 1360 2260 1352 2260 1352 2261 1360 2261 1361 2261 1352 2262 1361 2262 1353 2262 1353 2263 1361 2263 1362 2263 1353 2264 1362 2264 1063 2264 1063 2265 1362 2265 1065 2265 879 2266 884 2266 1354 2266 1354 2267 884 2267 1363 2267 1354 2268 1363 2268 1355 2268 1355 2269 1363 2269 1364 2269 1355 2270 1364 2270 1356 2270 1356 2271 1364 2271 1365 2271 1356 2272 1365 2272 1357 2272 1357 2273 1365 2273 1366 2273 1357 2274 1366 2274 1358 2274 1358 2275 1366 2275 1367 2275 1358 2276 1367 2276 1359 2276 1359 2277 1367 2277 1368 2277 1359 2278 1368 2278 1360 2278 1360 2279 1368 2279 1369 2279 1360 2280 1369 2280 1361 2280 1361 2281 1369 2281 1370 2281 1361 2282 1370 2282 1362 2282 1362 2283 1370 2283 1371 2283 1362 2284 1371 2284 1065 2284 1065 2285 1371 2285 1067 2285 884 2286 885 2286 1363 2286 1363 2287 885 2287 1372 2287 1363 2288 1372 2288 1364 2288 1364 2289 1372 2289 1373 2289 1364 2290 1373 2290 1365 2290 1365 2291 1373 2291 1374 2291 1365 2292 1374 2292 1366 2292 1366 2293 1374 2293 1375 2293 1366 2294 1375 2294 1367 2294 1367 2295 1375 2295 1376 2295 1367 2296 1376 2296 1368 2296 1368 2297 1376 2297 1377 2297 1368 2298 1377 2298 1369 2298 1369 2299 1377 2299 1378 2299 1369 2300 1378 2300 1370 2300 1370 2301 1378 2301 1379 2301 1370 2302 1379 2302 1371 2302 1371 2303 1379 2303 1380 2303 1371 2304 1380 2304 1067 2304 1067 2305 1380 2305 1069 2305 885 2306 883 2306 1372 2306 1372 2307 883 2307 1381 2307 1372 2308 1381 2308 1373 2308 1373 2309 1381 2309 1382 2309 1373 2310 1382 2310 1374 2310 1374 2311 1382 2311 1383 2311 1374 2312 1383 2312 1375 2312 1375 2313 1383 2313 1384 2313 1375 2314 1384 2314 1376 2314 1376 2315 1384 2315 1385 2315 1376 2316 1385 2316 1377 2316 1377 2317 1385 2317 1386 2317 1377 2318 1386 2318 1378 2318 1378 2319 1386 2319 1387 2319 1378 2320 1387 2320 1379 2320 1379 2321 1387 2321 1388 2321 1379 2322 1388 2322 1380 2322 1380 2323 1388 2323 1389 2323 1380 2324 1389 2324 1069 2324 1069 2325 1389 2325 1071 2325 883 2326 882 2326 1381 2326 1381 2327 882 2327 1390 2327 1381 2328 1390 2328 1382 2328 1382 2329 1390 2329 1391 2329 1382 2330 1391 2330 1383 2330 1383 2331 1391 2331 1392 2331 1383 2332 1392 2332 1384 2332 1384 2333 1392 2333 1393 2333 1384 2334 1393 2334 1385 2334 1385 2335 1393 2335 1394 2335 1385 2336 1394 2336 1386 2336 1386 2337 1394 2337 1395 2337 1386 2338 1395 2338 1387 2338 1387 2339 1395 2339 1396 2339 1387 2340 1396 2340 1388 2340 1388 2341 1396 2341 1397 2341 1388 2342 1397 2342 1389 2342 1389 2343 1397 2343 1398 2343 1389 2344 1398 2344 1071 2344 1071 2345 1398 2345 1073 2345 882 2346 881 2346 1390 2346 1390 2347 881 2347 1399 2347 1390 2348 1399 2348 1391 2348 1391 2349 1399 2349 1400 2349 1391 2350 1400 2350 1392 2350 1392 2351 1400 2351 1401 2351 1392 2352 1401 2352 1393 2352 1393 2353 1401 2353 1402 2353 1393 2354 1402 2354 1394 2354 1394 2355 1402 2355 1403 2355 1394 2356 1403 2356 1395 2356 1395 2357 1403 2357 1404 2357 1395 2358 1404 2358 1396 2358 1396 2359 1404 2359 1405 2359 1396 2360 1405 2360 1397 2360 1397 2361 1405 2361 1406 2361 1397 2362 1406 2362 1398 2362 1398 2363 1406 2363 1407 2363 1398 2364 1407 2364 1073 2364 1073 2365 1407 2365 1075 2365 881 2366 880 2366 1399 2366 1399 2367 880 2367 1408 2367 1399 2368 1408 2368 1400 2368 1400 2369 1408 2369 1409 2369 1400 2370 1409 2370 1401 2370 1401 2371 1409 2371 1410 2371 1401 2372 1410 2372 1402 2372 1402 2373 1410 2373 1411 2373 1402 2374 1411 2374 1403 2374 1403 2375 1411 2375 1412 2375 1403 2376 1412 2376 1404 2376 1404 2377 1412 2377 1413 2377 1404 2378 1413 2378 1405 2378 1405 2379 1413 2379 1414 2379 1405 2380 1414 2380 1406 2380 1406 2381 1414 2381 1415 2381 1406 2382 1415 2382 1407 2382 1407 2383 1415 2383 1416 2383 1407 2384 1416 2384 1075 2384 1075 2385 1416 2385 1077 2385 880 2386 869 2386 1408 2386 1408 2387 869 2387 1417 2387 1408 2388 1417 2388 1409 2388 1409 2389 1417 2389 1418 2389 1409 2390 1418 2390 1410 2390 1410 2391 1418 2391 1419 2391 1410 2392 1419 2392 1411 2392 1411 2393 1419 2393 1420 2393 1411 2394 1420 2394 1412 2394 1412 2395 1420 2395 1421 2395 1412 2396 1421 2396 1413 2396 1413 2397 1421 2397 1422 2397 1413 2398 1422 2398 1414 2398 1414 2399 1422 2399 1423 2399 1414 2400 1423 2400 1415 2400 1415 2401 1423 2401 1424 2401 1415 2402 1424 2402 1416 2402 1416 2403 1424 2403 1425 2403 1416 2404 1425 2404 1077 2404 1077 2405 1425 2405 925 2405 869 2406 868 2406 1426 2406 869 2407 1426 2407 1417 2407 1417 2408 1426 2408 1427 2408 1417 2409 1427 2409 1418 2409 1418 2410 1427 2410 1428 2410 1418 2411 1428 2411 1419 2411 1419 2412 1428 2412 1429 2412 1419 2413 1429 2413 1420 2413 1420 2414 1429 2414 1430 2414 1420 2415 1430 2415 1421 2415 1421 2416 1430 2416 1431 2416 1421 2417 1431 2417 1422 2417 1422 2418 1431 2418 1432 2418 1422 2419 1432 2419 1423 2419 1423 2420 1432 2420 1433 2420 1423 2421 1433 2421 1424 2421 1424 2422 1433 2422 1434 2422 1424 2423 1434 2423 1425 2423 1425 2424 1434 2424 926 2424 1425 2425 926 2425 925 2425 984 2426 926 2426 1434 2426 986 2427 985 2427 1435 2427 980 2428 982 2428 1436 2428 977 2429 976 2429 1437 2429 970 2430 1002 2430 1438 2430 22 2431 34 2431 1439 2431 28 2432 27 2432 1440 2432 1440 2433 27 2433 35 2433 1440 2434 35 2434 965 2434 965 2435 35 2435 37 2435 965 2436 37 2436 42 2436 34 2437 33 2437 1439 2437 1439 2438 33 2438 32 2438 1439 2439 32 2439 1441 2439 1441 2440 32 2440 1442 2440 17 2441 26 2441 1443 2441 1443 2442 26 2442 25 2442 1443 2443 25 2443 1444 2443 15 2444 21 2444 1445 2444 1445 2445 21 2445 20 2445 1445 2446 20 2446 1446 2446 870 2447 10 2447 15 2447 31 2448 30 2448 1447 2448 1447 2449 30 2449 28 2449 1447 2450 28 2450 1448 2450 1448 2451 28 2451 1440 2451 1448 2452 1440 2452 968 2452 968 2453 1440 2453 965 2453 1448 2454 968 2454 1449 2454 1448 2455 1449 2455 1447 2455 1447 2456 1449 2456 1442 2456 1447 2457 1442 2457 31 2457 31 2458 1442 2458 32 2458 1449 2459 1450 2459 1442 2459 1442 2460 1450 2460 1451 2460 1442 2461 1451 2461 1441 2461 1441 2462 1451 2462 1452 2462 1441 2463 1452 2463 1439 2463 1439 2464 1452 2464 1453 2464 1439 2465 1453 2465 22 2465 22 2466 1453 2466 1444 2466 22 2467 1444 2467 23 2467 23 2468 1444 2468 25 2468 970 2469 1438 2469 971 2469 968 2470 967 2470 1449 2470 1449 2471 967 2471 971 2471 1449 2472 971 2472 1450 2472 1450 2473 971 2473 1438 2473 1450 2474 1438 2474 1451 2474 1451 2475 1438 2475 1454 2475 1451 2476 1454 2476 1452 2476 1452 2477 1454 2477 1455 2477 1452 2478 1455 2478 1453 2478 1453 2479 1455 2479 1456 2479 1453 2480 1456 2480 1444 2480 1444 2481 1456 2481 1457 2481 1444 2482 1457 2482 1443 2482 1443 2483 1457 2483 1458 2483 1443 2484 1458 2484 17 2484 17 2485 1458 2485 1446 2485 17 2486 1446 2486 18 2486 18 2487 1446 2487 20 2487 975 2488 973 2488 1459 2488 1460 2489 1461 2489 1462 2489 1462 2490 1461 2490 1463 2490 1462 2491 1463 2491 1464 2491 1464 2492 1463 2492 1465 2492 1464 2493 1465 2493 1466 2493 1466 2494 1465 2494 1467 2494 1466 2495 1467 2495 1468 2495 1468 2496 1467 2496 1469 2496 1468 2497 1469 2497 1470 2497 1470 2498 1469 2498 1471 2498 1470 2499 1471 2499 1472 2499 1472 2500 1471 2500 1473 2500 1472 2501 1473 2501 1474 2501 1474 2502 1473 2502 1475 2502 1474 2503 1475 2503 1459 2503 1459 2504 1475 2504 1476 2504 1459 2505 1476 2505 975 2505 1459 2506 1477 2506 1474 2506 1474 2507 1477 2507 1478 2507 1474 2508 1478 2508 1472 2508 1472 2509 1478 2509 1479 2509 1472 2510 1479 2510 1470 2510 1470 2511 1479 2511 1480 2511 1470 2512 1480 2512 1468 2512 1468 2513 1480 2513 1481 2513 1468 2514 1481 2514 1466 2514 1466 2515 1481 2515 1482 2515 1466 2516 1482 2516 1464 2516 1464 2517 1482 2517 1483 2517 1464 2518 1483 2518 1462 2518 1462 2519 1483 2519 1484 2519 1462 2520 1484 2520 1460 2520 1460 2521 1484 2521 1485 2521 977 2522 1437 2522 979 2522 973 2523 972 2523 1459 2523 1459 2524 972 2524 979 2524 1459 2525 979 2525 1477 2525 1477 2526 979 2526 1437 2526 1477 2527 1437 2527 1478 2527 1478 2528 1437 2528 1486 2528 1478 2529 1486 2529 1479 2529 1479 2530 1486 2530 1487 2530 1479 2531 1487 2531 1480 2531 1480 2532 1487 2532 1488 2532 1480 2533 1488 2533 1481 2533 1481 2534 1488 2534 1489 2534 1481 2535 1489 2535 1482 2535 1482 2536 1489 2536 1490 2536 1482 2537 1490 2537 1483 2537 1483 2538 1490 2538 1491 2538 1483 2539 1491 2539 1484 2539 1484 2540 1491 2540 1492 2540 1484 2541 1492 2541 1485 2541 1485 2542 1492 2542 1493 2542 976 2543 980 2543 1437 2543 1437 2544 980 2544 1436 2544 1437 2545 1436 2545 1486 2545 1486 2546 1436 2546 1494 2546 1486 2547 1494 2547 1487 2547 1487 2548 1494 2548 1495 2548 1487 2549 1495 2549 1488 2549 1488 2550 1495 2550 1496 2550 1488 2551 1496 2551 1489 2551 1489 2552 1496 2552 1497 2552 1489 2553 1497 2553 1490 2553 1490 2554 1497 2554 1498 2554 1490 2555 1498 2555 1491 2555 1491 2556 1498 2556 1499 2556 1491 2557 1499 2557 1492 2557 1492 2558 1499 2558 1500 2558 1492 2559 1500 2559 1493 2559 1493 2560 1500 2560 1501 2560 982 2561 983 2561 1436 2561 1436 2562 983 2562 1502 2562 1436 2563 1502 2563 1494 2563 1494 2564 1502 2564 1503 2564 1494 2565 1503 2565 1495 2565 1495 2566 1503 2566 1504 2566 1495 2567 1504 2567 1496 2567 1496 2568 1504 2568 1505 2568 1496 2569 1505 2569 1497 2569 1497 2570 1505 2570 1506 2570 1497 2571 1506 2571 1498 2571 1498 2572 1506 2572 1507 2572 1498 2573 1507 2573 1499 2573 1499 2574 1507 2574 1508 2574 1499 2575 1508 2575 1500 2575 1500 2576 1508 2576 1509 2576 1500 2577 1509 2577 1501 2577 1501 2578 1509 2578 1510 2578 983 2579 986 2579 1502 2579 1502 2580 986 2580 1435 2580 1502 2581 1435 2581 1503 2581 1503 2582 1435 2582 1511 2582 1503 2583 1511 2583 1504 2583 1504 2584 1511 2584 1512 2584 1504 2585 1512 2585 1505 2585 1505 2586 1512 2586 1513 2586 1505 2587 1513 2587 1506 2587 1506 2588 1513 2588 1514 2588 1506 2589 1514 2589 1507 2589 1507 2590 1514 2590 1515 2590 1507 2591 1515 2591 1508 2591 1508 2592 1515 2592 1516 2592 1508 2593 1516 2593 1509 2593 1509 2594 1516 2594 1517 2594 1509 2595 1517 2595 1510 2595 1510 2596 1517 2596 1518 2596 1426 2597 1518 2597 1427 2597 1427 2598 1518 2598 1517 2598 1427 2599 1517 2599 1428 2599 1428 2600 1517 2600 1516 2600 1428 2601 1516 2601 1429 2601 1429 2602 1516 2602 1515 2602 1429 2603 1515 2603 1430 2603 1430 2604 1515 2604 1514 2604 1430 2605 1514 2605 1431 2605 1431 2606 1514 2606 1513 2606 1431 2607 1513 2607 1432 2607 1432 2608 1513 2608 1512 2608 1432 2609 1512 2609 1433 2609 1433 2610 1512 2610 1511 2610 1433 2611 1511 2611 1434 2611 1434 2612 1511 2612 1435 2612 1434 2613 1435 2613 984 2613 984 2614 1435 2614 985 2614 1002 2615 975 2615 1438 2615 1438 2616 975 2616 1476 2616 1438 2617 1476 2617 1454 2617 1454 2618 1476 2618 1475 2618 1454 2619 1475 2619 1455 2619 1455 2620 1475 2620 1473 2620 1455 2621 1473 2621 1456 2621 1456 2622 1473 2622 1471 2622 1456 2623 1471 2623 1457 2623 1457 2624 1471 2624 1469 2624 1457 2625 1469 2625 1458 2625 1458 2626 1469 2626 1467 2626 1458 2627 1467 2627 1446 2627 1446 2628 1467 2628 1465 2628 1446 2629 1465 2629 1445 2629 1445 2630 1465 2630 1463 2630 1445 2631 1463 2631 15 2631 15 2632 1463 2632 1461 2632 15 2633 1461 2633 870 2633 870 2634 1461 2634 1460 2634 870 2635 1460 2635 871 2635 871 2636 1460 2636 1485 2636 871 2637 1485 2637 872 2637 872 2638 1485 2638 1493 2638 872 2639 1493 2639 873 2639 873 2640 1493 2640 1501 2640 873 2641 1501 2641 874 2641 874 2642 1501 2642 1510 2642 874 2643 1510 2643 875 2643 875 2644 1510 2644 1518 2644 875 2645 1518 2645 867 2645 867 2646 1518 2646 1426 2646 867 2647 1426 2647 868 2647 886 2648 888 2648 1519 2648 886 2649 1519 2649 1520 2649 1520 2650 1519 2650 1521 2650 1520 2651 1521 2651 1522 2651 1522 2652 1521 2652 1523 2652 1522 2653 1523 2653 1524 2653 1524 2654 1523 2654 1525 2654 1524 2655 1525 2655 1526 2655 1526 2656 1525 2656 1527 2656 1526 2657 1527 2657 1528 2657 1528 2658 1527 2658 1529 2658 1528 2659 1529 2659 1530 2659 1531 2660 1532 2660 1533 2660 1533 2661 1534 2661 1531 2661 1531 2662 1534 2662 1535 2662 1531 2663 1535 2663 1529 2663 1529 2664 1535 2664 1536 2664 1529 2665 1536 2665 1530 2665 1537 2666 839 2666 838 2666 838 2667 1538 2667 1537 2667 1537 2668 1538 2668 1539 2668 1537 2669 1539 2669 1532 2669 1532 2670 1539 2670 1540 2670 1532 2671 1540 2671 1533 2671 1541 2672 1542 2672 1543 2672 1543 2673 1544 2673 1541 2673 1541 2674 1544 2674 1545 2674 1541 2675 1545 2675 843 2675 843 2676 1545 2676 1546 2676 843 2677 1546 2677 841 2677 1547 2678 1548 2678 1549 2678 1549 2679 1548 2679 1550 2679 1549 2680 1550 2680 1542 2680 1542 2681 1550 2681 1551 2681 1542 2682 1551 2682 1543 2682 1549 2683 1552 2683 1547 2683 1547 2684 1552 2684 1553 2684 1547 2685 1553 2685 1554 2685 1554 2686 1553 2686 1555 2686 1554 2687 1555 2687 1556 2687 1556 2688 1555 2688 1557 2688 1556 2689 1557 2689 1558 2689 1558 2690 1557 2690 1559 2690 1558 2691 1559 2691 1560 2691 1560 2692 1559 2692 1561 2692 1560 2693 1561 2693 1562 2693 1562 2694 1561 2694 895 2694 1562 2695 895 2695 901 2695 901 2696 886 2696 1520 2696 901 2697 1520 2697 1562 2697 1562 2698 1520 2698 1522 2698 1562 2699 1522 2699 1560 2699 1560 2700 1522 2700 1524 2700 1560 2701 1524 2701 1558 2701 1558 2702 1524 2702 1526 2702 1558 2703 1526 2703 1556 2703 1556 2704 1526 2704 1528 2704 1556 2705 1528 2705 1554 2705 1554 2706 1528 2706 1530 2706 1554 2707 1530 2707 1547 2707 1536 2708 1535 2708 1550 2708 1536 2709 1550 2709 1530 2709 1530 2710 1550 2710 1548 2710 1530 2711 1548 2711 1547 2711 1534 2712 1533 2712 1543 2712 1534 2713 1543 2713 1535 2713 1535 2714 1543 2714 1551 2714 1535 2715 1551 2715 1550 2715 1540 2716 1539 2716 1545 2716 1540 2717 1545 2717 1533 2717 1533 2718 1545 2718 1544 2718 1533 2719 1544 2719 1543 2719 1538 2720 838 2720 841 2720 1538 2721 841 2721 1539 2721 1539 2722 841 2722 1546 2722 1539 2723 1546 2723 1545 2723 1563 2724 1564 2724 1565 2724 1565 2725 1564 2725 1566 2725 1565 2726 1566 2726 1567 2726 1568 2727 1569 2727 906 2727 906 2728 1569 2728 904 2728 905 2729 895 2729 1561 2729 1549 2730 1542 2730 905 2730 1561 2731 1559 2731 905 2731 905 2732 1559 2732 1557 2732 905 2733 1557 2733 1555 2733 1555 2734 1553 2734 905 2734 905 2735 1553 2735 1552 2735 905 2736 1552 2736 1549 2736 844 2737 1570 2737 843 2737 843 2738 1570 2738 905 2738 843 2739 905 2739 1541 2739 1541 2740 905 2740 1542 2740 1529 2741 1527 2741 890 2741 890 2742 1527 2742 1525 2742 890 2743 1525 2743 1523 2743 1537 2744 1532 2744 890 2744 890 2745 1532 2745 1531 2745 890 2746 1531 2746 1529 2746 1523 2747 1521 2747 890 2747 890 2748 1521 2748 1519 2748 890 2749 1519 2749 888 2749 1571 2750 840 2750 890 2750 890 2751 840 2751 839 2751 890 2752 839 2752 1537 2752 892 2753 891 2753 1572 2753 1572 2754 891 2754 1573 2754 1574 2755 1575 2755 1576 2755 1576 2756 1575 2756 1577 2756 1576 2757 1577 2757 1578 2757 383 2758 382 2758 1579 2758 383 2759 1579 2759 1580 2759 1580 2760 1579 2760 1581 2760 1580 2761 1581 2761 1582 2761 1582 2762 1581 2762 1583 2762 1582 2763 1583 2763 1584 2763 1584 2764 1583 2764 1585 2764 1584 2765 1585 2765 1586 2765 1586 2766 1585 2766 1587 2766 1586 2767 1587 2767 1588 2767 1588 2768 1587 2768 1589 2768 1588 2769 1589 2769 1590 2769 1590 2770 1589 2770 1591 2770 1590 2771 1591 2771 1592 2771 1592 2772 1591 2772 1593 2772 1592 2773 1593 2773 1594 2773 1594 2774 1593 2774 1595 2774 1594 2775 1595 2775 1596 2775 1596 2776 1595 2776 1597 2776 1596 2777 1597 2777 1598 2777 1598 2778 1597 2778 1599 2778 1598 2779 1599 2779 1600 2779 1600 2780 1599 2780 805 2780 1600 2781 805 2781 803 2781 1084 2782 1088 2782 1601 2782 1089 2783 1090 2783 1602 2783 1091 2784 1092 2784 1603 2784 1093 2785 1094 2785 1604 2785 1095 2786 1096 2786 1605 2786 1097 2787 126 2787 1606 2787 1607 2788 1608 2788 1609 2788 370 2789 372 2789 1610 2789 1610 2790 372 2790 1607 2790 1610 2791 1607 2791 1611 2791 1611 2792 1607 2792 1609 2792 1612 2793 1613 2793 1614 2793 1614 2794 1613 2794 1615 2794 1614 2795 1615 2795 1608 2795 1608 2796 1615 2796 1616 2796 1608 2797 1616 2797 1609 2797 1617 2798 1618 2798 1619 2798 1619 2799 1618 2799 1620 2799 1619 2800 1620 2800 1621 2800 1621 2801 1620 2801 1622 2801 1621 2802 1622 2802 1623 2802 1623 2803 1622 2803 1624 2803 1623 2804 1624 2804 1612 2804 1612 2805 1624 2805 1625 2805 1612 2806 1625 2806 1613 2806 1626 2807 1627 2807 1628 2807 1628 2808 1627 2808 1629 2808 1628 2809 1629 2809 1617 2809 1617 2810 1629 2810 1630 2810 1617 2811 1630 2811 1618 2811 1096 2812 1097 2812 1605 2812 1605 2813 1097 2813 1606 2813 1605 2814 1606 2814 1626 2814 1626 2815 1606 2815 1631 2815 1626 2816 1631 2816 1627 2816 1094 2817 1095 2817 1604 2817 1604 2818 1095 2818 1605 2818 1604 2819 1605 2819 1632 2819 1632 2820 1605 2820 1626 2820 1632 2821 1626 2821 1633 2821 1633 2822 1626 2822 1628 2822 1633 2823 1628 2823 1634 2823 1634 2824 1628 2824 1617 2824 1634 2825 1617 2825 1635 2825 1635 2826 1617 2826 1619 2826 1635 2827 1619 2827 1636 2827 1636 2828 1619 2828 1621 2828 1636 2829 1621 2829 1637 2829 1637 2830 1621 2830 1623 2830 1637 2831 1623 2831 1638 2831 1638 2832 1623 2832 1612 2832 1638 2833 1612 2833 1639 2833 1639 2834 1612 2834 1614 2834 1639 2835 1614 2835 1640 2835 1640 2836 1614 2836 1608 2836 1640 2837 1608 2837 1641 2837 1641 2838 1608 2838 1607 2838 1641 2839 1607 2839 390 2839 390 2840 1607 2840 372 2840 1092 2841 1093 2841 1603 2841 1603 2842 1093 2842 1604 2842 1603 2843 1604 2843 1642 2843 1642 2844 1604 2844 1632 2844 1642 2845 1632 2845 1643 2845 1643 2846 1632 2846 1633 2846 1643 2847 1633 2847 1644 2847 1644 2848 1633 2848 1634 2848 1644 2849 1634 2849 1645 2849 1645 2850 1634 2850 1635 2850 1645 2851 1635 2851 1646 2851 1646 2852 1635 2852 1636 2852 1646 2853 1636 2853 1647 2853 1647 2854 1636 2854 1637 2854 1647 2855 1637 2855 1648 2855 1648 2856 1637 2856 1638 2856 1648 2857 1638 2857 1649 2857 1649 2858 1638 2858 1639 2858 1649 2859 1639 2859 1650 2859 1650 2860 1639 2860 1640 2860 1650 2861 1640 2861 1651 2861 1651 2862 1640 2862 1641 2862 1651 2863 1641 2863 389 2863 389 2864 1641 2864 390 2864 1090 2865 1091 2865 1602 2865 1602 2866 1091 2866 1603 2866 1602 2867 1603 2867 1652 2867 1652 2868 1603 2868 1642 2868 1652 2869 1642 2869 1653 2869 1653 2870 1642 2870 1643 2870 1653 2871 1643 2871 1654 2871 1654 2872 1643 2872 1644 2872 1654 2873 1644 2873 1655 2873 1655 2874 1644 2874 1645 2874 1655 2875 1645 2875 1656 2875 1656 2876 1645 2876 1646 2876 1656 2877 1646 2877 1657 2877 1657 2878 1646 2878 1647 2878 1657 2879 1647 2879 1658 2879 1658 2880 1647 2880 1648 2880 1658 2881 1648 2881 1659 2881 1659 2882 1648 2882 1649 2882 1659 2883 1649 2883 1660 2883 1660 2884 1649 2884 1650 2884 1660 2885 1650 2885 1661 2885 1661 2886 1650 2886 1651 2886 1661 2887 1651 2887 378 2887 378 2888 1651 2888 389 2888 1088 2889 1089 2889 1601 2889 1601 2890 1089 2890 1602 2890 1601 2891 1602 2891 1662 2891 1662 2892 1602 2892 1652 2892 1662 2893 1652 2893 1663 2893 1663 2894 1652 2894 1653 2894 1663 2895 1653 2895 1664 2895 1664 2896 1653 2896 1654 2896 1664 2897 1654 2897 1665 2897 1665 2898 1654 2898 1655 2898 1665 2899 1655 2899 1666 2899 1666 2900 1655 2900 1656 2900 1666 2901 1656 2901 1667 2901 1667 2902 1656 2902 1657 2902 1667 2903 1657 2903 1668 2903 1668 2904 1657 2904 1658 2904 1668 2905 1658 2905 1669 2905 1669 2906 1658 2906 1659 2906 1669 2907 1659 2907 1670 2907 1670 2908 1659 2908 1660 2908 1670 2909 1660 2909 1671 2909 1671 2910 1660 2910 1661 2910 1671 2911 1661 2911 377 2911 377 2912 1661 2912 378 2912 1085 2913 1084 2913 1672 2913 1672 2914 1084 2914 1601 2914 1672 2915 1601 2915 1673 2915 1673 2916 1601 2916 1662 2916 1673 2917 1662 2917 1674 2917 1674 2918 1662 2918 1663 2918 1674 2919 1663 2919 1675 2919 1675 2920 1663 2920 1664 2920 1675 2921 1664 2921 1676 2921 1676 2922 1664 2922 1665 2922 1676 2923 1665 2923 1677 2923 1677 2924 1665 2924 1666 2924 1677 2925 1666 2925 1678 2925 1678 2926 1666 2926 1667 2926 1678 2927 1667 2927 1679 2927 1679 2928 1667 2928 1668 2928 1679 2929 1668 2929 1680 2929 1680 2930 1668 2930 1669 2930 1680 2931 1669 2931 1681 2931 1681 2932 1669 2932 1670 2932 1681 2933 1670 2933 1682 2933 1682 2934 1670 2934 1671 2934 1682 2935 1671 2935 388 2935 388 2936 1671 2936 377 2936 388 2937 387 2937 1682 2937 1682 2938 387 2938 1683 2938 1682 2939 1683 2939 1681 2939 1681 2940 1683 2940 1684 2940 1681 2941 1684 2941 1680 2941 1680 2942 1684 2942 1685 2942 1680 2943 1685 2943 1679 2943 1679 2944 1685 2944 1686 2944 1679 2945 1686 2945 1678 2945 1678 2946 1686 2946 1687 2946 1678 2947 1687 2947 1677 2947 1677 2948 1687 2948 1688 2948 1677 2949 1688 2949 1676 2949 1676 2950 1688 2950 1689 2950 1676 2951 1689 2951 1675 2951 1675 2952 1689 2952 1690 2952 1675 2953 1690 2953 1674 2953 1674 2954 1690 2954 1691 2954 1674 2955 1691 2955 1673 2955 1673 2956 1691 2956 1692 2956 1673 2957 1692 2957 1672 2957 1672 2958 1692 2958 1693 2958 1672 2959 1693 2959 1085 2959 1082 2960 1087 2960 1693 2960 1693 2961 1087 2961 1086 2961 1693 2962 1086 2962 1085 2962 380 2963 379 2963 1694 2963 1694 2964 379 2964 1695 2964 1694 2965 1695 2965 1696 2965 1696 2966 1695 2966 1697 2966 1696 2967 1697 2967 1698 2967 1698 2968 1697 2968 1699 2968 1698 2969 1699 2969 1700 2969 1700 2970 1699 2970 1701 2970 1700 2971 1701 2971 1702 2971 1702 2972 1701 2972 1703 2972 1702 2973 1703 2973 1704 2973 1704 2974 1703 2974 1705 2974 1704 2975 1705 2975 1706 2975 1706 2976 1705 2976 1707 2976 1706 2977 1707 2977 1708 2977 1708 2978 1707 2978 1709 2978 1708 2979 1709 2979 1710 2979 1710 2980 1709 2980 1711 2980 1710 2981 1711 2981 1712 2981 1712 2982 1711 2982 1713 2982 1712 2983 1713 2983 1714 2983 1714 2984 1713 2984 1715 2984 379 2985 386 2985 1695 2985 1695 2986 386 2986 1716 2986 1695 2987 1716 2987 1697 2987 1697 2988 1716 2988 1717 2988 1697 2989 1717 2989 1699 2989 1699 2990 1717 2990 1718 2990 1699 2991 1718 2991 1701 2991 1701 2992 1718 2992 1719 2992 1701 2993 1719 2993 1703 2993 1703 2994 1719 2994 1720 2994 1703 2995 1720 2995 1705 2995 1705 2996 1720 2996 1721 2996 1705 2997 1721 2997 1707 2997 1707 2998 1721 2998 1722 2998 1707 2999 1722 2999 1709 2999 1709 3000 1722 3000 1723 3000 1709 3001 1723 3001 1711 3001 1711 3002 1723 3002 1724 3002 1711 3003 1724 3003 1713 3003 1713 3004 1724 3004 1725 3004 1713 3005 1725 3005 1715 3005 1715 3006 1725 3006 1726 3006 386 3007 385 3007 1716 3007 1716 3008 385 3008 1727 3008 1716 3009 1727 3009 1717 3009 1717 3010 1727 3010 1728 3010 1717 3011 1728 3011 1718 3011 1718 3012 1728 3012 1729 3012 1718 3013 1729 3013 1719 3013 1719 3014 1729 3014 1730 3014 1719 3015 1730 3015 1720 3015 1720 3016 1730 3016 1731 3016 1720 3017 1731 3017 1721 3017 1721 3018 1731 3018 1732 3018 1721 3019 1732 3019 1722 3019 1722 3020 1732 3020 1733 3020 1722 3021 1733 3021 1723 3021 1723 3022 1733 3022 1734 3022 1723 3023 1734 3023 1724 3023 1724 3024 1734 3024 1735 3024 1724 3025 1735 3025 1725 3025 1725 3026 1735 3026 1736 3026 1725 3027 1736 3027 1726 3027 1726 3028 1736 3028 1737 3028 385 3029 384 3029 1727 3029 1727 3030 384 3030 1738 3030 1727 3031 1738 3031 1728 3031 1728 3032 1738 3032 1739 3032 1728 3033 1739 3033 1729 3033 1729 3034 1739 3034 1740 3034 1729 3035 1740 3035 1730 3035 1730 3036 1740 3036 1741 3036 1730 3037 1741 3037 1731 3037 1731 3038 1741 3038 1742 3038 1731 3039 1742 3039 1732 3039 1732 3040 1742 3040 1743 3040 1732 3041 1743 3041 1733 3041 1733 3042 1743 3042 1744 3042 1733 3043 1744 3043 1734 3043 1734 3044 1744 3044 1745 3044 1734 3045 1745 3045 1735 3045 1735 3046 1745 3046 1746 3046 1735 3047 1746 3047 1736 3047 1736 3048 1746 3048 1747 3048 1736 3049 1747 3049 1737 3049 1737 3050 1747 3050 1748 3050 1600 3051 1748 3051 1598 3051 1598 3052 1748 3052 1747 3052 1598 3053 1747 3053 1596 3053 1596 3054 1747 3054 1746 3054 1596 3055 1746 3055 1594 3055 1594 3056 1746 3056 1745 3056 1594 3057 1745 3057 1592 3057 1592 3058 1745 3058 1744 3058 1592 3059 1744 3059 1590 3059 1590 3060 1744 3060 1743 3060 1590 3061 1743 3061 1588 3061 1588 3062 1743 3062 1742 3062 1588 3063 1742 3063 1586 3063 1586 3064 1742 3064 1741 3064 1586 3065 1741 3065 1584 3065 1584 3066 1741 3066 1740 3066 1584 3067 1740 3067 1582 3067 1582 3068 1740 3068 1739 3068 1582 3069 1739 3069 1580 3069 1580 3070 1739 3070 1738 3070 1580 3071 1738 3071 383 3071 383 3072 1738 3072 384 3072 387 3073 380 3073 1683 3073 1683 3074 380 3074 1694 3074 1683 3075 1694 3075 1684 3075 1684 3076 1694 3076 1696 3076 1684 3077 1696 3077 1685 3077 1685 3078 1696 3078 1698 3078 1685 3079 1698 3079 1686 3079 1686 3080 1698 3080 1700 3080 1686 3081 1700 3081 1687 3081 1687 3082 1700 3082 1702 3082 1687 3083 1702 3083 1688 3083 1688 3084 1702 3084 1704 3084 1688 3085 1704 3085 1689 3085 1689 3086 1704 3086 1706 3086 1689 3087 1706 3087 1690 3087 1690 3088 1706 3088 1708 3088 1690 3089 1708 3089 1691 3089 1691 3090 1708 3090 1710 3090 1691 3091 1710 3091 1692 3091 1692 3092 1710 3092 1712 3092 1692 3093 1712 3093 1693 3093 1693 3094 1712 3094 1714 3094 1693 3095 1714 3095 1082 3095 1082 3096 1714 3096 1715 3096 1082 3097 1715 3097 1083 3097 1083 3098 1715 3098 1726 3098 1083 3099 1726 3099 1079 3099 1079 3100 1726 3100 1737 3100 1079 3101 1737 3101 1080 3101 1080 3102 1737 3102 1748 3102 1080 3103 1748 3103 1081 3103 1081 3104 1748 3104 1600 3104 1081 3105 1600 3105 803 3105 116 3106 479 3106 1749 3106 1750 3107 1627 3107 1631 3107 479 3108 478 3108 1751 3108 1627 3109 1750 3109 1629 3109 478 3110 477 3110 1752 3110 477 3111 476 3111 1753 3111 1754 3112 1622 3112 1620 3112 476 3113 487 3113 1755 3113 487 3114 484 3114 1756 3114 1757 3115 1613 3115 1625 3115 484 3116 483 3116 1758 3116 1613 3117 1757 3117 1615 3117 483 3118 485 3118 1759 3118 1760 3119 486 3119 338 3119 338 3120 340 3120 1760 3120 1760 3121 340 3121 342 3121 1760 3122 342 3122 1761 3122 342 3123 344 3123 1761 3123 1761 3124 344 3124 346 3124 1761 3125 346 3125 1762 3125 1762 3126 346 3126 348 3126 1762 3127 348 3127 1763 3127 348 3128 350 3128 1763 3128 1763 3129 350 3129 352 3129 1763 3130 352 3130 1764 3130 352 3131 354 3131 1764 3131 1764 3132 354 3132 356 3132 1764 3133 356 3133 1765 3133 1765 3134 356 3134 358 3134 1765 3135 358 3135 360 3135 1766 3136 1767 3136 362 3136 362 3137 364 3137 1766 3137 1766 3138 364 3138 366 3138 1766 3139 366 3139 1768 3139 1768 3140 366 3140 368 3140 1768 3141 368 3141 370 3141 485 3142 486 3142 1759 3142 1759 3143 486 3143 1760 3143 1759 3144 1760 3144 1769 3144 1769 3145 1760 3145 1761 3145 1769 3146 1761 3146 1770 3146 1770 3147 1761 3147 1762 3147 1770 3148 1762 3148 1771 3148 1771 3149 1762 3149 1763 3149 1771 3150 1763 3150 1772 3150 1772 3151 1763 3151 1764 3151 1772 3152 1764 3152 1773 3152 1773 3153 1764 3153 1765 3153 1773 3154 1765 3154 1767 3154 1767 3155 1765 3155 360 3155 1767 3156 360 3156 362 3156 1768 3157 1774 3157 1766 3157 1766 3158 1774 3158 1775 3158 1766 3159 1775 3159 1767 3159 1767 3160 1775 3160 1776 3160 1767 3161 1776 3161 1773 3161 370 3162 1610 3162 1768 3162 1768 3163 1610 3163 1611 3163 1768 3164 1611 3164 1774 3164 1774 3165 1611 3165 1609 3165 1774 3166 1609 3166 1616 3166 483 3167 1759 3167 1758 3167 1758 3168 1759 3168 1769 3168 1758 3169 1769 3169 1777 3169 1777 3170 1769 3170 1770 3170 1777 3171 1770 3171 1778 3171 1778 3172 1770 3172 1771 3172 1778 3173 1771 3173 1779 3173 1779 3174 1771 3174 1772 3174 1779 3175 1772 3175 1780 3175 1780 3176 1772 3176 1773 3176 1780 3177 1773 3177 1781 3177 1781 3178 1773 3178 1776 3178 1781 3179 1776 3179 1782 3179 1782 3180 1776 3180 1775 3180 1782 3181 1775 3181 1783 3181 1783 3182 1775 3182 1774 3182 1783 3183 1774 3183 1757 3183 1757 3184 1774 3184 1616 3184 1757 3185 1616 3185 1615 3185 487 3186 1756 3186 1755 3186 1755 3187 1756 3187 1784 3187 1755 3188 1784 3188 1785 3188 1785 3189 1784 3189 1786 3189 1785 3190 1786 3190 1787 3190 1787 3191 1786 3191 1788 3191 1787 3192 1788 3192 1789 3192 1789 3193 1788 3193 1790 3193 1789 3194 1790 3194 1791 3194 1791 3195 1790 3195 1792 3195 1791 3196 1792 3196 1793 3196 1793 3197 1792 3197 1794 3197 1793 3198 1794 3198 1795 3198 1795 3199 1794 3199 1796 3199 1795 3200 1796 3200 1797 3200 1797 3201 1796 3201 1798 3201 1797 3202 1798 3202 1754 3202 484 3203 1758 3203 1756 3203 1756 3204 1758 3204 1777 3204 1756 3205 1777 3205 1784 3205 1784 3206 1777 3206 1778 3206 1784 3207 1778 3207 1786 3207 1786 3208 1778 3208 1779 3208 1786 3209 1779 3209 1788 3209 1788 3210 1779 3210 1780 3210 1788 3211 1780 3211 1790 3211 1790 3212 1780 3212 1781 3212 1790 3213 1781 3213 1792 3213 1792 3214 1781 3214 1782 3214 1792 3215 1782 3215 1794 3215 1794 3216 1782 3216 1783 3216 1794 3217 1783 3217 1796 3217 1796 3218 1783 3218 1757 3218 1796 3219 1757 3219 1798 3219 1798 3220 1757 3220 1625 3220 1798 3221 1625 3221 1754 3221 1754 3222 1625 3222 1624 3222 1754 3223 1624 3223 1622 3223 477 3224 1753 3224 1752 3224 1752 3225 1753 3225 1799 3225 1752 3226 1799 3226 1800 3226 1800 3227 1799 3227 1801 3227 1800 3228 1801 3228 1802 3228 1802 3229 1801 3229 1803 3229 1802 3230 1803 3230 1804 3230 1804 3231 1803 3231 1805 3231 1804 3232 1805 3232 1806 3232 1806 3233 1805 3233 1807 3233 1806 3234 1807 3234 1808 3234 1808 3235 1807 3235 1809 3235 1808 3236 1809 3236 1810 3236 1810 3237 1809 3237 1811 3237 1810 3238 1811 3238 1812 3238 1812 3239 1811 3239 1813 3239 1812 3240 1813 3240 1814 3240 476 3241 1755 3241 1753 3241 1753 3242 1755 3242 1785 3242 1753 3243 1785 3243 1799 3243 1799 3244 1785 3244 1787 3244 1799 3245 1787 3245 1801 3245 1801 3246 1787 3246 1789 3246 1801 3247 1789 3247 1803 3247 1803 3248 1789 3248 1791 3248 1803 3249 1791 3249 1805 3249 1805 3250 1791 3250 1793 3250 1805 3251 1793 3251 1807 3251 1807 3252 1793 3252 1795 3252 1807 3253 1795 3253 1809 3253 1809 3254 1795 3254 1797 3254 1809 3255 1797 3255 1811 3255 1811 3256 1797 3256 1754 3256 1811 3257 1754 3257 1813 3257 1813 3258 1754 3258 1620 3258 1813 3259 1620 3259 1814 3259 1814 3260 1620 3260 1618 3260 1814 3261 1618 3261 1630 3261 478 3262 1752 3262 1751 3262 1751 3263 1752 3263 1800 3263 1751 3264 1800 3264 1815 3264 1815 3265 1800 3265 1802 3265 1815 3266 1802 3266 1816 3266 1816 3267 1802 3267 1804 3267 1816 3268 1804 3268 1817 3268 1817 3269 1804 3269 1806 3269 1817 3270 1806 3270 1818 3270 1818 3271 1806 3271 1808 3271 1818 3272 1808 3272 1819 3272 1819 3273 1808 3273 1810 3273 1819 3274 1810 3274 1820 3274 1820 3275 1810 3275 1812 3275 1820 3276 1812 3276 1821 3276 1821 3277 1812 3277 1814 3277 1821 3278 1814 3278 1750 3278 1750 3279 1814 3279 1630 3279 1750 3280 1630 3280 1629 3280 116 3281 1749 3281 117 3281 117 3282 1749 3282 1822 3282 117 3283 1822 3283 118 3283 118 3284 1822 3284 1823 3284 118 3285 1823 3285 128 3285 128 3286 1823 3286 1824 3286 128 3287 1824 3287 129 3287 129 3288 1824 3288 1825 3288 129 3289 1825 3289 121 3289 121 3290 1825 3290 1826 3290 121 3291 1826 3291 122 3291 122 3292 1826 3292 1827 3292 122 3293 1827 3293 123 3293 123 3294 1827 3294 1828 3294 123 3295 1828 3295 124 3295 124 3296 1828 3296 1829 3296 124 3297 1829 3297 125 3297 479 3298 1751 3298 1749 3298 1749 3299 1751 3299 1815 3299 1749 3300 1815 3300 1822 3300 1822 3301 1815 3301 1816 3301 1822 3302 1816 3302 1823 3302 1823 3303 1816 3303 1817 3303 1823 3304 1817 3304 1824 3304 1824 3305 1817 3305 1818 3305 1824 3306 1818 3306 1825 3306 1825 3307 1818 3307 1819 3307 1825 3308 1819 3308 1826 3308 1826 3309 1819 3309 1820 3309 1826 3310 1820 3310 1827 3310 1827 3311 1820 3311 1821 3311 1827 3312 1821 3312 1828 3312 1828 3313 1821 3313 1750 3313 1828 3314 1750 3314 1829 3314 1829 3315 1750 3315 1631 3315 1829 3316 1631 3316 125 3316 125 3317 1631 3317 1606 3317 125 3318 1606 3318 126 3318 866 3319 864 3319 1830 3319 866 3320 1830 3320 1831 3320 1831 3321 1830 3321 1832 3321 1831 3322 1832 3322 1833 3322 1833 3323 1832 3323 1834 3323 1833 3324 1834 3324 1835 3324 1835 3325 1834 3325 1836 3325 1835 3326 1836 3326 1837 3326 1837 3327 1836 3327 1838 3327 1837 3328 1838 3328 1839 3328 1839 3329 1838 3329 1840 3329 1839 3330 1840 3330 1841 3330 1841 3331 1840 3331 1842 3331 1841 3332 1842 3332 1843 3332 1843 3333 1842 3333 1844 3333 1843 3334 1844 3334 1845 3334 1845 3335 1844 3335 1846 3335 1845 3336 1846 3336 1847 3336 1847 3337 1846 3337 1848 3337 1847 3338 1848 3338 1849 3338 1849 3339 1848 3339 1850 3339 1849 3340 1850 3340 1851 3340 1851 3341 1850 3341 1852 3341 1851 3342 1852 3342 1853 3342 1853 3343 1852 3343 412 3343 1853 3344 412 3344 416 3344 1100 3345 1101 3345 1854 3345 1851 3346 1853 3346 1855 3346 1849 3347 1851 3347 1856 3347 1847 3348 1849 3348 1857 3348 1845 3349 1847 3349 1858 3349 1841 3350 1843 3350 1859 3350 1839 3351 1841 3351 1860 3351 1837 3352 1839 3352 1861 3352 1835 3353 1837 3353 1862 3353 1831 3354 1833 3354 1863 3354 1113 3355 866 3355 1864 3355 1864 3356 866 3356 1831 3356 1113 3357 1864 3357 1114 3357 1114 3358 1864 3358 1865 3358 1114 3359 1865 3359 1115 3359 1115 3360 1865 3360 1866 3360 1115 3361 1866 3361 1116 3361 1116 3362 1866 3362 1109 3362 1109 3363 1866 3363 1867 3363 1109 3364 1867 3364 1110 3364 1110 3365 1867 3365 1111 3365 1111 3366 1867 3366 1868 3366 1111 3367 1868 3367 1112 3367 1112 3368 1868 3368 1869 3368 1112 3369 1869 3369 1108 3369 1108 3370 1869 3370 1870 3370 1108 3371 1870 3371 1104 3371 1104 3372 1870 3372 1871 3372 1104 3373 1871 3373 1105 3373 1105 3374 1871 3374 1106 3374 1106 3375 1871 3375 1872 3375 1106 3376 1872 3376 1107 3376 1107 3377 1872 3377 1102 3377 1102 3378 1872 3378 1873 3378 1102 3379 1873 3379 1103 3379 1103 3380 1873 3380 1874 3380 1103 3381 1874 3381 1098 3381 1851 3382 1855 3382 1856 3382 1856 3383 1855 3383 1875 3383 1856 3384 1875 3384 1876 3384 1876 3385 1875 3385 1877 3385 1876 3386 1877 3386 1878 3386 1878 3387 1877 3387 1879 3387 1878 3388 1879 3388 1880 3388 1880 3389 1879 3389 1881 3389 1880 3390 1881 3390 1882 3390 1882 3391 1881 3391 1883 3391 1882 3392 1883 3392 1884 3392 1884 3393 1883 3393 1885 3393 1884 3394 1885 3394 1886 3394 1886 3395 1885 3395 1887 3395 1886 3396 1887 3396 1888 3396 1888 3397 1887 3397 1889 3397 1888 3398 1889 3398 1890 3398 1890 3399 1889 3399 1891 3399 1890 3400 1891 3400 1892 3400 1892 3401 1891 3401 1893 3401 1892 3402 1893 3402 1894 3402 1894 3403 1893 3403 1895 3403 1894 3404 1895 3404 1896 3404 1849 3405 1856 3405 1857 3405 1857 3406 1856 3406 1876 3406 1857 3407 1876 3407 1897 3407 1897 3408 1876 3408 1878 3408 1897 3409 1878 3409 1898 3409 1898 3410 1878 3410 1880 3410 1898 3411 1880 3411 1899 3411 1899 3412 1880 3412 1882 3412 1899 3413 1882 3413 1900 3413 1900 3414 1882 3414 1884 3414 1900 3415 1884 3415 1901 3415 1901 3416 1884 3416 1886 3416 1901 3417 1886 3417 1902 3417 1902 3418 1886 3418 1888 3418 1902 3419 1888 3419 1903 3419 1903 3420 1888 3420 1890 3420 1903 3421 1890 3421 1904 3421 1904 3422 1890 3422 1892 3422 1904 3423 1892 3423 1905 3423 1905 3424 1892 3424 1894 3424 1905 3425 1894 3425 1906 3425 1906 3426 1894 3426 1896 3426 1906 3427 1896 3427 1907 3427 1841 3428 1859 3428 1860 3428 1860 3429 1859 3429 1908 3429 1860 3430 1908 3430 1909 3430 1909 3431 1908 3431 1910 3431 1909 3432 1910 3432 1911 3432 1911 3433 1910 3433 1912 3433 1911 3434 1912 3434 1913 3434 1913 3435 1912 3435 1914 3435 1913 3436 1914 3436 1915 3436 1915 3437 1914 3437 1916 3437 1915 3438 1916 3438 1917 3438 1917 3439 1916 3439 1918 3439 1917 3440 1918 3440 1919 3440 1919 3441 1918 3441 1920 3441 1919 3442 1920 3442 1921 3442 1921 3443 1920 3443 1922 3443 1921 3444 1922 3444 1923 3444 1923 3445 1922 3445 1924 3445 1923 3446 1924 3446 1925 3446 1925 3447 1924 3447 1926 3447 1925 3448 1926 3448 1927 3448 1927 3449 1926 3449 1928 3449 1927 3450 1928 3450 1929 3450 1839 3451 1860 3451 1861 3451 1861 3452 1860 3452 1909 3452 1861 3453 1909 3453 1930 3453 1930 3454 1909 3454 1911 3454 1930 3455 1911 3455 1931 3455 1931 3456 1911 3456 1913 3456 1931 3457 1913 3457 1932 3457 1932 3458 1913 3458 1915 3458 1932 3459 1915 3459 1933 3459 1933 3460 1915 3460 1917 3460 1933 3461 1917 3461 1934 3461 1934 3462 1917 3462 1919 3462 1934 3463 1919 3463 1935 3463 1935 3464 1919 3464 1921 3464 1935 3465 1921 3465 1936 3465 1936 3466 1921 3466 1923 3466 1936 3467 1923 3467 1937 3467 1937 3468 1923 3468 1925 3468 1937 3469 1925 3469 1938 3469 1938 3470 1925 3470 1927 3470 1938 3471 1927 3471 1939 3471 1939 3472 1927 3472 1929 3472 1939 3473 1929 3473 1940 3473 1837 3474 1861 3474 1862 3474 1862 3475 1861 3475 1930 3475 1862 3476 1930 3476 1941 3476 1941 3477 1930 3477 1931 3477 1941 3478 1931 3478 1942 3478 1942 3479 1931 3479 1932 3479 1942 3480 1932 3480 1943 3480 1943 3481 1932 3481 1933 3481 1943 3482 1933 3482 1944 3482 1944 3483 1933 3483 1934 3483 1944 3484 1934 3484 1945 3484 1945 3485 1934 3485 1935 3485 1945 3486 1935 3486 1946 3486 1946 3487 1935 3487 1936 3487 1946 3488 1936 3488 1947 3488 1947 3489 1936 3489 1937 3489 1947 3490 1937 3490 1948 3490 1948 3491 1937 3491 1938 3491 1948 3492 1938 3492 1949 3492 1949 3493 1938 3493 1939 3493 1949 3494 1939 3494 1950 3494 1950 3495 1939 3495 1940 3495 1950 3496 1940 3496 1951 3496 1835 3497 1862 3497 1952 3497 1952 3498 1862 3498 1941 3498 1952 3499 1941 3499 1953 3499 1953 3500 1941 3500 1942 3500 1953 3501 1942 3501 1954 3501 1954 3502 1942 3502 1943 3502 1954 3503 1943 3503 1955 3503 1955 3504 1943 3504 1944 3504 1955 3505 1944 3505 1956 3505 1956 3506 1944 3506 1945 3506 1956 3507 1945 3507 1957 3507 1957 3508 1945 3508 1946 3508 1957 3509 1946 3509 1958 3509 1958 3510 1946 3510 1947 3510 1958 3511 1947 3511 1959 3511 1959 3512 1947 3512 1948 3512 1959 3513 1948 3513 1960 3513 1960 3514 1948 3514 1949 3514 1960 3515 1949 3515 1961 3515 1961 3516 1949 3516 1950 3516 1961 3517 1950 3517 1962 3517 1962 3518 1950 3518 1951 3518 1962 3519 1951 3519 1963 3519 1831 3520 1863 3520 1864 3520 1864 3521 1863 3521 1964 3521 1864 3522 1964 3522 1865 3522 1865 3523 1964 3523 1965 3523 1865 3524 1965 3524 1866 3524 1866 3525 1965 3525 1966 3525 1866 3526 1966 3526 1867 3526 1867 3527 1966 3527 1967 3527 1867 3528 1967 3528 1868 3528 1868 3529 1967 3529 1968 3529 1868 3530 1968 3530 1869 3530 1869 3531 1968 3531 1969 3531 1869 3532 1969 3532 1870 3532 1870 3533 1969 3533 1970 3533 1870 3534 1970 3534 1871 3534 1871 3535 1970 3535 1971 3535 1871 3536 1971 3536 1872 3536 1872 3537 1971 3537 1972 3537 1872 3538 1972 3538 1873 3538 1873 3539 1972 3539 1973 3539 1873 3540 1973 3540 1874 3540 1874 3541 1973 3541 1974 3541 1874 3542 1974 3542 1854 3542 1854 3543 1101 3543 1874 3543 1874 3544 1101 3544 1099 3544 1874 3545 1099 3545 1098 3545 435 3546 1895 3546 434 3546 434 3547 1895 3547 1893 3547 434 3548 1893 3548 432 3548 432 3549 1893 3549 1891 3549 432 3550 1891 3550 417 3550 417 3551 1891 3551 1889 3551 417 3552 1889 3552 418 3552 418 3553 1889 3553 1887 3553 418 3554 1887 3554 420 3554 420 3555 1887 3555 1885 3555 420 3556 1885 3556 421 3556 421 3557 1885 3557 1883 3557 421 3558 1883 3558 422 3558 422 3559 1883 3559 1881 3559 422 3560 1881 3560 423 3560 423 3561 1881 3561 1879 3561 423 3562 1879 3562 424 3562 424 3563 1879 3563 1877 3563 424 3564 1877 3564 335 3564 335 3565 1877 3565 1875 3565 335 3566 1875 3566 414 3566 414 3567 1875 3567 1855 3567 414 3568 1855 3568 415 3568 415 3569 1855 3569 1853 3569 415 3570 1853 3570 416 3570 435 3571 1975 3571 1895 3571 1895 3572 1975 3572 1976 3572 1895 3573 1976 3573 1896 3573 1896 3574 1976 3574 1977 3574 1896 3575 1977 3575 1907 3575 1907 3576 1977 3576 1978 3576 1907 3577 1978 3577 1979 3577 1847 3578 1857 3578 1858 3578 1858 3579 1857 3579 1897 3579 1858 3580 1897 3580 1980 3580 1980 3581 1897 3581 1898 3581 1980 3582 1898 3582 1981 3582 1981 3583 1898 3583 1899 3583 1981 3584 1899 3584 1982 3584 1982 3585 1899 3585 1900 3585 1982 3586 1900 3586 1983 3586 1983 3587 1900 3587 1901 3587 1983 3588 1901 3588 1984 3588 1984 3589 1901 3589 1902 3589 1984 3590 1902 3590 1985 3590 1985 3591 1902 3591 1903 3591 1985 3592 1903 3592 1986 3592 1986 3593 1903 3593 1904 3593 1986 3594 1904 3594 1987 3594 1987 3595 1904 3595 1905 3595 1987 3596 1905 3596 1988 3596 1988 3597 1905 3597 1906 3597 1988 3598 1906 3598 1989 3598 1989 3599 1906 3599 1907 3599 1989 3600 1907 3600 1990 3600 1990 3601 1907 3601 1979 3601 1990 3602 1979 3602 1991 3602 1845 3603 1858 3603 1992 3603 1992 3604 1858 3604 1980 3604 1992 3605 1980 3605 1993 3605 1993 3606 1980 3606 1981 3606 1993 3607 1981 3607 1994 3607 1994 3608 1981 3608 1982 3608 1994 3609 1982 3609 1995 3609 1995 3610 1982 3610 1983 3610 1995 3611 1983 3611 1996 3611 1996 3612 1983 3612 1984 3612 1996 3613 1984 3613 1997 3613 1997 3614 1984 3614 1985 3614 1997 3615 1985 3615 1998 3615 1998 3616 1985 3616 1986 3616 1998 3617 1986 3617 1999 3617 1999 3618 1986 3618 1987 3618 1999 3619 1987 3619 2000 3619 2000 3620 1987 3620 1988 3620 2000 3621 1988 3621 2001 3621 2001 3622 1988 3622 1989 3622 2001 3623 1989 3623 2002 3623 2002 3624 1989 3624 1990 3624 2002 3625 1990 3625 2003 3625 2003 3626 1990 3626 1991 3626 2003 3627 1991 3627 2004 3627 2004 3628 1928 3628 2003 3628 2003 3629 1928 3629 1926 3629 2003 3630 1926 3630 2002 3630 2002 3631 1926 3631 1924 3631 2002 3632 1924 3632 2001 3632 2001 3633 1924 3633 1922 3633 2001 3634 1922 3634 2000 3634 2000 3635 1922 3635 1920 3635 2000 3636 1920 3636 1999 3636 1999 3637 1920 3637 1918 3637 1999 3638 1918 3638 1998 3638 1998 3639 1918 3639 1916 3639 1998 3640 1916 3640 1997 3640 1997 3641 1916 3641 1914 3641 1997 3642 1914 3642 1996 3642 1996 3643 1914 3643 1912 3643 1996 3644 1912 3644 1995 3644 1995 3645 1912 3645 1910 3645 1995 3646 1910 3646 1994 3646 1994 3647 1910 3647 1908 3647 1994 3648 1908 3648 1993 3648 1993 3649 1908 3649 1859 3649 1993 3650 1859 3650 1992 3650 1992 3651 1859 3651 1843 3651 1992 3652 1843 3652 1845 3652 2004 3653 2005 3653 1928 3653 1928 3654 2005 3654 2006 3654 1928 3655 2006 3655 1929 3655 1929 3656 2006 3656 2007 3656 1929 3657 2007 3657 1940 3657 1940 3658 2007 3658 2008 3658 1940 3659 2008 3659 1951 3659 1951 3660 2008 3660 2009 3660 1951 3661 2009 3661 1963 3661 1963 3662 2009 3662 2010 3662 1963 3663 2010 3663 2011 3663 2011 3664 1974 3664 1963 3664 1963 3665 1974 3665 1973 3665 1963 3666 1973 3666 1962 3666 1962 3667 1973 3667 1972 3667 1962 3668 1972 3668 1961 3668 1961 3669 1972 3669 1971 3669 1961 3670 1971 3670 1960 3670 1960 3671 1971 3671 1970 3671 1960 3672 1970 3672 1959 3672 1959 3673 1970 3673 1969 3673 1959 3674 1969 3674 1958 3674 1958 3675 1969 3675 1968 3675 1958 3676 1968 3676 1957 3676 1957 3677 1968 3677 1967 3677 1957 3678 1967 3678 1956 3678 1956 3679 1967 3679 1966 3679 1956 3680 1966 3680 1955 3680 1955 3681 1966 3681 1965 3681 1955 3682 1965 3682 1954 3682 1954 3683 1965 3683 1964 3683 1954 3684 1964 3684 1953 3684 1953 3685 1964 3685 1863 3685 1953 3686 1863 3686 1952 3686 1952 3687 1863 3687 1833 3687 1952 3688 1833 3688 1835 3688 288 3689 1100 3689 2012 3689 2012 3690 1100 3690 1854 3690 2012 3691 1854 3691 2013 3691 2013 3692 1854 3692 1974 3692 2013 3693 1974 3693 2014 3693 2014 3694 1974 3694 2011 3694 2015 3695 2016 3695 281 3695 2017 3696 2018 3696 2019 3696 2018 3697 2017 3697 2020 3697 2021 3698 2022 3698 2023 3698 1975 3699 435 3699 436 3699 2024 3700 1976 3700 1975 3700 442 3701 2025 3701 2026 3701 1975 3702 436 3702 2024 3702 2024 3703 436 3703 438 3703 2024 3704 438 3704 2026 3704 2026 3705 438 3705 440 3705 2026 3706 440 3706 442 3706 442 3707 445 3707 2025 3707 2025 3708 445 3708 463 3708 2025 3709 463 3709 2021 3709 2021 3710 463 3710 462 3710 2021 3711 462 3711 2022 3711 2022 3712 462 3712 460 3712 2022 3713 460 3713 458 3713 2027 3714 1978 3714 1977 3714 2023 3715 2028 3715 2021 3715 2021 3716 2028 3716 2029 3716 2021 3717 2029 3717 2025 3717 2025 3718 2029 3718 2030 3718 2025 3719 2030 3719 2026 3719 2026 3720 2030 3720 2027 3720 2026 3721 2027 3721 2024 3721 2024 3722 2027 3722 1977 3722 2024 3723 1977 3723 1976 3723 2031 3724 2023 3724 2032 3724 2032 3725 2023 3725 2022 3725 2032 3726 2022 3726 2033 3726 2033 3727 2022 3727 458 3727 2033 3728 458 3728 2034 3728 2034 3729 458 3729 456 3729 1991 3730 1979 3730 2035 3730 2035 3731 1979 3731 1978 3731 1978 3732 2027 3732 2035 3732 2035 3733 2027 3733 2030 3733 2035 3734 2030 3734 2036 3734 2036 3735 2030 3735 2029 3735 2036 3736 2029 3736 2037 3736 2037 3737 2029 3737 2028 3737 2037 3738 2028 3738 2038 3738 2038 3739 2028 3739 2023 3739 2038 3740 2023 3740 2039 3740 2039 3741 2023 3741 2031 3741 2039 3742 2031 3742 2040 3742 2005 3743 2004 3743 2041 3743 2041 3744 2004 3744 1991 3744 2007 3745 2006 3745 2042 3745 2042 3746 2006 3746 2005 3746 2005 3747 2041 3747 2042 3747 2042 3748 2041 3748 2043 3748 2042 3749 2043 3749 2044 3749 2044 3750 2043 3750 2045 3750 2044 3751 2045 3751 2046 3751 2046 3752 2045 3752 2047 3752 2046 3753 2047 3753 2048 3753 2048 3754 2047 3754 2049 3754 2048 3755 2049 3755 2050 3755 1991 3756 2035 3756 2041 3756 2041 3757 2035 3757 2036 3757 2041 3758 2036 3758 2043 3758 2043 3759 2036 3759 2037 3759 2043 3760 2037 3760 2045 3760 2045 3761 2037 3761 2038 3761 2045 3762 2038 3762 2047 3762 2047 3763 2038 3763 2039 3763 2047 3764 2039 3764 2049 3764 2049 3765 2039 3765 2040 3765 2049 3766 2040 3766 2050 3766 2050 3767 2040 3767 2051 3767 2050 3768 2051 3768 2052 3768 2053 3769 2008 3769 2007 3769 2007 3770 2042 3770 2053 3770 2053 3771 2042 3771 2044 3771 2053 3772 2044 3772 2054 3772 2054 3773 2044 3773 2046 3773 2054 3774 2046 3774 2055 3774 2055 3775 2046 3775 2048 3775 2055 3776 2048 3776 2056 3776 2056 3777 2048 3777 2050 3777 2056 3778 2050 3778 2017 3778 2017 3779 2050 3779 2052 3779 2017 3780 2052 3780 2020 3780 2010 3781 2009 3781 2057 3781 2057 3782 2009 3782 2008 3782 2008 3783 2053 3783 2057 3783 2057 3784 2053 3784 2054 3784 2057 3785 2054 3785 2058 3785 2058 3786 2054 3786 2055 3786 2058 3787 2055 3787 2059 3787 2059 3788 2055 3788 2056 3788 2059 3789 2056 3789 2060 3789 2060 3790 2056 3790 2017 3790 2060 3791 2017 3791 2061 3791 2061 3792 2017 3792 2019 3792 2061 3793 2019 3793 2062 3793 2014 3794 2011 3794 2063 3794 2063 3795 2011 3795 2010 3795 2064 3796 2013 3796 2014 3796 2014 3797 2063 3797 2064 3797 2064 3798 2063 3798 2065 3798 2064 3799 2065 3799 2066 3799 2066 3800 2065 3800 2067 3800 2066 3801 2067 3801 2068 3801 2068 3802 2067 3802 2069 3802 2068 3803 2069 3803 2070 3803 2070 3804 2069 3804 2071 3804 2070 3805 2071 3805 2015 3805 2010 3806 2057 3806 2063 3806 2063 3807 2057 3807 2058 3807 2063 3808 2058 3808 2065 3808 2065 3809 2058 3809 2059 3809 2065 3810 2059 3810 2067 3810 2067 3811 2059 3811 2060 3811 2067 3812 2060 3812 2069 3812 2069 3813 2060 3813 2061 3813 2069 3814 2061 3814 2071 3814 2071 3815 2061 3815 2062 3815 2071 3816 2062 3816 2015 3816 2015 3817 2062 3817 2072 3817 2015 3818 2072 3818 2016 3818 287 3819 288 3819 2012 3819 281 3820 283 3820 2015 3820 2015 3821 283 3821 284 3821 2015 3822 284 3822 2070 3822 2070 3823 284 3823 285 3823 2070 3824 285 3824 2068 3824 2068 3825 285 3825 286 3825 2068 3826 286 3826 2066 3826 2066 3827 286 3827 287 3827 2066 3828 287 3828 2064 3828 2064 3829 287 3829 2012 3829 2064 3830 2012 3830 2013 3830 2073 3831 2034 3831 454 3831 454 3832 2034 3832 456 3832 2074 3833 2051 3833 2075 3833 2075 3834 2051 3834 2040 3834 2075 3835 2040 3835 2076 3835 2076 3836 2040 3836 2031 3836 2076 3837 2031 3837 2077 3837 2077 3838 2031 3838 2032 3838 2077 3839 2032 3839 2073 3839 2073 3840 2032 3840 2033 3840 2073 3841 2033 3841 2034 3841 2078 3842 2062 3842 2079 3842 2079 3843 2062 3843 2019 3843 2079 3844 2019 3844 2080 3844 2080 3845 2019 3845 2018 3845 2080 3846 2018 3846 2081 3846 2081 3847 2018 3847 2020 3847 2081 3848 2020 3848 2074 3848 2074 3849 2020 3849 2052 3849 2074 3850 2052 3850 2051 3850 802 3851 281 3851 2082 3851 2082 3852 281 3852 2016 3852 2082 3853 2016 3853 2078 3853 2078 3854 2016 3854 2072 3854 2078 3855 2072 3855 2062 3855 454 3856 452 3856 2073 3856 2073 3857 452 3857 2083 3857 2073 3858 2083 3858 2077 3858 2077 3859 2083 3859 2084 3859 2077 3860 2084 3860 2076 3860 2076 3861 2084 3861 2085 3861 2076 3862 2085 3862 2075 3862 2075 3863 2085 3863 2086 3863 2075 3864 2086 3864 2074 3864 2074 3865 2086 3865 2087 3865 2074 3866 2087 3866 2081 3866 2081 3867 2087 3867 2088 3867 2081 3868 2088 3868 2080 3868 2080 3869 2088 3869 2089 3869 2080 3870 2089 3870 2079 3870 2079 3871 2089 3871 2090 3871 2079 3872 2090 3872 2078 3872 2078 3873 2090 3873 2091 3873 2078 3874 2091 3874 2082 3874 2082 3875 2091 3875 2092 3875 452 3876 451 3876 2083 3876 2083 3877 451 3877 2093 3877 2083 3878 2093 3878 2084 3878 2084 3879 2093 3879 2094 3879 2084 3880 2094 3880 2085 3880 2085 3881 2094 3881 2095 3881 2085 3882 2095 3882 2086 3882 2086 3883 2095 3883 2096 3883 2086 3884 2096 3884 2087 3884 2087 3885 2096 3885 2097 3885 2087 3886 2097 3886 2088 3886 2088 3887 2097 3887 2098 3887 2088 3888 2098 3888 2089 3888 2089 3889 2098 3889 2099 3889 2089 3890 2099 3890 2090 3890 2090 3891 2099 3891 2100 3891 2090 3892 2100 3892 2091 3892 2091 3893 2100 3893 2101 3893 2091 3894 2101 3894 2092 3894 2092 3895 2101 3895 2102 3895 2092 3896 2102 3896 795 3896 795 3897 797 3897 2092 3897 2092 3898 797 3898 799 3898 2092 3899 799 3899 2082 3899 2082 3900 799 3900 801 3900 2082 3901 801 3901 802 3901 451 3902 447 3902 2093 3902 2093 3903 447 3903 2103 3903 2093 3904 2103 3904 2094 3904 2094 3905 2103 3905 2104 3905 2094 3906 2104 3906 2095 3906 2095 3907 2104 3907 2105 3907 2095 3908 2105 3908 2096 3908 2096 3909 2105 3909 2106 3909 2096 3910 2106 3910 2097 3910 2097 3911 2106 3911 2107 3911 2097 3912 2107 3912 2098 3912 2098 3913 2107 3913 2108 3913 2098 3914 2108 3914 2099 3914 2099 3915 2108 3915 2109 3915 2099 3916 2109 3916 2100 3916 2100 3917 2109 3917 2110 3917 2100 3918 2110 3918 2101 3918 2101 3919 2110 3919 2111 3919 2101 3920 2111 3920 2102 3920 2102 3921 2111 3921 2112 3921 447 3922 449 3922 2103 3922 2103 3923 449 3923 2113 3923 2103 3924 2113 3924 2104 3924 2104 3925 2113 3925 2114 3925 2104 3926 2114 3926 2105 3926 2105 3927 2114 3927 2115 3927 2105 3928 2115 3928 2106 3928 2106 3929 2115 3929 2116 3929 2106 3930 2116 3930 2107 3930 2107 3931 2116 3931 2117 3931 2107 3932 2117 3932 2108 3932 2108 3933 2117 3933 2118 3933 2108 3934 2118 3934 2109 3934 2109 3935 2118 3935 2119 3935 2109 3936 2119 3936 2110 3936 2110 3937 2119 3937 2120 3937 2110 3938 2120 3938 2111 3938 2111 3939 2120 3939 2121 3939 2111 3940 2121 3940 2112 3940 2112 3941 2121 3941 2122 3941 2112 3942 2122 3942 787 3942 787 3943 789 3943 2112 3943 2112 3944 789 3944 790 3944 2112 3945 790 3945 2102 3945 2102 3946 790 3946 792 3946 2102 3947 792 3947 795 3947 449 3948 450 3948 2113 3948 2113 3949 450 3949 2123 3949 2113 3950 2123 3950 2114 3950 2114 3951 2123 3951 2124 3951 2114 3952 2124 3952 2115 3952 2115 3953 2124 3953 2125 3953 2115 3954 2125 3954 2116 3954 2116 3955 2125 3955 2126 3955 2116 3956 2126 3956 2117 3956 2117 3957 2126 3957 2127 3957 2117 3958 2127 3958 2118 3958 2118 3959 2127 3959 2128 3959 2118 3960 2128 3960 2119 3960 2119 3961 2128 3961 2129 3961 2119 3962 2129 3962 2120 3962 2120 3963 2129 3963 2130 3963 2120 3964 2130 3964 2121 3964 2121 3965 2130 3965 2131 3965 2121 3966 2131 3966 2122 3966 2122 3967 2131 3967 2132 3967 777 3968 779 3968 2133 3968 2133 3969 779 3969 2132 3969 2133 3970 2132 3970 2134 3970 2134 3971 2132 3971 2131 3971 2134 3972 2131 3972 2135 3972 2135 3973 2131 3973 2130 3973 2135 3974 2130 3974 2136 3974 2136 3975 2130 3975 2129 3975 2136 3976 2129 3976 2137 3976 2137 3977 2129 3977 2128 3977 2137 3978 2128 3978 2138 3978 2138 3979 2128 3979 2127 3979 2138 3980 2127 3980 2139 3980 2139 3981 2127 3981 2126 3981 2139 3982 2126 3982 2140 3982 2140 3983 2126 3983 2125 3983 2140 3984 2125 3984 2141 3984 2141 3985 2125 3985 2124 3985 2141 3986 2124 3986 2142 3986 2142 3987 2124 3987 2123 3987 2142 3988 2123 3988 471 3988 471 3989 2123 3989 450 3989 779 3990 782 3990 2132 3990 2132 3991 782 3991 784 3991 2132 3992 784 3992 2122 3992 2122 3993 784 3993 786 3993 2122 3994 786 3994 787 3994 775 3995 777 3995 2143 3995 2143 3996 777 3996 2133 3996 2143 3997 2133 3997 2144 3997 2144 3998 2133 3998 2134 3998 2144 3999 2134 3999 2145 3999 2145 4000 2134 4000 2135 4000 2145 4001 2135 4001 2146 4001 2146 4002 2135 4002 2136 4002 2146 4003 2136 4003 2147 4003 2147 4004 2136 4004 2137 4004 2147 4005 2137 4005 2148 4005 2148 4006 2137 4006 2138 4006 2148 4007 2138 4007 2149 4007 2149 4008 2138 4008 2139 4008 2149 4009 2139 4009 2150 4009 2150 4010 2139 4010 2140 4010 2150 4011 2140 4011 2151 4011 2151 4012 2140 4012 2141 4012 2151 4013 2141 4013 2152 4013 2152 4014 2141 4014 2142 4014 2152 4015 2142 4015 470 4015 470 4016 2142 4016 471 4016 772 4017 775 4017 2153 4017 2153 4018 775 4018 2143 4018 2153 4019 2143 4019 2154 4019 2154 4020 2143 4020 2144 4020 2154 4021 2144 4021 2155 4021 2155 4022 2144 4022 2145 4022 2155 4023 2145 4023 2156 4023 2156 4024 2145 4024 2146 4024 2156 4025 2146 4025 2157 4025 2157 4026 2146 4026 2147 4026 2157 4027 2147 4027 2158 4027 2158 4028 2147 4028 2148 4028 2158 4029 2148 4029 2159 4029 2159 4030 2148 4030 2149 4030 2159 4031 2149 4031 2160 4031 2160 4032 2149 4032 2150 4032 2160 4033 2150 4033 2161 4033 2161 4034 2150 4034 2151 4034 2161 4035 2151 4035 2162 4035 2162 4036 2151 4036 2152 4036 2162 4037 2152 4037 468 4037 468 4038 2152 4038 470 4038 768 4039 772 4039 2163 4039 2163 4040 772 4040 2153 4040 2163 4041 2153 4041 2164 4041 2164 4042 2153 4042 2154 4042 2164 4043 2154 4043 2165 4043 2165 4044 2154 4044 2155 4044 2165 4045 2155 4045 2166 4045 2166 4046 2155 4046 2156 4046 2166 4047 2156 4047 2167 4047 2167 4048 2156 4048 2157 4048 2167 4049 2157 4049 2168 4049 2168 4050 2157 4050 2158 4050 2168 4051 2158 4051 2169 4051 2169 4052 2158 4052 2159 4052 2169 4053 2159 4053 2170 4053 2170 4054 2159 4054 2160 4054 2170 4055 2160 4055 2171 4055 2171 4056 2160 4056 2161 4056 2171 4057 2161 4057 2172 4057 2172 4058 2161 4058 2162 4058 2172 4059 2162 4059 467 4059 467 4060 2162 4060 468 4060 524 4061 768 4061 2173 4061 2173 4062 768 4062 2163 4062 2173 4063 2163 4063 2174 4063 2174 4064 2163 4064 2164 4064 2174 4065 2164 4065 2175 4065 2175 4066 2164 4066 2165 4066 2175 4067 2165 4067 2176 4067 2176 4068 2165 4068 2166 4068 2176 4069 2166 4069 2177 4069 2177 4070 2166 4070 2167 4070 2177 4071 2167 4071 2178 4071 2178 4072 2167 4072 2168 4072 2178 4073 2168 4073 2179 4073 2179 4074 2168 4074 2169 4074 2179 4075 2169 4075 2180 4075 2180 4076 2169 4076 2170 4076 2180 4077 2170 4077 2181 4077 2181 4078 2170 4078 2171 4078 2181 4079 2171 4079 2182 4079 2182 4080 2171 4080 2172 4080 2182 4081 2172 4081 466 4081 466 4082 2172 4082 467 4082 466 4083 465 4083 586 4083 466 4084 586 4084 2182 4084 2182 4085 586 4085 587 4085 2182 4086 587 4086 2181 4086 2181 4087 587 4087 593 4087 2181 4088 593 4088 2180 4088 2180 4089 593 4089 589 4089 2180 4090 589 4090 2179 4090 2179 4091 589 4091 588 4091 2179 4092 588 4092 2178 4092 2178 4093 588 4093 590 4093 2178 4094 590 4094 2177 4094 2177 4095 590 4095 591 4095 2177 4096 591 4096 2176 4096 2176 4097 591 4097 592 4097 2176 4098 592 4098 2175 4098 2175 4099 592 4099 585 4099 2175 4100 585 4100 2174 4100 2174 4101 585 4101 584 4101 2174 4102 584 4102 2173 4102 2173 4103 584 4103 525 4103 2173 4104 525 4104 524 4104 889 4105 887 4105 1133 4105 889 4106 1133 4106 2183 4106 2183 4107 1133 4107 1131 4107 2183 4108 1131 4108 2184 4108 2184 4109 1131 4109 1129 4109 2184 4110 1129 4110 2185 4110 2185 4111 1129 4111 1127 4111 2185 4112 1127 4112 2186 4112 2186 4113 1127 4113 1125 4113 2186 4114 1125 4114 2187 4114 2187 4115 1125 4115 1123 4115 2187 4116 1123 4116 2188 4116 2188 4117 1123 4117 1121 4117 2188 4118 1121 4118 2189 4118 2189 4119 1121 4119 1119 4119 2189 4120 1119 4120 2190 4120 2190 4121 1119 4121 1117 4121 2190 4122 1117 4122 2191 4122 2191 4123 1117 4123 804 4123 2191 4124 804 4124 806 4124 1572 4125 1573 4125 2192 4125 1572 4126 2192 4126 2193 4126 2193 4127 2192 4127 2194 4127 2193 4128 2194 4128 2195 4128 2195 4129 2194 4129 2196 4129 2195 4130 2196 4130 2197 4130 2197 4131 2196 4131 2198 4131 2197 4132 2198 4132 2199 4132 2199 4133 2198 4133 2200 4133 2199 4134 2200 4134 2201 4134 2201 4135 2200 4135 2202 4135 2201 4136 2202 4136 2203 4136 2203 4137 2202 4137 392 4137 2203 4138 392 4138 391 4138 429 4139 428 4139 2204 4139 429 4140 2204 4140 2205 4140 2205 4141 2204 4141 2206 4141 2205 4142 2206 4142 2207 4142 2207 4143 2206 4143 2208 4143 2207 4144 2208 4144 2209 4144 2209 4145 2208 4145 2210 4145 2209 4146 2210 4146 2211 4146 2211 4147 2210 4147 2212 4147 2211 4148 2212 4148 2213 4148 2213 4149 2212 4149 2214 4149 2213 4150 2214 4150 2215 4150 2215 4151 2214 4151 1569 4151 2215 4152 1569 4152 1568 4152 897 4153 896 4153 2216 4153 897 4154 2216 4154 1335 4154 1335 4155 2216 4155 2217 4155 1335 4156 2217 4156 1333 4156 1333 4157 2217 4157 2218 4157 1333 4158 2218 4158 1331 4158 1331 4159 2218 4159 2219 4159 1331 4160 2219 4160 1329 4160 1329 4161 2219 4161 2220 4161 1329 4162 2220 4162 1327 4162 1327 4163 2220 4163 2221 4163 1327 4164 2221 4164 1325 4164 1325 4165 2221 4165 2222 4165 1325 4166 2222 4166 1323 4166 1323 4167 2222 4167 2223 4167 1323 4168 2223 4168 1321 4168 1321 4169 2223 4169 2224 4169 1321 4170 2224 4170 1319 4170 1319 4171 2224 4171 863 4171 1319 4172 863 4172 865 4172 2225 4173 2226 4173 2227 4173 1567 4174 2228 4174 2229 4174 2230 4175 2228 4175 1567 4175 2227 4176 2226 4176 1567 4176 2231 4177 1567 4177 2226 4177 2231 4178 2226 4178 2232 4178 2232 4179 2226 4179 2225 4179 2232 4180 2225 4180 2233 4180 2234 4181 1567 4181 2231 4181 2235 4182 2229 4182 2236 4182 2236 4183 2229 4183 2228 4183 2236 4184 2228 4184 2237 4184 2237 4185 2228 4185 2230 4185 2237 4186 2230 4186 2238 4186 2234 4187 2231 4187 2239 4187 2239 4188 2231 4188 2232 4188 2239 4189 2232 4189 2240 4189 2240 4190 2232 4190 2233 4190 2240 4191 2233 4191 2241 4191 2242 4192 1567 4192 2234 4192 2243 4193 2235 4193 2244 4193 2244 4194 2235 4194 2236 4194 2244 4195 2236 4195 2245 4195 2245 4196 2236 4196 2237 4196 2245 4197 2237 4197 2246 4197 2246 4198 2237 4198 2238 4198 2246 4199 2238 4199 2247 4199 2242 4200 2234 4200 2248 4200 2248 4201 2234 4201 2239 4201 2248 4202 2239 4202 2249 4202 2249 4203 2239 4203 2240 4203 2249 4204 2240 4204 2250 4204 2250 4205 2240 4205 2241 4205 2250 4206 2241 4206 2251 4206 2252 4207 1567 4207 2242 4207 2253 4208 2243 4208 2254 4208 2254 4209 2243 4209 2244 4209 2254 4210 2244 4210 2255 4210 2255 4211 2244 4211 2245 4211 2255 4212 2245 4212 2256 4212 2256 4213 2245 4213 2246 4213 2256 4214 2246 4214 2257 4214 2257 4215 2246 4215 2247 4215 2257 4216 2247 4216 2258 4216 2252 4217 2242 4217 2259 4217 2259 4218 2242 4218 2248 4218 2259 4219 2248 4219 2260 4219 2260 4220 2248 4220 2249 4220 2260 4221 2249 4221 2261 4221 2261 4222 2249 4222 2250 4222 2261 4223 2250 4223 2262 4223 2262 4224 2250 4224 2251 4224 2262 4225 2251 4225 2263 4225 2264 4226 1567 4226 2252 4226 2265 4227 2253 4227 2266 4227 2266 4228 2253 4228 2254 4228 2266 4229 2254 4229 2267 4229 2267 4230 2254 4230 2255 4230 2267 4231 2255 4231 2268 4231 2268 4232 2255 4232 2256 4232 2268 4233 2256 4233 2269 4233 2269 4234 2256 4234 2257 4234 2269 4235 2257 4235 2270 4235 2270 4236 2257 4236 2258 4236 2270 4237 2258 4237 2271 4237 2264 4238 2252 4238 2272 4238 2272 4239 2252 4239 2259 4239 2272 4240 2259 4240 2273 4240 2273 4241 2259 4241 2260 4241 2273 4242 2260 4242 2274 4242 2274 4243 2260 4243 2261 4243 2274 4244 2261 4244 2275 4244 2275 4245 2261 4245 2262 4245 2275 4246 2262 4246 2276 4246 2276 4247 2262 4247 2263 4247 2276 4248 2263 4248 2277 4248 2278 4249 1567 4249 2264 4249 2279 4250 2265 4250 2280 4250 2280 4251 2265 4251 2266 4251 2280 4252 2266 4252 2281 4252 2281 4253 2266 4253 2267 4253 2281 4254 2267 4254 2282 4254 2282 4255 2267 4255 2268 4255 2282 4256 2268 4256 2283 4256 2283 4257 2268 4257 2269 4257 2283 4258 2269 4258 2284 4258 2284 4259 2269 4259 2270 4259 2284 4260 2270 4260 2285 4260 2285 4261 2270 4261 2271 4261 2285 4262 2271 4262 2286 4262 2278 4263 2264 4263 2287 4263 2287 4264 2264 4264 2272 4264 2287 4265 2272 4265 2288 4265 2288 4266 2272 4266 2273 4266 2288 4267 2273 4267 2289 4267 2289 4268 2273 4268 2274 4268 2289 4269 2274 4269 2290 4269 2290 4270 2274 4270 2275 4270 2290 4271 2275 4271 2291 4271 2291 4272 2275 4272 2276 4272 2291 4273 2276 4273 2292 4273 2292 4274 2276 4274 2277 4274 2292 4275 2277 4275 2293 4275 2294 4276 1567 4276 2278 4276 2295 4277 2279 4277 2296 4277 2296 4278 2279 4278 2280 4278 2296 4279 2280 4279 2297 4279 2297 4280 2280 4280 2281 4280 2297 4281 2281 4281 2298 4281 2298 4282 2281 4282 2282 4282 2298 4283 2282 4283 2299 4283 2299 4284 2282 4284 2283 4284 2299 4285 2283 4285 2300 4285 2300 4286 2283 4286 2284 4286 2300 4287 2284 4287 2301 4287 2301 4288 2284 4288 2285 4288 2301 4289 2285 4289 2302 4289 2302 4290 2285 4290 2286 4290 2302 4291 2286 4291 2303 4291 2294 4292 2278 4292 2304 4292 2304 4293 2278 4293 2287 4293 2304 4294 2287 4294 2305 4294 2305 4295 2287 4295 2288 4295 2305 4296 2288 4296 2306 4296 2306 4297 2288 4297 2289 4297 2306 4298 2289 4298 2307 4298 2307 4299 2289 4299 2290 4299 2307 4300 2290 4300 2308 4300 2308 4301 2290 4301 2291 4301 2308 4302 2291 4302 2309 4302 2309 4303 2291 4303 2292 4303 2309 4304 2292 4304 2310 4304 2310 4305 2292 4305 2293 4305 2310 4306 2293 4306 2311 4306 2312 4307 2295 4307 2313 4307 2313 4308 2295 4308 2296 4308 2313 4309 2296 4309 2314 4309 2314 4310 2296 4310 2297 4310 2314 4311 2297 4311 2315 4311 2315 4312 2297 4312 2298 4312 2315 4313 2298 4313 2316 4313 2316 4314 2298 4314 2299 4314 2316 4315 2299 4315 2317 4315 2317 4316 2299 4316 2300 4316 2317 4317 2300 4317 2318 4317 2318 4318 2300 4318 2301 4318 2318 4319 2301 4319 2319 4319 2319 4320 2301 4320 2302 4320 2319 4321 2302 4321 2320 4321 2320 4322 2302 4322 2303 4322 2320 4323 2303 4323 2321 4323 2322 4324 2312 4324 2323 4324 2323 4325 2312 4325 2313 4325 2323 4326 2313 4326 2324 4326 2324 4327 2313 4327 2314 4327 2324 4328 2314 4328 2325 4328 2325 4329 2314 4329 2315 4329 2325 4330 2315 4330 2326 4330 2326 4331 2315 4331 2316 4331 2326 4332 2316 4332 2327 4332 2327 4333 2316 4333 2317 4333 2327 4334 2317 4334 2328 4334 2328 4335 2317 4335 2318 4335 2328 4336 2318 4336 2329 4336 2329 4337 2318 4337 2319 4337 2329 4338 2319 4338 2330 4338 2330 4339 2319 4339 2320 4339 2330 4340 2320 4340 2331 4340 2331 4341 2320 4341 2321 4341 2331 4342 2321 4342 2332 4342 864 4343 2322 4343 1830 4343 1830 4344 2322 4344 2323 4344 1830 4345 2323 4345 1832 4345 1832 4346 2323 4346 2324 4346 1832 4347 2324 4347 1834 4347 1834 4348 2324 4348 2325 4348 1834 4349 2325 4349 1836 4349 1836 4350 2325 4350 2326 4350 1836 4351 2326 4351 1838 4351 1838 4352 2326 4352 2327 4352 1838 4353 2327 4353 1840 4353 1840 4354 2327 4354 2328 4354 1840 4355 2328 4355 1842 4355 1842 4356 2328 4356 2329 4356 1842 4357 2329 4357 1844 4357 1844 4358 2329 4358 2330 4358 1844 4359 2330 4359 1846 4359 1846 4360 2330 4360 2331 4360 1846 4361 2331 4361 1848 4361 1848 4362 2331 4362 2332 4362 1848 4363 2332 4363 1850 4363 864 4364 2311 4364 2322 4364 2322 4365 2311 4365 2293 4365 2322 4366 2293 4366 2312 4366 2312 4367 2293 4367 2277 4367 2312 4368 2277 4368 2295 4368 2295 4369 2277 4369 2263 4369 2295 4370 2263 4370 2279 4370 2279 4371 2263 4371 2251 4371 2279 4372 2251 4372 2265 4372 2265 4373 2251 4373 2241 4373 2265 4374 2241 4374 2253 4374 2253 4375 2241 4375 2233 4375 2253 4376 2233 4376 2243 4376 2243 4377 2233 4377 2225 4377 2243 4378 2225 4378 2235 4378 2235 4379 2225 4379 2227 4379 2235 4380 2227 4380 2229 4380 2229 4381 2227 4381 1567 4381 1852 4382 1850 4382 2333 4382 2333 4383 1850 4383 2332 4383 2333 4384 2332 4384 2334 4384 2334 4385 2332 4385 2321 4385 2334 4386 2321 4386 2335 4386 2335 4387 2321 4387 2303 4387 2335 4388 2303 4388 2336 4388 2336 4389 2303 4389 2286 4389 2336 4390 2286 4390 2337 4390 2337 4391 2286 4391 2271 4391 2337 4392 2271 4392 2338 4392 2338 4393 2271 4393 2258 4393 2338 4394 2258 4394 2339 4394 2339 4395 2258 4395 2247 4395 2339 4396 2247 4396 2340 4396 2340 4397 2247 4397 2238 4397 2340 4398 2238 4398 2341 4398 2341 4399 2238 4399 2230 4399 2341 4400 2230 4400 1567 4400 412 4401 1852 4401 2342 4401 2342 4402 1852 4402 2333 4402 2342 4403 2333 4403 2343 4403 2343 4404 2333 4404 2334 4404 2343 4405 2334 4405 2344 4405 2344 4406 2334 4406 2335 4406 2344 4407 2335 4407 2345 4407 2345 4408 2335 4408 2336 4408 2345 4409 2336 4409 2346 4409 2346 4410 2336 4410 2337 4410 2346 4411 2337 4411 2347 4411 2347 4412 2337 4412 2338 4412 2347 4413 2338 4413 2348 4413 2348 4414 2338 4414 2339 4414 2348 4415 2339 4415 2349 4415 2349 4416 2339 4416 2340 4416 2349 4417 2340 4417 2350 4417 2350 4418 2340 4418 2341 4418 2350 4419 2341 4419 1567 4419 864 4420 863 4420 2351 4420 864 4421 2351 4421 2311 4421 2311 4422 2351 4422 2352 4422 2311 4423 2352 4423 2310 4423 2310 4424 2352 4424 2353 4424 2310 4425 2353 4425 2309 4425 2309 4426 2353 4426 2354 4426 2309 4427 2354 4427 2308 4427 2308 4428 2354 4428 2355 4428 2308 4429 2355 4429 2307 4429 2307 4430 2355 4430 2356 4430 2307 4431 2356 4431 2306 4431 2306 4432 2356 4432 2357 4432 2306 4433 2357 4433 2305 4433 2305 4434 2357 4434 2358 4434 2305 4435 2358 4435 2304 4435 2304 4436 2358 4436 2359 4436 2304 4437 2359 4437 2294 4437 2294 4438 2359 4438 1565 4438 2294 4439 1565 4439 1567 4439 427 4440 413 4440 2360 4440 428 4441 427 4441 2361 4441 2361 4442 427 4442 2360 4442 2361 4443 2360 4443 2362 4443 2362 4444 2360 4444 2363 4444 2362 4445 2363 4445 2364 4445 2364 4446 2363 4446 2365 4446 2364 4447 2365 4447 2366 4447 2366 4448 2365 4448 2367 4448 2366 4449 2367 4449 2368 4449 2368 4450 2367 4450 2369 4450 2368 4451 2369 4451 2370 4451 2370 4452 2369 4452 2371 4452 2370 4453 2371 4453 2372 4453 2372 4454 2371 4454 2373 4454 2372 4455 2373 4455 2374 4455 2374 4456 2373 4456 2375 4456 2374 4457 2375 4457 2376 4457 2376 4458 2375 4458 2377 4458 2376 4459 2377 4459 1564 4459 1564 4460 2377 4460 1566 4460 413 4461 412 4461 2360 4461 2360 4462 412 4462 2342 4462 2360 4463 2342 4463 2363 4463 2363 4464 2342 4464 2343 4464 2363 4465 2343 4465 2365 4465 2365 4466 2343 4466 2344 4466 2365 4467 2344 4467 2367 4467 2367 4468 2344 4468 2345 4468 2367 4469 2345 4469 2369 4469 2369 4470 2345 4470 2346 4470 2369 4471 2346 4471 2371 4471 2371 4472 2346 4472 2347 4472 2371 4473 2347 4473 2373 4473 2373 4474 2347 4474 2348 4474 2373 4475 2348 4475 2375 4475 2375 4476 2348 4476 2349 4476 2375 4477 2349 4477 2377 4477 2377 4478 2349 4478 2350 4478 2377 4479 2350 4479 1566 4479 1566 4480 2350 4480 1567 4480 896 4481 2378 4481 2379 4481 2380 4482 2381 4482 2382 4482 1565 4483 2359 4483 2383 4483 2382 4484 2381 4484 1565 4484 2384 4485 1565 4485 2381 4485 2384 4486 2381 4486 2385 4486 2385 4487 2381 4487 2380 4487 2385 4488 2380 4488 2386 4488 2387 4489 1565 4489 2384 4489 2388 4490 2389 4490 2390 4490 2390 4491 2389 4491 2383 4491 2390 4492 2383 4492 2391 4492 2391 4493 2383 4493 2359 4493 2391 4494 2359 4494 2358 4494 2387 4495 2384 4495 2392 4495 2392 4496 2384 4496 2385 4496 2392 4497 2385 4497 2393 4497 2393 4498 2385 4498 2386 4498 2393 4499 2386 4499 2394 4499 2395 4500 1565 4500 2387 4500 2396 4501 2388 4501 2397 4501 2397 4502 2388 4502 2390 4502 2397 4503 2390 4503 2398 4503 2398 4504 2390 4504 2391 4504 2398 4505 2391 4505 2399 4505 2399 4506 2391 4506 2358 4506 2399 4507 2358 4507 2357 4507 2395 4508 2387 4508 2400 4508 2400 4509 2387 4509 2392 4509 2400 4510 2392 4510 2401 4510 2401 4511 2392 4511 2393 4511 2401 4512 2393 4512 2402 4512 2402 4513 2393 4513 2394 4513 2402 4514 2394 4514 2403 4514 2404 4515 1565 4515 2395 4515 2405 4516 2396 4516 2406 4516 2406 4517 2396 4517 2397 4517 2406 4518 2397 4518 2407 4518 2407 4519 2397 4519 2398 4519 2407 4520 2398 4520 2408 4520 2408 4521 2398 4521 2399 4521 2408 4522 2399 4522 2409 4522 2409 4523 2399 4523 2357 4523 2409 4524 2357 4524 2356 4524 2404 4525 2395 4525 2410 4525 2410 4526 2395 4526 2400 4526 2410 4527 2400 4527 2411 4527 2411 4528 2400 4528 2401 4528 2411 4529 2401 4529 2412 4529 2412 4530 2401 4530 2402 4530 2412 4531 2402 4531 2413 4531 2413 4532 2402 4532 2403 4532 2413 4533 2403 4533 2414 4533 2415 4534 1565 4534 2404 4534 2416 4535 2405 4535 2417 4535 2417 4536 2405 4536 2406 4536 2417 4537 2406 4537 2418 4537 2418 4538 2406 4538 2407 4538 2418 4539 2407 4539 2419 4539 2419 4540 2407 4540 2408 4540 2419 4541 2408 4541 2420 4541 2420 4542 2408 4542 2409 4542 2420 4543 2409 4543 2421 4543 2421 4544 2409 4544 2356 4544 2421 4545 2356 4545 2355 4545 2415 4546 2404 4546 2422 4546 2422 4547 2404 4547 2410 4547 2422 4548 2410 4548 2423 4548 2423 4549 2410 4549 2411 4549 2423 4550 2411 4550 2424 4550 2424 4551 2411 4551 2412 4551 2424 4552 2412 4552 2425 4552 2425 4553 2412 4553 2413 4553 2425 4554 2413 4554 2426 4554 2426 4555 2413 4555 2414 4555 2426 4556 2414 4556 2427 4556 2428 4557 1565 4557 2415 4557 2429 4558 2416 4558 2430 4558 2430 4559 2416 4559 2417 4559 2430 4560 2417 4560 2431 4560 2431 4561 2417 4561 2418 4561 2431 4562 2418 4562 2432 4562 2432 4563 2418 4563 2419 4563 2432 4564 2419 4564 2433 4564 2433 4565 2419 4565 2420 4565 2433 4566 2420 4566 2434 4566 2434 4567 2420 4567 2421 4567 2434 4568 2421 4568 2435 4568 2435 4569 2421 4569 2355 4569 2435 4570 2355 4570 2354 4570 2428 4571 2415 4571 2436 4571 2436 4572 2415 4572 2422 4572 2436 4573 2422 4573 2437 4573 2437 4574 2422 4574 2423 4574 2437 4575 2423 4575 2438 4575 2438 4576 2423 4576 2424 4576 2438 4577 2424 4577 2439 4577 2439 4578 2424 4578 2425 4578 2439 4579 2425 4579 2440 4579 2440 4580 2425 4580 2426 4580 2440 4581 2426 4581 2441 4581 2441 4582 2426 4582 2427 4582 2441 4583 2427 4583 2442 4583 2443 4584 2429 4584 2444 4584 2444 4585 2429 4585 2430 4585 2444 4586 2430 4586 2445 4586 2445 4587 2430 4587 2431 4587 2445 4588 2431 4588 2446 4588 2446 4589 2431 4589 2432 4589 2446 4590 2432 4590 2447 4590 2447 4591 2432 4591 2433 4591 2447 4592 2433 4592 2448 4592 2448 4593 2433 4593 2434 4593 2448 4594 2434 4594 2449 4594 2449 4595 2434 4595 2435 4595 2449 4596 2435 4596 2450 4596 2450 4597 2435 4597 2354 4597 2450 4598 2354 4598 2353 4598 2451 4599 2443 4599 2452 4599 2452 4600 2443 4600 2444 4600 2452 4601 2444 4601 2453 4601 2453 4602 2444 4602 2445 4602 2453 4603 2445 4603 2454 4603 2454 4604 2445 4604 2446 4604 2454 4605 2446 4605 2455 4605 2455 4606 2446 4606 2447 4606 2455 4607 2447 4607 2456 4607 2456 4608 2447 4608 2448 4608 2456 4609 2448 4609 2457 4609 2457 4610 2448 4610 2449 4610 2457 4611 2449 4611 2458 4611 2458 4612 2449 4612 2450 4612 2458 4613 2450 4613 2459 4613 2459 4614 2450 4614 2353 4614 2459 4615 2353 4615 2352 4615 2378 4616 2451 4616 2379 4616 2379 4617 2451 4617 2452 4617 2379 4618 2452 4618 2460 4618 2460 4619 2452 4619 2453 4619 2460 4620 2453 4620 2461 4620 2461 4621 2453 4621 2454 4621 2461 4622 2454 4622 2462 4622 2462 4623 2454 4623 2455 4623 2462 4624 2455 4624 2463 4624 2463 4625 2455 4625 2456 4625 2463 4626 2456 4626 2464 4626 2464 4627 2456 4627 2457 4627 2464 4628 2457 4628 2465 4628 2465 4629 2457 4629 2458 4629 2465 4630 2458 4630 2466 4630 2466 4631 2458 4631 2459 4631 2466 4632 2459 4632 2467 4632 2467 4633 2459 4633 2352 4633 2467 4634 2352 4634 2351 4634 896 4635 2379 4635 2216 4635 2216 4636 2379 4636 2460 4636 2216 4637 2460 4637 2217 4637 2217 4638 2460 4638 2461 4638 2217 4639 2461 4639 2218 4639 2218 4640 2461 4640 2462 4640 2218 4641 2462 4641 2219 4641 2219 4642 2462 4642 2463 4642 2219 4643 2463 4643 2220 4643 2220 4644 2463 4644 2464 4644 2220 4645 2464 4645 2221 4645 2221 4646 2464 4646 2465 4646 2221 4647 2465 4647 2222 4647 2222 4648 2465 4648 2466 4648 2222 4649 2466 4649 2223 4649 2223 4650 2466 4650 2467 4650 2223 4651 2467 4651 2224 4651 2224 4652 2467 4652 2351 4652 2224 4653 2351 4653 863 4653 2389 4654 1565 4654 2383 4654 2378 4655 2442 4655 2451 4655 2451 4656 2442 4656 2427 4656 2451 4657 2427 4657 2443 4657 2443 4658 2427 4658 2414 4658 2443 4659 2414 4659 2429 4659 2429 4660 2414 4660 2403 4660 2429 4661 2403 4661 2416 4661 2416 4662 2403 4662 2394 4662 2416 4663 2394 4663 2405 4663 2405 4664 2394 4664 2386 4664 2405 4665 2386 4665 2396 4665 2396 4666 2386 4666 2380 4666 2396 4667 2380 4667 2388 4667 2388 4668 2380 4668 2382 4668 2388 4669 2382 4669 2389 4669 2389 4670 2382 4670 1565 4670 2468 4671 2469 4671 2470 4671 2470 4672 2469 4672 1564 4672 2471 4673 1564 4673 2469 4673 2471 4674 2469 4674 2472 4674 2472 4675 2469 4675 2468 4675 2472 4676 2468 4676 2473 4676 2474 4677 1564 4677 2471 4677 2474 4678 2471 4678 2475 4678 2475 4679 2471 4679 2472 4679 2475 4680 2472 4680 2476 4680 2476 4681 2472 4681 2473 4681 2476 4682 2473 4682 2477 4682 2376 4683 1564 4683 2474 4683 2376 4684 2474 4684 2374 4684 2374 4685 2474 4685 2475 4685 2374 4686 2475 4686 2372 4686 2372 4687 2475 4687 2476 4687 2372 4688 2476 4688 2370 4688 2370 4689 2476 4689 2477 4689 2370 4690 2477 4690 2368 4690 2204 4691 428 4691 2478 4691 2478 4692 428 4692 2361 4692 2478 4693 2361 4693 2479 4693 2479 4694 2361 4694 2362 4694 2479 4695 2362 4695 2480 4695 2480 4696 2362 4696 2364 4696 2480 4697 2364 4697 2481 4697 2481 4698 2364 4698 2366 4698 2481 4699 2366 4699 2482 4699 2206 4700 2204 4700 2483 4700 2483 4701 2204 4701 2478 4701 2483 4702 2478 4702 2484 4702 2484 4703 2478 4703 2479 4703 2484 4704 2479 4704 2485 4704 2485 4705 2479 4705 2480 4705 2485 4706 2480 4706 2486 4706 2486 4707 2480 4707 2481 4707 2486 4708 2481 4708 2487 4708 2487 4709 2481 4709 2482 4709 2487 4710 2482 4710 2488 4710 2208 4711 2206 4711 2489 4711 2489 4712 2206 4712 2483 4712 2489 4713 2483 4713 2490 4713 2490 4714 2483 4714 2484 4714 2490 4715 2484 4715 2491 4715 2491 4716 2484 4716 2485 4716 2491 4717 2485 4717 2492 4717 2492 4718 2485 4718 2486 4718 2492 4719 2486 4719 2493 4719 2493 4720 2486 4720 2487 4720 2493 4721 2487 4721 2494 4721 2494 4722 2487 4722 2488 4722 2494 4723 2488 4723 2495 4723 2210 4724 2208 4724 2496 4724 2496 4725 2208 4725 2489 4725 2496 4726 2489 4726 2497 4726 2497 4727 2489 4727 2490 4727 2497 4728 2490 4728 2498 4728 2498 4729 2490 4729 2491 4729 2498 4730 2491 4730 2499 4730 2499 4731 2491 4731 2492 4731 2499 4732 2492 4732 2500 4732 2500 4733 2492 4733 2493 4733 2500 4734 2493 4734 2501 4734 2501 4735 2493 4735 2494 4735 2501 4736 2494 4736 2502 4736 2502 4737 2494 4737 2495 4737 2502 4738 2495 4738 2503 4738 2212 4739 2210 4739 2504 4739 2504 4740 2210 4740 2496 4740 2504 4741 2496 4741 2505 4741 2505 4742 2496 4742 2497 4742 2505 4743 2497 4743 2506 4743 2506 4744 2497 4744 2498 4744 2506 4745 2498 4745 2507 4745 2507 4746 2498 4746 2499 4746 2507 4747 2499 4747 2508 4747 2508 4748 2499 4748 2500 4748 2508 4749 2500 4749 2509 4749 2509 4750 2500 4750 2501 4750 2509 4751 2501 4751 2510 4751 2510 4752 2501 4752 2502 4752 2510 4753 2502 4753 2511 4753 2511 4754 2502 4754 2503 4754 2511 4755 2503 4755 2512 4755 2512 4756 2513 4756 2511 4756 2511 4757 2513 4757 2514 4757 2511 4758 2514 4758 2510 4758 2510 4759 2514 4759 2515 4759 2510 4760 2515 4760 2509 4760 2509 4761 2515 4761 2516 4761 2509 4762 2516 4762 2508 4762 2508 4763 2516 4763 2517 4763 2508 4764 2517 4764 2507 4764 2507 4765 2517 4765 2518 4765 2507 4766 2518 4766 2506 4766 2506 4767 2518 4767 2519 4767 2506 4768 2519 4768 2505 4768 2505 4769 2519 4769 2520 4769 2505 4770 2520 4770 2504 4770 2504 4771 2520 4771 2521 4771 2504 4772 2521 4772 2212 4772 2212 4773 2521 4773 2214 4773 1569 4774 2214 4774 2522 4774 2522 4775 2214 4775 2521 4775 2522 4776 2521 4776 2523 4776 2523 4777 2521 4777 2520 4777 2523 4778 2520 4778 2524 4778 2524 4779 2520 4779 2519 4779 2524 4780 2519 4780 2525 4780 2525 4781 2519 4781 2518 4781 2525 4782 2518 4782 2526 4782 2526 4783 2518 4783 2517 4783 2526 4784 2517 4784 2527 4784 2527 4785 2517 4785 2516 4785 2527 4786 2516 4786 2528 4786 2528 4787 2516 4787 2515 4787 2528 4788 2515 4788 2529 4788 2529 4789 2515 4789 2514 4789 2529 4790 2514 4790 2530 4790 2530 4791 2514 4791 2513 4791 2530 4792 2513 4792 1564 4792 2512 4793 1564 4793 2513 4793 2366 4794 2368 4794 2482 4794 2482 4795 2368 4795 2477 4795 2482 4796 2477 4796 2488 4796 2488 4797 2477 4797 2473 4797 2488 4798 2473 4798 2495 4798 2495 4799 2473 4799 2468 4799 2495 4800 2468 4800 2503 4800 2503 4801 2468 4801 2470 4801 2503 4802 2470 4802 2512 4802 2512 4803 2470 4803 1564 4803 1563 4804 1565 4804 2428 4804 1563 4805 2428 4805 2531 4805 2531 4806 2428 4806 2436 4806 2531 4807 2436 4807 2532 4807 2532 4808 2436 4808 2437 4808 2532 4809 2437 4809 2533 4809 2533 4810 2437 4810 2438 4810 2533 4811 2438 4811 2534 4811 2534 4812 2438 4812 2439 4812 2534 4813 2439 4813 2535 4813 2535 4814 2439 4814 2440 4814 2535 4815 2440 4815 2536 4815 2536 4816 2440 4816 2537 4816 2537 4817 2440 4817 2441 4817 2537 4818 2441 4818 2538 4818 2538 4819 2441 4819 2539 4819 2539 4820 2441 4820 2442 4820 2539 4821 2442 4821 2540 4821 2540 4822 2442 4822 2541 4822 2541 4823 2442 4823 2378 4823 2541 4824 2378 4824 2542 4824 2542 4825 2378 4825 2543 4825 2543 4826 2378 4826 896 4826 2543 4827 896 4827 904 4827 904 4828 1569 4828 2543 4828 2543 4829 1569 4829 2522 4829 2543 4830 2522 4830 2542 4830 2542 4831 2522 4831 2541 4831 2541 4832 2522 4832 2523 4832 2541 4833 2523 4833 2540 4833 2540 4834 2523 4834 2539 4834 2539 4835 2523 4835 2524 4835 2539 4836 2524 4836 2538 4836 2538 4837 2524 4837 2537 4837 2537 4838 2524 4838 2525 4838 2537 4839 2525 4839 2536 4839 2536 4840 2525 4840 2526 4840 2536 4841 2526 4841 2535 4841 2535 4842 2526 4842 2527 4842 2535 4843 2527 4843 2534 4843 2534 4844 2527 4844 2528 4844 2534 4845 2528 4845 2533 4845 2533 4846 2528 4846 2529 4846 2533 4847 2529 4847 2532 4847 2532 4848 2529 4848 2530 4848 2532 4849 2530 4849 2531 4849 2531 4850 2530 4850 1564 4850 2531 4851 1564 4851 1563 4851 382 4852 393 4852 2544 4852 2544 4853 393 4853 2545 4853 2544 4854 2545 4854 2546 4854 2546 4855 2545 4855 2547 4855 2546 4856 2547 4856 2548 4856 2548 4857 2547 4857 2549 4857 2548 4858 2549 4858 2550 4858 2550 4859 2549 4859 2551 4859 2550 4860 2551 4860 2552 4860 2552 4861 2551 4861 2553 4861 2552 4862 2553 4862 2554 4862 2554 4863 2553 4863 2555 4863 2554 4864 2555 4864 2556 4864 2556 4865 2555 4865 2557 4865 2556 4866 2557 4866 2558 4866 2558 4867 2557 4867 2559 4867 2558 4868 2559 4868 2560 4868 2560 4869 2559 4869 2561 4869 2560 4870 2561 4870 1578 4870 1578 4871 2561 4871 1576 4871 393 4872 392 4872 2545 4872 2545 4873 392 4873 2562 4873 2545 4874 2562 4874 2547 4874 2547 4875 2562 4875 2563 4875 2547 4876 2563 4876 2549 4876 2549 4877 2563 4877 2564 4877 2549 4878 2564 4878 2551 4878 2551 4879 2564 4879 2565 4879 2551 4880 2565 4880 2553 4880 2553 4881 2565 4881 2566 4881 2553 4882 2566 4882 2555 4882 2555 4883 2566 4883 2567 4883 2555 4884 2567 4884 2557 4884 2557 4885 2567 4885 2568 4885 2557 4886 2568 4886 2559 4886 2559 4887 2568 4887 2569 4887 2559 4888 2569 4888 2561 4888 2561 4889 2569 4889 2570 4889 2561 4890 2570 4890 1576 4890 1576 4891 2570 4891 1574 4891 2571 4892 2572 4892 2573 4892 1578 4893 2574 4893 2575 4893 2576 4894 2574 4894 1578 4894 2573 4895 2572 4895 1578 4895 2577 4896 1578 4896 2572 4896 2577 4897 2572 4897 2578 4897 2578 4898 2572 4898 2571 4898 2578 4899 2571 4899 2579 4899 2580 4900 1578 4900 2577 4900 2581 4901 2575 4901 2582 4901 2582 4902 2575 4902 2574 4902 2582 4903 2574 4903 2583 4903 2583 4904 2574 4904 2576 4904 2583 4905 2576 4905 2584 4905 2580 4906 2577 4906 2585 4906 2585 4907 2577 4907 2578 4907 2585 4908 2578 4908 2586 4908 2586 4909 2578 4909 2579 4909 2586 4910 2579 4910 2587 4910 2588 4911 1578 4911 2580 4911 2589 4912 2581 4912 2590 4912 2590 4913 2581 4913 2582 4913 2590 4914 2582 4914 2591 4914 2591 4915 2582 4915 2583 4915 2591 4916 2583 4916 2592 4916 2592 4917 2583 4917 2584 4917 2592 4918 2584 4918 2593 4918 2588 4919 2580 4919 2594 4919 2594 4920 2580 4920 2585 4920 2594 4921 2585 4921 2595 4921 2595 4922 2585 4922 2586 4922 2595 4923 2586 4923 2596 4923 2596 4924 2586 4924 2587 4924 2596 4925 2587 4925 2597 4925 2598 4926 1578 4926 2588 4926 2599 4927 2589 4927 2600 4927 2600 4928 2589 4928 2590 4928 2600 4929 2590 4929 2601 4929 2601 4930 2590 4930 2591 4930 2601 4931 2591 4931 2602 4931 2602 4932 2591 4932 2592 4932 2602 4933 2592 4933 2603 4933 2603 4934 2592 4934 2593 4934 2603 4935 2593 4935 2604 4935 2598 4936 2588 4936 2605 4936 2605 4937 2588 4937 2594 4937 2605 4938 2594 4938 2606 4938 2606 4939 2594 4939 2595 4939 2606 4940 2595 4940 2607 4940 2607 4941 2595 4941 2596 4941 2607 4942 2596 4942 2608 4942 2608 4943 2596 4943 2597 4943 2608 4944 2597 4944 2609 4944 2610 4945 1578 4945 2598 4945 2611 4946 2599 4946 2612 4946 2612 4947 2599 4947 2600 4947 2612 4948 2600 4948 2613 4948 2613 4949 2600 4949 2601 4949 2613 4950 2601 4950 2614 4950 2614 4951 2601 4951 2602 4951 2614 4952 2602 4952 2615 4952 2615 4953 2602 4953 2603 4953 2615 4954 2603 4954 2616 4954 2616 4955 2603 4955 2604 4955 2616 4956 2604 4956 2617 4956 2610 4957 2598 4957 2618 4957 2618 4958 2598 4958 2605 4958 2618 4959 2605 4959 2619 4959 2619 4960 2605 4960 2606 4960 2619 4961 2606 4961 2620 4961 2620 4962 2606 4962 2607 4962 2620 4963 2607 4963 2621 4963 2621 4964 2607 4964 2608 4964 2621 4965 2608 4965 2622 4965 2622 4966 2608 4966 2609 4966 2622 4967 2609 4967 2623 4967 2624 4968 1578 4968 2610 4968 2625 4969 2611 4969 2626 4969 2626 4970 2611 4970 2612 4970 2626 4971 2612 4971 2627 4971 2627 4972 2612 4972 2613 4972 2627 4973 2613 4973 2628 4973 2628 4974 2613 4974 2614 4974 2628 4975 2614 4975 2629 4975 2629 4976 2614 4976 2615 4976 2629 4977 2615 4977 2630 4977 2630 4978 2615 4978 2616 4978 2630 4979 2616 4979 2631 4979 2631 4980 2616 4980 2617 4980 2631 4981 2617 4981 2632 4981 2624 4982 2610 4982 2633 4982 2633 4983 2610 4983 2618 4983 2633 4984 2618 4984 2634 4984 2634 4985 2618 4985 2619 4985 2634 4986 2619 4986 2635 4986 2635 4987 2619 4987 2620 4987 2635 4988 2620 4988 2636 4988 2636 4989 2620 4989 2621 4989 2636 4990 2621 4990 2637 4990 2637 4991 2621 4991 2622 4991 2637 4992 2622 4992 2638 4992 2638 4993 2622 4993 2623 4993 2638 4994 2623 4994 2639 4994 2560 4995 1578 4995 2624 4995 2640 4996 2625 4996 2641 4996 2641 4997 2625 4997 2626 4997 2641 4998 2626 4998 2642 4998 2642 4999 2626 4999 2627 4999 2642 5000 2627 5000 2643 5000 2643 5001 2627 5001 2628 5001 2643 5002 2628 5002 2644 5002 2644 5003 2628 5003 2629 5003 2644 5004 2629 5004 2645 5004 2645 5005 2629 5005 2630 5005 2645 5006 2630 5006 2646 5006 2646 5007 2630 5007 2631 5007 2646 5008 2631 5008 2647 5008 2647 5009 2631 5009 2632 5009 2647 5010 2632 5010 2648 5010 2560 5011 2624 5011 2558 5011 2558 5012 2624 5012 2633 5012 2558 5013 2633 5013 2556 5013 2556 5014 2633 5014 2634 5014 2556 5015 2634 5015 2554 5015 2554 5016 2634 5016 2635 5016 2554 5017 2635 5017 2552 5017 2552 5018 2635 5018 2636 5018 2552 5019 2636 5019 2550 5019 2550 5020 2636 5020 2637 5020 2550 5021 2637 5021 2548 5021 2548 5022 2637 5022 2638 5022 2548 5023 2638 5023 2546 5023 2546 5024 2638 5024 2639 5024 2546 5025 2639 5025 2544 5025 2649 5026 2640 5026 2650 5026 2650 5027 2640 5027 2641 5027 2650 5028 2641 5028 2651 5028 2651 5029 2641 5029 2642 5029 2651 5030 2642 5030 2652 5030 2652 5031 2642 5031 2643 5031 2652 5032 2643 5032 2653 5032 2653 5033 2643 5033 2644 5033 2653 5034 2644 5034 2654 5034 2654 5035 2644 5035 2645 5035 2654 5036 2645 5036 2655 5036 2655 5037 2645 5037 2646 5037 2655 5038 2646 5038 2656 5038 2656 5039 2646 5039 2647 5039 2656 5040 2647 5040 2657 5040 2657 5041 2647 5041 2648 5041 2657 5042 2648 5042 2658 5042 2659 5043 2649 5043 2660 5043 2660 5044 2649 5044 2650 5044 2660 5045 2650 5045 2661 5045 2661 5046 2650 5046 2651 5046 2661 5047 2651 5047 2662 5047 2662 5048 2651 5048 2652 5048 2662 5049 2652 5049 2663 5049 2663 5050 2652 5050 2653 5050 2663 5051 2653 5051 2664 5051 2664 5052 2653 5052 2654 5052 2664 5053 2654 5053 2665 5053 2665 5054 2654 5054 2655 5054 2665 5055 2655 5055 2666 5055 2666 5056 2655 5056 2656 5056 2666 5057 2656 5057 2667 5057 2667 5058 2656 5058 2657 5058 2667 5059 2657 5059 2668 5059 2668 5060 2657 5060 2658 5060 2668 5061 2658 5061 2669 5061 382 5062 2659 5062 1579 5062 1579 5063 2659 5063 2660 5063 1579 5064 2660 5064 1581 5064 1581 5065 2660 5065 2661 5065 1581 5066 2661 5066 1583 5066 1583 5067 2661 5067 2662 5067 1583 5068 2662 5068 1585 5068 1585 5069 2662 5069 2663 5069 1585 5070 2663 5070 1587 5070 1587 5071 2663 5071 2664 5071 1587 5072 2664 5072 1589 5072 1589 5073 2664 5073 2665 5073 1589 5074 2665 5074 1591 5074 1591 5075 2665 5075 2666 5075 1591 5076 2666 5076 1593 5076 1593 5077 2666 5077 2667 5077 1593 5078 2667 5078 1595 5078 1595 5079 2667 5079 2668 5079 1595 5080 2668 5080 1597 5080 1597 5081 2668 5081 2669 5081 1597 5082 2669 5082 1599 5082 382 5083 2544 5083 2659 5083 2659 5084 2544 5084 2639 5084 2659 5085 2639 5085 2649 5085 2649 5086 2639 5086 2623 5086 2649 5087 2623 5087 2640 5087 2640 5088 2623 5088 2609 5088 2640 5089 2609 5089 2625 5089 2625 5090 2609 5090 2597 5090 2625 5091 2597 5091 2611 5091 2611 5092 2597 5092 2587 5092 2611 5093 2587 5093 2599 5093 2599 5094 2587 5094 2579 5094 2599 5095 2579 5095 2589 5095 2589 5096 2579 5096 2571 5096 2589 5097 2571 5097 2581 5097 2581 5098 2571 5098 2573 5098 2581 5099 2573 5099 2575 5099 2575 5100 2573 5100 1578 5100 805 5101 1599 5101 2670 5101 2670 5102 1599 5102 2669 5102 2670 5103 2669 5103 2671 5103 2671 5104 2669 5104 2658 5104 2671 5105 2658 5105 2672 5105 2672 5106 2658 5106 2648 5106 2672 5107 2648 5107 2673 5107 2673 5108 2648 5108 2632 5108 2673 5109 2632 5109 2674 5109 2674 5110 2632 5110 2617 5110 2674 5111 2617 5111 2675 5111 2675 5112 2617 5112 2604 5112 2675 5113 2604 5113 2676 5113 2676 5114 2604 5114 2593 5114 2676 5115 2593 5115 2677 5115 2677 5116 2593 5116 2584 5116 2677 5117 2584 5117 2678 5117 2678 5118 2584 5118 2576 5118 2678 5119 2576 5119 1578 5119 2679 5120 2680 5120 2681 5120 2681 5121 2680 5121 1574 5121 2682 5122 1574 5122 2680 5122 2682 5123 2680 5123 2683 5123 2683 5124 2680 5124 2679 5124 2683 5125 2679 5125 2684 5125 2685 5126 1574 5126 2682 5126 2685 5127 2682 5127 2686 5127 2686 5128 2682 5128 2683 5128 2686 5129 2683 5129 2687 5129 2687 5130 2683 5130 2684 5130 2687 5131 2684 5131 2688 5131 2689 5132 1574 5132 2685 5132 2689 5133 2685 5133 2690 5133 2690 5134 2685 5134 2686 5134 2690 5135 2686 5135 2691 5135 2691 5136 2686 5136 2687 5136 2691 5137 2687 5137 2692 5137 2692 5138 2687 5138 2688 5138 2692 5139 2688 5139 2693 5139 2192 5140 1573 5140 2694 5140 2694 5141 1573 5141 2695 5141 2694 5142 2695 5142 2696 5142 2696 5143 2695 5143 2697 5143 2696 5144 2697 5144 2698 5144 2698 5145 2697 5145 2699 5145 2698 5146 2699 5146 2700 5146 2700 5147 2699 5147 2701 5147 2700 5148 2701 5148 2702 5148 2194 5149 2192 5149 2703 5149 2703 5150 2192 5150 2694 5150 2703 5151 2694 5151 2704 5151 2704 5152 2694 5152 2696 5152 2704 5153 2696 5153 2705 5153 2705 5154 2696 5154 2698 5154 2705 5155 2698 5155 2706 5155 2706 5156 2698 5156 2700 5156 2706 5157 2700 5157 2707 5157 2707 5158 2700 5158 2702 5158 2707 5159 2702 5159 2708 5159 2196 5160 2194 5160 2709 5160 2709 5161 2194 5161 2703 5161 2709 5162 2703 5162 2710 5162 2710 5163 2703 5163 2704 5163 2710 5164 2704 5164 2711 5164 2711 5165 2704 5165 2705 5165 2711 5166 2705 5166 2712 5166 2712 5167 2705 5167 2706 5167 2712 5168 2706 5168 2713 5168 2713 5169 2706 5169 2707 5169 2713 5170 2707 5170 2714 5170 2714 5171 2707 5171 2708 5171 2714 5172 2708 5172 2715 5172 2198 5173 2196 5173 2716 5173 2716 5174 2196 5174 2709 5174 2716 5175 2709 5175 2717 5175 2717 5176 2709 5176 2710 5176 2717 5177 2710 5177 2718 5177 2718 5178 2710 5178 2711 5178 2718 5179 2711 5179 2719 5179 2719 5180 2711 5180 2712 5180 2719 5181 2712 5181 2720 5181 2720 5182 2712 5182 2713 5182 2720 5183 2713 5183 2721 5183 2721 5184 2713 5184 2714 5184 2721 5185 2714 5185 2722 5185 2722 5186 2714 5186 2715 5186 2722 5187 2715 5187 2723 5187 2200 5188 2198 5188 2724 5188 2724 5189 2198 5189 2716 5189 2724 5190 2716 5190 2725 5190 2725 5191 2716 5191 2717 5191 2725 5192 2717 5192 2726 5192 2726 5193 2717 5193 2718 5193 2726 5194 2718 5194 2727 5194 2727 5195 2718 5195 2719 5195 2727 5196 2719 5196 2728 5196 2728 5197 2719 5197 2720 5197 2728 5198 2720 5198 2729 5198 2729 5199 2720 5199 2721 5199 2729 5200 2721 5200 2730 5200 2730 5201 2721 5201 2722 5201 2730 5202 2722 5202 2731 5202 2731 5203 2722 5203 2723 5203 2731 5204 2723 5204 2732 5204 2732 5205 2733 5205 2731 5205 2731 5206 2733 5206 2734 5206 2731 5207 2734 5207 2730 5207 2730 5208 2734 5208 2735 5208 2730 5209 2735 5209 2729 5209 2729 5210 2735 5210 2736 5210 2729 5211 2736 5211 2728 5211 2728 5212 2736 5212 2737 5212 2728 5213 2737 5213 2727 5213 2727 5214 2737 5214 2738 5214 2727 5215 2738 5215 2726 5215 2726 5216 2738 5216 2739 5216 2726 5217 2739 5217 2725 5217 2725 5218 2739 5218 2740 5218 2725 5219 2740 5219 2724 5219 2724 5220 2740 5220 2741 5220 2724 5221 2741 5221 2200 5221 2200 5222 2741 5222 2202 5222 392 5223 2202 5223 2562 5223 2562 5224 2202 5224 2741 5224 2562 5225 2741 5225 2563 5225 2563 5226 2741 5226 2740 5226 2563 5227 2740 5227 2564 5227 2564 5228 2740 5228 2739 5228 2564 5229 2739 5229 2565 5229 2565 5230 2739 5230 2738 5230 2565 5231 2738 5231 2566 5231 2566 5232 2738 5232 2737 5232 2566 5233 2737 5233 2567 5233 2567 5234 2737 5234 2736 5234 2567 5235 2736 5235 2568 5235 2568 5236 2736 5236 2735 5236 2568 5237 2735 5237 2569 5237 2569 5238 2735 5238 2734 5238 2569 5239 2734 5239 2570 5239 2570 5240 2734 5240 2733 5240 2570 5241 2733 5241 1574 5241 2732 5242 1574 5242 2733 5242 2701 5243 2693 5243 2702 5243 2702 5244 2693 5244 2688 5244 2702 5245 2688 5245 2708 5245 2708 5246 2688 5246 2684 5246 2708 5247 2684 5247 2715 5247 2715 5248 2684 5248 2679 5248 2715 5249 2679 5249 2723 5249 2723 5250 2679 5250 2681 5250 2723 5251 2681 5251 2732 5251 2732 5252 2681 5252 1574 5252 1578 5253 1577 5253 2742 5253 1578 5254 2742 5254 2678 5254 2678 5255 2742 5255 2743 5255 2678 5256 2743 5256 2677 5256 2677 5257 2743 5257 2744 5257 2677 5258 2744 5258 2676 5258 2676 5259 2744 5259 2745 5259 2676 5260 2745 5260 2675 5260 2675 5261 2745 5261 2746 5261 2675 5262 2746 5262 2674 5262 2674 5263 2746 5263 2747 5263 2674 5264 2747 5264 2673 5264 2673 5265 2747 5265 2748 5265 2673 5266 2748 5266 2672 5266 2672 5267 2748 5267 2749 5267 2672 5268 2749 5268 2671 5268 2671 5269 2749 5269 2750 5269 2671 5270 2750 5270 2670 5270 2670 5271 2750 5271 806 5271 2670 5272 806 5272 805 5272 1575 5273 1574 5273 2689 5273 1575 5274 2689 5274 2751 5274 2751 5275 2689 5275 2690 5275 2751 5276 2690 5276 2752 5276 2752 5277 2690 5277 2691 5277 2752 5278 2691 5278 2753 5278 2753 5279 2691 5279 2692 5279 2753 5280 2692 5280 2754 5280 2754 5281 2692 5281 2693 5281 2754 5282 2693 5282 2755 5282 2755 5283 2693 5283 2701 5283 2755 5284 2701 5284 2756 5284 2756 5285 2701 5285 2757 5285 2757 5286 2701 5286 2699 5286 2757 5287 2699 5287 2758 5287 2758 5288 2699 5288 2759 5288 2759 5289 2699 5289 2697 5289 2759 5290 2697 5290 2760 5290 2760 5291 2697 5291 2761 5291 2761 5292 2697 5292 2695 5292 2761 5293 2695 5293 2762 5293 2762 5294 2695 5294 2763 5294 2763 5295 2695 5295 1573 5295 2763 5296 1573 5296 891 5296 806 5297 2750 5297 2764 5297 2765 5298 2766 5298 2767 5298 1577 5299 2768 5299 2769 5299 2767 5300 2766 5300 1577 5300 2770 5301 1577 5301 2766 5301 2770 5302 2766 5302 2771 5302 2771 5303 2766 5303 2765 5303 2771 5304 2765 5304 2772 5304 2773 5305 1577 5305 2770 5305 2774 5306 2775 5306 2776 5306 2776 5307 2775 5307 2769 5307 2776 5308 2769 5308 2777 5308 2777 5309 2769 5309 2768 5309 2777 5310 2768 5310 2778 5310 2773 5311 2770 5311 2779 5311 2779 5312 2770 5312 2771 5312 2779 5313 2771 5313 2780 5313 2780 5314 2771 5314 2772 5314 2780 5315 2772 5315 2781 5315 2782 5316 1577 5316 2773 5316 2783 5317 2774 5317 2784 5317 2784 5318 2774 5318 2776 5318 2784 5319 2776 5319 2785 5319 2785 5320 2776 5320 2777 5320 2785 5321 2777 5321 2786 5321 2786 5322 2777 5322 2778 5322 2786 5323 2778 5323 2787 5323 2782 5324 2773 5324 2788 5324 2788 5325 2773 5325 2779 5325 2788 5326 2779 5326 2789 5326 2789 5327 2779 5327 2780 5327 2789 5328 2780 5328 2790 5328 2790 5329 2780 5329 2781 5329 2790 5330 2781 5330 2791 5330 2792 5331 1577 5331 2782 5331 2793 5332 2783 5332 2794 5332 2794 5333 2783 5333 2784 5333 2794 5334 2784 5334 2795 5334 2795 5335 2784 5335 2785 5335 2795 5336 2785 5336 2796 5336 2796 5337 2785 5337 2786 5337 2796 5338 2786 5338 2797 5338 2797 5339 2786 5339 2787 5339 2797 5340 2787 5340 2798 5340 2792 5341 2782 5341 2799 5341 2799 5342 2782 5342 2788 5342 2799 5343 2788 5343 2800 5343 2800 5344 2788 5344 2789 5344 2800 5345 2789 5345 2801 5345 2801 5346 2789 5346 2790 5346 2801 5347 2790 5347 2802 5347 2802 5348 2790 5348 2791 5348 2802 5349 2791 5349 2803 5349 2804 5350 1577 5350 2792 5350 2805 5351 2793 5351 2806 5351 2806 5352 2793 5352 2794 5352 2806 5353 2794 5353 2807 5353 2807 5354 2794 5354 2795 5354 2807 5355 2795 5355 2808 5355 2808 5356 2795 5356 2796 5356 2808 5357 2796 5357 2809 5357 2809 5358 2796 5358 2797 5358 2809 5359 2797 5359 2810 5359 2810 5360 2797 5360 2798 5360 2810 5361 2798 5361 2811 5361 2804 5362 2792 5362 2812 5362 2812 5363 2792 5363 2799 5363 2812 5364 2799 5364 2813 5364 2813 5365 2799 5365 2800 5365 2813 5366 2800 5366 2814 5366 2814 5367 2800 5367 2801 5367 2814 5368 2801 5368 2815 5368 2815 5369 2801 5369 2802 5369 2815 5370 2802 5370 2816 5370 2816 5371 2802 5371 2803 5371 2816 5372 2803 5372 2817 5372 2742 5373 1577 5373 2804 5373 2818 5374 2805 5374 2819 5374 2819 5375 2805 5375 2806 5375 2819 5376 2806 5376 2820 5376 2820 5377 2806 5377 2807 5377 2820 5378 2807 5378 2821 5378 2821 5379 2807 5379 2808 5379 2821 5380 2808 5380 2822 5380 2822 5381 2808 5381 2809 5381 2822 5382 2809 5382 2823 5382 2823 5383 2809 5383 2810 5383 2823 5384 2810 5384 2824 5384 2824 5385 2810 5385 2811 5385 2824 5386 2811 5386 2825 5386 2742 5387 2804 5387 2743 5387 2743 5388 2804 5388 2812 5388 2743 5389 2812 5389 2744 5389 2744 5390 2812 5390 2813 5390 2744 5391 2813 5391 2745 5391 2745 5392 2813 5392 2814 5392 2745 5393 2814 5393 2746 5393 2746 5394 2814 5394 2815 5394 2746 5395 2815 5395 2747 5395 2747 5396 2815 5396 2816 5396 2747 5397 2816 5397 2748 5397 2748 5398 2816 5398 2817 5398 2748 5399 2817 5399 2749 5399 2826 5400 2818 5400 2827 5400 2827 5401 2818 5401 2819 5401 2827 5402 2819 5402 2828 5402 2828 5403 2819 5403 2820 5403 2828 5404 2820 5404 2829 5404 2829 5405 2820 5405 2821 5405 2829 5406 2821 5406 2830 5406 2830 5407 2821 5407 2822 5407 2830 5408 2822 5408 2831 5408 2831 5409 2822 5409 2823 5409 2831 5410 2823 5410 2832 5410 2832 5411 2823 5411 2824 5411 2832 5412 2824 5412 2833 5412 2833 5413 2824 5413 2825 5413 2833 5414 2825 5414 2834 5414 2835 5415 2826 5415 2836 5415 2836 5416 2826 5416 2827 5416 2836 5417 2827 5417 2837 5417 2837 5418 2827 5418 2828 5418 2837 5419 2828 5419 2838 5419 2838 5420 2828 5420 2829 5420 2838 5421 2829 5421 2839 5421 2839 5422 2829 5422 2830 5422 2839 5423 2830 5423 2840 5423 2840 5424 2830 5424 2831 5424 2840 5425 2831 5425 2841 5425 2841 5426 2831 5426 2832 5426 2841 5427 2832 5427 2842 5427 2842 5428 2832 5428 2833 5428 2842 5429 2833 5429 2843 5429 2843 5430 2833 5430 2834 5430 2843 5431 2834 5431 2844 5431 2750 5432 2835 5432 2764 5432 2764 5433 2835 5433 2836 5433 2764 5434 2836 5434 2845 5434 2845 5435 2836 5435 2837 5435 2845 5436 2837 5436 2846 5436 2846 5437 2837 5437 2838 5437 2846 5438 2838 5438 2847 5438 2847 5439 2838 5439 2839 5439 2847 5440 2839 5440 2848 5440 2848 5441 2839 5441 2840 5441 2848 5442 2840 5442 2849 5442 2849 5443 2840 5443 2841 5443 2849 5444 2841 5444 2850 5444 2850 5445 2841 5445 2842 5445 2850 5446 2842 5446 2851 5446 2851 5447 2842 5447 2843 5447 2851 5448 2843 5448 2852 5448 2852 5449 2843 5449 2844 5449 2852 5450 2844 5450 2853 5450 806 5451 2764 5451 2191 5451 2191 5452 2764 5452 2845 5452 2191 5453 2845 5453 2190 5453 2190 5454 2845 5454 2846 5454 2190 5455 2846 5455 2189 5455 2189 5456 2846 5456 2847 5456 2189 5457 2847 5457 2188 5457 2188 5458 2847 5458 2848 5458 2188 5459 2848 5459 2187 5459 2187 5460 2848 5460 2849 5460 2187 5461 2849 5461 2186 5461 2186 5462 2849 5462 2850 5462 2186 5463 2850 5463 2185 5463 2185 5464 2850 5464 2851 5464 2185 5465 2851 5465 2184 5465 2184 5466 2851 5466 2852 5466 2184 5467 2852 5467 2183 5467 2183 5468 2852 5468 2853 5468 2183 5469 2853 5469 889 5469 2775 5470 1577 5470 2769 5470 2750 5471 2749 5471 2835 5471 2835 5472 2749 5472 2817 5472 2835 5473 2817 5473 2826 5473 2826 5474 2817 5474 2803 5474 2826 5475 2803 5475 2818 5475 2818 5476 2803 5476 2791 5476 2818 5477 2791 5477 2805 5477 2805 5478 2791 5478 2781 5478 2805 5479 2781 5479 2793 5479 2793 5480 2781 5480 2772 5480 2793 5481 2772 5481 2783 5481 2783 5482 2772 5482 2765 5482 2783 5483 2765 5483 2774 5483 2774 5484 2765 5484 2767 5484 2774 5485 2767 5485 2775 5485 2775 5486 2767 5486 1577 5486 891 5487 889 5487 2763 5487 2763 5488 889 5488 2853 5488 2763 5489 2853 5489 2762 5489 2762 5490 2853 5490 2761 5490 2761 5491 2853 5491 2844 5491 2761 5492 2844 5492 2760 5492 2760 5493 2844 5493 2759 5493 2759 5494 2844 5494 2834 5494 2759 5495 2834 5495 2758 5495 2758 5496 2834 5496 2757 5496 2757 5497 2834 5497 2825 5497 2757 5498 2825 5498 2756 5498 2756 5499 2825 5499 2811 5499 2756 5500 2811 5500 2755 5500 2755 5501 2811 5501 2798 5501 2755 5502 2798 5502 2754 5502 2754 5503 2798 5503 2787 5503 2754 5504 2787 5504 2753 5504 2753 5505 2787 5505 2778 5505 2753 5506 2778 5506 2752 5506 2752 5507 2778 5507 2768 5507 2752 5508 2768 5508 2751 5508 2751 5509 2768 5509 1577 5509 2751 5510 1577 5510 1575 5510 1571 5511 890 5511 893 5511 1571 5512 893 5512 2854 5512 2854 5513 893 5513 894 5513 2854 5514 894 5514 2855 5514 2855 5515 894 5515 898 5515 2855 5516 898 5516 2856 5516 2856 5517 898 5517 900 5517 2856 5518 900 5518 2857 5518 2857 5519 900 5519 913 5519 2857 5520 913 5520 2858 5520 2858 5521 913 5521 909 5521 2858 5522 909 5522 2859 5522 2859 5523 909 5523 908 5523 2859 5524 908 5524 2860 5524 2860 5525 908 5525 907 5525 2860 5526 907 5526 2861 5526 2861 5527 907 5527 899 5527 2861 5528 899 5528 2862 5528 2862 5529 899 5529 892 5529 2862 5530 892 5530 1572 5530 2863 5531 2864 5531 2865 5531 2865 5532 2864 5532 1571 5532 2866 5533 1571 5533 2864 5533 2866 5534 2864 5534 2867 5534 2867 5535 2864 5535 2863 5535 2867 5536 2863 5536 2868 5536 2869 5537 1571 5537 2866 5537 2869 5538 2866 5538 2870 5538 2870 5539 2866 5539 2867 5539 2870 5540 2867 5540 2871 5540 2871 5541 2867 5541 2868 5541 2871 5542 2868 5542 2872 5542 2873 5543 1571 5543 2869 5543 2873 5544 2869 5544 2874 5544 2874 5545 2869 5545 2870 5545 2874 5546 2870 5546 2875 5546 2875 5547 2870 5547 2871 5547 2875 5548 2871 5548 2876 5548 2876 5549 2871 5549 2872 5549 2876 5550 2872 5550 2877 5550 2203 5551 391 5551 2878 5551 2878 5552 391 5552 2879 5552 2878 5553 2879 5553 2880 5553 2880 5554 2879 5554 2881 5554 2880 5555 2881 5555 2882 5555 2882 5556 2881 5556 2883 5556 2882 5557 2883 5557 2884 5557 2884 5558 2883 5558 2885 5558 2884 5559 2885 5559 2886 5559 2201 5560 2203 5560 2887 5560 2887 5561 2203 5561 2878 5561 2887 5562 2878 5562 2888 5562 2888 5563 2878 5563 2880 5563 2888 5564 2880 5564 2889 5564 2889 5565 2880 5565 2882 5565 2889 5566 2882 5566 2890 5566 2890 5567 2882 5567 2884 5567 2890 5568 2884 5568 2891 5568 2891 5569 2884 5569 2886 5569 2891 5570 2886 5570 2892 5570 2199 5571 2201 5571 2893 5571 2893 5572 2201 5572 2887 5572 2893 5573 2887 5573 2894 5573 2894 5574 2887 5574 2888 5574 2894 5575 2888 5575 2895 5575 2895 5576 2888 5576 2889 5576 2895 5577 2889 5577 2896 5577 2896 5578 2889 5578 2890 5578 2896 5579 2890 5579 2897 5579 2897 5580 2890 5580 2891 5580 2897 5581 2891 5581 2898 5581 2898 5582 2891 5582 2892 5582 2898 5583 2892 5583 2899 5583 2197 5584 2199 5584 2900 5584 2900 5585 2199 5585 2893 5585 2900 5586 2893 5586 2901 5586 2901 5587 2893 5587 2894 5587 2901 5588 2894 5588 2902 5588 2902 5589 2894 5589 2895 5589 2902 5590 2895 5590 2903 5590 2903 5591 2895 5591 2896 5591 2903 5592 2896 5592 2904 5592 2904 5593 2896 5593 2897 5593 2904 5594 2897 5594 2905 5594 2905 5595 2897 5595 2898 5595 2905 5596 2898 5596 2906 5596 2906 5597 2898 5597 2899 5597 2906 5598 2899 5598 2907 5598 2195 5599 2197 5599 2908 5599 2908 5600 2197 5600 2900 5600 2908 5601 2900 5601 2909 5601 2909 5602 2900 5602 2901 5602 2909 5603 2901 5603 2910 5603 2910 5604 2901 5604 2902 5604 2910 5605 2902 5605 2911 5605 2911 5606 2902 5606 2903 5606 2911 5607 2903 5607 2912 5607 2912 5608 2903 5608 2904 5608 2912 5609 2904 5609 2913 5609 2913 5610 2904 5610 2905 5610 2913 5611 2905 5611 2914 5611 2914 5612 2905 5612 2906 5612 2914 5613 2906 5613 2915 5613 2915 5614 2906 5614 2907 5614 2915 5615 2907 5615 2916 5615 2916 5616 2917 5616 2915 5616 2915 5617 2917 5617 2918 5617 2915 5618 2918 5618 2914 5618 2914 5619 2918 5619 2919 5619 2914 5620 2919 5620 2913 5620 2913 5621 2919 5621 2920 5621 2913 5622 2920 5622 2912 5622 2912 5623 2920 5623 2921 5623 2912 5624 2921 5624 2911 5624 2911 5625 2921 5625 2922 5625 2911 5626 2922 5626 2910 5626 2910 5627 2922 5627 2923 5627 2910 5628 2923 5628 2909 5628 2909 5629 2923 5629 2924 5629 2909 5630 2924 5630 2908 5630 2908 5631 2924 5631 2925 5631 2908 5632 2925 5632 2195 5632 2195 5633 2925 5633 2193 5633 1572 5634 2193 5634 2862 5634 2862 5635 2193 5635 2925 5635 2862 5636 2925 5636 2861 5636 2861 5637 2925 5637 2924 5637 2861 5638 2924 5638 2860 5638 2860 5639 2924 5639 2923 5639 2860 5640 2923 5640 2859 5640 2859 5641 2923 5641 2922 5641 2859 5642 2922 5642 2858 5642 2858 5643 2922 5643 2921 5643 2858 5644 2921 5644 2857 5644 2857 5645 2921 5645 2920 5645 2857 5646 2920 5646 2856 5646 2856 5647 2920 5647 2919 5647 2856 5648 2919 5648 2855 5648 2855 5649 2919 5649 2918 5649 2855 5650 2918 5650 2854 5650 2854 5651 2918 5651 2917 5651 2854 5652 2917 5652 1571 5652 2916 5653 1571 5653 2917 5653 2885 5654 2877 5654 2886 5654 2886 5655 2877 5655 2872 5655 2886 5656 2872 5656 2892 5656 2892 5657 2872 5657 2868 5657 2892 5658 2868 5658 2899 5658 2899 5659 2868 5659 2863 5659 2899 5660 2863 5660 2907 5660 2907 5661 2863 5661 2865 5661 2907 5662 2865 5662 2916 5662 2916 5663 2865 5663 1571 5663 840 5664 1571 5664 832 5664 832 5665 1571 5665 2873 5665 832 5666 2873 5666 833 5666 833 5667 2873 5667 2874 5667 833 5668 2874 5668 834 5668 834 5669 2874 5669 2875 5669 834 5670 2875 5670 835 5670 835 5671 2875 5671 2876 5671 835 5672 2876 5672 836 5672 836 5673 2876 5673 2877 5673 836 5674 2877 5674 837 5674 837 5675 2877 5675 2885 5675 837 5676 2885 5676 827 5676 827 5677 2885 5677 2883 5677 827 5678 2883 5678 828 5678 828 5679 2883 5679 2881 5679 828 5680 2881 5680 829 5680 829 5681 2881 5681 830 5681 830 5682 2881 5682 2879 5682 830 5683 2879 5683 831 5683 831 5684 2879 5684 826 5684 826 5685 2879 5685 391 5685 826 5686 391 5686 381 5686 1568 5687 906 5687 919 5687 1568 5688 919 5688 2926 5688 2926 5689 919 5689 918 5689 2926 5690 918 5690 2927 5690 2927 5691 918 5691 917 5691 2927 5692 917 5692 2928 5692 2928 5693 917 5693 916 5693 2928 5694 916 5694 2929 5694 2929 5695 916 5695 915 5695 2929 5696 915 5696 2930 5696 2930 5697 915 5697 914 5697 2930 5698 914 5698 2931 5698 2931 5699 914 5699 912 5699 2931 5700 912 5700 2932 5700 2932 5701 912 5701 911 5701 2932 5702 911 5702 2933 5702 2933 5703 911 5703 910 5703 2933 5704 910 5704 2934 5704 2934 5705 910 5705 905 5705 2934 5706 905 5706 1570 5706 2935 5707 2936 5707 2937 5707 2937 5708 2936 5708 1570 5708 2938 5709 1570 5709 2936 5709 2938 5710 2936 5710 2939 5710 2939 5711 2936 5711 2935 5711 2939 5712 2935 5712 2940 5712 2941 5713 1570 5713 2938 5713 2941 5714 2938 5714 2942 5714 2942 5715 2938 5715 2939 5715 2942 5716 2939 5716 2943 5716 2943 5717 2939 5717 2940 5717 2943 5718 2940 5718 2944 5718 2934 5719 1570 5719 2941 5719 2934 5720 2941 5720 2933 5720 2933 5721 2941 5721 2942 5721 2933 5722 2942 5722 2932 5722 2932 5723 2942 5723 2943 5723 2932 5724 2943 5724 2931 5724 2931 5725 2943 5725 2944 5725 2931 5726 2944 5726 2930 5726 2215 5727 1568 5727 2945 5727 2945 5728 1568 5728 2926 5728 2945 5729 2926 5729 2946 5729 2946 5730 2926 5730 2927 5730 2946 5731 2927 5731 2947 5731 2947 5732 2927 5732 2928 5732 2947 5733 2928 5733 2948 5733 2948 5734 2928 5734 2929 5734 2948 5735 2929 5735 2949 5735 2213 5736 2215 5736 2950 5736 2950 5737 2215 5737 2945 5737 2950 5738 2945 5738 2951 5738 2951 5739 2945 5739 2946 5739 2951 5740 2946 5740 2952 5740 2952 5741 2946 5741 2947 5741 2952 5742 2947 5742 2953 5742 2953 5743 2947 5743 2948 5743 2953 5744 2948 5744 2954 5744 2954 5745 2948 5745 2949 5745 2954 5746 2949 5746 2955 5746 2211 5747 2213 5747 2956 5747 2956 5748 2213 5748 2950 5748 2956 5749 2950 5749 2957 5749 2957 5750 2950 5750 2951 5750 2957 5751 2951 5751 2958 5751 2958 5752 2951 5752 2952 5752 2958 5753 2952 5753 2959 5753 2959 5754 2952 5754 2953 5754 2959 5755 2953 5755 2960 5755 2960 5756 2953 5756 2954 5756 2960 5757 2954 5757 2961 5757 2961 5758 2954 5758 2955 5758 2961 5759 2955 5759 2962 5759 2209 5760 2211 5760 2963 5760 2963 5761 2211 5761 2956 5761 2963 5762 2956 5762 2964 5762 2964 5763 2956 5763 2957 5763 2964 5764 2957 5764 2965 5764 2965 5765 2957 5765 2958 5765 2965 5766 2958 5766 2966 5766 2966 5767 2958 5767 2959 5767 2966 5768 2959 5768 2967 5768 2967 5769 2959 5769 2960 5769 2967 5770 2960 5770 2968 5770 2968 5771 2960 5771 2961 5771 2968 5772 2961 5772 2969 5772 2969 5773 2961 5773 2962 5773 2969 5774 2962 5774 2970 5774 2207 5775 2209 5775 2971 5775 2971 5776 2209 5776 2963 5776 2971 5777 2963 5777 2972 5777 2972 5778 2963 5778 2964 5778 2972 5779 2964 5779 2973 5779 2973 5780 2964 5780 2965 5780 2973 5781 2965 5781 2974 5781 2974 5782 2965 5782 2966 5782 2974 5783 2966 5783 2975 5783 2975 5784 2966 5784 2967 5784 2975 5785 2967 5785 2976 5785 2976 5786 2967 5786 2968 5786 2976 5787 2968 5787 2977 5787 2977 5788 2968 5788 2969 5788 2977 5789 2969 5789 2978 5789 2978 5790 2969 5790 2970 5790 2978 5791 2970 5791 2979 5791 2979 5792 2980 5792 2978 5792 2978 5793 2980 5793 2981 5793 2978 5794 2981 5794 2977 5794 2977 5795 2981 5795 2982 5795 2977 5796 2982 5796 2976 5796 2976 5797 2982 5797 2983 5797 2976 5798 2983 5798 2975 5798 2975 5799 2983 5799 2984 5799 2975 5800 2984 5800 2974 5800 2974 5801 2984 5801 2985 5801 2974 5802 2985 5802 2973 5802 2973 5803 2985 5803 2986 5803 2973 5804 2986 5804 2972 5804 2972 5805 2986 5805 2987 5805 2972 5806 2987 5806 2971 5806 2971 5807 2987 5807 2988 5807 2971 5808 2988 5808 2207 5808 2207 5809 2988 5809 2205 5809 429 5810 2205 5810 2989 5810 2989 5811 2205 5811 2988 5811 2989 5812 2988 5812 2990 5812 2990 5813 2988 5813 2987 5813 2990 5814 2987 5814 2991 5814 2991 5815 2987 5815 2986 5815 2991 5816 2986 5816 2992 5816 2992 5817 2986 5817 2985 5817 2992 5818 2985 5818 2993 5818 2993 5819 2985 5819 2984 5819 2993 5820 2984 5820 2994 5820 2994 5821 2984 5821 2983 5821 2994 5822 2983 5822 2995 5822 2995 5823 2983 5823 2982 5823 2995 5824 2982 5824 2996 5824 2996 5825 2982 5825 2981 5825 2996 5826 2981 5826 2997 5826 2997 5827 2981 5827 2980 5827 2997 5828 2980 5828 1570 5828 2979 5829 1570 5829 2980 5829 2929 5830 2930 5830 2949 5830 2949 5831 2930 5831 2944 5831 2949 5832 2944 5832 2955 5832 2955 5833 2944 5833 2940 5833 2955 5834 2940 5834 2962 5834 2962 5835 2940 5835 2935 5835 2962 5836 2935 5836 2970 5836 2970 5837 2935 5837 2937 5837 2970 5838 2937 5838 2979 5838 2979 5839 2937 5839 1570 5839 411 5840 429 5840 842 5840 842 5841 429 5841 2989 5841 842 5842 2989 5842 846 5842 846 5843 2989 5843 847 5843 847 5844 2989 5844 2990 5844 847 5845 2990 5845 848 5845 848 5846 2990 5846 849 5846 849 5847 2990 5847 2991 5847 849 5848 2991 5848 850 5848 850 5849 2991 5849 851 5849 851 5850 2991 5850 2992 5850 851 5851 2992 5851 852 5851 852 5852 2992 5852 853 5852 853 5853 2992 5853 2993 5853 853 5854 2993 5854 854 5854 2994 5855 856 5855 2993 5855 2993 5856 856 5856 855 5856 2993 5857 855 5857 854 5857 2995 5858 858 5858 2994 5858 2994 5859 858 5859 857 5859 2994 5860 857 5860 856 5860 862 5861 861 5861 2995 5861 861 5862 860 5862 2995 5862 2995 5863 860 5863 859 5863 2995 5864 859 5864 858 5864 2995 5865 2996 5865 862 5865 862 5866 2996 5866 2997 5866 862 5867 2997 5867 845 5867 845 5868 2997 5868 1570 5868 845 5869 1570 5869 844 5869 526 5870 296 5870 769 5870 769 5871 296 5871 770 5871 776 5872 774 5872 298 5872 298 5873 774 5873 773 5873 298 5874 773 5874 296 5874 296 5875 773 5875 771 5875 296 5876 771 5876 770 5876 783 5877 781 5877 317 5877 317 5878 781 5878 780 5878 317 5879 780 5879 298 5879 298 5880 780 5880 778 5880 298 5881 778 5881 776 5881 793 5882 791 5882 316 5882 316 5883 791 5883 788 5883 316 5884 788 5884 317 5884 317 5885 788 5885 785 5885 317 5886 785 5886 783 5886 800 5887 314 5887 279 5887 279 5888 314 5888 312 5888 800 5889 798 5889 314 5889 314 5890 798 5890 796 5890 314 5891 796 5891 316 5891 316 5892 796 5892 794 5892 316 5893 794 5893 793 5893 8 5894 7 5894 310 5894 310 5895 7 5895 282 5895 310 5896 282 5896 312 5896 312 5897 282 5897 280 5897 312 5898 280 5898 279 5898 457 5899 459 5899 2998 5899 461 5900 446 5900 2999 5900 443 5901 441 5901 3000 5901 410 5902 405 5902 3001 5902 404 5903 402 5903 3002 5903 401 5904 397 5904 3003 5904 371 5905 369 5905 3004 5905 367 5906 365 5906 3005 5906 347 5907 345 5907 3006 5907 343 5908 341 5908 3007 5908 302 5909 300 5909 3008 5909 3008 5910 300 5910 3009 5910 3008 5911 3009 5911 3010 5911 3010 5912 3009 5912 3011 5912 3010 5913 3011 5913 3012 5913 3012 5914 3011 5914 3013 5914 3012 5915 3013 5915 3014 5915 3014 5916 3013 5916 3015 5916 3014 5917 3015 5917 3016 5917 3016 5918 3015 5918 3017 5918 3016 5919 3017 5919 3018 5919 3018 5920 3017 5920 3019 5920 3018 5921 3019 5921 3020 5921 3020 5922 3019 5922 3021 5922 3020 5923 3021 5923 3022 5923 3022 5924 3021 5924 3023 5924 3022 5925 3023 5925 3024 5925 3024 5926 3023 5926 3025 5926 3024 5927 3025 5927 349 5927 300 5928 299 5928 3009 5928 3009 5929 299 5929 3026 5929 3009 5930 3026 5930 3011 5930 3011 5931 3026 5931 3027 5931 3011 5932 3027 5932 3013 5932 3013 5933 3027 5933 3028 5933 3013 5934 3028 5934 3015 5934 3015 5935 3028 5935 3029 5935 3015 5936 3029 5936 3017 5936 3017 5937 3029 5937 3030 5937 3017 5938 3030 5938 3019 5938 3019 5939 3030 5939 3031 5939 3019 5940 3031 5940 3021 5940 3021 5941 3031 5941 3032 5941 3021 5942 3032 5942 3023 5942 3023 5943 3032 5943 3033 5943 3023 5944 3033 5944 3025 5944 3025 5945 3033 5945 3034 5945 323 5946 324 5946 3035 5946 3035 5947 324 5947 3036 5947 3035 5948 3036 5948 3037 5948 3037 5949 3036 5949 3038 5949 3037 5950 3038 5950 3039 5950 3039 5951 3038 5951 3040 5951 3039 5952 3040 5952 3041 5952 3041 5953 3040 5953 3042 5953 3041 5954 3042 5954 3043 5954 3043 5955 3042 5955 3044 5955 3043 5956 3044 5956 3045 5956 3045 5957 3044 5957 3046 5957 3045 5958 3046 5958 3047 5958 3047 5959 3046 5959 3048 5959 3047 5960 3048 5960 3049 5960 3049 5961 3048 5961 3050 5961 3049 5962 3050 5962 3051 5962 3051 5963 3050 5963 3005 5963 333 5964 332 5964 3052 5964 3052 5965 332 5965 3053 5965 3052 5966 3053 5966 3054 5966 3054 5967 3053 5967 3055 5967 3054 5968 3055 5968 3056 5968 3056 5969 3055 5969 3057 5969 3056 5970 3057 5970 3058 5970 3058 5971 3057 5971 3059 5971 3058 5972 3059 5972 3060 5972 3060 5973 3059 5973 3061 5973 3060 5974 3061 5974 3062 5974 3062 5975 3061 5975 3063 5975 3062 5976 3063 5976 3064 5976 3064 5977 3063 5977 3065 5977 3064 5978 3065 5978 3066 5978 3066 5979 3065 5979 3067 5979 3066 5980 3067 5980 3068 5980 3068 5981 3067 5981 3069 5981 3068 5982 3069 5982 373 5982 332 5983 331 5983 3053 5983 3053 5984 331 5984 3070 5984 3053 5985 3070 5985 3055 5985 3055 5986 3070 5986 3071 5986 3055 5987 3071 5987 3057 5987 3057 5988 3071 5988 3072 5988 3057 5989 3072 5989 3059 5989 3059 5990 3072 5990 3073 5990 3059 5991 3073 5991 3061 5991 3061 5992 3073 5992 3074 5992 3061 5993 3074 5993 3063 5993 3063 5994 3074 5994 3075 5994 3063 5995 3075 5995 3065 5995 3065 5996 3075 5996 3076 5996 3065 5997 3076 5997 3067 5997 3067 5998 3076 5998 3077 5998 3067 5999 3077 5999 3069 5999 3069 6000 3077 6000 3078 6000 326 6001 325 6001 3079 6001 3079 6002 325 6002 3080 6002 3079 6003 3080 6003 3081 6003 3081 6004 3080 6004 3082 6004 3081 6005 3082 6005 3083 6005 3083 6006 3082 6006 3084 6006 3083 6007 3084 6007 3085 6007 3085 6008 3084 6008 3086 6008 3085 6009 3086 6009 3087 6009 3087 6010 3086 6010 3088 6010 3087 6011 3088 6011 3089 6011 3089 6012 3088 6012 3090 6012 3089 6013 3090 6013 3091 6013 3091 6014 3090 6014 3092 6014 3091 6015 3092 6015 3093 6015 3093 6016 3092 6016 3094 6016 3093 6017 3094 6017 3095 6017 3095 6018 3094 6018 3096 6018 3095 6019 3096 6019 409 6019 325 6020 321 6020 3080 6020 3080 6021 321 6021 3097 6021 3080 6022 3097 6022 3082 6022 3082 6023 3097 6023 3098 6023 3082 6024 3098 6024 3084 6024 3084 6025 3098 6025 3099 6025 3084 6026 3099 6026 3086 6026 3086 6027 3099 6027 3100 6027 3086 6028 3100 6028 3088 6028 3088 6029 3100 6029 3101 6029 3088 6030 3101 6030 3090 6030 3090 6031 3101 6031 3102 6031 3090 6032 3102 6032 3092 6032 3092 6033 3102 6033 3103 6033 3092 6034 3103 6034 3094 6034 3094 6035 3103 6035 3104 6035 3094 6036 3104 6036 3096 6036 3096 6037 3104 6037 3105 6037 320 6038 319 6038 3106 6038 3106 6039 319 6039 3107 6039 3106 6040 3107 6040 3108 6040 3108 6041 3107 6041 3109 6041 3108 6042 3109 6042 3110 6042 3110 6043 3109 6043 3111 6043 3110 6044 3111 6044 3112 6044 3112 6045 3111 6045 3113 6045 3112 6046 3113 6046 3114 6046 3114 6047 3113 6047 3115 6047 3114 6048 3115 6048 3116 6048 3116 6049 3115 6049 3117 6049 3116 6050 3117 6050 3118 6050 3118 6051 3117 6051 3119 6051 3118 6052 3119 6052 3120 6052 3120 6053 3119 6053 3121 6053 3120 6054 3121 6054 3122 6054 3122 6055 3121 6055 3123 6055 3122 6056 3123 6056 430 6056 319 6057 318 6057 3107 6057 3107 6058 318 6058 3124 6058 3107 6059 3124 6059 3109 6059 3109 6060 3124 6060 3125 6060 3109 6061 3125 6061 3111 6061 3111 6062 3125 6062 3126 6062 3111 6063 3126 6063 3113 6063 3113 6064 3126 6064 3127 6064 3113 6065 3127 6065 3115 6065 3115 6066 3127 6066 3128 6066 3115 6067 3128 6067 3117 6067 3117 6068 3128 6068 3129 6068 3117 6069 3129 6069 3119 6069 3119 6070 3129 6070 3130 6070 3119 6071 3130 6071 3121 6071 3121 6072 3130 6072 3131 6072 3121 6073 3131 6073 3123 6073 3123 6074 3131 6074 3132 6074 309 6075 311 6075 3133 6075 3133 6076 311 6076 3134 6076 3133 6077 3134 6077 3135 6077 3135 6078 3134 6078 3136 6078 3135 6079 3136 6079 3137 6079 3137 6080 3136 6080 3138 6080 3137 6081 3138 6081 3139 6081 3139 6082 3138 6082 3140 6082 3139 6083 3140 6083 3141 6083 3141 6084 3140 6084 3142 6084 3141 6085 3142 6085 3143 6085 3143 6086 3142 6086 3144 6086 3143 6087 3144 6087 3145 6087 3145 6088 3144 6088 3146 6088 3145 6089 3146 6089 3147 6089 3147 6090 3146 6090 3148 6090 3147 6091 3148 6091 3149 6091 3149 6092 3148 6092 3150 6092 3149 6093 3150 6093 455 6093 311 6094 313 6094 3134 6094 3134 6095 313 6095 3151 6095 3134 6096 3151 6096 3136 6096 3136 6097 3151 6097 3152 6097 3136 6098 3152 6098 3138 6098 3138 6099 3152 6099 3153 6099 3138 6100 3153 6100 3140 6100 3140 6101 3153 6101 3154 6101 3140 6102 3154 6102 3142 6102 3142 6103 3154 6103 3155 6103 3142 6104 3155 6104 3144 6104 3144 6105 3155 6105 3156 6105 3144 6106 3156 6106 3146 6106 3146 6107 3156 6107 3157 6107 3146 6108 3157 6108 3148 6108 3148 6109 3157 6109 3158 6109 3148 6110 3158 6110 3150 6110 3150 6111 3158 6111 3159 6111 289 6112 291 6112 488 6112 488 6113 291 6113 3160 6113 488 6114 3160 6114 489 6114 489 6115 3160 6115 3161 6115 489 6116 3161 6116 491 6116 491 6117 3161 6117 3162 6117 491 6118 3162 6118 492 6118 492 6119 3162 6119 3163 6119 492 6120 3163 6120 490 6120 490 6121 3163 6121 3164 6121 490 6122 3164 6122 493 6122 493 6123 3164 6123 3165 6123 493 6124 3165 6124 480 6124 480 6125 3165 6125 3166 6125 480 6126 3166 6126 481 6126 481 6127 3166 6127 3167 6127 481 6128 3167 6128 482 6128 482 6129 3167 6129 3007 6129 482 6130 3007 6130 339 6130 339 6131 3007 6131 341 6131 291 6132 293 6132 3160 6132 3160 6133 293 6133 3168 6133 3160 6134 3168 6134 3161 6134 3161 6135 3168 6135 3169 6135 3161 6136 3169 6136 3162 6136 3162 6137 3169 6137 3170 6137 3162 6138 3170 6138 3163 6138 3163 6139 3170 6139 3171 6139 3163 6140 3171 6140 3164 6140 3164 6141 3171 6141 3172 6141 3164 6142 3172 6142 3165 6142 3165 6143 3172 6143 3173 6143 3165 6144 3173 6144 3166 6144 3166 6145 3173 6145 3174 6145 3166 6146 3174 6146 3167 6146 3167 6147 3174 6147 3175 6147 3167 6148 3175 6148 3007 6148 3007 6149 3175 6149 3006 6149 3007 6150 3006 6150 343 6150 343 6151 3006 6151 345 6151 349 6152 347 6152 3024 6152 3024 6153 347 6153 3006 6153 3024 6154 3006 6154 3022 6154 3022 6155 3006 6155 3175 6155 3022 6156 3175 6156 3020 6156 3020 6157 3175 6157 3174 6157 3020 6158 3174 6158 3018 6158 3018 6159 3174 6159 3173 6159 3018 6160 3173 6160 3016 6160 3016 6161 3173 6161 3172 6161 3016 6162 3172 6162 3014 6162 3014 6163 3172 6163 3171 6163 3014 6164 3171 6164 3012 6164 3012 6165 3171 6165 3170 6165 3012 6166 3170 6166 3010 6166 3010 6167 3170 6167 3169 6167 3010 6168 3169 6168 3008 6168 3008 6169 3169 6169 3168 6169 3008 6170 3168 6170 302 6170 302 6171 3168 6171 293 6171 357 6172 355 6172 3034 6172 3034 6173 355 6173 353 6173 3034 6174 353 6174 3025 6174 3025 6175 353 6175 351 6175 3025 6176 351 6176 349 6176 359 6177 357 6177 3176 6177 3176 6178 357 6178 3034 6178 3176 6179 3034 6179 3177 6179 3177 6180 3034 6180 3033 6180 3177 6181 3033 6181 3178 6181 3178 6182 3033 6182 3032 6182 3178 6183 3032 6183 3179 6183 3179 6184 3032 6184 3031 6184 3179 6185 3031 6185 3180 6185 3180 6186 3031 6186 3030 6186 3180 6187 3030 6187 3181 6187 3181 6188 3030 6188 3029 6188 3181 6189 3029 6189 3182 6189 3182 6190 3029 6190 3028 6190 3182 6191 3028 6191 3183 6191 3183 6192 3028 6192 3027 6192 3183 6193 3027 6193 3184 6193 3184 6194 3027 6194 3026 6194 3184 6195 3026 6195 322 6195 322 6196 3026 6196 299 6196 322 6197 323 6197 3184 6197 3184 6198 323 6198 3035 6198 3184 6199 3035 6199 3183 6199 3183 6200 3035 6200 3037 6200 3183 6201 3037 6201 3182 6201 3182 6202 3037 6202 3039 6202 3182 6203 3039 6203 3181 6203 3181 6204 3039 6204 3041 6204 3181 6205 3041 6205 3180 6205 3180 6206 3041 6206 3043 6206 3180 6207 3043 6207 3179 6207 3179 6208 3043 6208 3045 6208 3179 6209 3045 6209 3178 6209 3178 6210 3045 6210 3047 6210 3178 6211 3047 6211 3177 6211 3177 6212 3047 6212 3049 6212 3177 6213 3049 6213 3176 6213 3176 6214 3049 6214 3051 6214 3176 6215 3051 6215 359 6215 359 6216 3051 6216 361 6216 3005 6217 365 6217 3051 6217 3051 6218 365 6218 363 6218 3051 6219 363 6219 361 6219 324 6220 334 6220 3036 6220 3036 6221 334 6221 3185 6221 3036 6222 3185 6222 3038 6222 3038 6223 3185 6223 3186 6223 3038 6224 3186 6224 3040 6224 3040 6225 3186 6225 3187 6225 3040 6226 3187 6226 3042 6226 3042 6227 3187 6227 3188 6227 3042 6228 3188 6228 3044 6228 3044 6229 3188 6229 3189 6229 3044 6230 3189 6230 3046 6230 3046 6231 3189 6231 3190 6231 3046 6232 3190 6232 3048 6232 3048 6233 3190 6233 3191 6233 3048 6234 3191 6234 3050 6234 3050 6235 3191 6235 3192 6235 3050 6236 3192 6236 3005 6236 3005 6237 3192 6237 3004 6237 3005 6238 3004 6238 367 6238 367 6239 3004 6239 369 6239 373 6240 371 6240 3068 6240 3068 6241 371 6241 3004 6241 3068 6242 3004 6242 3066 6242 3066 6243 3004 6243 3192 6243 3066 6244 3192 6244 3064 6244 3064 6245 3192 6245 3191 6245 3064 6246 3191 6246 3062 6246 3062 6247 3191 6247 3190 6247 3062 6248 3190 6248 3060 6248 3060 6249 3190 6249 3189 6249 3060 6250 3189 6250 3058 6250 3058 6251 3189 6251 3188 6251 3058 6252 3188 6252 3056 6252 3056 6253 3188 6253 3187 6253 3056 6254 3187 6254 3054 6254 3054 6255 3187 6255 3186 6255 3054 6256 3186 6256 3052 6256 3052 6257 3186 6257 3185 6257 3052 6258 3185 6258 333 6258 333 6259 3185 6259 334 6259 400 6260 395 6260 3078 6260 3078 6261 395 6261 394 6261 3078 6262 394 6262 3069 6262 3069 6263 394 6263 375 6263 3069 6264 375 6264 373 6264 399 6265 400 6265 3193 6265 3193 6266 400 6266 3078 6266 3193 6267 3078 6267 3194 6267 3194 6268 3078 6268 3077 6268 3194 6269 3077 6269 3195 6269 3195 6270 3077 6270 3076 6270 3195 6271 3076 6271 3196 6271 3196 6272 3076 6272 3075 6272 3196 6273 3075 6273 3197 6273 3197 6274 3075 6274 3074 6274 3197 6275 3074 6275 3198 6275 3198 6276 3074 6276 3073 6276 3198 6277 3073 6277 3199 6277 3199 6278 3073 6278 3072 6278 3199 6279 3072 6279 3200 6279 3200 6280 3072 6280 3071 6280 3200 6281 3071 6281 3201 6281 3201 6282 3071 6282 3070 6282 3201 6283 3070 6283 330 6283 330 6284 3070 6284 331 6284 330 6285 329 6285 3201 6285 3201 6286 329 6286 3202 6286 3201 6287 3202 6287 3200 6287 3200 6288 3202 6288 3203 6288 3200 6289 3203 6289 3199 6289 3199 6290 3203 6290 3204 6290 3199 6291 3204 6291 3198 6291 3198 6292 3204 6292 3205 6292 3198 6293 3205 6293 3197 6293 3197 6294 3205 6294 3206 6294 3197 6295 3206 6295 3196 6295 3196 6296 3206 6296 3207 6296 3196 6297 3207 6297 3195 6297 3195 6298 3207 6298 3208 6298 3195 6299 3208 6299 3194 6299 3194 6300 3208 6300 3209 6300 3194 6301 3209 6301 3193 6301 3193 6302 3209 6302 3003 6302 3193 6303 3003 6303 399 6303 399 6304 3003 6304 397 6304 329 6305 328 6305 3202 6305 3202 6306 328 6306 3210 6306 3202 6307 3210 6307 3203 6307 3203 6308 3210 6308 3211 6308 3203 6309 3211 6309 3204 6309 3204 6310 3211 6310 3212 6310 3204 6311 3212 6311 3205 6311 3205 6312 3212 6312 3213 6312 3205 6313 3213 6313 3206 6313 3206 6314 3213 6314 3214 6314 3206 6315 3214 6315 3207 6315 3207 6316 3214 6316 3215 6316 3207 6317 3215 6317 3208 6317 3208 6318 3215 6318 3216 6318 3208 6319 3216 6319 3209 6319 3209 6320 3216 6320 3217 6320 3209 6321 3217 6321 3003 6321 3003 6322 3217 6322 3002 6322 3003 6323 3002 6323 401 6323 401 6324 3002 6324 402 6324 328 6325 327 6325 3210 6325 3210 6326 327 6326 3218 6326 3210 6327 3218 6327 3211 6327 3211 6328 3218 6328 3219 6328 3211 6329 3219 6329 3212 6329 3212 6330 3219 6330 3220 6330 3212 6331 3220 6331 3213 6331 3213 6332 3220 6332 3221 6332 3213 6333 3221 6333 3214 6333 3214 6334 3221 6334 3222 6334 3214 6335 3222 6335 3215 6335 3215 6336 3222 6336 3223 6336 3215 6337 3223 6337 3216 6337 3216 6338 3223 6338 3224 6338 3216 6339 3224 6339 3217 6339 3217 6340 3224 6340 3225 6340 3217 6341 3225 6341 3002 6341 3002 6342 3225 6342 3001 6342 3002 6343 3001 6343 404 6343 404 6344 3001 6344 405 6344 409 6345 410 6345 3095 6345 3095 6346 410 6346 3001 6346 3095 6347 3001 6347 3093 6347 3093 6348 3001 6348 3225 6348 3093 6349 3225 6349 3091 6349 3091 6350 3225 6350 3224 6350 3091 6351 3224 6351 3089 6351 3089 6352 3224 6352 3223 6352 3089 6353 3223 6353 3087 6353 3087 6354 3223 6354 3222 6354 3087 6355 3222 6355 3085 6355 3085 6356 3222 6356 3221 6356 3085 6357 3221 6357 3083 6357 3083 6358 3221 6358 3220 6358 3083 6359 3220 6359 3081 6359 3081 6360 3220 6360 3219 6360 3081 6361 3219 6361 3079 6361 3079 6362 3219 6362 3218 6362 3079 6363 3218 6363 326 6363 326 6364 3218 6364 327 6364 419 6365 425 6365 3105 6365 3105 6366 425 6366 426 6366 3105 6367 426 6367 3096 6367 3096 6368 426 6368 407 6368 3096 6369 407 6369 409 6369 430 6370 419 6370 3122 6370 3122 6371 419 6371 3105 6371 3122 6372 3105 6372 3120 6372 3120 6373 3105 6373 3104 6373 3120 6374 3104 6374 3118 6374 3118 6375 3104 6375 3103 6375 3118 6376 3103 6376 3116 6376 3116 6377 3103 6377 3102 6377 3116 6378 3102 6378 3114 6378 3114 6379 3102 6379 3101 6379 3114 6380 3101 6380 3112 6380 3112 6381 3101 6381 3100 6381 3112 6382 3100 6382 3110 6382 3110 6383 3100 6383 3099 6383 3110 6384 3099 6384 3108 6384 3108 6385 3099 6385 3098 6385 3108 6386 3098 6386 3106 6386 3106 6387 3098 6387 3097 6387 3106 6388 3097 6388 320 6388 320 6389 3097 6389 321 6389 439 6390 437 6390 3132 6390 3132 6391 437 6391 433 6391 3132 6392 433 6392 3123 6392 3123 6393 433 6393 431 6393 3123 6394 431 6394 430 6394 441 6395 439 6395 3000 6395 3000 6396 439 6396 3132 6396 3000 6397 3132 6397 3226 6397 3226 6398 3132 6398 3131 6398 3226 6399 3131 6399 3227 6399 3227 6400 3131 6400 3130 6400 3227 6401 3130 6401 3228 6401 3228 6402 3130 6402 3129 6402 3228 6403 3129 6403 3229 6403 3229 6404 3129 6404 3128 6404 3229 6405 3128 6405 3230 6405 3230 6406 3128 6406 3127 6406 3230 6407 3127 6407 3231 6407 3231 6408 3127 6408 3126 6408 3231 6409 3126 6409 3232 6409 3232 6410 3126 6410 3125 6410 3232 6411 3125 6411 3233 6411 3233 6412 3125 6412 3124 6412 3233 6413 3124 6413 305 6413 305 6414 3124 6414 318 6414 444 6415 443 6415 3234 6415 3234 6416 443 6416 3000 6416 3234 6417 3000 6417 3235 6417 3235 6418 3000 6418 3226 6418 3235 6419 3226 6419 3236 6419 3236 6420 3226 6420 3227 6420 3236 6421 3227 6421 3237 6421 3237 6422 3227 6422 3228 6422 3237 6423 3228 6423 3238 6423 3238 6424 3228 6424 3229 6424 3238 6425 3229 6425 3239 6425 3239 6426 3229 6426 3230 6426 3239 6427 3230 6427 3240 6427 3240 6428 3230 6428 3231 6428 3240 6429 3231 6429 3241 6429 3241 6430 3231 6430 3232 6430 3241 6431 3232 6431 3242 6431 3242 6432 3232 6432 3233 6432 3242 6433 3233 6433 306 6433 306 6434 3233 6434 305 6434 306 6435 307 6435 3242 6435 3242 6436 307 6436 3243 6436 3242 6437 3243 6437 3241 6437 3241 6438 3243 6438 3244 6438 3241 6439 3244 6439 3240 6439 3240 6440 3244 6440 3245 6440 3240 6441 3245 6441 3239 6441 3239 6442 3245 6442 3246 6442 3239 6443 3246 6443 3238 6443 3238 6444 3246 6444 3247 6444 3238 6445 3247 6445 3237 6445 3237 6446 3247 6446 3248 6446 3237 6447 3248 6447 3236 6447 3236 6448 3248 6448 3249 6448 3236 6449 3249 6449 3235 6449 3235 6450 3249 6450 3250 6450 3235 6451 3250 6451 3234 6451 3234 6452 3250 6452 2999 6452 3234 6453 2999 6453 444 6453 444 6454 2999 6454 446 6454 307 6455 308 6455 3243 6455 3243 6456 308 6456 3251 6456 3243 6457 3251 6457 3244 6457 3244 6458 3251 6458 3252 6458 3244 6459 3252 6459 3245 6459 3245 6460 3252 6460 3253 6460 3245 6461 3253 6461 3246 6461 3246 6462 3253 6462 3254 6462 3246 6463 3254 6463 3247 6463 3247 6464 3254 6464 3255 6464 3247 6465 3255 6465 3248 6465 3248 6466 3255 6466 3256 6466 3248 6467 3256 6467 3249 6467 3249 6468 3256 6468 3257 6468 3249 6469 3257 6469 3250 6469 3250 6470 3257 6470 3258 6470 3250 6471 3258 6471 2999 6471 2999 6472 3258 6472 2998 6472 2999 6473 2998 6473 461 6473 461 6474 2998 6474 459 6474 455 6475 457 6475 3149 6475 3149 6476 457 6476 2998 6476 3149 6477 2998 6477 3147 6477 3147 6478 2998 6478 3258 6478 3147 6479 3258 6479 3145 6479 3145 6480 3258 6480 3257 6480 3145 6481 3257 6481 3143 6481 3143 6482 3257 6482 3256 6482 3143 6483 3256 6483 3141 6483 3141 6484 3256 6484 3255 6484 3141 6485 3255 6485 3139 6485 3139 6486 3255 6486 3254 6486 3139 6487 3254 6487 3137 6487 3137 6488 3254 6488 3253 6488 3137 6489 3253 6489 3135 6489 3135 6490 3253 6490 3252 6490 3135 6491 3252 6491 3133 6491 3133 6492 3252 6492 3251 6492 3133 6493 3251 6493 309 6493 309 6494 3251 6494 308 6494 469 6495 472 6495 3159 6495 3159 6496 472 6496 448 6496 3159 6497 448 6497 3150 6497 3150 6498 448 6498 453 6498 3150 6499 453 6499 455 6499 475 6500 469 6500 3259 6500 3259 6501 469 6501 3159 6501 3259 6502 3159 6502 3260 6502 3260 6503 3159 6503 3158 6503 3260 6504 3158 6504 3261 6504 3261 6505 3158 6505 3157 6505 3261 6506 3157 6506 3262 6506 3262 6507 3157 6507 3156 6507 3262 6508 3156 6508 3263 6508 3263 6509 3156 6509 3155 6509 3263 6510 3155 6510 3264 6510 3264 6511 3155 6511 3154 6511 3264 6512 3154 6512 3265 6512 3265 6513 3154 6513 3153 6513 3265 6514 3153 6514 3266 6514 3266 6515 3153 6515 3152 6515 3266 6516 3152 6516 3267 6516 3267 6517 3152 6517 3151 6517 3267 6518 3151 6518 315 6518 315 6519 3151 6519 313 6519 315 6520 297 6520 3267 6520 3267 6521 297 6521 505 6521 3267 6522 505 6522 3266 6522 3266 6523 505 6523 506 6523 3266 6524 506 6524 3265 6524 3265 6525 506 6525 520 6525 3265 6526 520 6526 3264 6526 3264 6527 520 6527 519 6527 3264 6528 519 6528 3263 6528 3263 6529 519 6529 518 6529 3263 6530 518 6530 3262 6530 3262 6531 518 6531 517 6531 3262 6532 517 6532 3261 6532 3261 6533 517 6533 516 6533 3261 6534 516 6534 3260 6534 3260 6535 516 6535 504 6535 3260 6536 504 6536 3259 6536 3259 6537 504 6537 503 6537 3259 6538 503 6538 475 6538 475 6539 503 6539 473 6539 204 6540 132 6540 3268 6540 3268 6541 132 6541 3269 6541 3268 6542 3269 6542 3270 6542 3270 6543 3269 6543 134 6543 3270 6544 134 6544 3271 6544 3271 6545 134 6545 136 6545 3271 6546 136 6546 3272 6546 3272 6547 136 6547 138 6547 3272 6548 138 6548 3273 6548 3273 6549 138 6549 140 6549 3273 6550 140 6550 3274 6550 3274 6551 140 6551 142 6551 3274 6552 142 6552 3275 6552 3275 6553 142 6553 144 6553 3275 6554 144 6554 3276 6554 3276 6555 144 6555 146 6555 3276 6556 146 6556 3277 6556 3277 6557 146 6557 148 6557 3277 6558 148 6558 3278 6558 3278 6559 148 6559 150 6559 3278 6560 150 6560 3279 6560 3279 6561 150 6561 152 6561 3279 6562 152 6562 3280 6562 3280 6563 152 6563 154 6563 3280 6564 154 6564 3281 6564 3281 6565 154 6565 156 6565 3281 6566 156 6566 3282 6566 3282 6567 156 6567 158 6567 3282 6568 158 6568 3283 6568 3283 6569 158 6569 160 6569 3283 6570 160 6570 3284 6570 3284 6571 160 6571 162 6571 3284 6572 162 6572 3285 6572 3285 6573 162 6573 164 6573 3285 6574 164 6574 3286 6574 3286 6575 164 6575 166 6575 3286 6576 166 6576 3287 6576 3287 6577 166 6577 168 6577 3287 6578 168 6578 3288 6578 3288 6579 168 6579 170 6579 3288 6580 170 6580 3289 6580 3289 6581 170 6581 172 6581 3289 6582 172 6582 3290 6582 3290 6583 172 6583 174 6583 3290 6584 174 6584 3291 6584 3291 6585 174 6585 176 6585 3291 6586 176 6586 3292 6586 3292 6587 176 6587 178 6587 3292 6588 178 6588 3293 6588 3293 6589 178 6589 180 6589 3293 6590 180 6590 3294 6590 3294 6591 180 6591 182 6591 3294 6592 182 6592 3295 6592 3295 6593 182 6593 184 6593 3295 6594 184 6594 3296 6594 3296 6595 184 6595 186 6595 3296 6596 186 6596 3297 6596 3297 6597 186 6597 188 6597 3297 6598 188 6598 3298 6598 3298 6599 188 6599 190 6599 3298 6600 190 6600 3299 6600 3299 6601 190 6601 192 6601 3299 6602 192 6602 3300 6602 3300 6603 192 6603 194 6603 3300 6604 194 6604 3301 6604 3301 6605 194 6605 196 6605 3301 6606 196 6606 3302 6606 3302 6607 196 6607 198 6607 3302 6608 198 6608 3303 6608 3303 6609 198 6609 200 6609 3303 6610 200 6610 3304 6610 3304 6611 200 6611 202 6611 3304 6612 202 6612 3305 6612 3305 6613 202 6613 204 6613 3305 6614 204 6614 3268 6614 3306 6615 3307 6615 3308 6615 3309 6616 3310 6616 3311 6616 3311 6617 3310 6617 3312 6617 3313 6618 3309 6618 3311 6618 3314 6619 3315 6619 3316 6619 3314 6620 3316 6620 3312 6620 3312 6621 3316 6621 3317 6621 3312 6622 3317 6622 3311 6622 3311 6623 3317 6623 3306 6623 3311 6624 3306 6624 3313 6624 3313 6625 3306 6625 3308 6625 3313 6626 3308 6626 3309 6626 3316 6627 3318 6627 3317 6627 3317 6628 3318 6628 3319 6628 3317 6629 3319 6629 3306 6629 3306 6630 3319 6630 3320 6630 3306 6631 3320 6631 3307 6631 3307 6632 3320 6632 3321 6632 3307 6633 3321 6633 3322 6633 3322 6634 3321 6634 3323 6634 3324 6635 3325 6635 3326 6635 3326 6636 3325 6636 3327 6636 3326 6637 3327 6637 3328 6637 3328 6638 3327 6638 3329 6638 3328 6639 3329 6639 3330 6639 3330 6640 3329 6640 3331 6640 3330 6641 3331 6641 3332 6641 3332 6642 3331 6642 3333 6642 3332 6643 3333 6643 3334 6643 3334 6644 3333 6644 3335 6644 3334 6645 3335 6645 3336 6645 3336 6646 3335 6646 3337 6646 3336 6647 3337 6647 3338 6647 3338 6648 3337 6648 3339 6648 3338 6649 3339 6649 3340 6649 3340 6650 3339 6650 3341 6650 3340 6651 3341 6651 3342 6651 3342 6652 3341 6652 3343 6652 3342 6653 3343 6653 3344 6653 3344 6654 3343 6654 3345 6654 3344 6655 3345 6655 3346 6655 3346 6656 3345 6656 3347 6656 3346 6657 3347 6657 3348 6657 3348 6658 3347 6658 3349 6658 3348 6659 3349 6659 3350 6659 3350 6660 3349 6660 3351 6660 3350 6661 3351 6661 3352 6661 3352 6662 3351 6662 3353 6662 3352 6663 3353 6663 3354 6663 3354 6664 3353 6664 3355 6664 3354 6665 3355 6665 3356 6665 3356 6666 3355 6666 3357 6666 3356 6667 3357 6667 3358 6667 3358 6668 3357 6668 3359 6668 3358 6669 3359 6669 3360 6669 3360 6670 3359 6670 3361 6670 3360 6671 3361 6671 3362 6671 3362 6672 3361 6672 3363 6672 3362 6673 3363 6673 3364 6673 3364 6674 3363 6674 3365 6674 3364 6675 3365 6675 3366 6675 3366 6676 3365 6676 3367 6676 3366 6677 3367 6677 3368 6677 3368 6678 3367 6678 3369 6678 3368 6679 3369 6679 3370 6679 3370 6680 3369 6680 3371 6680 3370 6681 3371 6681 3372 6681 3372 6682 3371 6682 3373 6682 3372 6683 3373 6683 3374 6683 3374 6684 3373 6684 3375 6684 3374 6685 3375 6685 3376 6685 3376 6686 3375 6686 3377 6686 3376 6687 3377 6687 3378 6687 3378 6688 3377 6688 3379 6688 3378 6689 3379 6689 3380 6689 3380 6690 3379 6690 3381 6690 3380 6691 3381 6691 3382 6691 3382 6692 3381 6692 3383 6692 3382 6693 3383 6693 3384 6693 3384 6694 3383 6694 3385 6694 3384 6695 3385 6695 3386 6695 3386 6696 3385 6696 3387 6696 3386 6697 3387 6697 3388 6697 3388 6698 3387 6698 3389 6698 3388 6699 3389 6699 3390 6699 3390 6700 3389 6700 3391 6700 3390 6701 3391 6701 3392 6701 3392 6702 3391 6702 3393 6702 3392 6703 3393 6703 3394 6703 3394 6704 3393 6704 3395 6704 3394 6705 3395 6705 3396 6705 3396 6706 3395 6706 3397 6706 3396 6707 3397 6707 3324 6707 3324 6708 3397 6708 3325 6708 3398 6709 3399 6709 3400 6709 3398 6710 3400 6710 3401 6710 3401 6711 3400 6711 3402 6711 3401 6712 3402 6712 3403 6712 3403 6713 3402 6713 3404 6713 3403 6714 3404 6714 3405 6714 3405 6715 3404 6715 3406 6715 3405 6716 3406 6716 3407 6716 3407 6717 3406 6717 3408 6717 3407 6718 3408 6718 3409 6718 3409 6719 3408 6719 3410 6719 3409 6720 3410 6720 3411 6720 3411 6721 3410 6721 3412 6721 3411 6722 3412 6722 3413 6722 3413 6723 3412 6723 3414 6723 3413 6724 3414 6724 3415 6724 3415 6725 3414 6725 3416 6725 3415 6726 3416 6726 3417 6726 3417 6727 3416 6727 3418 6727 3417 6728 3418 6728 3419 6728 3419 6729 3418 6729 3420 6729 3419 6730 3420 6730 3421 6730 3421 6731 3420 6731 3422 6731 3421 6732 3422 6732 3423 6732 3423 6733 3422 6733 3424 6733 3423 6734 3424 6734 3425 6734 3425 6735 3424 6735 3426 6735 3425 6736 3426 6736 3427 6736 3427 6737 3426 6737 3428 6737 3427 6738 3428 6738 3429 6738 3429 6739 3428 6739 3430 6739 3429 6740 3430 6740 3431 6740 3431 6741 3430 6741 3432 6741 3431 6742 3432 6742 3433 6742 3433 6743 3432 6743 3434 6743 3433 6744 3434 6744 3435 6744 3435 6745 3434 6745 3436 6745 3435 6746 3436 6746 3437 6746 3437 6747 3436 6747 3438 6747 3437 6748 3438 6748 3439 6748 3439 6749 3438 6749 3440 6749 3439 6750 3440 6750 3441 6750 3441 6751 3440 6751 3442 6751 3441 6752 3442 6752 3443 6752 3444 6753 3445 6753 3446 6753 3447 6754 3448 6754 3449 6754 3446 6755 3442 6755 3444 6755 3444 6756 3442 6756 3440 6756 3444 6757 3440 6757 3450 6757 3447 6758 3449 6758 3451 6758 3451 6759 3449 6759 3452 6759 3451 6760 3452 6760 3399 6760 3399 6761 3452 6761 3453 6761 3399 6762 3453 6762 3400 6762 3450 6763 3440 6763 3454 6763 3454 6764 3440 6764 3438 6764 3454 6765 3438 6765 3436 6765 3453 6766 3455 6766 3456 6766 3456 6767 3457 6767 3453 6767 3453 6768 3457 6768 3402 6768 3453 6769 3402 6769 3400 6769 3457 6770 3458 6770 3402 6770 3402 6771 3458 6771 3459 6771 3402 6772 3459 6772 3404 6772 3459 6773 3460 6773 3404 6773 3404 6774 3460 6774 3461 6774 3404 6775 3461 6775 3406 6775 3406 6776 3461 6776 3462 6776 3406 6777 3462 6777 3408 6777 3408 6778 3462 6778 3463 6778 3408 6779 3463 6779 3410 6779 3463 6780 3464 6780 3410 6780 3410 6781 3464 6781 3465 6781 3410 6782 3465 6782 3412 6782 3412 6783 3465 6783 3466 6783 3412 6784 3466 6784 3414 6784 3414 6785 3466 6785 3467 6785 3414 6786 3467 6786 3416 6786 3467 6787 3468 6787 3416 6787 3416 6788 3468 6788 3469 6788 3416 6789 3469 6789 3418 6789 3418 6790 3469 6790 3470 6790 3418 6791 3470 6791 3420 6791 3420 6792 3470 6792 3471 6792 3420 6793 3471 6793 3422 6793 3422 6794 3471 6794 3472 6794 3422 6795 3472 6795 3424 6795 3430 6796 3473 6796 3432 6796 3432 6797 3473 6797 3474 6797 3432 6798 3474 6798 3434 6798 3434 6799 3474 6799 3475 6799 3434 6800 3475 6800 3436 6800 116 6801 3454 6801 3476 6801 3476 6802 3454 6802 3436 6802 3476 6803 3436 6803 3477 6803 3477 6804 3436 6804 3475 6804 3472 6805 3478 6805 3424 6805 3424 6806 3478 6806 3479 6806 3424 6807 3479 6807 3426 6807 3426 6808 3479 6808 3480 6808 3426 6809 3480 6809 3428 6809 3428 6810 3480 6810 3481 6810 3428 6811 3481 6811 3430 6811 3430 6812 3481 6812 3482 6812 3430 6813 3482 6813 3473 6813 3483 6814 3484 6814 297 6814 297 6815 3484 6815 3485 6815 3486 6816 3487 6816 3443 6816 3443 6817 3487 6817 3488 6817 3443 6818 3488 6818 3441 6818 3441 6819 3488 6819 3489 6819 3441 6820 3489 6820 3439 6820 3439 6821 3489 6821 3490 6821 3439 6822 3490 6822 3437 6822 295 6823 3491 6823 297 6823 297 6824 3491 6824 3492 6824 297 6825 3492 6825 3483 6825 3490 6826 289 6826 3437 6826 3437 6827 289 6827 3493 6827 3437 6828 3493 6828 3435 6828 3435 6829 3493 6829 3494 6829 3435 6830 3494 6830 3433 6830 3494 6831 3495 6831 3433 6831 3433 6832 3495 6832 3496 6832 3433 6833 3496 6833 3431 6833 3431 6834 3496 6834 3497 6834 3431 6835 3497 6835 3429 6835 3497 6836 3498 6836 3429 6836 3429 6837 3498 6837 3499 6837 3429 6838 3499 6838 3427 6838 3427 6839 3499 6839 3500 6839 3427 6840 3500 6840 3425 6840 3425 6841 3500 6841 3501 6841 3425 6842 3501 6842 3423 6842 3501 6843 3502 6843 3423 6843 3423 6844 3502 6844 3503 6844 3423 6845 3503 6845 3421 6845 3421 6846 3503 6846 3504 6846 3421 6847 3504 6847 3419 6847 3419 6848 3504 6848 3505 6848 3419 6849 3505 6849 3417 6849 3505 6850 3506 6850 3417 6850 3417 6851 3506 6851 3507 6851 3417 6852 3507 6852 3415 6852 3415 6853 3507 6853 3508 6853 3415 6854 3508 6854 3413 6854 3413 6855 3508 6855 3509 6855 3413 6856 3509 6856 3411 6856 3509 6857 3510 6857 3411 6857 3411 6858 3510 6858 3511 6858 3411 6859 3511 6859 3409 6859 3409 6860 3511 6860 3512 6860 3409 6861 3512 6861 3407 6861 3407 6862 3512 6862 3513 6862 3407 6863 3513 6863 3405 6863 3513 6864 3514 6864 3405 6864 3405 6865 3514 6865 3515 6865 3405 6866 3515 6866 3403 6866 3403 6867 3515 6867 3516 6867 3403 6868 3516 6868 3401 6868 3401 6869 3516 6869 3517 6869 3401 6870 3517 6870 3398 6870 3398 6871 3517 6871 3518 6871 3398 6872 3518 6872 3519 6872 3519 6873 3518 6873 3520 6873 3519 6874 3520 6874 3521 6874 3521 6875 3520 6875 3522 6875 3521 6876 3522 6876 3523 6876 3523 6877 3522 6877 3524 6877 3523 6878 3524 6878 3485 6878 3485 6879 3524 6879 3525 6879 3485 6880 3525 6880 297 6880 3309 6881 3526 6881 3527 6881 3528 6882 3529 6882 3530 6882 3528 6883 3530 6883 3531 6883 3531 6884 3530 6884 3532 6884 3531 6885 3532 6885 3533 6885 3533 6886 3532 6886 3534 6886 3533 6887 3534 6887 3535 6887 3535 6888 3534 6888 3536 6888 3535 6889 3536 6889 3537 6889 3537 6890 3536 6890 3538 6890 3537 6891 3538 6891 3539 6891 3539 6892 3538 6892 3540 6892 3539 6893 3540 6893 3541 6893 3541 6894 3540 6894 3542 6894 3541 6895 3542 6895 3543 6895 3543 6896 3542 6896 3544 6896 3543 6897 3544 6897 3545 6897 3545 6898 3544 6898 3546 6898 3545 6899 3546 6899 3547 6899 3547 6900 3546 6900 3548 6900 3547 6901 3548 6901 3549 6901 3549 6902 3548 6902 3550 6902 3549 6903 3550 6903 3551 6903 3550 6904 3552 6904 3551 6904 3551 6905 3552 6905 3553 6905 3551 6906 3553 6906 3554 6906 3554 6907 3553 6907 3555 6907 3554 6908 3555 6908 3556 6908 3556 6909 3555 6909 3557 6909 3556 6910 3557 6910 3558 6910 3558 6911 3557 6911 3559 6911 3559 6912 3557 6912 3560 6912 3559 6913 3560 6913 3561 6913 3561 6914 3560 6914 3562 6914 3561 6915 3562 6915 3563 6915 3562 6916 3564 6916 3563 6916 3563 6917 3564 6917 3565 6917 3563 6918 3565 6918 3566 6918 3566 6919 3565 6919 3567 6919 3566 6920 3567 6920 3568 6920 3568 6921 3567 6921 3569 6921 3568 6922 3569 6922 3570 6922 3570 6923 3569 6923 3571 6923 3571 6924 3569 6924 3572 6924 3571 6925 3572 6925 3573 6925 3573 6926 3572 6926 3574 6926 3573 6927 3574 6927 3575 6927 3574 6928 3576 6928 3575 6928 3575 6929 3576 6929 3577 6929 3575 6930 3577 6930 3578 6930 3578 6931 3577 6931 3579 6931 3578 6932 3579 6932 3580 6932 3580 6933 3579 6933 3581 6933 3580 6934 3581 6934 3582 6934 3582 6935 3581 6935 3583 6935 3583 6936 3581 6936 3584 6936 3583 6937 3584 6937 3585 6937 3585 6938 3584 6938 3586 6938 3585 6939 3586 6939 3587 6939 3586 6940 3588 6940 3587 6940 3587 6941 3588 6941 3589 6941 3587 6942 3589 6942 3590 6942 3590 6943 3589 6943 3591 6943 3590 6944 3591 6944 3592 6944 3592 6945 3591 6945 3593 6945 3592 6946 3593 6946 3594 6946 3594 6947 3593 6947 3595 6947 3594 6948 3595 6948 3596 6948 3595 6949 3597 6949 3596 6949 3596 6950 3597 6950 3598 6950 3596 6951 3598 6951 3599 6951 3599 6952 3598 6952 3600 6952 3599 6953 3600 6953 3601 6953 3601 6954 3600 6954 3602 6954 3601 6955 3602 6955 3603 6955 3603 6956 3602 6956 3604 6956 339 6957 338 6957 3605 6957 3605 6958 338 6958 3606 6958 3605 6959 3606 6959 3607 6959 3607 6960 3606 6960 3608 6960 3607 6961 3608 6961 3604 6961 3604 6962 3608 6962 3609 6962 3604 6963 3609 6963 3603 6963 3529 6964 3528 6964 3610 6964 3610 6965 3528 6965 3611 6965 3610 6966 3611 6966 3612 6966 3612 6967 3611 6967 3613 6967 3612 6968 3613 6968 3614 6968 3614 6969 3613 6969 3615 6969 3614 6970 3615 6970 3616 6970 3616 6971 3615 6971 3617 6971 3616 6972 3617 6972 3618 6972 3618 6973 3617 6973 3619 6973 3618 6974 3619 6974 3620 6974 3620 6975 3619 6975 3621 6975 3620 6976 3621 6976 3622 6976 3622 6977 3621 6977 3309 6977 3622 6978 3309 6978 3623 6978 3623 6979 3309 6979 3527 6979 3623 6980 3527 6980 3624 6980 3624 6981 3527 6981 474 6981 3624 6982 474 6982 473 6982 3490 6983 3454 6983 289 6983 289 6984 3454 6984 116 6984 491 6985 489 6985 339 6985 3625 6986 3626 6986 3627 6986 489 6987 488 6987 339 6987 339 6988 488 6988 289 6988 339 6989 289 6989 338 6989 338 6990 289 6990 116 6990 338 6991 116 6991 3627 6991 3627 6992 116 6992 3628 6992 3627 6993 3628 6993 3625 6993 487 6994 3629 6994 3630 6994 482 6995 481 6995 480 6995 3626 6996 3631 6996 3627 6996 3627 6997 3631 6997 487 6997 3627 6998 487 6998 3632 6998 3632 6999 487 6999 3630 6999 480 7000 493 7000 482 7000 482 7001 493 7001 490 7001 482 7002 490 7002 339 7002 339 7003 490 7003 492 7003 339 7004 492 7004 491 7004 513 7005 512 7005 494 7005 494 7006 512 7006 514 7006 521 7007 188 7007 186 7007 494 7008 168 7008 474 7008 474 7009 168 7009 166 7009 474 7010 152 7010 473 7010 473 7011 152 7011 150 7011 521 7012 186 7012 522 7012 522 7013 186 7013 184 7013 522 7014 184 7014 523 7014 138 7015 295 7015 140 7015 140 7016 295 7016 297 7016 184 7017 182 7017 523 7017 523 7018 182 7018 180 7018 523 7019 180 7019 507 7019 507 7020 180 7020 178 7020 507 7021 178 7021 494 7021 521 7022 192 7022 190 7022 521 7023 190 7023 188 7023 148 7024 146 7024 297 7024 502 7025 500 7025 3269 7025 297 7026 505 7026 148 7026 132 7027 495 7027 3269 7027 3269 7028 495 7028 501 7028 3269 7029 501 7029 502 7029 500 7030 499 7030 3269 7030 3269 7031 499 7031 498 7031 3269 7032 498 7032 497 7032 295 7033 134 7033 3269 7033 295 7034 3269 7034 496 7034 496 7035 3269 7035 497 7035 3633 7036 3634 7036 3635 7036 3635 7037 3634 7037 3636 7037 3492 7038 3637 7038 3638 7038 3638 7039 3639 7039 3492 7039 3492 7040 3639 7040 3640 7040 3492 7041 3640 7041 3636 7041 3641 7042 3642 7042 3643 7042 3643 7043 3642 7043 3644 7043 3491 7044 3645 7044 3646 7044 3646 7045 3645 7045 3647 7045 3646 7046 3648 7046 3491 7046 3491 7047 3648 7047 3649 7047 3491 7048 3649 7048 3492 7048 3492 7049 3649 7049 3650 7049 3492 7050 3650 7050 3637 7050 3647 7051 3651 7051 3646 7051 3646 7052 3651 7052 3652 7052 3646 7053 3652 7053 3653 7053 3640 7054 3654 7054 3636 7054 3636 7055 3654 7055 3655 7055 3636 7056 3655 7056 3656 7056 3657 7057 3658 7057 3635 7057 3635 7058 3658 7058 3659 7058 3635 7059 3659 7059 3660 7059 3644 7060 3661 7060 3643 7060 3643 7061 3661 7061 3662 7061 3643 7062 3662 7062 3663 7062 3663 7063 3662 7063 3646 7063 3663 7064 3646 7064 3664 7064 3664 7065 3646 7065 3653 7065 3656 7066 3665 7066 3636 7066 3636 7067 3665 7067 3666 7067 3636 7068 3666 7068 3667 7068 3668 7069 3669 7069 3635 7069 3660 7070 3670 7070 3643 7070 3643 7071 3670 7071 3671 7071 3643 7072 3671 7072 3641 7072 3669 7073 3672 7073 3635 7073 3635 7074 3672 7074 3673 7074 3635 7075 3673 7075 3657 7075 3643 7076 3674 7076 3660 7076 3660 7077 3674 7077 3675 7077 3660 7078 3675 7078 3635 7078 3635 7079 3675 7079 3676 7079 3635 7080 3676 7080 3677 7080 3677 7081 3678 7081 3635 7081 3635 7082 3678 7082 3679 7082 3635 7083 3679 7083 3680 7083 3680 7084 3681 7084 3635 7084 3635 7085 3681 7085 3682 7085 3635 7086 3682 7086 3683 7086 3684 7087 3685 7087 3635 7087 3635 7088 3685 7088 3686 7088 3686 7089 3687 7089 3635 7089 3635 7090 3687 7090 3688 7090 3635 7091 3688 7091 3668 7091 3667 7092 3689 7092 3636 7092 3636 7093 3689 7093 3690 7093 3636 7094 3690 7094 3635 7094 3635 7095 3690 7095 3691 7095 3635 7096 3691 7096 3684 7096 3635 7097 494 7097 474 7097 474 7098 3527 7098 3635 7098 3635 7099 3527 7099 3526 7099 3635 7100 3526 7100 3633 7100 3633 7101 3526 7101 3692 7101 3692 7102 3526 7102 3693 7102 3692 7103 3693 7103 3694 7103 3695 7104 3696 7104 3697 7104 3697 7105 3696 7105 3698 7105 3695 7106 3697 7106 3693 7106 3693 7107 3697 7107 3699 7107 3693 7108 3699 7108 3694 7108 3700 7109 3701 7109 3698 7109 3698 7110 3701 7110 3702 7110 3698 7111 3702 7111 3697 7111 3683 7112 3703 7112 3635 7112 3635 7113 3703 7113 3704 7113 3705 7114 3706 7114 3707 7114 3708 7115 3709 7115 3710 7115 3710 7116 3709 7116 3711 7116 513 7117 3712 7117 3713 7117 3714 7118 3715 7118 513 7118 513 7119 3715 7119 3716 7119 513 7120 3716 7120 3708 7120 3708 7121 3716 7121 3717 7121 3708 7122 3717 7122 3709 7122 3718 7123 3719 7123 3720 7123 3721 7124 3722 7124 3723 7124 3713 7125 3724 7125 513 7125 513 7126 3724 7126 3725 7126 513 7127 3725 7127 3714 7127 3726 7128 3727 7128 3711 7128 3711 7129 3727 7129 3728 7129 3711 7130 3728 7130 3710 7130 3721 7131 3723 7131 3729 7131 3730 7132 3731 7132 494 7132 3732 7133 3733 7133 494 7133 494 7134 3733 7134 3734 7134 494 7135 3734 7135 513 7135 513 7136 3734 7136 3735 7136 513 7137 3735 7137 3712 7137 3719 7138 3736 7138 3720 7138 3720 7139 3736 7139 3737 7139 3720 7140 3737 7140 3711 7140 3711 7141 3737 7141 3738 7141 3711 7142 3738 7142 3726 7142 3718 7143 3720 7143 3723 7143 3723 7144 3720 7144 3739 7144 3723 7145 3739 7145 3729 7145 3731 7146 3740 7146 494 7146 494 7147 3740 7147 3741 7147 494 7148 3741 7148 3732 7148 3722 7149 3742 7149 3723 7149 3723 7150 3742 7150 3743 7150 3723 7151 3743 7151 3707 7151 3707 7152 3743 7152 3744 7152 3707 7153 3744 7153 3705 7153 3706 7154 3745 7154 3707 7154 3707 7155 3745 7155 3746 7155 3707 7156 3746 7156 3747 7156 3747 7157 3746 7157 3748 7157 3747 7158 3748 7158 3749 7158 3749 7159 3748 7159 3750 7159 3635 7160 3751 7160 494 7160 494 7161 3751 7161 3752 7161 494 7162 3752 7162 3730 7162 3753 7163 3754 7163 3750 7163 3750 7164 3754 7164 3755 7164 3750 7165 3755 7165 3749 7165 3756 7166 3757 7166 3704 7166 3704 7167 3757 7167 3758 7167 3704 7168 3758 7168 3635 7168 3635 7169 3758 7169 3759 7169 3635 7170 3759 7170 3751 7170 3756 7171 3760 7171 3757 7171 3757 7172 3760 7172 3761 7172 3757 7173 3761 7173 3750 7173 3750 7174 3761 7174 3762 7174 3750 7175 3762 7175 3753 7175 513 7176 3708 7176 512 7176 512 7177 3708 7177 3763 7177 3372 7178 3374 7178 3764 7178 3382 7179 3384 7179 3765 7179 3765 7180 3384 7180 3386 7180 3374 7181 3376 7181 3764 7181 3764 7182 3376 7182 3378 7182 3764 7183 3378 7183 3765 7183 3765 7184 3378 7184 3380 7184 3765 7185 3380 7185 3382 7185 3326 7186 512 7186 3324 7186 3324 7187 512 7187 3763 7187 3324 7188 3763 7188 3396 7188 3396 7189 3763 7189 3766 7189 3396 7190 3766 7190 3394 7190 3326 7191 3328 7191 512 7191 512 7192 3328 7192 3330 7192 512 7193 3330 7193 3332 7193 3703 7194 3683 7194 3360 7194 3386 7195 3388 7195 3765 7195 3765 7196 3388 7196 3390 7196 3765 7197 3390 7197 3767 7197 3767 7198 3390 7198 3392 7198 3767 7199 3392 7199 3768 7199 3766 7200 3769 7200 3394 7200 3394 7201 3769 7201 3770 7201 3394 7202 3770 7202 3771 7202 3771 7203 3772 7203 3394 7203 3394 7204 3772 7204 3773 7204 3394 7205 3773 7205 3392 7205 3392 7206 3773 7206 3774 7206 3392 7207 3774 7207 3768 7207 3775 7208 3776 7208 3366 7208 3332 7209 3334 7209 512 7209 512 7210 3334 7210 3336 7210 512 7211 3336 7211 3338 7211 3366 7212 3776 7212 3364 7212 3364 7213 3776 7213 3777 7213 3364 7214 3777 7214 3778 7214 3338 7215 3340 7215 512 7215 512 7216 3340 7216 3342 7216 512 7217 3342 7217 514 7217 514 7218 3342 7218 3344 7218 514 7219 3344 7219 3346 7219 3360 7220 3362 7220 3703 7220 3703 7221 3362 7221 3364 7221 3703 7222 3364 7222 3779 7222 3779 7223 3364 7223 3778 7223 3780 7224 3368 7224 3764 7224 3764 7225 3368 7225 3370 7225 3764 7226 3370 7226 3372 7226 3780 7227 3781 7227 3368 7227 3368 7228 3781 7228 3782 7228 3368 7229 3782 7229 3366 7229 3366 7230 3782 7230 3783 7230 3366 7231 3783 7231 3775 7231 3346 7232 3348 7232 514 7232 514 7233 3348 7233 3350 7233 514 7234 3350 7234 3352 7234 3352 7235 3354 7235 514 7235 514 7236 3354 7236 3356 7236 514 7237 3356 7237 3683 7237 3683 7238 3356 7238 3358 7238 3683 7239 3358 7239 3360 7239 3723 7240 3707 7240 3765 7240 3765 7241 3707 7241 3764 7241 3704 7242 3703 7242 3779 7242 3704 7243 3779 7243 3756 7243 3756 7244 3779 7244 3778 7244 3756 7245 3778 7245 3760 7245 3760 7246 3778 7246 3777 7246 3760 7247 3777 7247 3761 7247 3761 7248 3777 7248 3776 7248 3761 7249 3776 7249 3762 7249 3762 7250 3776 7250 3775 7250 3762 7251 3775 7251 3753 7251 3753 7252 3775 7252 3783 7252 3753 7253 3783 7253 3754 7253 3754 7254 3783 7254 3782 7254 3754 7255 3782 7255 3755 7255 3755 7256 3782 7256 3781 7256 3755 7257 3781 7257 3749 7257 3749 7258 3781 7258 3780 7258 3749 7259 3780 7259 3747 7259 3747 7260 3780 7260 3764 7260 3747 7261 3764 7261 3707 7261 3763 7262 3708 7262 3710 7262 3763 7263 3710 7263 3766 7263 3766 7264 3710 7264 3728 7264 3766 7265 3728 7265 3769 7265 3769 7266 3728 7266 3727 7266 3769 7267 3727 7267 3770 7267 3770 7268 3727 7268 3726 7268 3770 7269 3726 7269 3771 7269 3771 7270 3726 7270 3738 7270 3771 7271 3738 7271 3772 7271 3772 7272 3738 7272 3737 7272 3772 7273 3737 7273 3773 7273 3773 7274 3737 7274 3736 7274 3773 7275 3736 7275 3774 7275 3774 7276 3736 7276 3719 7276 3774 7277 3719 7277 3768 7277 3768 7278 3719 7278 3718 7278 3768 7279 3718 7279 3767 7279 3767 7280 3718 7280 3723 7280 3767 7281 3723 7281 3765 7281 3347 7282 3784 7282 3349 7282 3349 7283 3784 7283 3785 7283 3349 7284 3785 7284 3351 7284 3351 7285 3785 7285 3786 7285 3351 7286 3786 7286 3353 7286 3353 7287 3786 7287 3787 7287 3353 7288 3787 7288 3355 7288 3355 7289 3787 7289 3788 7289 3355 7290 3788 7290 3357 7290 3357 7291 3788 7291 3789 7291 3357 7292 3789 7292 3359 7292 3359 7293 3789 7293 3790 7293 3359 7294 3790 7294 3361 7294 3361 7295 3790 7295 3791 7295 3361 7296 3791 7296 3363 7296 3363 7297 3791 7297 3792 7297 3363 7298 3792 7298 3365 7298 3365 7299 3792 7299 3793 7299 3365 7300 3793 7300 3367 7300 3367 7301 3793 7301 3794 7301 3367 7302 3794 7302 3369 7302 3369 7303 3794 7303 3795 7303 3369 7304 3795 7304 3371 7304 3371 7305 3795 7305 3796 7305 3371 7306 3796 7306 3373 7306 3373 7307 3796 7307 3797 7307 3373 7308 3797 7308 3375 7308 3375 7309 3797 7309 3798 7309 3375 7310 3798 7310 3377 7310 3377 7311 3798 7311 3799 7311 3377 7312 3799 7312 3379 7312 3379 7313 3799 7313 3800 7313 3379 7314 3800 7314 3381 7314 3381 7315 3800 7315 3801 7315 3381 7316 3801 7316 3383 7316 3383 7317 3801 7317 3802 7317 3383 7318 3802 7318 3385 7318 3385 7319 3802 7319 3803 7319 3385 7320 3803 7320 3387 7320 3387 7321 3803 7321 3804 7321 3387 7322 3804 7322 3389 7322 3389 7323 3804 7323 3805 7323 3389 7324 3805 7324 3391 7324 3391 7325 3805 7325 3806 7325 3391 7326 3806 7326 3393 7326 3393 7327 3806 7327 3807 7327 3393 7328 3807 7328 3395 7328 3395 7329 3807 7329 3808 7329 3395 7330 3808 7330 3397 7330 3397 7331 3808 7331 3809 7331 3397 7332 3809 7332 3325 7332 3325 7333 3809 7333 3810 7333 3325 7334 3810 7334 3327 7334 3327 7335 3810 7335 3811 7335 3327 7336 3811 7336 3329 7336 3329 7337 3811 7337 3812 7337 3329 7338 3812 7338 3331 7338 3331 7339 3812 7339 3813 7339 3331 7340 3813 7340 3333 7340 3333 7341 3813 7341 3814 7341 3333 7342 3814 7342 3335 7342 3335 7343 3814 7343 3815 7343 3335 7344 3815 7344 3337 7344 3337 7345 3815 7345 3816 7345 3337 7346 3816 7346 3339 7346 3339 7347 3816 7347 3817 7347 3339 7348 3817 7348 3341 7348 3341 7349 3817 7349 3818 7349 3341 7350 3818 7350 3343 7350 3343 7351 3818 7351 3819 7351 3343 7352 3819 7352 3345 7352 3345 7353 3819 7353 3820 7353 3345 7354 3820 7354 3347 7354 3347 7355 3820 7355 3784 7355 3810 7356 3717 7356 3811 7356 3811 7357 3717 7357 3716 7357 3811 7358 3716 7358 3812 7358 3812 7359 3716 7359 3715 7359 3812 7360 3715 7360 3813 7360 3813 7361 3715 7361 3714 7361 3813 7362 3714 7362 3814 7362 3814 7363 3714 7363 3725 7363 3814 7364 3725 7364 3815 7364 3815 7365 3725 7365 3724 7365 3815 7366 3724 7366 3816 7366 3816 7367 3724 7367 3713 7367 3816 7368 3713 7368 3817 7368 3817 7369 3713 7369 3712 7369 3817 7370 3712 7370 3818 7370 3818 7371 3712 7371 3735 7371 3818 7372 3735 7372 3819 7372 3819 7373 3735 7373 3734 7373 3819 7374 3734 7374 3820 7374 3820 7375 3734 7375 3733 7375 3820 7376 3733 7376 3784 7376 3784 7377 3733 7377 3732 7377 3784 7378 3732 7378 3785 7378 3785 7379 3732 7379 3741 7379 3785 7380 3741 7380 3786 7380 3786 7381 3741 7381 3740 7381 3786 7382 3740 7382 3787 7382 3787 7383 3740 7383 3731 7383 3787 7384 3731 7384 3788 7384 3788 7385 3731 7385 3730 7385 3788 7386 3730 7386 3789 7386 3789 7387 3730 7387 3752 7387 3789 7388 3752 7388 3790 7388 3790 7389 3752 7389 3751 7389 3790 7390 3751 7390 3791 7390 3791 7391 3751 7391 3759 7391 3791 7392 3759 7392 3792 7392 3792 7393 3759 7393 3758 7393 3792 7394 3758 7394 3793 7394 3793 7395 3758 7395 3757 7395 3793 7396 3757 7396 3794 7396 3794 7397 3757 7397 3750 7397 3794 7398 3750 7398 3795 7398 3795 7399 3750 7399 3748 7399 3795 7400 3748 7400 3796 7400 3796 7401 3748 7401 3746 7401 3796 7402 3746 7402 3797 7402 3797 7403 3746 7403 3745 7403 3797 7404 3745 7404 3798 7404 3798 7405 3745 7405 3706 7405 3798 7406 3706 7406 3799 7406 3799 7407 3706 7407 3705 7407 3799 7408 3705 7408 3800 7408 3800 7409 3705 7409 3744 7409 3800 7410 3744 7410 3801 7410 3801 7411 3744 7411 3743 7411 3801 7412 3743 7412 3802 7412 3802 7413 3743 7413 3742 7413 3802 7414 3742 7414 3803 7414 3803 7415 3742 7415 3722 7415 3803 7416 3722 7416 3804 7416 3804 7417 3722 7417 3721 7417 3804 7418 3721 7418 3805 7418 3805 7419 3721 7419 3729 7419 3805 7420 3729 7420 3806 7420 3806 7421 3729 7421 3739 7421 3806 7422 3739 7422 3807 7422 3807 7423 3739 7423 3720 7423 3807 7424 3720 7424 3808 7424 3808 7425 3720 7425 3711 7425 3808 7426 3711 7426 3809 7426 3809 7427 3711 7427 3709 7427 3809 7428 3709 7428 3810 7428 3810 7429 3709 7429 3717 7429 3683 7430 3682 7430 514 7430 514 7431 3682 7431 515 7431 495 7432 521 7432 3643 7432 3643 7433 521 7433 3674 7433 3674 7434 521 7434 3675 7434 3675 7435 521 7435 522 7435 3675 7436 522 7436 3676 7436 3676 7437 522 7437 523 7437 3676 7438 523 7438 3677 7438 3677 7439 523 7439 507 7439 3677 7440 507 7440 3678 7440 3678 7441 507 7441 508 7441 3678 7442 508 7442 3679 7442 3679 7443 508 7443 509 7443 3679 7444 509 7444 3680 7444 3680 7445 509 7445 510 7445 3680 7446 510 7446 3681 7446 3681 7447 510 7447 511 7447 3681 7448 511 7448 3682 7448 3682 7449 511 7449 515 7449 495 7450 3643 7450 3663 7450 495 7451 3663 7451 501 7451 501 7452 3663 7452 3664 7452 501 7453 3664 7453 502 7453 502 7454 3664 7454 3653 7454 502 7455 3653 7455 500 7455 500 7456 3653 7456 3652 7456 500 7457 3652 7457 499 7457 499 7458 3652 7458 3651 7458 499 7459 3651 7459 498 7459 498 7460 3651 7460 3647 7460 498 7461 3647 7461 497 7461 497 7462 3647 7462 3645 7462 497 7463 3645 7463 496 7463 496 7464 3645 7464 3491 7464 496 7465 3491 7465 295 7465 3488 7466 3444 7466 3489 7466 3489 7467 3444 7467 3450 7467 3489 7468 3450 7468 3490 7468 3490 7469 3450 7469 3454 7469 3445 7470 3444 7470 3487 7470 3487 7471 3444 7471 3488 7471 3486 7472 3446 7472 3487 7472 3487 7473 3446 7473 3445 7473 3442 7474 3446 7474 3443 7474 3443 7475 3446 7475 3486 7475 3597 7476 3595 7476 3821 7476 3593 7477 3591 7477 3822 7477 3588 7478 3586 7478 3823 7478 3564 7479 3562 7479 3824 7479 3540 7480 3538 7480 3825 7480 3536 7481 3534 7481 3826 7481 3620 7482 3622 7482 3827 7482 3623 7483 3624 7483 3828 7483 3522 7484 3520 7484 3829 7484 3829 7485 3520 7485 3830 7485 3829 7486 3830 7486 3831 7486 3831 7487 3830 7487 3832 7487 3831 7488 3832 7488 3833 7488 3833 7489 3832 7489 3834 7489 3833 7490 3834 7490 3835 7490 3835 7491 3834 7491 3836 7491 3835 7492 3836 7492 3837 7492 3837 7493 3836 7493 3838 7493 3837 7494 3838 7494 3839 7494 3839 7495 3838 7495 3840 7495 3839 7496 3840 7496 3841 7496 3841 7497 3840 7497 3842 7497 3841 7498 3842 7498 3843 7498 3843 7499 3842 7499 3844 7499 3843 7500 3844 7500 3845 7500 3845 7501 3844 7501 3846 7501 3845 7502 3846 7502 3618 7502 3520 7503 3518 7503 3830 7503 3830 7504 3518 7504 3847 7504 3830 7505 3847 7505 3832 7505 3832 7506 3847 7506 3848 7506 3832 7507 3848 7507 3834 7507 3834 7508 3848 7508 3849 7508 3834 7509 3849 7509 3836 7509 3836 7510 3849 7510 3850 7510 3836 7511 3850 7511 3838 7511 3838 7512 3850 7512 3851 7512 3838 7513 3851 7513 3840 7513 3840 7514 3851 7514 3852 7514 3840 7515 3852 7515 3842 7515 3842 7516 3852 7516 3853 7516 3842 7517 3853 7517 3844 7517 3844 7518 3853 7518 3854 7518 3844 7519 3854 7519 3846 7519 3846 7520 3854 7520 3855 7520 3516 7521 3515 7521 3856 7521 3856 7522 3515 7522 3857 7522 3856 7523 3857 7523 3858 7523 3858 7524 3857 7524 3859 7524 3858 7525 3859 7525 3860 7525 3860 7526 3859 7526 3861 7526 3860 7527 3861 7527 3862 7527 3862 7528 3861 7528 3863 7528 3862 7529 3863 7529 3864 7529 3864 7530 3863 7530 3865 7530 3864 7531 3865 7531 3866 7531 3866 7532 3865 7532 3867 7532 3866 7533 3867 7533 3868 7533 3868 7534 3867 7534 3869 7534 3868 7535 3869 7535 3870 7535 3870 7536 3869 7536 3871 7536 3870 7537 3871 7537 3872 7537 3872 7538 3871 7538 3826 7538 3513 7539 3512 7539 3873 7539 3873 7540 3512 7540 3874 7540 3873 7541 3874 7541 3875 7541 3875 7542 3874 7542 3876 7542 3875 7543 3876 7543 3877 7543 3877 7544 3876 7544 3878 7544 3877 7545 3878 7545 3879 7545 3879 7546 3878 7546 3880 7546 3879 7547 3880 7547 3881 7547 3881 7548 3880 7548 3882 7548 3881 7549 3882 7549 3883 7549 3883 7550 3882 7550 3884 7550 3883 7551 3884 7551 3885 7551 3885 7552 3884 7552 3886 7552 3885 7553 3886 7553 3887 7553 3887 7554 3886 7554 3888 7554 3887 7555 3888 7555 3889 7555 3889 7556 3888 7556 3890 7556 3889 7557 3890 7557 3542 7557 3512 7558 3511 7558 3874 7558 3874 7559 3511 7559 3891 7559 3874 7560 3891 7560 3876 7560 3876 7561 3891 7561 3892 7561 3876 7562 3892 7562 3878 7562 3878 7563 3892 7563 3893 7563 3878 7564 3893 7564 3880 7564 3880 7565 3893 7565 3894 7565 3880 7566 3894 7566 3882 7566 3882 7567 3894 7567 3895 7567 3882 7568 3895 7568 3884 7568 3884 7569 3895 7569 3896 7569 3884 7570 3896 7570 3886 7570 3886 7571 3896 7571 3897 7571 3886 7572 3897 7572 3888 7572 3888 7573 3897 7573 3898 7573 3888 7574 3898 7574 3890 7574 3890 7575 3898 7575 3899 7575 3510 7576 3509 7576 3900 7576 3900 7577 3509 7577 3901 7577 3900 7578 3901 7578 3902 7578 3902 7579 3901 7579 3903 7579 3902 7580 3903 7580 3904 7580 3904 7581 3903 7581 3905 7581 3904 7582 3905 7582 3906 7582 3906 7583 3905 7583 3907 7583 3906 7584 3907 7584 3908 7584 3908 7585 3907 7585 3909 7585 3908 7586 3909 7586 3910 7586 3910 7587 3909 7587 3911 7587 3910 7588 3911 7588 3912 7588 3912 7589 3911 7589 3913 7589 3912 7590 3913 7590 3914 7590 3914 7591 3913 7591 3915 7591 3914 7592 3915 7592 3916 7592 3916 7593 3915 7593 3917 7593 3916 7594 3917 7594 3552 7594 3509 7595 3508 7595 3901 7595 3901 7596 3508 7596 3918 7596 3901 7597 3918 7597 3903 7597 3903 7598 3918 7598 3919 7598 3903 7599 3919 7599 3905 7599 3905 7600 3919 7600 3920 7600 3905 7601 3920 7601 3907 7601 3907 7602 3920 7602 3921 7602 3907 7603 3921 7603 3909 7603 3909 7604 3921 7604 3922 7604 3909 7605 3922 7605 3911 7605 3911 7606 3922 7606 3923 7606 3911 7607 3923 7607 3913 7607 3913 7608 3923 7608 3924 7608 3913 7609 3924 7609 3915 7609 3915 7610 3924 7610 3925 7610 3915 7611 3925 7611 3917 7611 3917 7612 3925 7612 3926 7612 3506 7613 3505 7613 3927 7613 3927 7614 3505 7614 3928 7614 3927 7615 3928 7615 3929 7615 3929 7616 3928 7616 3930 7616 3929 7617 3930 7617 3931 7617 3931 7618 3930 7618 3932 7618 3931 7619 3932 7619 3933 7619 3933 7620 3932 7620 3934 7620 3933 7621 3934 7621 3935 7621 3935 7622 3934 7622 3936 7622 3935 7623 3936 7623 3937 7623 3937 7624 3936 7624 3938 7624 3937 7625 3938 7625 3939 7625 3939 7626 3938 7626 3940 7626 3939 7627 3940 7627 3941 7627 3941 7628 3940 7628 3942 7628 3941 7629 3942 7629 3943 7629 3943 7630 3942 7630 3944 7630 3943 7631 3944 7631 3565 7631 3505 7632 3504 7632 3928 7632 3928 7633 3504 7633 3945 7633 3928 7634 3945 7634 3930 7634 3930 7635 3945 7635 3946 7635 3930 7636 3946 7636 3932 7636 3932 7637 3946 7637 3947 7637 3932 7638 3947 7638 3934 7638 3934 7639 3947 7639 3948 7639 3934 7640 3948 7640 3936 7640 3936 7641 3948 7641 3949 7641 3936 7642 3949 7642 3938 7642 3938 7643 3949 7643 3950 7643 3938 7644 3950 7644 3940 7644 3940 7645 3950 7645 3951 7645 3940 7646 3951 7646 3942 7646 3942 7647 3951 7647 3952 7647 3942 7648 3952 7648 3944 7648 3944 7649 3952 7649 3953 7649 3503 7650 3502 7650 3954 7650 3954 7651 3502 7651 3955 7651 3954 7652 3955 7652 3956 7652 3956 7653 3955 7653 3957 7653 3956 7654 3957 7654 3958 7654 3958 7655 3957 7655 3959 7655 3958 7656 3959 7656 3960 7656 3960 7657 3959 7657 3961 7657 3960 7658 3961 7658 3962 7658 3962 7659 3961 7659 3963 7659 3962 7660 3963 7660 3964 7660 3964 7661 3963 7661 3965 7661 3964 7662 3965 7662 3966 7662 3966 7663 3965 7663 3967 7663 3966 7664 3967 7664 3968 7664 3968 7665 3967 7665 3969 7665 3968 7666 3969 7666 3970 7666 3970 7667 3969 7667 3971 7667 3970 7668 3971 7668 3576 7668 3502 7669 3501 7669 3955 7669 3955 7670 3501 7670 3972 7670 3955 7671 3972 7671 3957 7671 3957 7672 3972 7672 3973 7672 3957 7673 3973 7673 3959 7673 3959 7674 3973 7674 3974 7674 3959 7675 3974 7675 3961 7675 3961 7676 3974 7676 3975 7676 3961 7677 3975 7677 3963 7677 3963 7678 3975 7678 3976 7678 3963 7679 3976 7679 3965 7679 3965 7680 3976 7680 3977 7680 3965 7681 3977 7681 3967 7681 3967 7682 3977 7682 3978 7682 3967 7683 3978 7683 3969 7683 3969 7684 3978 7684 3979 7684 3969 7685 3979 7685 3971 7685 3971 7686 3979 7686 3980 7686 3496 7687 3495 7687 3981 7687 3981 7688 3495 7688 3982 7688 3981 7689 3982 7689 3983 7689 3983 7690 3982 7690 3984 7690 3983 7691 3984 7691 3985 7691 3985 7692 3984 7692 3986 7692 3985 7693 3986 7693 3987 7693 3987 7694 3986 7694 3988 7694 3987 7695 3988 7695 3989 7695 3989 7696 3988 7696 3990 7696 3989 7697 3990 7697 3991 7697 3991 7698 3990 7698 3992 7698 3991 7699 3992 7699 3993 7699 3993 7700 3992 7700 3994 7700 3993 7701 3994 7701 3995 7701 3995 7702 3994 7702 3996 7702 3995 7703 3996 7703 3997 7703 3997 7704 3996 7704 3998 7704 3997 7705 3998 7705 3598 7705 3495 7706 3494 7706 3982 7706 3982 7707 3494 7707 3999 7707 3982 7708 3999 7708 3984 7708 3984 7709 3999 7709 4000 7709 3984 7710 4000 7710 3986 7710 3986 7711 4000 7711 4001 7711 3986 7712 4001 7712 3988 7712 3988 7713 4001 7713 4002 7713 3988 7714 4002 7714 3990 7714 3990 7715 4002 7715 4003 7715 3990 7716 4003 7716 3992 7716 3992 7717 4003 7717 4004 7717 3992 7718 4004 7718 3994 7718 3994 7719 4004 7719 4005 7719 3994 7720 4005 7720 3996 7720 3996 7721 4005 7721 4006 7721 3996 7722 4006 7722 3998 7722 3998 7723 4006 7723 4007 7723 297 7724 3525 7724 505 7724 505 7725 3525 7725 4008 7725 505 7726 4008 7726 506 7726 506 7727 4008 7727 4009 7727 506 7728 4009 7728 520 7728 520 7729 4009 7729 4010 7729 520 7730 4010 7730 519 7730 519 7731 4010 7731 4011 7731 519 7732 4011 7732 518 7732 518 7733 4011 7733 4012 7733 518 7734 4012 7734 517 7734 517 7735 4012 7735 4013 7735 517 7736 4013 7736 516 7736 516 7737 4013 7737 4014 7737 516 7738 4014 7738 504 7738 504 7739 4014 7739 4015 7739 504 7740 4015 7740 503 7740 503 7741 4015 7741 3828 7741 503 7742 3828 7742 473 7742 473 7743 3828 7743 3624 7743 3525 7744 3524 7744 4008 7744 4008 7745 3524 7745 4016 7745 4008 7746 4016 7746 4009 7746 4009 7747 4016 7747 4017 7747 4009 7748 4017 7748 4010 7748 4010 7749 4017 7749 4018 7749 4010 7750 4018 7750 4011 7750 4011 7751 4018 7751 4019 7751 4011 7752 4019 7752 4012 7752 4012 7753 4019 7753 4020 7753 4012 7754 4020 7754 4013 7754 4013 7755 4020 7755 4021 7755 4013 7756 4021 7756 4014 7756 4014 7757 4021 7757 4022 7757 4014 7758 4022 7758 4015 7758 4015 7759 4022 7759 4023 7759 4015 7760 4023 7760 3828 7760 3828 7761 4023 7761 3827 7761 3828 7762 3827 7762 3623 7762 3623 7763 3827 7763 3622 7763 3618 7764 3620 7764 3845 7764 3845 7765 3620 7765 3827 7765 3845 7766 3827 7766 3843 7766 3843 7767 3827 7767 4023 7767 3843 7768 4023 7768 3841 7768 3841 7769 4023 7769 4022 7769 3841 7770 4022 7770 3839 7770 3839 7771 4022 7771 4021 7771 3839 7772 4021 7772 3837 7772 3837 7773 4021 7773 4020 7773 3837 7774 4020 7774 3835 7774 3835 7775 4020 7775 4019 7775 3835 7776 4019 7776 3833 7776 3833 7777 4019 7777 4018 7777 3833 7778 4018 7778 3831 7778 3831 7779 4018 7779 4017 7779 3831 7780 4017 7780 3829 7780 3829 7781 4017 7781 4016 7781 3829 7782 4016 7782 3522 7782 3522 7783 4016 7783 3524 7783 3610 7784 3612 7784 3855 7784 3855 7785 3612 7785 3614 7785 3855 7786 3614 7786 3846 7786 3846 7787 3614 7787 3616 7787 3846 7788 3616 7788 3618 7788 3529 7789 3610 7789 4024 7789 4024 7790 3610 7790 3855 7790 4024 7791 3855 7791 4025 7791 4025 7792 3855 7792 3854 7792 4025 7793 3854 7793 4026 7793 4026 7794 3854 7794 3853 7794 4026 7795 3853 7795 4027 7795 4027 7796 3853 7796 3852 7796 4027 7797 3852 7797 4028 7797 4028 7798 3852 7798 3851 7798 4028 7799 3851 7799 4029 7799 4029 7800 3851 7800 3850 7800 4029 7801 3850 7801 4030 7801 4030 7802 3850 7802 3849 7802 4030 7803 3849 7803 4031 7803 4031 7804 3849 7804 3848 7804 4031 7805 3848 7805 4032 7805 4032 7806 3848 7806 3847 7806 4032 7807 3847 7807 3517 7807 3517 7808 3847 7808 3518 7808 3517 7809 3516 7809 4032 7809 4032 7810 3516 7810 3856 7810 4032 7811 3856 7811 4031 7811 4031 7812 3856 7812 3858 7812 4031 7813 3858 7813 4030 7813 4030 7814 3858 7814 3860 7814 4030 7815 3860 7815 4029 7815 4029 7816 3860 7816 3862 7816 4029 7817 3862 7817 4028 7817 4028 7818 3862 7818 3864 7818 4028 7819 3864 7819 4027 7819 4027 7820 3864 7820 3866 7820 4027 7821 3866 7821 4026 7821 4026 7822 3866 7822 3868 7822 4026 7823 3868 7823 4025 7823 4025 7824 3868 7824 3870 7824 4025 7825 3870 7825 4024 7825 4024 7826 3870 7826 3872 7826 4024 7827 3872 7827 3529 7827 3529 7828 3872 7828 3530 7828 3826 7829 3534 7829 3872 7829 3872 7830 3534 7830 3532 7830 3872 7831 3532 7831 3530 7831 3515 7832 3514 7832 3857 7832 3857 7833 3514 7833 4033 7833 3857 7834 4033 7834 3859 7834 3859 7835 4033 7835 4034 7835 3859 7836 4034 7836 3861 7836 3861 7837 4034 7837 4035 7837 3861 7838 4035 7838 3863 7838 3863 7839 4035 7839 4036 7839 3863 7840 4036 7840 3865 7840 3865 7841 4036 7841 4037 7841 3865 7842 4037 7842 3867 7842 3867 7843 4037 7843 4038 7843 3867 7844 4038 7844 3869 7844 3869 7845 4038 7845 4039 7845 3869 7846 4039 7846 3871 7846 3871 7847 4039 7847 4040 7847 3871 7848 4040 7848 3826 7848 3826 7849 4040 7849 3825 7849 3826 7850 3825 7850 3536 7850 3536 7851 3825 7851 3538 7851 3542 7852 3540 7852 3889 7852 3889 7853 3540 7853 3825 7853 3889 7854 3825 7854 3887 7854 3887 7855 3825 7855 4040 7855 3887 7856 4040 7856 3885 7856 3885 7857 4040 7857 4039 7857 3885 7858 4039 7858 3883 7858 3883 7859 4039 7859 4038 7859 3883 7860 4038 7860 3881 7860 3881 7861 4038 7861 4037 7861 3881 7862 4037 7862 3879 7862 3879 7863 4037 7863 4036 7863 3879 7864 4036 7864 3877 7864 3877 7865 4036 7865 4035 7865 3877 7866 4035 7866 3875 7866 3875 7867 4035 7867 4034 7867 3875 7868 4034 7868 3873 7868 3873 7869 4034 7869 4033 7869 3873 7870 4033 7870 3513 7870 3513 7871 4033 7871 3514 7871 3550 7872 3548 7872 3899 7872 3899 7873 3548 7873 3546 7873 3899 7874 3546 7874 3890 7874 3890 7875 3546 7875 3544 7875 3890 7876 3544 7876 3542 7876 3552 7877 3550 7877 3916 7877 3916 7878 3550 7878 3899 7878 3916 7879 3899 7879 3914 7879 3914 7880 3899 7880 3898 7880 3914 7881 3898 7881 3912 7881 3912 7882 3898 7882 3897 7882 3912 7883 3897 7883 3910 7883 3910 7884 3897 7884 3896 7884 3910 7885 3896 7885 3908 7885 3908 7886 3896 7886 3895 7886 3908 7887 3895 7887 3906 7887 3906 7888 3895 7888 3894 7888 3906 7889 3894 7889 3904 7889 3904 7890 3894 7890 3893 7890 3904 7891 3893 7891 3902 7891 3902 7892 3893 7892 3892 7892 3902 7893 3892 7893 3900 7893 3900 7894 3892 7894 3891 7894 3900 7895 3891 7895 3510 7895 3510 7896 3891 7896 3511 7896 3560 7897 3557 7897 3926 7897 3926 7898 3557 7898 3555 7898 3926 7899 3555 7899 3917 7899 3917 7900 3555 7900 3553 7900 3917 7901 3553 7901 3552 7901 3562 7902 3560 7902 3824 7902 3824 7903 3560 7903 3926 7903 3824 7904 3926 7904 4041 7904 4041 7905 3926 7905 3925 7905 4041 7906 3925 7906 4042 7906 4042 7907 3925 7907 3924 7907 4042 7908 3924 7908 4043 7908 4043 7909 3924 7909 3923 7909 4043 7910 3923 7910 4044 7910 4044 7911 3923 7911 3922 7911 4044 7912 3922 7912 4045 7912 4045 7913 3922 7913 3921 7913 4045 7914 3921 7914 4046 7914 4046 7915 3921 7915 3920 7915 4046 7916 3920 7916 4047 7916 4047 7917 3920 7917 3919 7917 4047 7918 3919 7918 4048 7918 4048 7919 3919 7919 3918 7919 4048 7920 3918 7920 3507 7920 3507 7921 3918 7921 3508 7921 3565 7922 3564 7922 3943 7922 3943 7923 3564 7923 3824 7923 3943 7924 3824 7924 3941 7924 3941 7925 3824 7925 4041 7925 3941 7926 4041 7926 3939 7926 3939 7927 4041 7927 4042 7927 3939 7928 4042 7928 3937 7928 3937 7929 4042 7929 4043 7929 3937 7930 4043 7930 3935 7930 3935 7931 4043 7931 4044 7931 3935 7932 4044 7932 3933 7932 3933 7933 4044 7933 4045 7933 3933 7934 4045 7934 3931 7934 3931 7935 4045 7935 4046 7935 3931 7936 4046 7936 3929 7936 3929 7937 4046 7937 4047 7937 3929 7938 4047 7938 3927 7938 3927 7939 4047 7939 4048 7939 3927 7940 4048 7940 3506 7940 3506 7941 4048 7941 3507 7941 3574 7942 3572 7942 3953 7942 3953 7943 3572 7943 3569 7943 3953 7944 3569 7944 3944 7944 3944 7945 3569 7945 3567 7945 3944 7946 3567 7946 3565 7946 3576 7947 3574 7947 3970 7947 3970 7948 3574 7948 3953 7948 3970 7949 3953 7949 3968 7949 3968 7950 3953 7950 3952 7950 3968 7951 3952 7951 3966 7951 3966 7952 3952 7952 3951 7952 3966 7953 3951 7953 3964 7953 3964 7954 3951 7954 3950 7954 3964 7955 3950 7955 3962 7955 3962 7956 3950 7956 3949 7956 3962 7957 3949 7957 3960 7957 3960 7958 3949 7958 3948 7958 3960 7959 3948 7959 3958 7959 3958 7960 3948 7960 3947 7960 3958 7961 3947 7961 3956 7961 3956 7962 3947 7962 3946 7962 3956 7963 3946 7963 3954 7963 3954 7964 3946 7964 3945 7964 3954 7965 3945 7965 3503 7965 3503 7966 3945 7966 3504 7966 3584 7967 3581 7967 3980 7967 3980 7968 3581 7968 3579 7968 3980 7969 3579 7969 3971 7969 3971 7970 3579 7970 3577 7970 3971 7971 3577 7971 3576 7971 3586 7972 3584 7972 3823 7972 3823 7973 3584 7973 3980 7973 3823 7974 3980 7974 4049 7974 4049 7975 3980 7975 3979 7975 4049 7976 3979 7976 4050 7976 4050 7977 3979 7977 3978 7977 4050 7978 3978 7978 4051 7978 4051 7979 3978 7979 3977 7979 4051 7980 3977 7980 4052 7980 4052 7981 3977 7981 3976 7981 4052 7982 3976 7982 4053 7982 4053 7983 3976 7983 3975 7983 4053 7984 3975 7984 4054 7984 4054 7985 3975 7985 3974 7985 4054 7986 3974 7986 4055 7986 4055 7987 3974 7987 3973 7987 4055 7988 3973 7988 4056 7988 4056 7989 3973 7989 3972 7989 4056 7990 3972 7990 3500 7990 3500 7991 3972 7991 3501 7991 3589 7992 3588 7992 4057 7992 4057 7993 3588 7993 3823 7993 4057 7994 3823 7994 4058 7994 4058 7995 3823 7995 4049 7995 4058 7996 4049 7996 4059 7996 4059 7997 4049 7997 4050 7997 4059 7998 4050 7998 4060 7998 4060 7999 4050 7999 4051 7999 4060 8000 4051 8000 4061 8000 4061 8001 4051 8001 4052 8001 4061 8002 4052 8002 4062 8002 4062 8003 4052 8003 4053 8003 4062 8004 4053 8004 4063 8004 4063 8005 4053 8005 4054 8005 4063 8006 4054 8006 4064 8006 4064 8007 4054 8007 4055 8007 4064 8008 4055 8008 4065 8008 4065 8009 4055 8009 4056 8009 4065 8010 4056 8010 3499 8010 3499 8011 4056 8011 3500 8011 3499 8012 3498 8012 4065 8012 4065 8013 3498 8013 4066 8013 4065 8014 4066 8014 4064 8014 4064 8015 4066 8015 4067 8015 4064 8016 4067 8016 4063 8016 4063 8017 4067 8017 4068 8017 4063 8018 4068 8018 4062 8018 4062 8019 4068 8019 4069 8019 4062 8020 4069 8020 4061 8020 4061 8021 4069 8021 4070 8021 4061 8022 4070 8022 4060 8022 4060 8023 4070 8023 4071 8023 4060 8024 4071 8024 4059 8024 4059 8025 4071 8025 4072 8025 4059 8026 4072 8026 4058 8026 4058 8027 4072 8027 4073 8027 4058 8028 4073 8028 4057 8028 4057 8029 4073 8029 3822 8029 4057 8030 3822 8030 3589 8030 3589 8031 3822 8031 3591 8031 3498 8032 3497 8032 4066 8032 4066 8033 3497 8033 4074 8033 4066 8034 4074 8034 4067 8034 4067 8035 4074 8035 4075 8035 4067 8036 4075 8036 4068 8036 4068 8037 4075 8037 4076 8037 4068 8038 4076 8038 4069 8038 4069 8039 4076 8039 4077 8039 4069 8040 4077 8040 4070 8040 4070 8041 4077 8041 4078 8041 4070 8042 4078 8042 4071 8042 4071 8043 4078 8043 4079 8043 4071 8044 4079 8044 4072 8044 4072 8045 4079 8045 4080 8045 4072 8046 4080 8046 4073 8046 4073 8047 4080 8047 4081 8047 4073 8048 4081 8048 3822 8048 3822 8049 4081 8049 3821 8049 3822 8050 3821 8050 3593 8050 3593 8051 3821 8051 3595 8051 3598 8052 3597 8052 3997 8052 3997 8053 3597 8053 3821 8053 3997 8054 3821 8054 3995 8054 3995 8055 3821 8055 4081 8055 3995 8056 4081 8056 3993 8056 3993 8057 4081 8057 4080 8057 3993 8058 4080 8058 3991 8058 3991 8059 4080 8059 4079 8059 3991 8060 4079 8060 3989 8060 3989 8061 4079 8061 4078 8061 3989 8062 4078 8062 3987 8062 3987 8063 4078 8063 4077 8063 3987 8064 4077 8064 3985 8064 3985 8065 4077 8065 4076 8065 3985 8066 4076 8066 3983 8066 3983 8067 4076 8067 4075 8067 3983 8068 4075 8068 3981 8068 3981 8069 4075 8069 4074 8069 3981 8070 4074 8070 3496 8070 3496 8071 4074 8071 3497 8071 3607 8072 3604 8072 4007 8072 4007 8073 3604 8073 3602 8073 4007 8074 3602 8074 3998 8074 3998 8075 3602 8075 3600 8075 3998 8076 3600 8076 3598 8076 3605 8077 3607 8077 4082 8077 4082 8078 3607 8078 4007 8078 4082 8079 4007 8079 4083 8079 4083 8080 4007 8080 4006 8080 4083 8081 4006 8081 4084 8081 4084 8082 4006 8082 4005 8082 4084 8083 4005 8083 4085 8083 4085 8084 4005 8084 4004 8084 4085 8085 4004 8085 4086 8085 4086 8086 4004 8086 4003 8086 4086 8087 4003 8087 4087 8087 4087 8088 4003 8088 4002 8088 4087 8089 4002 8089 4088 8089 4088 8090 4002 8090 4001 8090 4088 8091 4001 8091 4089 8091 4089 8092 4001 8092 4000 8092 4089 8093 4000 8093 4090 8093 4090 8094 4000 8094 3999 8094 4090 8095 3999 8095 3493 8095 3493 8096 3999 8096 3494 8096 3493 8097 289 8097 4090 8097 4090 8098 289 8098 488 8098 4090 8099 488 8099 4089 8099 4089 8100 488 8100 489 8100 4089 8101 489 8101 4088 8101 4088 8102 489 8102 491 8102 4088 8103 491 8103 4087 8103 4087 8104 491 8104 492 8104 4087 8105 492 8105 4086 8105 4086 8106 492 8106 490 8106 4086 8107 490 8107 4085 8107 4085 8108 490 8108 493 8108 4085 8109 493 8109 4084 8109 4084 8110 493 8110 480 8110 4084 8111 480 8111 4083 8111 4083 8112 480 8112 481 8112 4083 8113 481 8113 4082 8113 4082 8114 481 8114 482 8114 4082 8115 482 8115 3605 8115 3605 8116 482 8116 339 8116 4091 8117 4092 8117 4093 8117 4094 8118 4095 8118 4096 8118 3310 8119 3309 8119 3621 8119 3310 8120 3621 8120 3312 8120 3312 8121 3621 8121 4097 8121 3312 8122 4097 8122 3314 8122 4098 8123 4099 8123 4100 8123 4100 8124 4099 8124 4101 8124 4100 8125 4101 8125 3315 8125 4102 8126 4103 8126 4104 8126 4104 8127 4103 8127 4105 8127 4104 8128 4105 8128 4106 8128 4107 8129 4108 8129 4109 8129 4109 8130 4108 8130 4110 8130 4109 8131 4110 8131 4111 8131 4112 8132 4113 8132 4114 8132 4114 8133 4113 8133 4115 8133 4114 8134 4115 8134 4116 8134 4117 8135 4118 8135 4119 8135 4119 8136 4120 8136 4117 8136 4117 8137 4120 8137 4121 8137 4117 8138 4121 8138 4122 8138 4094 8139 4096 8139 4123 8139 4124 8140 4125 8140 4126 8140 4126 8141 4125 8141 4127 8141 4126 8142 4127 8142 4128 8142 3456 8143 3455 8143 4091 8143 4091 8144 4093 8144 3456 8144 3456 8145 4093 8145 4129 8145 3456 8146 4129 8146 3457 8146 3457 8147 4129 8147 4130 8147 3457 8148 4130 8148 3458 8148 3458 8149 4130 8149 4131 8149 3458 8150 4131 8150 3459 8150 3459 8151 4131 8151 4132 8151 3459 8152 4132 8152 3460 8152 3460 8153 4132 8153 4133 8153 3460 8154 4133 8154 3461 8154 3461 8155 4133 8155 4134 8155 3461 8156 4134 8156 3462 8156 3462 8157 4134 8157 4135 8157 3462 8158 4135 8158 3463 8158 3463 8159 4135 8159 4136 8159 3463 8160 4136 8160 3464 8160 3464 8161 4136 8161 4137 8161 3464 8162 4137 8162 3465 8162 3465 8163 4137 8163 4138 8163 3465 8164 4138 8164 3466 8164 3466 8165 4138 8165 4139 8165 3466 8166 4139 8166 3467 8166 3467 8167 4139 8167 4140 8167 3467 8168 4140 8168 3468 8168 3468 8169 4140 8169 4141 8169 3468 8170 4141 8170 3469 8170 3469 8171 4141 8171 4142 8171 3469 8172 4142 8172 3470 8172 3470 8173 4142 8173 4143 8173 3470 8174 4143 8174 3471 8174 3471 8175 4143 8175 4144 8175 3471 8176 4144 8176 3472 8176 3472 8177 4144 8177 4145 8177 3472 8178 4145 8178 3478 8178 3478 8179 4145 8179 4146 8179 3478 8180 4146 8180 3479 8180 3479 8181 4146 8181 4147 8181 3479 8182 4147 8182 3480 8182 3480 8183 4147 8183 4148 8183 3480 8184 4148 8184 3481 8184 3481 8185 4148 8185 4149 8185 3481 8186 4149 8186 3482 8186 3482 8187 4149 8187 4150 8187 3482 8188 4150 8188 3473 8188 3473 8189 4150 8189 4151 8189 3473 8190 4151 8190 3474 8190 3474 8191 4151 8191 4152 8191 3474 8192 4152 8192 3475 8192 3475 8193 4152 8193 4153 8193 3475 8194 4153 8194 3477 8194 3477 8195 4153 8195 4154 8195 3477 8196 4154 8196 3476 8196 116 8197 3476 8197 3628 8197 3628 8198 3476 8198 4154 8198 3628 8199 4154 8199 3625 8199 3626 8200 3625 8200 4155 8200 3631 8201 3626 8201 4156 8201 487 8202 3631 8202 4157 8202 3629 8203 487 8203 4158 8203 3630 8204 3629 8204 4159 8204 3632 8205 3630 8205 4160 8205 338 8206 3627 8206 3606 8206 3606 8207 3627 8207 4161 8207 3606 8208 4161 8208 3608 8208 3608 8209 4161 8209 4162 8209 3608 8210 4162 8210 3609 8210 3609 8211 4162 8211 4163 8211 4164 8212 3601 8212 4163 8212 4163 8213 3601 8213 3603 8213 4163 8214 3603 8214 3609 8214 4165 8215 3592 8215 4166 8215 4166 8216 3592 8216 3594 8216 4166 8217 3594 8217 4167 8217 4167 8218 3594 8218 3596 8218 4167 8219 3596 8219 4164 8219 4164 8220 3596 8220 3599 8220 4164 8221 3599 8221 3601 8221 4168 8222 3587 8222 4165 8222 4165 8223 3587 8223 3590 8223 4165 8224 3590 8224 3592 8224 4169 8225 3582 8225 4170 8225 4170 8226 3582 8226 3583 8226 4170 8227 3583 8227 4168 8227 4168 8228 3583 8228 3585 8228 4168 8229 3585 8229 3587 8229 4171 8230 3578 8230 4169 8230 4169 8231 3578 8231 3580 8231 4169 8232 3580 8232 3582 8232 4172 8233 3573 8233 4171 8233 4171 8234 3573 8234 3575 8234 4171 8235 3575 8235 3578 8235 4173 8236 3568 8236 4174 8236 4174 8237 3568 8237 3570 8237 4174 8238 3570 8238 4172 8238 4172 8239 3570 8239 3571 8239 4172 8240 3571 8240 3573 8240 4175 8241 3563 8241 4173 8241 4173 8242 3563 8242 3566 8242 4173 8243 3566 8243 3568 8243 4176 8244 3558 8244 4177 8244 4177 8245 3558 8245 3559 8245 4177 8246 3559 8246 4175 8246 4175 8247 3559 8247 3561 8247 4175 8248 3561 8248 3563 8248 4178 8249 3554 8249 4176 8249 4176 8250 3554 8250 3556 8250 4176 8251 3556 8251 3558 8251 4179 8252 3549 8252 4178 8252 4178 8253 3549 8253 3551 8253 4178 8254 3551 8254 3554 8254 4180 8255 3543 8255 4181 8255 4181 8256 3543 8256 3545 8256 4181 8257 3545 8257 4179 8257 4179 8258 3545 8258 3547 8258 4179 8259 3547 8259 3549 8259 4182 8260 3539 8260 4180 8260 4180 8261 3539 8261 3541 8261 4180 8262 3541 8262 3543 8262 4183 8263 3531 8263 4184 8263 4184 8264 3531 8264 3533 8264 4184 8265 3533 8265 4185 8265 4185 8266 3533 8266 3535 8266 4185 8267 3535 8267 4182 8267 4182 8268 3535 8268 3537 8268 4182 8269 3537 8269 3539 8269 4186 8270 3611 8270 4183 8270 4183 8271 3611 8271 3528 8271 4183 8272 3528 8272 3531 8272 3621 8273 3619 8273 4097 8273 4097 8274 3619 8274 3617 8274 4097 8275 3617 8275 4187 8275 4187 8276 3617 8276 3615 8276 4187 8277 3615 8277 4186 8277 4186 8278 3615 8278 3613 8278 4186 8279 3613 8279 3611 8279 3627 8280 3632 8280 4161 8280 4161 8281 3632 8281 4188 8281 4161 8282 4188 8282 4162 8282 4162 8283 4188 8283 4189 8283 4162 8284 4189 8284 4163 8284 4163 8285 4189 8285 4190 8285 4163 8286 4190 8286 4164 8286 4164 8287 4190 8287 4191 8287 4164 8288 4191 8288 4167 8288 4167 8289 4191 8289 4192 8289 4167 8290 4192 8290 4166 8290 4166 8291 4192 8291 4193 8291 4166 8292 4193 8292 4165 8292 4165 8293 4193 8293 4194 8293 4165 8294 4194 8294 4168 8294 4168 8295 4194 8295 4195 8295 4168 8296 4195 8296 4170 8296 4170 8297 4195 8297 4196 8297 4170 8298 4196 8298 4169 8298 4169 8299 4196 8299 4197 8299 4169 8300 4197 8300 4171 8300 4171 8301 4197 8301 4198 8301 4171 8302 4198 8302 4172 8302 4172 8303 4198 8303 4199 8303 4172 8304 4199 8304 4174 8304 4174 8305 4199 8305 4200 8305 4174 8306 4200 8306 4173 8306 4173 8307 4200 8307 4201 8307 4173 8308 4201 8308 4175 8308 4175 8309 4201 8309 4202 8309 4175 8310 4202 8310 4177 8310 4177 8311 4202 8311 4203 8311 4177 8312 4203 8312 4176 8312 4176 8313 4203 8313 4204 8313 4176 8314 4204 8314 4178 8314 4178 8315 4204 8315 4205 8315 4178 8316 4205 8316 4179 8316 4179 8317 4205 8317 4206 8317 4179 8318 4206 8318 4181 8318 4181 8319 4206 8319 4207 8319 4181 8320 4207 8320 4180 8320 4180 8321 4207 8321 4208 8321 4180 8322 4208 8322 4182 8322 4182 8323 4208 8323 4209 8323 4182 8324 4209 8324 4185 8324 4185 8325 4209 8325 4210 8325 4185 8326 4210 8326 4184 8326 4184 8327 4210 8327 4211 8327 4184 8328 4211 8328 4183 8328 4183 8329 4211 8329 4212 8329 4183 8330 4212 8330 4186 8330 4186 8331 4212 8331 4213 8331 4186 8332 4213 8332 4187 8332 4187 8333 4213 8333 4098 8333 4187 8334 4098 8334 4097 8334 4097 8335 4098 8335 4100 8335 4097 8336 4100 8336 3314 8336 3314 8337 4100 8337 3315 8337 3632 8338 4160 8338 4188 8338 4188 8339 4160 8339 4214 8339 4188 8340 4214 8340 4189 8340 4189 8341 4214 8341 4215 8341 4189 8342 4215 8342 4190 8342 4190 8343 4215 8343 4216 8343 4190 8344 4216 8344 4191 8344 4191 8345 4216 8345 4217 8345 4191 8346 4217 8346 4192 8346 4192 8347 4217 8347 4218 8347 4192 8348 4218 8348 4193 8348 4193 8349 4218 8349 4219 8349 4193 8350 4219 8350 4194 8350 4194 8351 4219 8351 4220 8351 4194 8352 4220 8352 4195 8352 4195 8353 4220 8353 4221 8353 4195 8354 4221 8354 4196 8354 4196 8355 4221 8355 4222 8355 4196 8356 4222 8356 4197 8356 4197 8357 4222 8357 4223 8357 4197 8358 4223 8358 4198 8358 4198 8359 4223 8359 4224 8359 4198 8360 4224 8360 4199 8360 4199 8361 4224 8361 4225 8361 4199 8362 4225 8362 4200 8362 4200 8363 4225 8363 4226 8363 4200 8364 4226 8364 4201 8364 4201 8365 4226 8365 4227 8365 4201 8366 4227 8366 4202 8366 4202 8367 4227 8367 4228 8367 4202 8368 4228 8368 4203 8368 4203 8369 4228 8369 4229 8369 4203 8370 4229 8370 4204 8370 4204 8371 4229 8371 4230 8371 4204 8372 4230 8372 4205 8372 4205 8373 4230 8373 4231 8373 4205 8374 4231 8374 4206 8374 4206 8375 4231 8375 4232 8375 4206 8376 4232 8376 4207 8376 4207 8377 4232 8377 4233 8377 4207 8378 4233 8378 4208 8378 4208 8379 4233 8379 4234 8379 4208 8380 4234 8380 4209 8380 4209 8381 4234 8381 4235 8381 4209 8382 4235 8382 4210 8382 4210 8383 4235 8383 4236 8383 4210 8384 4236 8384 4211 8384 4211 8385 4236 8385 4237 8385 4211 8386 4237 8386 4212 8386 4212 8387 4237 8387 4238 8387 4212 8388 4238 8388 4213 8388 4213 8389 4238 8389 4104 8389 4213 8390 4104 8390 4098 8390 4098 8391 4104 8391 4106 8391 4098 8392 4106 8392 4099 8392 3630 8393 4159 8393 4160 8393 4160 8394 4159 8394 4239 8394 4160 8395 4239 8395 4214 8395 4214 8396 4239 8396 4240 8396 4214 8397 4240 8397 4215 8397 4215 8398 4240 8398 4241 8398 4215 8399 4241 8399 4216 8399 4216 8400 4241 8400 4242 8400 4216 8401 4242 8401 4217 8401 4217 8402 4242 8402 4243 8402 4217 8403 4243 8403 4218 8403 4218 8404 4243 8404 4244 8404 4218 8405 4244 8405 4219 8405 4219 8406 4244 8406 4245 8406 4219 8407 4245 8407 4220 8407 4220 8408 4245 8408 4246 8408 4220 8409 4246 8409 4221 8409 4221 8410 4246 8410 4247 8410 4221 8411 4247 8411 4222 8411 4222 8412 4247 8412 4248 8412 4222 8413 4248 8413 4223 8413 4223 8414 4248 8414 4249 8414 4223 8415 4249 8415 4224 8415 4224 8416 4249 8416 4250 8416 4224 8417 4250 8417 4225 8417 4225 8418 4250 8418 4251 8418 4225 8419 4251 8419 4226 8419 4226 8420 4251 8420 4252 8420 4226 8421 4252 8421 4227 8421 4227 8422 4252 8422 4253 8422 4227 8423 4253 8423 4228 8423 4228 8424 4253 8424 4254 8424 4228 8425 4254 8425 4229 8425 4229 8426 4254 8426 4255 8426 4229 8427 4255 8427 4230 8427 4230 8428 4255 8428 4256 8428 4230 8429 4256 8429 4231 8429 4231 8430 4256 8430 4257 8430 4231 8431 4257 8431 4232 8431 4232 8432 4257 8432 4258 8432 4232 8433 4258 8433 4233 8433 4233 8434 4258 8434 4259 8434 4233 8435 4259 8435 4234 8435 4234 8436 4259 8436 4260 8436 4234 8437 4260 8437 4235 8437 4235 8438 4260 8438 4261 8438 4235 8439 4261 8439 4236 8439 4236 8440 4261 8440 4262 8440 4236 8441 4262 8441 4237 8441 4237 8442 4262 8442 4263 8442 4237 8443 4263 8443 4238 8443 4238 8444 4263 8444 4109 8444 4238 8445 4109 8445 4104 8445 4104 8446 4109 8446 4111 8446 4104 8447 4111 8447 4102 8447 3629 8448 4158 8448 4159 8448 4159 8449 4158 8449 4264 8449 4159 8450 4264 8450 4239 8450 4239 8451 4264 8451 4265 8451 4239 8452 4265 8452 4240 8452 4240 8453 4265 8453 4266 8453 4240 8454 4266 8454 4241 8454 4241 8455 4266 8455 4267 8455 4241 8456 4267 8456 4242 8456 4242 8457 4267 8457 4268 8457 4242 8458 4268 8458 4243 8458 4243 8459 4268 8459 4269 8459 4243 8460 4269 8460 4244 8460 4244 8461 4269 8461 4270 8461 4244 8462 4270 8462 4245 8462 4245 8463 4270 8463 4271 8463 4245 8464 4271 8464 4246 8464 4246 8465 4271 8465 4272 8465 4246 8466 4272 8466 4247 8466 4247 8467 4272 8467 4273 8467 4247 8468 4273 8468 4248 8468 4248 8469 4273 8469 4274 8469 4248 8470 4274 8470 4249 8470 4249 8471 4274 8471 4275 8471 4249 8472 4275 8472 4250 8472 4250 8473 4275 8473 4276 8473 4250 8474 4276 8474 4251 8474 4251 8475 4276 8475 4277 8475 4251 8476 4277 8476 4252 8476 4252 8477 4277 8477 4278 8477 4252 8478 4278 8478 4253 8478 4253 8479 4278 8479 4279 8479 4253 8480 4279 8480 4254 8480 4254 8481 4279 8481 4280 8481 4254 8482 4280 8482 4255 8482 4255 8483 4280 8483 4281 8483 4255 8484 4281 8484 4256 8484 4256 8485 4281 8485 4282 8485 4256 8486 4282 8486 4257 8486 4257 8487 4282 8487 4283 8487 4257 8488 4283 8488 4258 8488 4258 8489 4283 8489 4284 8489 4258 8490 4284 8490 4259 8490 4259 8491 4284 8491 4285 8491 4259 8492 4285 8492 4260 8492 4260 8493 4285 8493 4286 8493 4260 8494 4286 8494 4261 8494 4261 8495 4286 8495 4287 8495 4261 8496 4287 8496 4262 8496 4262 8497 4287 8497 4288 8497 4262 8498 4288 8498 4263 8498 4263 8499 4288 8499 4114 8499 4263 8500 4114 8500 4109 8500 4109 8501 4114 8501 4116 8501 4109 8502 4116 8502 4107 8502 487 8503 4157 8503 4158 8503 4158 8504 4157 8504 4289 8504 4158 8505 4289 8505 4264 8505 4264 8506 4289 8506 4290 8506 4264 8507 4290 8507 4265 8507 4265 8508 4290 8508 4291 8508 4265 8509 4291 8509 4266 8509 4266 8510 4291 8510 4292 8510 4266 8511 4292 8511 4267 8511 4267 8512 4292 8512 4293 8512 4267 8513 4293 8513 4268 8513 4268 8514 4293 8514 4294 8514 4268 8515 4294 8515 4269 8515 4269 8516 4294 8516 4295 8516 4269 8517 4295 8517 4270 8517 4270 8518 4295 8518 4296 8518 4270 8519 4296 8519 4271 8519 4271 8520 4296 8520 4297 8520 4271 8521 4297 8521 4272 8521 4272 8522 4297 8522 4298 8522 4272 8523 4298 8523 4273 8523 4273 8524 4298 8524 4299 8524 4273 8525 4299 8525 4274 8525 4274 8526 4299 8526 4300 8526 4274 8527 4300 8527 4275 8527 4275 8528 4300 8528 4301 8528 4275 8529 4301 8529 4276 8529 4276 8530 4301 8530 4302 8530 4276 8531 4302 8531 4277 8531 4277 8532 4302 8532 4303 8532 4277 8533 4303 8533 4278 8533 4278 8534 4303 8534 4304 8534 4278 8535 4304 8535 4279 8535 4279 8536 4304 8536 4305 8536 4279 8537 4305 8537 4280 8537 4280 8538 4305 8538 4306 8538 4280 8539 4306 8539 4281 8539 4281 8540 4306 8540 4307 8540 4281 8541 4307 8541 4282 8541 4282 8542 4307 8542 4308 8542 4282 8543 4308 8543 4283 8543 4283 8544 4308 8544 4309 8544 4283 8545 4309 8545 4284 8545 4284 8546 4309 8546 4310 8546 4284 8547 4310 8547 4285 8547 4285 8548 4310 8548 4311 8548 4285 8549 4311 8549 4286 8549 4286 8550 4311 8550 4312 8550 4286 8551 4312 8551 4287 8551 4287 8552 4312 8552 4313 8552 4287 8553 4313 8553 4288 8553 4288 8554 4313 8554 4117 8554 4288 8555 4117 8555 4114 8555 4114 8556 4117 8556 4122 8556 4114 8557 4122 8557 4112 8557 3631 8558 4156 8558 4157 8558 4157 8559 4156 8559 4314 8559 4157 8560 4314 8560 4289 8560 4289 8561 4314 8561 4315 8561 4289 8562 4315 8562 4290 8562 4290 8563 4315 8563 4316 8563 4290 8564 4316 8564 4291 8564 4291 8565 4316 8565 4317 8565 4291 8566 4317 8566 4292 8566 4292 8567 4317 8567 4318 8567 4292 8568 4318 8568 4293 8568 4293 8569 4318 8569 4319 8569 4293 8570 4319 8570 4294 8570 4294 8571 4319 8571 4320 8571 4294 8572 4320 8572 4295 8572 4295 8573 4320 8573 4321 8573 4295 8574 4321 8574 4296 8574 4296 8575 4321 8575 4322 8575 4296 8576 4322 8576 4297 8576 4297 8577 4322 8577 4323 8577 4297 8578 4323 8578 4298 8578 4298 8579 4323 8579 4324 8579 4298 8580 4324 8580 4299 8580 4299 8581 4324 8581 4325 8581 4299 8582 4325 8582 4300 8582 4300 8583 4325 8583 4326 8583 4300 8584 4326 8584 4301 8584 4301 8585 4326 8585 4327 8585 4301 8586 4327 8586 4302 8586 4302 8587 4327 8587 4328 8587 4302 8588 4328 8588 4303 8588 4303 8589 4328 8589 4329 8589 4303 8590 4329 8590 4304 8590 4304 8591 4329 8591 4330 8591 4304 8592 4330 8592 4305 8592 4305 8593 4330 8593 4331 8593 4305 8594 4331 8594 4306 8594 4306 8595 4331 8595 4332 8595 4306 8596 4332 8596 4307 8596 4307 8597 4332 8597 4333 8597 4307 8598 4333 8598 4308 8598 4308 8599 4333 8599 4334 8599 4308 8600 4334 8600 4309 8600 4309 8601 4334 8601 4335 8601 4309 8602 4335 8602 4310 8602 4310 8603 4335 8603 4336 8603 4310 8604 4336 8604 4311 8604 4311 8605 4336 8605 4337 8605 4311 8606 4337 8606 4312 8606 4312 8607 4337 8607 4338 8607 4312 8608 4338 8608 4313 8608 4313 8609 4338 8609 4096 8609 4313 8610 4096 8610 4117 8610 4117 8611 4096 8611 4095 8611 4117 8612 4095 8612 4118 8612 3626 8613 4155 8613 4156 8613 4156 8614 4155 8614 4339 8614 4156 8615 4339 8615 4314 8615 4314 8616 4339 8616 4340 8616 4314 8617 4340 8617 4315 8617 4315 8618 4340 8618 4341 8618 4315 8619 4341 8619 4316 8619 4316 8620 4341 8620 4342 8620 4316 8621 4342 8621 4317 8621 4317 8622 4342 8622 4343 8622 4317 8623 4343 8623 4318 8623 4318 8624 4343 8624 4344 8624 4318 8625 4344 8625 4319 8625 4319 8626 4344 8626 4345 8626 4319 8627 4345 8627 4320 8627 4320 8628 4345 8628 4346 8628 4320 8629 4346 8629 4321 8629 4321 8630 4346 8630 4347 8630 4321 8631 4347 8631 4322 8631 4322 8632 4347 8632 4348 8632 4322 8633 4348 8633 4323 8633 4323 8634 4348 8634 4349 8634 4323 8635 4349 8635 4324 8635 4324 8636 4349 8636 4350 8636 4324 8637 4350 8637 4325 8637 4325 8638 4350 8638 4351 8638 4325 8639 4351 8639 4326 8639 4326 8640 4351 8640 4352 8640 4326 8641 4352 8641 4327 8641 4327 8642 4352 8642 4353 8642 4327 8643 4353 8643 4328 8643 4328 8644 4353 8644 4354 8644 4328 8645 4354 8645 4329 8645 4329 8646 4354 8646 4355 8646 4329 8647 4355 8647 4330 8647 4330 8648 4355 8648 4356 8648 4330 8649 4356 8649 4331 8649 4331 8650 4356 8650 4357 8650 4331 8651 4357 8651 4332 8651 4332 8652 4357 8652 4358 8652 4332 8653 4358 8653 4333 8653 4333 8654 4358 8654 4359 8654 4333 8655 4359 8655 4334 8655 4334 8656 4359 8656 4360 8656 4334 8657 4360 8657 4335 8657 4335 8658 4360 8658 4361 8658 4335 8659 4361 8659 4336 8659 4336 8660 4361 8660 4362 8660 4336 8661 4362 8661 4337 8661 4337 8662 4362 8662 4363 8662 4337 8663 4363 8663 4338 8663 4338 8664 4363 8664 4126 8664 4338 8665 4126 8665 4096 8665 4096 8666 4126 8666 4128 8666 4096 8667 4128 8667 4123 8667 3625 8668 4154 8668 4155 8668 4155 8669 4154 8669 4153 8669 4155 8670 4153 8670 4339 8670 4339 8671 4153 8671 4152 8671 4339 8672 4152 8672 4340 8672 4340 8673 4152 8673 4151 8673 4340 8674 4151 8674 4341 8674 4341 8675 4151 8675 4150 8675 4341 8676 4150 8676 4342 8676 4342 8677 4150 8677 4149 8677 4342 8678 4149 8678 4343 8678 4343 8679 4149 8679 4148 8679 4343 8680 4148 8680 4344 8680 4344 8681 4148 8681 4147 8681 4344 8682 4147 8682 4345 8682 4345 8683 4147 8683 4146 8683 4345 8684 4146 8684 4346 8684 4346 8685 4146 8685 4145 8685 4346 8686 4145 8686 4347 8686 4347 8687 4145 8687 4144 8687 4347 8688 4144 8688 4348 8688 4348 8689 4144 8689 4143 8689 4348 8690 4143 8690 4349 8690 4349 8691 4143 8691 4142 8691 4349 8692 4142 8692 4350 8692 4350 8693 4142 8693 4141 8693 4350 8694 4141 8694 4351 8694 4351 8695 4141 8695 4140 8695 4351 8696 4140 8696 4352 8696 4352 8697 4140 8697 4139 8697 4352 8698 4139 8698 4353 8698 4353 8699 4139 8699 4138 8699 4353 8700 4138 8700 4354 8700 4354 8701 4138 8701 4137 8701 4354 8702 4137 8702 4355 8702 4355 8703 4137 8703 4136 8703 4355 8704 4136 8704 4356 8704 4356 8705 4136 8705 4135 8705 4356 8706 4135 8706 4357 8706 4357 8707 4135 8707 4134 8707 4357 8708 4134 8708 4358 8708 4358 8709 4134 8709 4133 8709 4358 8710 4133 8710 4359 8710 4359 8711 4133 8711 4132 8711 4359 8712 4132 8712 4360 8712 4360 8713 4132 8713 4131 8713 4360 8714 4131 8714 4361 8714 4361 8715 4131 8715 4130 8715 4361 8716 4130 8716 4362 8716 4362 8717 4130 8717 4129 8717 4362 8718 4129 8718 4363 8718 4363 8719 4129 8719 4093 8719 4363 8720 4093 8720 4126 8720 4126 8721 4093 8721 4092 8721 4126 8722 4092 8722 4124 8722 4364 8723 4365 8723 3694 8723 4364 8724 3694 8724 3699 8724 4364 8725 3699 8725 4366 8725 4367 8726 4368 8726 3697 8726 3697 8727 4368 8727 4369 8727 3697 8728 4369 8728 3699 8728 3699 8729 4369 8729 4370 8729 3699 8730 4370 8730 4366 8730 3702 8731 4371 8731 3697 8731 3697 8732 4371 8732 4372 8732 3697 8733 4372 8733 4367 8733 3701 8734 4373 8734 3702 8734 3702 8735 4373 8735 4374 8735 3702 8736 4374 8736 4371 8736 3700 8737 4375 8737 3701 8737 3701 8738 4375 8738 4376 8738 3701 8739 4376 8739 4377 8739 4377 8740 4378 8740 3701 8740 3701 8741 4378 8741 4379 8741 3701 8742 4379 8742 4373 8742 3698 8743 4380 8743 3700 8743 3700 8744 4380 8744 4381 8744 3700 8745 4381 8745 4375 8745 4382 8746 4383 8746 3698 8746 3698 8747 4383 8747 4384 8747 3698 8748 4384 8748 4380 8748 4385 8749 4386 8749 3696 8749 3696 8750 4386 8750 4387 8750 3696 8751 4387 8751 3698 8751 3698 8752 4387 8752 4388 8752 3698 8753 4388 8753 4382 8753 4385 8754 3696 8754 3323 8754 3323 8755 3696 8755 3695 8755 3323 8756 3695 8756 3322 8756 3322 8757 3695 8757 3693 8757 3322 8758 3693 8758 3307 8758 3307 8759 3693 8759 3308 8759 3308 8760 3693 8760 3526 8760 3308 8761 3526 8761 3309 8761 3692 8762 4389 8762 3633 8762 3633 8763 4389 8763 3634 8763 4365 8764 4390 8764 3694 8764 3694 8765 4390 8765 4391 8765 3694 8766 4391 8766 3692 8766 3692 8767 4391 8767 4392 8767 3692 8768 4392 8768 4389 8768 4393 8769 3636 8769 3634 8769 4393 8770 3634 8770 4394 8770 3634 8771 4395 8771 4394 8771 4394 8772 4395 8772 4396 8772 4394 8773 4396 8773 4397 8773 4397 8774 4396 8774 4398 8774 4396 8775 4399 8775 4398 8775 4398 8776 4399 8776 4400 8776 4398 8777 4400 8777 4401 8777 4401 8778 4400 8778 4402 8778 4403 8779 4404 8779 4405 8779 4400 8780 4406 8780 4402 8780 4402 8781 4406 8781 4403 8781 4402 8782 4403 8782 4407 8782 4407 8783 4403 8783 4405 8783 4408 8784 4409 8784 4410 8784 4410 8785 4411 8785 4408 8785 4408 8786 4411 8786 4412 8786 4408 8787 4412 8787 4404 8787 4404 8788 4412 8788 4413 8788 4404 8789 4413 8789 4405 8789 3449 8790 3448 8790 4414 8790 4414 8791 3448 8791 4415 8791 4414 8792 4415 8792 4416 8792 4416 8793 4415 8793 4417 8793 4416 8794 4417 8794 4418 8794 4418 8795 4417 8795 4419 8795 4418 8796 4419 8796 4420 8796 4420 8797 4419 8797 4421 8797 4420 8798 4421 8798 4422 8798 4422 8799 4421 8799 4423 8799 4422 8800 4423 8800 4424 8800 4424 8801 4423 8801 4425 8801 4424 8802 4425 8802 4409 8802 4409 8803 4425 8803 4426 8803 4409 8804 4426 8804 4410 8804 3453 8805 3452 8805 4427 8805 4428 8806 3455 8806 4429 8806 4429 8807 3455 8807 3453 8807 4430 8808 4431 8808 4432 8808 4432 8809 4431 8809 4433 8809 4432 8810 4433 8810 4434 8810 4430 8811 4435 8811 4431 8811 4431 8812 4435 8812 4436 8812 4431 8813 4436 8813 4429 8813 4429 8814 4436 8814 4437 8814 4429 8815 4437 8815 4428 8815 4438 8816 4439 8816 4440 8816 4440 8817 4439 8817 4441 8817 4440 8818 4441 8818 4433 8818 4433 8819 4441 8819 4442 8819 4433 8820 4442 8820 4434 8820 4438 8821 4440 8821 4443 8821 4443 8822 4440 8822 4444 8822 4443 8823 4444 8823 4445 8823 4445 8824 4444 8824 4446 8824 4445 8825 4446 8825 4447 8825 4448 8826 4449 8826 4450 8826 4448 8827 4450 8827 4446 8827 4446 8828 4450 8828 4451 8828 4446 8829 4451 8829 4447 8829 4452 8830 4453 8830 4454 8830 4454 8831 4453 8831 4455 8831 4454 8832 4455 8832 4448 8832 4448 8833 4455 8833 4456 8833 4448 8834 4456 8834 4449 8834 4452 8835 4454 8835 4457 8835 4457 8836 4454 8836 4458 8836 4457 8837 4458 8837 4459 8837 4458 8838 4392 8838 4391 8838 4391 8839 4390 8839 4458 8839 4458 8840 4390 8840 4460 8840 4458 8841 4460 8841 4459 8841 4389 8842 4461 8842 3634 8842 3634 8843 4461 8843 4395 8843 4395 8844 4461 8844 4396 8844 4396 8845 4461 8845 4462 8845 4396 8846 4462 8846 4399 8846 4404 8847 4403 8847 4463 8847 4463 8848 4403 8848 4406 8848 4463 8849 4406 8849 4462 8849 4462 8850 4406 8850 4400 8850 4462 8851 4400 8851 4399 8851 4463 8852 4464 8852 4404 8852 4404 8853 4464 8853 4465 8853 4404 8854 4465 8854 4408 8854 4408 8855 4465 8855 4466 8855 4408 8856 4466 8856 4409 8856 4409 8857 4466 8857 4424 8857 4424 8858 4466 8858 4467 8858 4424 8859 4467 8859 4422 8859 4422 8860 4467 8860 4420 8860 4420 8861 4467 8861 4468 8861 4420 8862 4468 8862 4418 8862 4418 8863 4468 8863 4416 8863 4416 8864 4468 8864 4427 8864 4416 8865 4427 8865 4414 8865 4414 8866 4427 8866 3452 8866 4414 8867 3452 8867 3449 8867 3453 8868 4427 8868 4429 8868 4429 8869 4427 8869 4468 8869 4429 8870 4468 8870 4431 8870 4431 8871 4468 8871 4467 8871 4431 8872 4467 8872 4433 8872 4433 8873 4467 8873 4466 8873 4433 8874 4466 8874 4440 8874 4440 8875 4466 8875 4465 8875 4440 8876 4465 8876 4444 8876 4444 8877 4465 8877 4464 8877 4444 8878 4464 8878 4446 8878 4446 8879 4464 8879 4463 8879 4446 8880 4463 8880 4448 8880 4448 8881 4463 8881 4462 8881 4448 8882 4462 8882 4454 8882 4454 8883 4462 8883 4461 8883 4454 8884 4461 8884 4458 8884 4458 8885 4461 8885 4389 8885 4458 8886 4389 8886 4392 8886 4469 8887 3321 8887 4470 8887 4471 8888 4091 8888 3455 8888 4472 8889 4385 8889 3323 8889 4473 8890 4474 8890 4475 8890 4095 8891 4094 8891 4476 8891 4123 8892 4128 8892 4477 8892 4121 8893 4120 8893 4478 8893 4479 8894 4480 8894 4481 8894 4122 8895 4121 8895 4482 8895 4483 8896 4484 8896 4485 8896 4486 8897 4487 8897 4488 8897 4489 8898 4442 8898 4441 8898 4490 8899 4491 8899 4492 8899 4493 8900 4494 8900 4495 8900 4496 8901 4497 8901 4498 8901 4499 8902 4500 8902 4501 8902 4500 8903 4499 8903 4502 8903 4503 8904 4369 8904 4368 8904 4383 8905 4382 8905 4504 8905 4505 8906 4506 8906 4507 8906 4376 8907 4375 8907 4508 8907 4508 8908 4375 8908 4381 8908 4508 8909 4381 8909 4509 8909 4509 8910 4381 8910 4380 8910 4509 8911 4380 8911 4384 8911 4377 8912 4376 8912 4510 8912 4510 8913 4376 8913 4508 8913 4510 8914 4508 8914 4511 8914 4511 8915 4508 8915 4509 8915 4511 8916 4509 8916 4506 8916 4506 8917 4509 8917 4384 8917 4506 8918 4384 8918 4507 8918 4507 8919 4384 8919 4383 8919 4512 8920 4513 8920 4514 8920 4514 8921 4513 8921 4515 8921 4514 8922 4515 8922 4516 8922 4516 8923 4515 8923 4517 8923 4516 8924 4517 8924 4518 8924 4378 8925 4513 8925 4379 8925 4379 8926 4513 8926 4512 8926 4379 8927 4512 8927 4373 8927 4373 8928 4512 8928 4374 8928 4370 8929 4519 8929 4366 8929 4366 8930 4519 8930 4520 8930 4521 8931 4522 8931 4523 8931 4523 8932 4522 8932 4524 8932 4523 8933 4524 8933 4525 8933 4525 8934 4524 8934 4526 8934 4522 8935 4527 8935 4524 8935 4524 8936 4527 8936 4503 8936 4524 8937 4503 8937 4526 8937 4526 8938 4503 8938 4368 8938 4526 8939 4368 8939 4367 8939 4528 8940 4529 8940 4530 8940 4530 8941 4529 8941 4531 8941 4530 8942 4531 8942 4532 8942 4365 8943 4364 8943 4520 8943 4520 8944 4364 8944 4366 8944 4378 8945 4377 8945 4513 8945 4513 8946 4377 8946 4510 8946 4513 8947 4510 8947 4515 8947 4515 8948 4510 8948 4511 8948 4515 8949 4511 8949 4517 8949 4517 8950 4511 8950 4506 8950 4517 8951 4506 8951 4518 8951 4518 8952 4506 8952 4505 8952 4518 8953 4505 8953 4533 8953 4533 8954 4505 8954 4534 8954 4535 8955 4536 8955 4537 8955 4537 8956 4536 8956 4538 8956 4537 8957 4538 8957 4539 8957 4539 8958 4538 8958 4540 8958 4539 8959 4540 8959 4541 8959 4541 8960 4540 8960 4542 8960 4541 8961 4542 8961 4543 8961 4543 8962 4542 8962 4544 8962 4536 8963 4521 8963 4538 8963 4538 8964 4521 8964 4523 8964 4538 8965 4523 8965 4540 8965 4540 8966 4523 8966 4525 8966 4540 8967 4525 8967 4542 8967 4542 8968 4525 8968 4526 8968 4542 8969 4526 8969 4544 8969 4544 8970 4526 8970 4367 8970 4544 8971 4367 8971 4372 8971 4545 8972 4546 8972 4547 8972 4547 8973 4546 8973 4548 8973 4547 8974 4548 8974 4549 8974 4550 8975 4545 8975 4551 8975 4551 8976 4545 8976 4547 8976 4551 8977 4547 8977 4528 8977 4528 8978 4547 8978 4549 8978 4528 8979 4549 8979 4529 8979 4370 8980 4369 8980 4519 8980 4519 8981 4369 8981 4503 8981 4519 8982 4503 8982 4552 8982 4552 8983 4503 8983 4527 8983 4552 8984 4527 8984 4553 8984 4553 8985 4527 8985 4522 8985 4553 8986 4522 8986 4554 8986 4554 8987 4522 8987 4521 8987 4554 8988 4521 8988 4555 8988 4555 8989 4521 8989 4536 8989 4555 8990 4536 8990 4556 8990 4556 8991 4536 8991 4535 8991 4556 8992 4535 8992 4557 8992 4558 8993 4559 8993 4560 8993 4560 8994 4559 8994 4561 8994 4560 8995 4561 8995 4562 8995 4562 8996 4561 8996 4563 8996 4562 8997 4563 8997 4550 8997 4550 8998 4563 8998 4564 8998 4550 8999 4564 8999 4545 8999 4545 9000 4564 9000 4565 9000 4545 9001 4565 9001 4546 9001 4546 9002 4565 9002 4566 9002 4546 9003 4566 9003 4548 9003 4567 9004 4568 9004 4569 9004 4569 9005 4568 9005 4570 9005 4569 9006 4570 9006 4571 9006 4571 9007 4570 9007 4572 9007 4571 9008 4572 9008 4573 9008 4573 9009 4572 9009 4574 9009 4573 9010 4574 9010 4575 9010 4575 9011 4574 9011 4576 9011 4575 9012 4576 9012 4577 9012 4577 9013 4576 9013 4578 9013 4577 9014 4578 9014 4579 9014 4579 9015 4578 9015 4580 9015 4579 9016 4580 9016 4581 9016 4371 9017 4374 9017 4582 9017 4582 9018 4374 9018 4512 9018 4582 9019 4512 9019 4583 9019 4583 9020 4512 9020 4514 9020 4583 9021 4514 9021 4584 9021 4584 9022 4514 9022 4516 9022 4584 9023 4516 9023 4585 9023 4585 9024 4516 9024 4518 9024 4585 9025 4518 9025 4586 9025 4586 9026 4518 9026 4533 9026 4586 9027 4533 9027 4587 9027 4587 9028 4533 9028 4534 9028 4587 9029 4534 9029 4588 9029 4588 9030 4534 9030 4589 9030 4590 9031 4452 9031 4591 9031 4591 9032 4452 9032 4457 9032 4591 9033 4457 9033 4592 9033 4592 9034 4457 9034 4593 9034 4457 9035 4459 9035 4593 9035 4593 9036 4459 9036 4460 9036 4593 9037 4460 9037 4520 9037 4520 9038 4460 9038 4390 9038 4520 9039 4390 9039 4365 9039 4594 9040 4595 9040 4596 9040 4596 9041 4595 9041 4597 9041 4596 9042 4597 9042 4598 9042 4581 9043 4558 9043 4579 9043 4579 9044 4558 9044 4560 9044 4579 9045 4560 9045 4577 9045 4577 9046 4560 9046 4562 9046 4577 9047 4562 9047 4575 9047 4575 9048 4562 9048 4550 9048 4575 9049 4550 9049 4573 9049 4573 9050 4550 9050 4551 9050 4573 9051 4551 9051 4571 9051 4571 9052 4551 9052 4528 9052 4571 9053 4528 9053 4569 9053 4569 9054 4528 9054 4530 9054 4569 9055 4530 9055 4567 9055 4567 9056 4530 9056 4532 9056 4559 9057 4599 9057 4561 9057 4561 9058 4599 9058 4600 9058 4561 9059 4600 9059 4563 9059 4563 9060 4600 9060 4601 9060 4563 9061 4601 9061 4564 9061 4564 9062 4601 9062 4602 9062 4564 9063 4602 9063 4565 9063 4565 9064 4602 9064 4603 9064 4565 9065 4603 9065 4566 9065 4599 9066 4604 9066 4600 9066 4600 9067 4604 9067 4605 9067 4600 9068 4605 9068 4601 9068 4601 9069 4605 9069 4606 9069 4601 9070 4606 9070 4602 9070 4602 9071 4606 9071 4607 9071 4602 9072 4607 9072 4603 9072 4603 9073 4607 9073 4608 9073 4603 9074 4608 9074 4566 9074 4566 9075 4608 9075 4609 9075 4566 9076 4609 9076 4548 9076 4548 9077 4609 9077 4610 9077 4548 9078 4610 9078 4549 9078 4549 9079 4610 9079 4611 9079 4549 9080 4611 9080 4529 9080 4529 9081 4611 9081 4612 9081 4529 9082 4612 9082 4531 9082 4613 9083 4614 9083 4615 9083 4604 9084 4616 9084 4605 9084 4605 9085 4616 9085 4617 9085 4605 9086 4617 9086 4606 9086 4606 9087 4617 9087 4618 9087 4606 9088 4618 9088 4607 9088 4607 9089 4618 9089 4619 9089 4607 9090 4619 9090 4608 9090 4608 9091 4619 9091 4620 9091 4608 9092 4620 9092 4609 9092 4609 9093 4620 9093 4621 9093 4609 9094 4621 9094 4610 9094 4610 9095 4621 9095 4590 9095 4610 9096 4590 9096 4611 9096 4611 9097 4590 9097 4591 9097 4611 9098 4591 9098 4612 9098 4612 9099 4591 9099 4592 9099 4612 9100 4592 9100 4531 9100 4531 9101 4592 9101 4593 9101 4531 9102 4593 9102 4532 9102 4532 9103 4593 9103 4520 9103 4532 9104 4520 9104 4567 9104 4567 9105 4520 9105 4519 9105 4567 9106 4519 9106 4568 9106 4568 9107 4519 9107 4552 9107 4568 9108 4552 9108 4570 9108 4570 9109 4552 9109 4553 9109 4570 9110 4553 9110 4572 9110 4572 9111 4553 9111 4554 9111 4572 9112 4554 9112 4574 9112 4574 9113 4554 9113 4555 9113 4574 9114 4555 9114 4576 9114 4576 9115 4555 9115 4556 9115 4576 9116 4556 9116 4578 9116 4578 9117 4556 9117 4557 9117 4578 9118 4557 9118 4580 9118 4372 9119 4371 9119 4544 9119 4544 9120 4371 9120 4582 9120 4544 9121 4582 9121 4543 9121 4543 9122 4582 9122 4583 9122 4543 9123 4583 9123 4541 9123 4541 9124 4583 9124 4584 9124 4541 9125 4584 9125 4539 9125 4539 9126 4584 9126 4585 9126 4539 9127 4585 9127 4537 9127 4537 9128 4585 9128 4586 9128 4537 9129 4586 9129 4535 9129 4535 9130 4586 9130 4587 9130 4535 9131 4587 9131 4557 9131 4557 9132 4587 9132 4588 9132 4557 9133 4588 9133 4580 9133 4580 9134 4588 9134 4589 9134 4580 9135 4589 9135 4581 9135 4581 9136 4589 9136 4622 9136 4581 9137 4622 9137 4558 9137 4558 9138 4622 9138 4623 9138 4558 9139 4623 9139 4559 9139 4559 9140 4623 9140 4624 9140 4559 9141 4624 9141 4599 9141 4599 9142 4624 9142 4625 9142 4599 9143 4625 9143 4604 9143 4604 9144 4625 9144 4626 9144 4604 9145 4626 9145 4616 9145 4383 9146 4504 9146 4507 9146 4507 9147 4504 9147 4596 9147 4507 9148 4596 9148 4505 9148 4505 9149 4596 9149 4598 9149 4505 9150 4598 9150 4534 9150 4534 9151 4598 9151 4597 9151 4534 9152 4597 9152 4589 9152 4589 9153 4597 9153 4627 9153 4589 9154 4627 9154 4622 9154 4622 9155 4627 9155 4628 9155 4622 9156 4628 9156 4623 9156 4623 9157 4628 9157 4629 9157 4623 9158 4629 9158 4624 9158 4624 9159 4629 9159 4630 9159 4624 9160 4630 9160 4625 9160 4625 9161 4630 9161 4631 9161 4625 9162 4631 9162 4626 9162 4626 9163 4631 9163 4632 9163 4626 9164 4632 9164 4616 9164 4616 9165 4632 9165 4633 9165 4616 9166 4633 9166 4617 9166 4617 9167 4633 9167 4634 9167 4617 9168 4634 9168 4618 9168 4618 9169 4634 9169 4635 9169 4618 9170 4635 9170 4619 9170 4619 9171 4635 9171 4636 9171 4619 9172 4636 9172 4620 9172 4620 9173 4636 9173 4637 9173 4620 9174 4637 9174 4621 9174 4621 9175 4637 9175 4638 9175 4621 9176 4638 9176 4590 9176 4639 9177 4614 9177 4640 9177 4640 9178 4614 9178 4613 9178 4640 9179 4613 9179 4641 9179 4642 9180 4643 9180 4644 9180 4644 9181 4643 9181 4645 9181 4644 9182 4645 9182 4646 9182 4646 9183 4645 9183 4647 9183 4646 9184 4647 9184 4648 9184 4648 9185 4647 9185 4649 9185 4648 9186 4649 9186 4650 9186 4650 9187 4649 9187 4651 9187 4652 9188 4653 9188 4654 9188 4653 9189 4652 9189 4655 9189 4655 9190 4652 9190 4656 9190 4655 9191 4656 9191 4657 9191 4658 9192 4659 9192 4660 9192 4494 9193 4661 9193 4662 9193 4663 9194 4664 9194 4665 9194 4666 9195 4667 9195 4668 9195 4660 9196 4659 9196 4669 9196 4445 9197 4447 9197 4670 9197 4670 9198 4447 9198 4639 9198 4670 9199 4639 9199 4671 9199 4671 9200 4639 9200 4640 9200 4671 9201 4640 9201 4654 9201 4654 9202 4640 9202 4641 9202 4654 9203 4641 9203 4652 9203 4652 9204 4641 9204 4672 9204 4652 9205 4672 9205 4656 9205 4447 9206 4451 9206 4639 9206 4639 9207 4451 9207 4450 9207 4639 9208 4450 9208 4614 9208 4614 9209 4450 9209 4449 9209 4614 9210 4449 9210 4615 9210 4615 9211 4449 9211 4456 9211 4615 9212 4456 9212 4455 9212 4658 9213 4502 9213 4662 9213 4662 9214 4502 9214 4499 9214 4662 9215 4499 9215 4494 9215 4494 9216 4499 9216 4501 9216 4494 9217 4501 9217 4495 9217 4495 9218 4501 9218 4470 9218 4643 9219 4657 9219 4645 9219 4645 9220 4657 9220 4656 9220 4645 9221 4656 9221 4647 9221 4647 9222 4656 9222 4672 9222 4647 9223 4672 9223 4649 9223 4649 9224 4672 9224 4641 9224 4649 9225 4641 9225 4651 9225 4651 9226 4641 9226 4613 9226 4651 9227 4613 9227 4673 9227 4673 9228 4613 9228 4615 9228 4673 9229 4615 9229 4674 9229 4674 9230 4615 9230 4455 9230 4674 9231 4455 9231 4453 9231 4099 9232 4106 9232 4498 9232 4498 9233 4106 9233 4105 9233 4498 9234 4105 9234 4103 9234 4661 9235 4675 9235 4676 9235 4677 9236 4678 9236 4679 9236 4679 9237 4678 9237 4680 9237 4679 9238 4680 9238 4669 9238 4669 9239 4680 9239 4681 9239 4669 9240 4681 9240 4660 9240 4660 9241 4681 9241 4682 9241 4660 9242 4682 9242 4658 9242 4658 9243 4682 9243 4683 9243 4667 9244 4684 9244 4668 9244 4668 9245 4684 9245 4685 9245 4668 9246 4685 9246 4686 9246 4686 9247 4685 9247 4687 9247 4686 9248 4687 9248 4688 9248 4666 9249 4689 9249 4690 9249 4690 9250 4689 9250 4691 9250 4690 9251 4691 9251 4692 9251 4692 9252 4691 9252 4693 9252 4666 9253 4668 9253 4689 9253 4689 9254 4668 9254 4686 9254 4689 9255 4686 9255 4691 9255 4691 9256 4686 9256 4688 9256 4691 9257 4688 9257 4693 9257 4683 9258 4682 9258 4694 9258 4694 9259 4682 9259 4681 9259 4694 9260 4681 9260 4695 9260 4695 9261 4681 9261 4680 9261 4695 9262 4680 9262 4696 9262 4696 9263 4680 9263 4678 9263 4696 9264 4678 9264 4697 9264 4697 9265 4678 9265 4677 9265 4697 9266 4677 9266 4698 9266 4699 9267 4692 9267 4700 9267 4700 9268 4692 9268 4693 9268 4700 9269 4693 9269 4701 9269 4701 9270 4693 9270 4688 9270 4701 9271 4688 9271 4702 9271 4702 9272 4688 9272 4687 9272 4702 9273 4687 9273 4703 9273 4703 9274 4687 9274 4685 9274 4703 9275 4685 9275 4665 9275 4665 9276 4685 9276 4684 9276 4665 9277 4684 9277 4663 9277 4663 9278 4684 9278 4667 9278 4438 9279 4443 9279 4490 9279 4490 9280 4443 9280 4704 9280 4490 9281 4704 9281 4491 9281 4491 9282 4704 9282 4705 9282 4675 9283 4706 9283 4676 9283 4676 9284 4706 9284 4707 9284 4676 9285 4707 9285 4708 9285 4708 9286 4707 9286 4709 9286 4708 9287 4709 9287 4710 9287 4661 9288 4494 9288 4675 9288 4675 9289 4494 9289 4493 9289 4675 9290 4493 9290 4706 9290 4706 9291 4493 9291 4711 9291 4706 9292 4711 9292 4707 9292 4707 9293 4711 9293 4712 9293 4707 9294 4712 9294 4709 9294 4713 9295 4714 9295 4715 9295 4715 9296 4714 9296 4716 9296 4715 9297 4716 9297 4717 9297 4717 9298 4716 9298 4718 9298 4717 9299 4718 9299 4719 9299 4719 9300 4718 9300 4720 9300 4721 9301 4492 9301 4699 9301 4699 9302 4492 9302 4491 9302 4699 9303 4491 9303 4692 9303 4692 9304 4491 9304 4705 9304 4692 9305 4705 9305 4690 9305 4722 9306 4713 9306 4723 9306 4723 9307 4713 9307 4715 9307 4723 9308 4715 9308 4724 9308 4724 9309 4715 9309 4717 9309 4724 9310 4717 9310 4725 9310 4725 9311 4717 9311 4719 9311 4725 9312 4719 9312 4698 9312 4698 9313 4719 9313 4720 9313 4698 9314 4720 9314 4697 9314 4658 9315 4662 9315 4659 9315 4659 9316 4662 9316 4661 9316 4659 9317 4661 9317 4669 9317 4669 9318 4661 9318 4676 9318 4669 9319 4676 9319 4679 9319 4679 9320 4676 9320 4708 9320 4679 9321 4708 9321 4677 9321 4677 9322 4708 9322 4710 9322 4677 9323 4710 9323 4698 9323 4698 9324 4710 9324 4726 9324 4698 9325 4726 9325 4725 9325 4725 9326 4726 9326 4727 9326 4725 9327 4727 9327 4724 9327 4724 9328 4727 9328 4728 9328 4724 9329 4728 9329 4723 9329 4723 9330 4728 9330 4729 9330 4723 9331 4729 9331 4722 9331 4712 9332 4730 9332 4709 9332 4709 9333 4730 9333 4731 9333 4709 9334 4731 9334 4710 9334 4710 9335 4731 9335 4732 9335 4710 9336 4732 9336 4726 9336 4726 9337 4732 9337 4733 9337 4726 9338 4733 9338 4727 9338 4727 9339 4733 9339 4734 9339 4727 9340 4734 9340 4728 9340 4728 9341 4734 9341 4735 9341 4728 9342 4735 9342 4729 9342 4735 9343 4736 9343 4729 9343 4729 9344 4736 9344 4737 9344 4729 9345 4737 9345 4722 9345 4722 9346 4737 9346 4721 9346 4722 9347 4721 9347 4713 9347 4713 9348 4721 9348 4699 9348 4713 9349 4699 9349 4714 9349 4714 9350 4699 9350 4700 9350 4714 9351 4700 9351 4716 9351 4716 9352 4700 9352 4701 9352 4716 9353 4701 9353 4718 9353 4718 9354 4701 9354 4702 9354 4718 9355 4702 9355 4720 9355 4720 9356 4702 9356 4703 9356 4720 9357 4703 9357 4697 9357 4697 9358 4703 9358 4665 9358 4697 9359 4665 9359 4696 9359 4696 9360 4665 9360 4664 9360 4696 9361 4664 9361 4695 9361 4738 9362 4739 9362 4740 9362 4740 9363 4739 9363 4489 9363 4740 9364 4489 9364 4741 9364 4741 9365 4489 9365 4441 9365 4741 9366 4441 9366 4439 9366 4742 9367 4743 9367 4744 9367 4744 9368 4743 9368 4745 9368 4745 9369 4743 9369 4746 9369 4745 9370 4746 9370 4747 9370 4747 9371 4115 9371 4748 9371 4748 9372 4115 9372 4113 9372 4749 9373 4750 9373 4751 9373 4751 9374 4750 9374 4485 9374 4751 9375 4485 9375 4752 9375 4752 9376 4485 9376 4484 9376 4753 9377 4754 9377 4744 9377 4744 9378 4754 9378 4755 9378 4744 9379 4755 9379 4742 9379 4487 9380 4486 9380 4756 9380 4756 9381 4486 9381 4757 9381 4756 9382 4757 9382 4758 9382 4488 9383 4759 9383 4486 9383 4486 9384 4759 9384 4760 9384 4486 9385 4760 9385 4757 9385 4757 9386 4760 9386 4761 9386 4757 9387 4761 9387 4758 9387 4762 9388 4763 9388 4764 9388 4765 9389 4766 9389 4764 9389 4764 9390 4766 9390 4767 9390 4764 9391 4767 9391 4762 9391 4762 9392 4767 9392 4768 9392 4769 9393 4770 9393 4771 9393 4771 9394 4770 9394 4772 9394 4771 9395 4772 9395 4773 9395 4773 9396 4772 9396 4774 9396 4773 9397 4774 9397 4775 9397 4775 9398 4774 9398 4776 9398 4775 9399 4776 9399 4758 9399 4758 9400 4776 9400 4777 9400 4758 9401 4777 9401 4756 9401 4756 9402 4777 9402 4778 9402 4756 9403 4778 9403 4487 9403 4479 9404 4779 9404 4480 9404 4480 9405 4779 9405 4780 9405 4480 9406 4780 9406 4781 9406 4782 9407 4781 9407 4783 9407 4783 9408 4781 9408 4780 9408 4783 9409 4780 9409 4784 9409 4481 9410 4480 9410 4785 9410 4785 9411 4480 9411 4781 9411 4785 9412 4781 9412 4786 9412 4786 9413 4781 9413 4782 9413 4786 9414 4782 9414 4787 9414 4483 9415 4485 9415 4788 9415 4788 9416 4485 9416 4750 9416 4788 9417 4750 9417 4789 9417 4789 9418 4750 9418 4790 9418 4789 9419 4790 9419 4482 9419 4482 9420 4790 9420 4112 9420 4482 9421 4112 9421 4122 9421 4120 9422 4119 9422 4791 9422 4791 9423 4119 9423 4118 9423 4792 9424 4793 9424 4794 9424 4792 9425 4794 9425 4795 9425 4795 9426 4794 9426 4796 9426 4795 9427 4796 9427 4797 9427 4798 9428 4799 9428 4800 9428 4800 9429 4799 9429 4801 9429 4800 9430 4801 9430 4769 9430 4769 9431 4801 9431 4802 9431 4769 9432 4802 9432 4770 9432 4799 9433 4803 9433 4801 9433 4801 9434 4803 9434 4804 9434 4801 9435 4804 9435 4802 9435 4802 9436 4804 9436 4805 9436 4802 9437 4805 9437 4770 9437 4770 9438 4805 9438 4806 9438 4770 9439 4806 9439 4772 9439 4772 9440 4806 9440 4807 9440 4772 9441 4807 9441 4774 9441 4774 9442 4807 9442 4808 9442 4774 9443 4808 9443 4776 9443 4776 9444 4808 9444 4809 9444 4776 9445 4809 9445 4777 9445 4777 9446 4809 9446 4810 9446 4777 9447 4810 9447 4778 9447 4761 9448 4811 9448 4758 9448 4758 9449 4811 9449 4812 9449 4758 9450 4812 9450 4775 9450 4775 9451 4812 9451 4813 9451 4775 9452 4813 9452 4773 9452 4773 9453 4813 9453 4814 9453 4773 9454 4814 9454 4771 9454 4771 9455 4814 9455 4815 9455 4771 9456 4815 9456 4769 9456 4769 9457 4815 9457 4816 9457 4769 9458 4816 9458 4800 9458 4800 9459 4816 9459 4817 9459 4800 9460 4817 9460 4798 9460 4818 9461 4797 9461 4819 9461 4819 9462 4797 9462 4796 9462 4819 9463 4796 9463 4820 9463 4820 9464 4796 9464 4794 9464 4820 9465 4794 9465 4821 9465 4821 9466 4794 9466 4793 9466 4821 9467 4793 9467 4784 9467 4481 9468 4478 9468 4479 9468 4479 9469 4478 9469 4822 9469 4479 9470 4822 9470 4823 9470 4823 9471 4822 9471 4476 9471 4823 9472 4476 9472 4477 9472 4477 9473 4476 9473 4094 9473 4477 9474 4094 9474 4123 9474 4819 9475 4824 9475 4818 9475 4818 9476 4824 9476 4825 9476 4818 9477 4825 9477 4826 9477 4826 9478 4825 9478 4471 9478 4784 9479 4780 9479 4821 9479 4821 9480 4780 9480 4779 9480 4821 9481 4779 9481 4820 9481 4820 9482 4779 9482 4479 9482 4820 9483 4479 9483 4819 9483 4819 9484 4479 9484 4823 9484 4819 9485 4823 9485 4824 9485 4824 9486 4823 9486 4477 9486 4824 9487 4477 9487 4825 9487 4825 9488 4477 9488 4128 9488 4825 9489 4128 9489 4127 9489 4127 9490 4125 9490 4825 9490 4825 9491 4125 9491 4124 9491 4825 9492 4124 9492 4471 9492 4471 9493 4124 9493 4092 9493 4471 9494 4092 9494 4091 9494 4478 9495 4120 9495 4822 9495 4822 9496 4120 9496 4791 9496 4822 9497 4791 9497 4476 9497 4476 9498 4791 9498 4118 9498 4476 9499 4118 9499 4095 9499 4437 9500 4436 9500 4768 9500 4121 9501 4478 9501 4482 9501 4482 9502 4478 9502 4481 9502 4482 9503 4481 9503 4789 9503 4789 9504 4481 9504 4785 9504 4789 9505 4785 9505 4788 9505 4788 9506 4785 9506 4786 9506 4788 9507 4786 9507 4483 9507 4483 9508 4786 9508 4787 9508 4483 9509 4787 9509 4484 9509 4484 9510 4787 9510 4753 9510 4484 9511 4753 9511 4752 9511 4752 9512 4753 9512 4744 9512 4752 9513 4744 9513 4751 9513 4751 9514 4744 9514 4745 9514 4751 9515 4745 9515 4749 9515 4749 9516 4745 9516 4747 9516 4749 9517 4747 9517 4750 9517 4750 9518 4747 9518 4748 9518 4750 9519 4748 9519 4790 9519 4790 9520 4748 9520 4113 9520 4790 9521 4113 9521 4112 9521 4765 9522 4764 9522 4738 9522 4738 9523 4764 9523 4763 9523 4738 9524 4763 9524 4739 9524 4739 9525 4763 9525 4827 9525 4739 9526 4827 9526 4489 9526 4489 9527 4827 9527 4434 9527 4489 9528 4434 9528 4442 9528 4768 9529 4436 9529 4762 9529 4762 9530 4436 9530 4435 9530 4762 9531 4435 9531 4763 9531 4763 9532 4435 9532 4430 9532 4763 9533 4430 9533 4827 9533 4827 9534 4430 9534 4432 9534 4827 9535 4432 9535 4434 9535 4787 9536 4828 9536 4753 9536 4753 9537 4828 9537 4829 9537 4753 9538 4829 9538 4754 9538 4754 9539 4829 9539 4830 9539 4754 9540 4830 9540 4755 9540 4755 9541 4830 9541 4831 9541 4755 9542 4831 9542 4742 9542 4742 9543 4831 9543 4832 9543 4742 9544 4832 9544 4102 9544 4102 9545 4111 9545 4742 9545 4742 9546 4111 9546 4110 9546 4742 9547 4110 9547 4743 9547 4743 9548 4110 9548 4108 9548 4743 9549 4108 9549 4746 9549 4746 9550 4108 9550 4107 9550 4746 9551 4107 9551 4747 9551 4747 9552 4107 9552 4116 9552 4747 9553 4116 9553 4115 9553 4833 9554 4834 9554 4475 9554 4475 9555 4834 9555 4835 9555 4475 9556 4835 9556 4473 9556 4473 9557 4835 9557 4836 9557 4473 9558 4836 9558 4474 9558 4385 9559 4472 9559 4386 9559 4386 9560 4472 9560 4837 9560 4386 9561 4837 9561 4387 9561 4382 9562 4388 9562 4504 9562 4504 9563 4388 9563 4387 9563 4504 9564 4387 9564 4596 9564 4596 9565 4387 9565 4837 9565 4596 9566 4837 9566 4594 9566 4594 9567 4837 9567 4472 9567 3455 9568 4428 9568 4838 9568 4838 9569 4428 9569 4437 9569 4838 9570 4437 9570 4839 9570 4839 9571 4437 9571 4768 9571 4839 9572 4768 9572 4840 9572 4840 9573 4768 9573 4767 9573 4840 9574 4767 9574 4841 9574 4841 9575 4767 9575 4766 9575 4841 9576 4766 9576 4842 9576 4842 9577 4766 9577 4843 9577 4842 9578 4843 9578 4844 9578 4844 9579 4843 9579 4845 9579 4844 9580 4845 9580 4846 9580 4846 9581 4845 9581 4847 9581 4846 9582 4847 9582 4848 9582 4848 9583 4847 9583 4849 9583 4848 9584 4849 9584 4850 9584 4850 9585 4849 9585 4851 9585 4850 9586 4851 9586 4852 9586 4852 9587 4851 9587 4853 9587 4852 9588 4853 9588 4854 9588 4854 9589 4853 9589 4855 9589 4854 9590 4855 9590 4856 9590 3455 9591 4803 9591 4471 9591 4471 9592 4803 9592 4799 9592 4471 9593 4799 9593 4826 9593 4826 9594 4799 9594 4798 9594 4826 9595 4798 9595 4818 9595 4818 9596 4798 9596 4817 9596 4818 9597 4817 9597 4797 9597 4797 9598 4817 9598 4816 9598 4797 9599 4816 9599 4795 9599 4795 9600 4816 9600 4815 9600 4795 9601 4815 9601 4792 9601 4792 9602 4815 9602 4814 9602 4792 9603 4814 9603 4793 9603 4793 9604 4814 9604 4813 9604 4793 9605 4813 9605 4784 9605 4784 9606 4813 9606 4812 9606 4784 9607 4812 9607 4783 9607 4783 9608 4812 9608 4811 9608 4783 9609 4811 9609 4782 9609 4782 9610 4811 9610 4761 9610 4782 9611 4761 9611 4787 9611 4787 9612 4761 9612 4760 9612 4787 9613 4760 9613 4828 9613 4828 9614 4760 9614 4759 9614 4828 9615 4759 9615 4829 9615 4829 9616 4759 9616 4488 9616 4829 9617 4488 9617 4830 9617 4830 9618 4488 9618 4496 9618 4830 9619 4496 9619 4831 9619 4831 9620 4496 9620 4498 9620 4831 9621 4498 9621 4832 9621 4832 9622 4498 9622 4103 9622 4832 9623 4103 9623 4102 9623 4443 9624 4445 9624 4704 9624 4704 9625 4445 9625 4670 9625 4704 9626 4670 9626 4705 9626 4705 9627 4670 9627 4671 9627 4705 9628 4671 9628 4690 9628 4690 9629 4671 9629 4654 9629 4690 9630 4654 9630 4666 9630 4666 9631 4654 9631 4653 9631 4666 9632 4653 9632 4667 9632 4667 9633 4653 9633 4655 9633 4667 9634 4655 9634 4663 9634 4663 9635 4655 9635 4657 9635 4663 9636 4657 9636 4664 9636 4664 9637 4657 9637 4643 9637 4664 9638 4643 9638 4695 9638 4695 9639 4643 9639 4642 9639 4695 9640 4642 9640 4694 9640 4694 9641 4642 9641 4857 9641 4694 9642 4857 9642 4683 9642 3455 9643 4838 9643 4803 9643 4803 9644 4838 9644 4839 9644 4803 9645 4839 9645 4804 9645 4804 9646 4839 9646 4840 9646 4804 9647 4840 9647 4805 9647 4805 9648 4840 9648 4841 9648 4805 9649 4841 9649 4806 9649 4806 9650 4841 9650 4842 9650 4806 9651 4842 9651 4807 9651 4807 9652 4842 9652 4844 9652 4807 9653 4844 9653 4808 9653 4808 9654 4844 9654 4846 9654 4808 9655 4846 9655 4809 9655 4809 9656 4846 9656 4848 9656 4809 9657 4848 9657 4810 9657 4810 9658 4848 9658 4850 9658 4810 9659 4850 9659 4778 9659 4778 9660 4850 9660 4852 9660 4778 9661 4852 9661 4487 9661 4487 9662 4852 9662 4854 9662 4487 9663 4854 9663 4488 9663 4488 9664 4854 9664 4856 9664 4488 9665 4856 9665 4496 9665 4496 9666 4856 9666 4836 9666 4496 9667 4836 9667 4497 9667 4497 9668 4836 9668 4835 9668 4497 9669 4835 9669 4498 9669 4498 9670 4835 9670 4834 9670 4498 9671 4834 9671 4099 9671 4099 9672 4834 9672 4833 9672 4099 9673 4833 9673 4101 9673 3320 9674 3319 9674 4474 9674 4474 9675 3319 9675 3318 9675 4474 9676 3318 9676 4475 9676 4475 9677 3318 9677 3316 9677 4475 9678 3316 9678 4833 9678 4833 9679 3316 9679 3315 9679 4833 9680 3315 9680 4101 9680 3321 9681 3320 9681 4470 9681 4470 9682 3320 9682 4474 9682 4470 9683 4474 9683 4495 9683 4495 9684 4474 9684 4836 9684 4495 9685 4836 9685 4493 9685 4493 9686 4836 9686 4856 9686 4493 9687 4856 9687 4711 9687 4711 9688 4856 9688 4855 9688 4711 9689 4855 9689 4712 9689 4712 9690 4855 9690 4853 9690 4712 9691 4853 9691 4730 9691 4730 9692 4853 9692 4851 9692 4730 9693 4851 9693 4731 9693 4731 9694 4851 9694 4849 9694 4731 9695 4849 9695 4732 9695 4732 9696 4849 9696 4847 9696 4732 9697 4847 9697 4733 9697 4733 9698 4847 9698 4845 9698 4733 9699 4845 9699 4734 9699 4734 9700 4845 9700 4843 9700 4734 9701 4843 9701 4735 9701 4735 9702 4843 9702 4766 9702 4735 9703 4766 9703 4736 9703 4736 9704 4766 9704 4765 9704 4736 9705 4765 9705 4737 9705 4737 9706 4765 9706 4738 9706 4737 9707 4738 9707 4721 9707 4721 9708 4738 9708 4740 9708 4721 9709 4740 9709 4492 9709 4492 9710 4740 9710 4741 9710 4492 9711 4741 9711 4490 9711 4490 9712 4741 9712 4439 9712 4490 9713 4439 9713 4438 9713 3323 9714 3321 9714 4472 9714 4472 9715 3321 9715 4469 9715 4472 9716 4469 9716 4594 9716 4594 9717 4469 9717 4470 9717 4594 9718 4470 9718 4595 9718 4595 9719 4470 9719 4501 9719 4595 9720 4501 9720 4597 9720 4597 9721 4501 9721 4500 9721 4597 9722 4500 9722 4627 9722 4627 9723 4500 9723 4502 9723 4627 9724 4502 9724 4628 9724 4628 9725 4502 9725 4658 9725 4628 9726 4658 9726 4629 9726 4629 9727 4658 9727 4683 9727 4629 9728 4683 9728 4630 9728 4630 9729 4683 9729 4857 9729 4630 9730 4857 9730 4631 9730 4631 9731 4857 9731 4642 9731 4631 9732 4642 9732 4632 9732 4632 9733 4642 9733 4644 9733 4632 9734 4644 9734 4633 9734 4633 9735 4644 9735 4646 9735 4633 9736 4646 9736 4634 9736 4634 9737 4646 9737 4648 9737 4634 9738 4648 9738 4635 9738 4635 9739 4648 9739 4650 9739 4635 9740 4650 9740 4636 9740 4636 9741 4650 9741 4651 9741 4636 9742 4651 9742 4637 9742 4637 9743 4651 9743 4673 9743 4637 9744 4673 9744 4638 9744 4638 9745 4673 9745 4674 9745 4638 9746 4674 9746 4590 9746 4590 9747 4674 9747 4453 9747 4590 9748 4453 9748 4452 9748 4419 9749 4417 9749 3523 9749 3523 9750 4417 9750 4415 9750 3523 9751 4415 9751 3521 9751 3399 9752 3398 9752 3451 9752 3451 9753 3398 9753 3519 9753 3451 9754 3519 9754 3447 9754 3447 9755 3519 9755 3521 9755 3447 9756 3521 9756 3448 9756 3448 9757 3521 9757 4415 9757 4426 9758 3485 9758 4410 9758 4410 9759 3485 9759 4411 9759 4426 9760 4425 9760 3485 9760 3485 9761 4425 9761 4423 9761 3485 9762 4423 9762 3523 9762 3523 9763 4423 9763 4421 9763 3523 9764 4421 9764 4419 9764 4407 9765 4405 9765 3484 9765 3484 9766 4405 9766 4413 9766 3484 9767 4413 9767 3485 9767 3485 9768 4413 9768 4412 9768 3485 9769 4412 9769 4411 9769 4407 9770 3484 9770 4402 9770 4402 9771 3484 9771 3483 9771 4402 9772 3483 9772 4401 9772 3492 9773 3636 9773 4393 9773 4393 9774 4394 9774 3492 9774 3492 9775 4394 9775 4397 9775 3492 9776 4397 9776 3483 9776 3483 9777 4397 9777 4398 9777 3483 9778 4398 9778 4401 9778 3291 9779 4858 9779 3290 9779 3290 9780 4858 9780 4859 9780 3290 9781 4859 9781 3289 9781 3289 9782 4859 9782 4860 9782 3289 9783 4860 9783 3288 9783 3288 9784 4860 9784 4861 9784 3288 9785 4861 9785 3287 9785 3287 9786 4861 9786 4862 9786 3287 9787 4862 9787 3286 9787 3286 9788 4862 9788 4863 9788 3286 9789 4863 9789 3285 9789 3285 9790 4863 9790 4864 9790 3285 9791 4864 9791 3284 9791 3284 9792 4864 9792 4865 9792 3284 9793 4865 9793 3283 9793 3283 9794 4865 9794 4866 9794 3283 9795 4866 9795 3282 9795 3282 9796 4866 9796 4867 9796 3282 9797 4867 9797 3281 9797 3281 9798 4867 9798 4868 9798 3281 9799 4868 9799 3280 9799 3280 9800 4868 9800 4869 9800 3280 9801 4869 9801 3279 9801 3279 9802 4869 9802 4870 9802 3279 9803 4870 9803 3278 9803 3278 9804 4870 9804 4871 9804 3278 9805 4871 9805 3277 9805 3277 9806 4871 9806 4872 9806 3277 9807 4872 9807 3276 9807 3276 9808 4872 9808 4873 9808 3276 9809 4873 9809 3275 9809 3275 9810 4873 9810 4874 9810 3275 9811 4874 9811 3274 9811 3274 9812 4874 9812 4875 9812 3274 9813 4875 9813 3273 9813 3273 9814 4875 9814 4876 9814 3273 9815 4876 9815 3272 9815 3272 9816 4876 9816 4877 9816 3272 9817 4877 9817 3271 9817 3271 9818 4877 9818 4878 9818 3271 9819 4878 9819 3270 9819 3270 9820 4878 9820 4879 9820 3270 9821 4879 9821 3268 9821 3268 9822 4879 9822 4880 9822 3268 9823 4880 9823 3305 9823 3305 9824 4880 9824 4881 9824 3305 9825 4881 9825 3304 9825 3304 9826 4881 9826 4882 9826 3304 9827 4882 9827 3303 9827 3303 9828 4882 9828 4883 9828 3303 9829 4883 9829 3302 9829 3302 9830 4883 9830 4884 9830 3302 9831 4884 9831 3301 9831 3301 9832 4884 9832 4885 9832 3301 9833 4885 9833 3300 9833 3300 9834 4885 9834 4886 9834 3300 9835 4886 9835 3299 9835 3299 9836 4886 9836 4887 9836 3299 9837 4887 9837 3298 9837 3298 9838 4887 9838 4888 9838 3298 9839 4888 9839 3297 9839 3297 9840 4888 9840 4889 9840 3297 9841 4889 9841 3296 9841 3296 9842 4889 9842 4890 9842 3296 9843 4890 9843 3295 9843 3295 9844 4890 9844 4891 9844 3295 9845 4891 9845 3294 9845 3294 9846 4891 9846 4892 9846 3294 9847 4892 9847 3293 9847 3293 9848 4892 9848 4893 9848 3293 9849 4893 9849 3292 9849 3292 9850 4893 9850 4894 9850 3292 9851 4894 9851 3291 9851 3291 9852 4894 9852 4858 9852 4861 9853 3685 9853 4862 9853 4862 9854 3685 9854 3684 9854 4862 9855 3684 9855 4863 9855 4863 9856 3684 9856 3691 9856 4863 9857 3691 9857 4864 9857 4864 9858 3691 9858 3690 9858 4864 9859 3690 9859 4865 9859 4865 9860 3690 9860 3689 9860 4865 9861 3689 9861 4866 9861 4866 9862 3689 9862 3667 9862 4866 9863 3667 9863 4867 9863 4867 9864 3667 9864 3666 9864 4867 9865 3666 9865 4868 9865 4868 9866 3666 9866 3665 9866 4868 9867 3665 9867 4869 9867 4869 9868 3665 9868 3656 9868 4869 9869 3656 9869 4870 9869 4870 9870 3656 9870 3655 9870 4870 9871 3655 9871 4871 9871 4871 9872 3655 9872 3654 9872 4871 9873 3654 9873 4872 9873 4872 9874 3654 9874 3640 9874 4872 9875 3640 9875 4873 9875 4873 9876 3640 9876 3639 9876 4873 9877 3639 9877 4874 9877 4874 9878 3639 9878 3638 9878 4874 9879 3638 9879 4875 9879 4875 9880 3638 9880 3637 9880 4875 9881 3637 9881 4876 9881 4876 9882 3637 9882 3650 9882 4876 9883 3650 9883 4877 9883 4877 9884 3650 9884 3649 9884 4877 9885 3649 9885 4878 9885 4878 9886 3649 9886 3648 9886 4878 9887 3648 9887 4879 9887 4879 9888 3648 9888 3646 9888 4879 9889 3646 9889 4880 9889 4880 9890 3646 9890 3662 9890 4880 9891 3662 9891 4881 9891 4881 9892 3662 9892 3661 9892 4881 9893 3661 9893 4882 9893 4882 9894 3661 9894 3644 9894 4882 9895 3644 9895 4883 9895 4883 9896 3644 9896 3642 9896 4883 9897 3642 9897 4884 9897 4884 9898 3642 9898 3641 9898 4884 9899 3641 9899 4885 9899 4885 9900 3641 9900 3671 9900 4885 9901 3671 9901 4886 9901 4886 9902 3671 9902 3670 9902 4886 9903 3670 9903 4887 9903 4887 9904 3670 9904 3660 9904 4887 9905 3660 9905 4888 9905 4888 9906 3660 9906 3659 9906 4888 9907 3659 9907 4889 9907 4889 9908 3659 9908 3658 9908 4889 9909 3658 9909 4890 9909 4890 9910 3658 9910 3657 9910 4890 9911 3657 9911 4891 9911 4891 9912 3657 9912 3673 9912 4891 9913 3673 9913 4892 9913 4892 9914 3673 9914 3672 9914 4892 9915 3672 9915 4893 9915 4893 9916 3672 9916 3669 9916 4893 9917 3669 9917 4894 9917 4894 9918 3669 9918 3668 9918 4894 9919 3668 9919 4858 9919 4858 9920 3668 9920 3688 9920 4858 9921 3688 9921 4859 9921 4859 9922 3688 9922 3687 9922 4859 9923 3687 9923 4860 9923 4860 9924 3687 9924 3686 9924 4860 9925 3686 9925 4861 9925 4861 9926 3686 9926 3685 9926</p>
        </triangles>
      </mesh>
    </geometry>
  </library_geometries>
  <library_visual_scenes>
    <visual_scene id="Scene" name="Scene">
      <node id="camera_mount_left" name="camera_mount_left" type="NODE">
        <matrix sid="transform">1 0 0 0 0 1 0 0 0 0 1 0 0 0 0 1</matrix>
        <instance_geometry url="#camera_mount_left-mesh" name="camera_mount_left"/>
      </node>
    </visual_scene>
  </library_visual_scenes>
  <scene>
    <instance_visual_scene url="#Scene"/>
  </scene>
</COLLADA>